iteration,step,platform_id,governance_type,n_mainstream,n_extremist,utility_mainstream,utility_extremist
0,1,901,algorithmic,507,53,4.03581299928097,11.37807553591113
0,1,902,coalition,111,38,4.400384504382137,13.247101868383334
0,1,903,direct,147,44,3.6194504183538365,13.561872909698996
0,2,901,algorithmic,516,53,5.133999360437549,11.382075471698114
0,2,902,coalition,135,38,4.434242136873716,12.16759002770083
0,2,903,direct,114,44,3.8357477976591547,13.645933014354068
0,3,901,algorithmic,581,40,5.408488319828184,10.48146941193897
0,3,902,coalition,120,38,4.440477953883375,11.039045287637698
0,3,903,direct,64,57,3.9577271447115048,12.281630996700603
0,4,901,algorithmic,511,40,5.51928901741309,9.90909090909091
0,4,902,coalition,128,38,3.8232438839027214,13.540805304130814
0,4,903,direct,126,57,4.717195205517923,15.333333333333332
0,5,901,algorithmic,478,40,5.3171860948800385,10.352941176470589
0,5,902,coalition,162,38,4.199892095316932,13.324888226527571
0,5,903,direct,125,57,4.5429050949050955,16.923076923076923
0,6,901,algorithmic,577,40,5.164977479733898,10.09090909090909
0,6,902,coalition,113,38,3.920472360870951,12.059356935051195
0,6,903,direct,75,57,4.911490787269682,16.906077348066297
0,7,901,algorithmic,535,40,5.5478018953175905,10.5
0,7,902,coalition,99,38,3.7095381293854572,13.220065789473685
0,7,903,direct,131,57,4.501653944020356,15.725190839694656
0,8,901,algorithmic,539,40,5.340236921214767,11.80952380952381
0,8,902,coalition,148,38,4.09214705538235,9.595764142977766
0,8,903,direct,78,57,4.306218291512409,17.00534759358289
0,9,901,algorithmic,506,40,5.479160122897956,7.5
0,9,902,coalition,133,38,3.9560852514505305,13.526315789473685
0,9,903,direct,126,57,4.871299871299871,15.82089552238806
0,10,901,algorithmic,545,40,5.397408419966434,10.035714285714285
0,10,902,coalition,96,38,4.031856011635424,13.613003095975234
0,10,903,direct,124,57,4.867777383906416,16.923076923076923
0,11,901,algorithmic,510,40,5.311791093248894,10.60655737704918
0,11,902,coalition,122,24,3.7295049973765377,16.218045112781954
0,11,903,direct,133,71,4.636264574479678,15.170442947540314
0,12,901,algorithmic,535,40,5.247805785814843,10.352941176470589
0,12,902,coalition,118,24,3.9729113153151383,11.964912280701753
0,12,903,direct,112,71,4.745689655172414,16.551724137931032
0,13,901,algorithmic,539,40,5.336522382881352,12.17910447761194
0,13,902,coalition,122,24,3.7288121480318845,11.617647058823529
0,13,903,direct,104,71,4.6012812401808265,16.153846153846153
0,14,901,algorithmic,507,40,5.310662223129067,11.0
0,14,902,coalition,164,24,4.033248150783895,10.576923076923077
0,14,903,direct,94,71,4.626559060895084,15.977011494252876
0,15,901,algorithmic,496,40,5.595343286266656,9.157894736842106
0,15,902,coalition,154,24,4.016243795813448,15.77005347593583
0,15,903,direct,115,71,4.6747733085329,15.731707317073168
0,16,901,algorithmic,523,40,5.3154192530671125,8.352941176470589
0,16,902,coalition,149,24,4.259064634502081,14.700564971751412
0,16,903,direct,93,71,5.149808638600328,16.216216216216218
0,17,901,algorithmic,504,40,5.4553547366537805,9.035714285714285
0,17,902,coalition,167,24,4.188701902393366,16.662790697674417
0,17,903,direct,94,71,4.76128108844859,15.705521472392636
0,18,901,algorithmic,467,40,4.9783438082433085,8.777777777777779
0,18,902,coalition,182,24,4.419775595963016,12.29032258064516
0,18,903,direct,116,71,5.025862068965517,15.731707317073168
0,19,901,algorithmic,463,40,5.293599423139776,10.389830508474576
0,19,902,coalition,179,24,4.874868028440571,16.878048780487806
0,19,903,direct,123,71,4.712472734483442,16.236559139784944
0,20,901,algorithmic,549,40,5.137673944636175,10.521739130434783
0,20,902,coalition,103,24,4.5460902645248265,12.805555555555555
0,20,903,direct,113,71,4.522339083374154,16.373056994818654
0,21,901,algorithmic,486,40,5.01871068507377,9.70967741935484
0,21,902,coalition,190,24,3.76802728661951,9.818181818181818
0,21,903,direct,89,71,4.28432097080158,16.174863387978142
0,22,901,algorithmic,557,40,5.096288399638938,8.352941176470589
0,22,902,coalition,82,24,4.439433683936814,10.892857142857144
0,22,903,direct,126,71,4.908450704225352,15.597484276729562
0,23,901,algorithmic,504,40,5.2573763632437105,10.347826086956522
0,23,902,coalition,176,24,3.690139247398564,9.88888888888889
0,23,903,direct,85,71,4.588235294117647,16.42857142857143
0,24,901,algorithmic,492,40,5.208696907037153,7.2
0,24,902,coalition,142,24,3.931074043548045,11.166666666666666
0,24,903,direct,131,71,4.642103648011047,15.483870967741938
0,25,901,algorithmic,526,40,5.2385618940014265,10.17910447761194
0,25,902,coalition,140,24,4.167664922142534,11.892857142857144
0,25,903,direct,99,71,4.627967991604355,16.517412935323385
0,26,901,algorithmic,529,40,5.164572091765046,7.702127659574468
0,26,902,coalition,123,24,4.52176445060728,11.666666666666666
0,26,903,direct,113,71,4.259797893007456,15.857988165680476
0,27,901,algorithmic,477,0,5.605056806527937,
0,27,902,coalition,179,64,4.365883523379505,12.534246575342467
0,27,903,direct,109,71,4.73394495412844,16.174863387978142
0,28,901,algorithmic,575,0,4.672799314387942,
0,28,902,coalition,70,64,4.263846767757382,11.467625899280577
0,28,903,direct,120,71,5.025,16.089385474860336
0,29,901,algorithmic,509,0,5.11368302879005,
0,29,902,coalition,138,64,4.231884057971015,10.076923076923077
0,29,903,direct,118,71,4.480389369773848,16.315789473684212
0,30,901,algorithmic,524,0,4.965003223742598,
0,30,902,coalition,155,64,4.85457168515692,10.152173913043478
0,30,903,direct,86,71,4.156251100413001,16.27659574468085
0,31,901,algorithmic,536,0,4.898643811947246,
0,31,902,coalition,128,64,4.493596175899788,9.883495145631068
0,31,903,direct,101,71,4.629484966845308,15.512820512820513
0,32,901,algorithmic,646,64,5.453656952593212,6.735294117647059
0,32,902,coalition,54,0,5.078409293222067,
0,32,903,direct,65,71,4.694482480869915,15.906432748538013
0,33,901,algorithmic,475,64,6.024717348927876,10.076923076923077
0,33,902,coalition,201,0,3.9476832362404504,
0,33,903,direct,89,71,5.112359550561798,14.814814814814817
0,34,901,algorithmic,439,64,5.556926118536984,7.735294117647059
0,34,902,coalition,201,0,5.3185533670898195,
0,34,903,direct,125,71,4.784,15.597484276729562
0,35,901,algorithmic,478,64,5.615009119193219,9.588235294117647
0,35,902,coalition,129,0,4.5262899435266055,
0,35,903,direct,158,71,4.67948717948718,16.41025641025641
0,36,901,algorithmic,496,64,5.565948641765705,5.735294117647059
0,36,902,coalition,197,0,4.400268736936399,
0,36,903,direct,72,71,4.616113404426098,16.92982456140351
0,37,901,algorithmic,388,64,5.621874629695461,10.758620689655173
0,37,902,coalition,273,0,4.996926445202308,
0,37,903,direct,104,71,4.740384615384615,15.070422535211268
0,38,901,algorithmic,476,64,5.317057857625809,9.126760563380282
0,38,902,coalition,180,0,5.737113485510766,
0,38,903,direct,109,71,4.6139407360539915,15.977011494252876
0,39,901,algorithmic,481,64,5.622213962996087,9.025316455696203
0,39,902,coalition,166,0,5.161135312766517,
0,39,903,direct,118,71,4.813559322033898,16.089385474860336
0,40,901,algorithmic,508,64,5.368780365220306,9.0
0,40,902,coalition,199,0,5.266438575858014,
0,40,903,direct,58,71,4.827586206896552,16.27659574468085
0,41,901,algorithmic,499,64,5.445829158316633,11.409638554216867
0,41,902,coalition,165,0,5.088458378970428,
0,41,903,direct,101,71,4.415841584158416,14.53125
0,42,901,algorithmic,558,64,5.509254019157811,7.0
0,42,902,coalition,125,0,5.091836257309941,
0,42,903,direct,82,71,4.7073170731707314,15.906432748538013
0,43,901,algorithmic,517,64,5.767993484678815,8.409638554216867
0,43,902,coalition,168,0,4.236334435486306,
0,43,903,direct,80,71,4.3875,15.394736842105264
0,44,901,algorithmic,541,64,5.724091189155883,5.597014925373134
0,44,902,coalition,157,0,5.327331495389296,
0,44,903,direct,67,71,4.880597014925373,15.33333333333333
0,45,901,algorithmic,540,64,5.756515274398486,8.921348314606742
0,45,902,coalition,149,0,4.215122330614386,
0,45,903,direct,76,71,4.555736250739208,14.89051094890511
0,46,901,algorithmic,495,64,5.560785941607859,7.6
0,46,902,coalition,155,0,4.641431727794963,
0,46,903,direct,115,71,4.739130434782608,15.205479452054796
0,47,901,algorithmic,498,64,5.449799196787149,8.818181818181818
0,47,902,coalition,131,0,5.009809254084063,
0,47,903,direct,136,71,4.8088235294117645,16.216216216216218
0,48,901,algorithmic,477,64,5.5573466853921145,7.6
0,48,902,coalition,187,0,4.948953844556358,
0,48,903,direct,101,71,4.688647505527252,16.601941747572816
0,49,901,algorithmic,501,64,5.613836654177026,9.818181818181818
0,49,902,coalition,178,0,5.009817273862217,
0,49,903,direct,86,71,4.895348837209302,15.906432748538013
0,50,901,algorithmic,482,64,5.468241302266199,8.674418604651162
0,50,902,coalition,171,0,4.723594416372874,
0,50,903,direct,112,71,4.785714285714286,15.512820512820513
0,51,901,algorithmic,509,64,5.495477018070338,6.454545454545455
0,51,902,coalition,193,0,5.143980371959647,
0,51,903,direct,63,71,4.095238095238095,16.153846153846153
0,52,901,algorithmic,444,64,5.5578811894601365,8.818181818181818
0,52,902,coalition,217,0,5.380743437983313,
0,52,903,direct,104,71,4.846153846153846,14.736842105263158
0,53,901,algorithmic,508,64,5.78022897999819,7.869565217391305
0,53,902,coalition,182,0,5.65177850635122,
0,53,903,direct,75,71,4.826666666666667,15.977011494252876
0,54,901,algorithmic,520,64,5.598143236074271,8.125
0,54,902,coalition,135,0,4.8053639846743295,
0,54,903,direct,110,71,4.5181818181818185,15.172413793103448
0,55,901,algorithmic,497,64,5.83534540576794,9.486486486486486
0,55,902,coalition,173,0,4.547388428891319,
0,55,903,direct,95,71,4.6116959064327485,16.11111111111111
0,56,901,algorithmic,503,64,5.4885234050244,8.5
0,56,902,coalition,145,0,4.541274817136887,
0,56,903,direct,117,71,4.82051282051282,15.757575757575758
0,57,901,algorithmic,521,64,5.570221807096595,7.6
0,57,902,coalition,141,0,4.576996498147937,
0,57,903,direct,103,71,4.096440129449838,16.25668449197861
0,58,901,algorithmic,471,64,5.7490028594921645,9.758620689655173
0,58,902,coalition,160,0,4.455944787721746,
0,58,903,direct,134,71,5.1940298507462686,15.953757225433527
0,59,901,algorithmic,496,64,5.7052498418722335,9.869565217391305
0,59,902,coalition,140,0,5.213268785775179,
0,59,903,direct,129,71,4.862897096823225,16.568627450980394
0,60,901,algorithmic,535,64,5.7217865026064905,8.840909090909092
0,60,902,coalition,168,0,4.837945136940111,
0,60,903,direct,62,71,4.82258064516129,16.482412060301506
0,61,901,algorithmic,471,64,5.645049218297626,8.0
0,61,902,coalition,168,0,4.980339105339105,
0,61,903,direct,126,71,4.674603174603175,14.696969696969697
0,62,901,algorithmic,494,64,5.4880814674047755,7.025316455696203
0,62,902,coalition,186,0,4.580868076099366,
0,62,903,direct,85,71,4.327029039463887,16.42857142857143
0,63,901,algorithmic,488,64,5.768508725542041,9.758620689655173
0,63,902,coalition,187,0,5.0538030967266065,
0,63,903,direct,90,71,5.511111111111111,15.483870967741938
0,64,901,algorithmic,506,64,5.810029644268774,6.486486486486487
0,64,902,coalition,187,0,5.072806763983235,
0,64,903,direct,72,71,5.041666666666667,15.625
0,65,901,algorithmic,473,64,5.695560253699789,6.597014925373134
0,65,902,coalition,194,0,5.390675488536698,
0,65,903,direct,98,71,4.816326530612245,15.070422535211268
0,66,901,algorithmic,529,64,5.812314339724548,8.923076923076923
0,66,902,coalition,162,0,5.157373490706824,
0,66,903,direct,74,71,4.723616473616474,15.833333333333334
0,67,901,algorithmic,453,64,5.6214434633308805,8.710526315789474
0,67,902,coalition,194,0,4.807074064026044,
0,67,903,direct,118,71,4.538804638715432,15.13888888888889
0,68,901,algorithmic,471,64,5.370352802999503,10.025316455696203
0,68,902,coalition,196,0,4.910237472311844,
0,68,903,direct,98,71,4.325497287522604,16.27659574468085
0,69,901,algorithmic,479,64,5.283054975643703,7.818181818181818
0,69,902,coalition,189,0,4.793049543049543,
0,69,903,direct,97,71,4.824742268041237,15.833333333333334
0,70,901,algorithmic,503,64,5.722896155998143,10.409638554216867
0,70,902,coalition,192,0,5.149849773344877,
0,70,903,direct,70,71,4.928571428571429,15.808383233532934
0,71,901,algorithmic,466,64,5.570815450643777,9.36986301369863
0,71,902,coalition,168,0,5.01981409001957,
0,71,903,direct,131,71,4.908396946564886,15.0
0,72,901,algorithmic,479,64,5.338692757506829,8.486486486486486
0,72,902,coalition,184,0,4.613909740369832,
0,72,903,direct,102,71,5.0287776802263195,16.517412935323385
0,73,901,algorithmic,550,0,5.544714587737843,
0,73,902,coalition,153,64,4.6755585955312355,6.5
0,73,903,direct,62,71,4.548387096774194,15.930232558139538
0,74,901,algorithmic,540,0,4.947663798478613,
0,74,902,coalition,104,64,4.996114996114996,11.96
0,74,903,direct,121,71,5.0835629017447195,14.696969696969697
0,75,901,algorithmic,579,0,5.269486957518859,
0,75,902,coalition,120,64,4.4463361235643895,6.597014925373134
0,75,903,direct,66,71,4.608691707494103,16.335078534031414
0,76,901,algorithmic,543,0,5.067841427825871,
0,76,902,coalition,122,64,4.3630889335040655,7.923076923076923
0,76,903,direct,100,71,4.550163934426229,14.852941176470587
0,77,901,algorithmic,517,0,5.772249095152724,
0,77,902,coalition,167,64,5.029568843235627,13.594594594594595
0,77,903,direct,81,71,4.951618284951619,15.882352941176473
0,78,901,algorithmic,514,0,4.857153327984247,
0,78,902,coalition,131,64,4.160195444464715,10.473684210526315
0,78,903,direct,120,71,4.978985507246377,15.364238410596025
0,79,901,algorithmic,542,0,5.1698469850154,
0,79,902,coalition,119,64,4.4588928354847095,9.758620689655173
0,79,903,direct,104,71,4.48434826161359,16.315789473684212
0,80,901,algorithmic,580,0,5.276136921089543,
0,80,902,coalition,81,64,3.946502057613169,9.505154639175258
0,80,903,direct,104,71,3.880529876933935,15.977011494252876
0,81,901,algorithmic,573,64,5.337973828676121,7.6
0,81,902,coalition,99,0,4.9514687100894,
0,81,903,direct,93,71,3.7710872162485067,15.977011494252876
0,82,901,algorithmic,422,64,5.423225656383567,9.368421052631579
0,82,902,coalition,206,0,3.9064456363972653,
0,82,903,direct,137,71,4.386861313868613,15.705521472392636
0,83,901,algorithmic,543,64,5.4033060204090715,8.869565217391305
0,83,902,coalition,128,0,4.62632095410628,
0,83,903,direct,94,71,5.130640353582074,16.618357487922708
0,84,901,algorithmic,486,64,5.770977617183579,8.125
0,84,902,coalition,180,0,4.751964769647697,
0,84,903,direct,99,71,4.848484848484849,15.731707317073168
0,85,901,algorithmic,507,64,5.8365136608195325,8.923076923076923
0,85,902,coalition,178,0,5.103915963034373,
0,85,903,direct,80,71,4.554955621301775,15.857988165680476
0,86,901,algorithmic,491,0,5.872369314324508,
0,86,902,coalition,195,64,4.938461538461539,8.125
0,86,903,direct,79,71,4.481012658227848,15.33333333333333
0,87,901,algorithmic,540,0,4.675999056929091,
0,87,902,coalition,131,64,5.062974617059665,10.505154639175258
0,87,903,direct,94,71,4.654873824839188,15.30201342281879
0,88,901,algorithmic,484,0,4.993852607760817,
0,88,902,coalition,163,64,4.728578127916501,8.674418604651162
0,88,903,direct,118,71,5.083173160929583,15.731707317073168
0,89,901,algorithmic,627,0,4.988891346408861,
0,89,902,coalition,66,64,4.547388781431335,8.409638554216867
0,89,903,direct,72,71,4.375368731563422,16.27659574468085
0,90,901,algorithmic,567,0,5.648757157569684,
0,90,902,coalition,107,64,5.046728971962617,6.597014925373134
0,90,903,direct,91,71,4.553283925376949,15.070422535211268
0,91,901,algorithmic,537,0,4.776225807501709,
0,91,902,coalition,158,64,4.817281232801321,10.505154639175258
0,91,903,direct,70,71,4.208264749198648,15.652173913043475
0,92,901,algorithmic,558,0,4.7869115825239845,
0,92,902,coalition,95,64,4.617293233082707,10.056603773584905
0,92,903,direct,112,71,4.300055036528399,15.0
0,93,901,algorithmic,465,0,4.610391910659251,
0,93,902,coalition,142,64,4.918975390806376,11.056603773584905
0,93,903,direct,158,71,4.091738140658397,16.153846153846153
0,94,901,algorithmic,540,0,4.87503160817833,
0,94,902,coalition,118,64,4.588758222551004,10.166666666666668
0,94,903,direct,107,71,4.3223923598475205,16.92982456140351
0,95,901,algorithmic,514,0,4.568361631527182,
0,95,902,coalition,174,64,4.9999350607182285,9.409638554216867
0,95,903,direct,77,71,4.453612685656885,16.045197740112993
0,96,901,algorithmic,573,0,4.851463202786742,
0,96,902,coalition,78,64,4.39691923507475,13.272189349112427
0,96,903,direct,114,71,5.054371159967429,15.238095238095239
0,97,901,algorithmic,464,0,5.231242000249577,
0,97,902,coalition,149,64,4.961336445871025,8.921348314606742
0,97,903,direct,152,71,4.049859316923883,16.195652173913043
0,98,901,algorithmic,521,0,4.504188743771387,
0,98,902,coalition,139,64,4.848306974002644,8.921348314606742
0,98,903,direct,105,71,4.161807829817158,16.846846846846848
0,99,901,algorithmic,520,0,4.933298758447274,
0,99,902,coalition,109,64,4.71218872870249,10.166666666666668
0,99,903,direct,136,71,4.210056068632073,16.0
0,100,901,algorithmic,545,64,5.246136851832009,7.454545454545455
0,100,902,coalition,103,0,5.236120275238005,
0,100,903,direct,117,71,3.7887833297632345,16.601941747572816
1,1,901,coalition,130,49,3.891527313266444,12.956929942155776
1,1,902,algorithmic,521,49,4.084580801143667,10.081632653061224
1,1,903,direct,114,37,4.256071118038193,13.850040676127634
1,2,901,coalition,155,49,4.185555152833152,12.310140274966852
1,2,902,algorithmic,474,49,5.059208254404065,11.306122448979592
1,2,903,direct,136,37,3.847173290420223,12.735135135135137
1,3,901,coalition,169,49,4.275557143679434,11.587411913277355
1,3,902,algorithmic,552,27,5.422350448700467,10.347826086956522
1,3,903,direct,44,59,4.063685152558246,11.16200236499803
1,4,901,coalition,162,49,3.6356501979525384,12.582620144832125
1,4,902,algorithmic,480,45,5.426699873497786,9.036601307189544
1,4,903,direct,123,41,4.375732144418219,14.313725490196079
1,5,901,coalition,115,49,3.8862379330298644,12.270408163265307
1,5,902,algorithmic,602,45,5.391798979543308,8.78688524590164
1,5,903,direct,48,41,4.649444018404908,17.54601226993865
1,6,901,coalition,187,49,3.892648795055212,12.055214723926378
1,6,902,algorithmic,421,45,5.6081366173281415,10.714285714285715
1,6,903,direct,157,41,4.305146340510335,15.454545454545455
1,7,901,coalition,130,49,3.8863417714157538,12.975683890577509
1,7,902,algorithmic,543,45,5.017501104395564,10.333333333333332
1,7,903,direct,92,41,4.405295200439525,17.96954314720812
1,8,901,coalition,83,49,4.6092943201376935,12.748105565717273
1,8,902,algorithmic,596,45,5.621409711373419,10.142857142857142
1,8,903,direct,86,41,4.506275235875505,16.96969696969697
1,9,901,coalition,114,49,3.80028839221341,11.31615900569158
1,9,902,algorithmic,603,45,5.447594530486043,9.972602739726028
1,9,903,direct,48,41,4.6963317822161805,16.825396825396826
1,10,901,coalition,105,49,3.495670995670996,11.89342403628118
1,10,902,algorithmic,560,45,5.581829204745872,9.666666666666666
1,10,903,direct,100,41,4.590864197530864,15.454545454545455
1,11,901,coalition,81,28,3.1737213403880076,15.862745098039216
1,11,902,algorithmic,569,45,5.725161183395444,10.333333333333332
1,11,903,direct,115,62,4.352689481589738,13.986943164362518
1,12,901,coalition,157,28,3.7338713341628167,12.714285714285714
1,12,902,algorithmic,523,45,5.38928320811686,8.542372881355933
1,12,903,direct,85,62,4.91764705882353,16.53409090909091
1,13,901,coalition,175,28,3.8880762358546757,10.423728813559322
1,13,902,algorithmic,489,45,5.2438478705639,11.333333333333332
1,13,903,direct,101,62,4.656478691347395,15.821917808219178
1,14,901,coalition,176,28,4.415717266171061,12.75
1,14,902,algorithmic,458,45,5.158502580000843,9.666666666666666
1,14,903,direct,131,62,4.030786284735344,16.23456790123457
1,15,901,coalition,138,28,3.818948062733339,9.931818181818183
1,15,902,algorithmic,563,45,5.05712859903005,9.529411764705882
1,15,903,direct,64,62,4.535403196839081,16.822916666666664
1,16,901,coalition,179,28,4.089654592419055,16.363636363636363
1,16,902,algorithmic,477,45,5.852207610698176,9.903225806451612
1,16,903,direct,109,62,4.674450931331665,15.120000000000001
1,17,901,coalition,161,73,4.260338819872869,11.585079547114523
1,17,902,algorithmic,461,0,5.297265522893023,
1,17,903,direct,143,62,4.636363636363637,16.411764705882355
1,18,901,coalition,115,73,4.385422360771142,12.10204081632653
1,18,902,algorithmic,562,0,4.631101306467328,
1,18,903,direct,88,62,4.5965751302471825,17.009803921568626
1,19,901,coalition,115,73,4.47744382842136,6.818181818181818
1,19,902,algorithmic,585,0,5.049489826749992,
1,19,903,direct,65,62,4.7349238996297816,15.906040268456376
1,20,901,coalition,85,0,4.401307189542484,
1,20,902,algorithmic,593,73,5.411309089019634,6.428571428571429
1,20,903,direct,87,62,4.744483373286618,15.158730158730158
1,21,901,coalition,170,0,4.1614039378745264,
1,21,902,algorithmic,484,73,5.664228277864642,9.076923076923077
1,21,903,direct,111,62,4.891891891891892,15.878378378378379
1,22,901,coalition,177,73,5.091920587956472,5.886075949367089
1,22,902,algorithmic,467,0,5.533041183208008,
1,22,903,direct,121,62,4.669421487603306,16.453488372093023
1,23,901,coalition,125,73,4.645594598172911,10.965034965034965
1,23,902,algorithmic,538,0,4.424725951106566,
1,23,903,direct,102,62,4.395977516459444,16.64835164835165
1,24,901,coalition,127,73,4.744360175836916,9.941176470588236
1,24,902,algorithmic,513,0,4.818804049244421,
1,24,903,direct,125,62,4.317663848623128,16.257668711656443
1,25,901,coalition,103,73,4.378640776699029,8.818181818181818
1,25,902,algorithmic,523,0,4.874630700288626,
1,25,903,direct,139,62,4.431570321632141,16.72043010752688
1,26,901,coalition,125,73,5.1976,11.0
1,26,902,algorithmic,561,0,4.74687703364174,
1,26,903,direct,79,62,4.545413903958208,16.95
1,27,901,coalition,119,73,4.212484993997599,11.965034965034965
1,27,902,algorithmic,549,0,5.047442215953492,
1,27,903,direct,97,62,4.796518464004989,15.642857142857142
1,28,901,coalition,176,73,4.257129290452407,9.949579831932773
1,28,902,algorithmic,474,0,4.891670136076655,
1,28,903,direct,115,62,4.747461871158661,16.139240506329116
1,29,901,coalition,129,73,4.893649548750824,11.146341463414634
1,29,902,algorithmic,582,0,4.921533267657555,
1,29,903,direct,54,62,4.2527173121193576,16.53409090909091
1,30,901,coalition,99,73,4.878787878787879,7.886075949367089
1,30,902,algorithmic,541,0,5.214219017699234,
1,30,903,direct,125,62,4.505671641791045,14.695652173913043
1,31,901,coalition,130,73,4.521502474134053,7.428571428571429
1,31,902,algorithmic,572,0,5.0554956739167265,
1,31,903,direct,63,62,4.017543859649122,16.72043010752688
1,32,901,coalition,112,73,4.678571428571429,8.627906976744185
1,32,902,algorithmic,544,0,5.215500179463911,
1,32,903,direct,109,62,4.281860296121355,15.080645161290322
1,33,901,coalition,172,73,4.748632010943912,9.8
1,33,902,algorithmic,533,0,5.054199795588356,
1,33,903,direct,60,62,3.7526086956521736,16.411764705882355
1,34,901,coalition,83,73,4.392208585051492,7.340425531914893
1,34,902,algorithmic,574,0,5.049269264637083,
1,34,903,direct,108,62,4.8158014571949,14.958677685950413
1,35,901,coalition,165,73,4.555280616819078,8.454545454545455
1,35,902,algorithmic,518,0,4.932848520937851,
1,35,903,direct,82,62,3.9247907874973174,16.3905325443787
1,36,901,coalition,119,73,4.178938708350473,10.049586776859504
1,36,902,algorithmic,531,0,4.356052906168956,
1,36,903,direct,115,62,4.271289671619886,15.734265734265735
1,37,901,coalition,172,73,4.430342555593682,10.009708737864077
1,37,902,algorithmic,498,0,4.850330027196952,
1,37,903,direct,95,62,4.498518675074307,16.53409090909091
1,38,901,coalition,113,73,4.577979518426348,9.076923076923077
1,38,902,algorithmic,530,0,4.8274060767565246,
1,38,903,direct,122,62,4.910911045417898,16.08974358974359
1,39,901,coalition,147,73,3.8841678748001933,8.727272727272727
1,39,902,algorithmic,548,0,4.738819982208758,
1,39,903,direct,70,62,4.248262548262549,16.666666666666664
1,40,901,coalition,75,73,5.083562340966921,8.325301204819278
1,40,902,algorithmic,596,0,5.1204977191413334,
1,40,903,direct,94,62,4.154661197983423,15.34351145038168
1,41,901,coalition,145,73,4.813793103448276,11.333333333333332
1,41,902,algorithmic,504,0,5.321415073966094,
1,41,903,direct,116,62,4.862068965517241,16.064516129032256
1,42,901,coalition,140,73,4.287340950595656,10.333333333333332
1,42,902,algorithmic,523,0,4.622480201092572,
1,42,903,direct,102,62,4.626196834767359,16.55367231638418
1,43,901,coalition,66,73,4.414761108012642,9.394495412844037
1,43,902,algorithmic,632,0,4.871243238159038,
1,43,903,direct,67,62,5.112785130949029,16.257668711656443
1,44,901,coalition,93,73,5.164650537634409,10.258064516129032
1,44,902,algorithmic,566,0,5.399547044662725,
1,44,903,direct,106,62,4.425758818703856,15.234375
1,45,901,coalition,129,73,5.128580049203918,11.330708661417322
1,45,902,algorithmic,574,0,5.154421696663888,
1,45,903,direct,62,62,4.725471632761447,16.347305389221557
1,46,901,coalition,151,73,4.564152264039197,7.653061224489797
1,46,902,algorithmic,522,0,4.9170475393278235,
1,46,903,direct,92,62,4.356965174129353,15.040650406504064
1,47,901,coalition,112,73,5.407913165266107,10.271028037383177
1,47,902,algorithmic,534,0,4.774207901592911,
1,47,903,direct,119,62,3.7273971436154114,16.013071895424837
1,48,901,coalition,184,73,4.546070940978786,9.076923076923077
1,48,902,algorithmic,478,0,4.588003712980973,
1,48,903,direct,103,62,4.578267904882511,16.61111111111111
1,49,901,coalition,82,73,4.4569987172813805,9.571428571428571
1,49,902,algorithmic,599,0,4.945610116017986,
1,49,903,direct,84,62,4.1235251913265305,16.28048780487805
1,50,901,coalition,124,73,4.57230255839822,7.428571428571429
1,50,902,algorithmic,521,0,5.260273183696309,
1,50,903,direct,120,62,4.517965367965369,15.793103448275863
1,51,901,coalition,104,73,4.463390743037547,9.68421052631579
1,51,902,algorithmic,631,0,4.864183940514269,
1,51,903,direct,30,62,4.270068027210884,16.62983425414365
1,52,901,coalition,84,73,4.401753008895866,7.627906976744186
1,52,902,algorithmic,535,0,5.558214829074425,
1,52,903,direct,146,62,4.637531133250311,13.296703296703296
1,53,901,coalition,161,73,4.367359798361688,9.009708737864077
1,53,902,algorithmic,523,0,4.8833231275185875,
1,53,903,direct,81,62,3.899516449435934,17.053140096618357
1,54,901,coalition,101,73,4.105671209084277,9.513513513513514
1,54,902,algorithmic,603,0,4.972301107718442,
1,54,903,direct,61,62,4.436875769740049,15.704225352112676
1,55,901,coalition,132,73,4.805638350720318,10.628318584070797
1,55,902,algorithmic,517,0,5.018622650279612,
1,55,903,direct,116,62,4.318805001049529,15.0
1,56,901,coalition,91,73,4.267041366742264,7.627906976744186
1,56,902,algorithmic,610,0,5.010808469242166,
1,56,903,direct,64,62,4.463848039215686,16.55367231638418
1,57,901,coalition,109,73,4.817247706422019,9.941176470588236
1,57,902,algorithmic,515,0,4.92562689622874,
1,57,903,direct,141,62,4.318341007377149,15.120000000000001
1,58,901,coalition,163,73,4.798335661787037,10.461538461538462
1,58,902,algorithmic,534,0,4.821680639057187,
1,58,903,direct,68,62,4.6461563708432045,16.980198019801982
1,59,901,coalition,153,73,4.667606687515294,10.076923076923077
1,59,902,algorithmic,492,0,4.722816494403098,
1,59,903,direct,120,62,3.682143344244408,15.271317829457365
1,60,901,coalition,109,73,4.815550712149627,11.782608695652174
1,60,902,algorithmic,545,0,4.52963240312025,
1,60,903,direct,111,62,4.567644031252006,16.62983425414365
1,61,901,coalition,96,73,4.386627906976744,8.340425531914894
1,61,902,algorithmic,561,0,5.139708984596843,
1,61,903,direct,108,62,4.181996849734226,16.453488372093023
1,62,901,coalition,141,73,4.5671096043436465,9.653061224489797
1,62,902,algorithmic,531,0,4.96802279899691,
1,62,903,direct,93,62,4.90284178187404,16.3905325443787
1,63,901,coalition,128,73,4.569745651941955,10.193548387096774
1,63,902,algorithmic,545,0,4.8865233587215675,
1,63,903,direct,92,62,3.8407525564795972,16.03896103896104
1,64,901,coalition,155,73,4.7962892683955305,14.4
1,64,902,algorithmic,540,0,5.502527233115469,
1,64,903,direct,70,62,4.6292857142857144,16.013071895424837
1,65,901,coalition,133,73,5.232021018346047,10.793103448275861
1,65,902,algorithmic,528,0,4.759185656463285,
1,65,903,direct,104,62,4.2993900372755,15.34351145038168
1,66,901,coalition,97,73,4.759137769447047,8.5
1,66,902,algorithmic,525,0,4.756288318727343,
1,66,903,direct,143,62,4.509636704758656,16.303030303030305
1,67,901,coalition,104,73,4.859351432880844,11.146341463414634
1,67,902,algorithmic,571,0,5.097176768914018,
1,67,903,direct,90,62,4.046116901243267,17.009803921568626
1,68,901,coalition,133,73,4.732544599005038,10.898305084745763
1,68,902,algorithmic,533,0,4.934910495219473,
1,68,903,direct,99,62,4.106903005400694,15.960264900662253
1,69,901,coalition,71,73,4.619718309859155,10.793103448275861
1,69,902,algorithmic,582,0,4.993824223480415,
1,69,903,direct,112,62,4.528088579839,16.1875
1,70,901,coalition,173,73,4.573189882722443,8.11111111111111
1,70,902,algorithmic,517,0,5.175387660109433,
1,70,903,direct,75,62,4.455477855477855,16.47398843930636
1,71,901,coalition,84,73,4.610415594809352,9.340425531914894
1,71,902,algorithmic,553,0,5.200640165265444,
1,71,903,direct,128,62,4.414764709075119,15.514705882352942
1,72,901,coalition,119,73,4.169712329376195,7.526315789473684
1,72,902,algorithmic,547,0,5.142027869248113,
1,72,903,direct,99,62,4.539805873139207,16.772486772486772
1,73,901,coalition,144,73,4.809027777777778,9.142857142857142
1,73,902,algorithmic,498,0,4.527263692015632,
1,73,903,direct,123,62,4.570552930660196,16.1875
1,74,901,coalition,63,73,4.714975845410628,9.941176470588236
1,74,902,algorithmic,629,0,4.932574442955066,
1,74,903,direct,73,62,4.341465962336229,16.684782608695652
1,75,901,coalition,129,73,4.581279648270276,7.0
1,75,902,algorithmic,561,0,5.4309913346714636,
1,75,903,direct,75,62,4.4541358024691355,15.447761194029852
1,76,901,coalition,147,73,4.723889555822328,11.626865671641792
1,76,902,algorithmic,533,0,4.670689428917656,
1,76,903,direct,85,62,4.824758560140474,15.514705882352942
1,77,901,coalition,102,73,4.296803652968037,9.0
1,77,902,algorithmic,573,0,5.1717867189429985,
1,77,903,direct,90,62,4.781481481481482,15.821917808219178
1,78,901,coalition,155,73,4.378209784234138,10.142857142857142
1,78,902,algorithmic,483,0,4.878996574155144,
1,78,903,direct,127,62,3.254916411310655,15.960264900662253
1,79,901,coalition,146,73,3.8769402326802656,11.098360655737705
1,79,902,algorithmic,519,0,4.711486806944957,
1,79,903,direct,100,62,4.220297598834681,16.75531914893617
1,80,901,coalition,136,73,4.39815240017028,8.340425531914894
1,80,902,algorithmic,532,0,5.045968461332015,
1,80,903,direct,97,62,4.5486851836947855,16.211180124223603
1,81,901,coalition,92,73,4.280401972820795,10.418604651162791
1,81,902,algorithmic,591,0,4.8691178849713035,
1,81,903,direct,82,62,3.3305327093968615,16.139240506329116
1,82,901,coalition,130,73,4.675680604573663,7.627906976744186
1,82,902,algorithmic,546,0,5.386124957550413,
1,82,903,direct,89,62,4.514387503425596,15.734265734265735
1,83,901,coalition,98,0,3.750852023977908,
1,83,902,algorithmic,578,73,5.369276260300277,7.428571428571429
1,83,903,direct,89,62,4.0829977379760445,15.933333333333334
1,84,901,coalition,213,0,4.631611893583725,
1,84,902,algorithmic,490,73,5.969795918367346,8.8
1,84,903,direct,62,62,4.82258064516129,15.933333333333334
1,85,901,coalition,146,0,5.642165051787504,
1,85,902,algorithmic,512,73,5.724069486788618,8.0
1,85,903,direct,107,62,5.130841121495327,15.040650406504064
1,86,901,coalition,176,0,4.866774891774892,
1,86,902,algorithmic,513,73,5.914554905782976,11.8
1,86,903,direct,76,62,4.723684210526316,16.36904761904762
1,87,901,coalition,165,0,4.5626143132813155,
1,87,902,algorithmic,500,73,5.794729927007299,8.724137931034482
1,87,903,direct,100,62,5.09,15.547445255474452
1,88,901,coalition,159,0,5.057207290839574,
1,88,902,algorithmic,523,73,5.717729772098381,10.910112359550562
1,88,903,direct,83,62,4.301204819277109,16.211180124223603
1,89,901,coalition,168,0,4.900500118898996,
1,89,902,algorithmic,515,73,5.774595469255663,7.9101123595505625
1,89,903,direct,82,62,4.902439024390244,15.76388888888889
1,90,901,coalition,219,0,4.267235048056966,
1,90,902,algorithmic,482,73,5.752821866929751,6.727272727272727
1,90,903,direct,64,62,4.734375,15.734265734265735
1,91,901,coalition,172,0,5.204741917186614,
1,91,902,algorithmic,502,73,5.488685258964144,7.2195121951219505
1,91,903,direct,91,62,4.802197802197802,15.120000000000001
1,92,901,coalition,137,0,4.354050335480528,
1,92,902,algorithmic,572,73,5.693135811556864,6.627906976744186
1,92,903,direct,56,62,5.017857142857143,15.986842105263158
1,93,901,coalition,212,0,4.575600874118394,
1,93,902,algorithmic,427,73,5.856081987229529,8.653061224489797
1,93,903,direct,126,62,4.5396825396825395,14.786324786324787
1,94,901,coalition,227,73,5.738509741101087,5.136986301369863
1,94,902,algorithmic,450,0,5.839584076054664,
1,94,903,direct,88,62,4.9976300437530385,16.737967914438503
1,95,901,coalition,106,73,4.178229699013595,9.789473684210527
1,95,902,algorithmic,594,0,4.533788480201298,
1,95,903,direct,65,62,4.211120890297091,15.906040268456376
1,96,901,coalition,172,73,4.58813215208564,8.325301204819278
1,96,902,algorithmic,542,0,4.972227064899592,
1,96,903,direct,51,62,4.26861179018785,15.158730158730158
1,97,901,coalition,103,73,4.65973943293695,9.73913043478261
1,97,902,algorithmic,519,0,4.487795557826129,
1,97,903,direct,143,62,4.305317277163321,14.553571428571429
1,98,901,coalition,106,0,4.567702552719201,
1,98,902,algorithmic,589,73,5.2894673265606835,5.526315789473684
1,98,903,direct,70,62,4.418956424675133,17.009803921568626
1,99,901,coalition,166,0,4.2505465196074965,
1,99,902,algorithmic,482,73,5.988581292958727,11.076923076923077
1,99,903,direct,117,62,4.811965811965812,15.34351145038168
1,100,901,coalition,235,0,4.657757590246234,
1,100,902,algorithmic,363,73,5.993964156374779,8.0
1,100,903,direct,167,62,4.509520285272152,16.573033707865168
2,1,901,algorithmic,506,47,4.077452950326297,9.98858329008822
2,1,902,coalition,152,44,4.000073582411585,13.40986790986791
2,1,903,direct,107,44,4.04931409877347,13.561872909698996
2,2,901,algorithmic,517,47,4.954493220677015,12.026901442895573
2,2,902,coalition,83,44,3.394537300395215,12.968209095868671
2,2,903,direct,165,44,4.195940760959103,11.951515151515151
2,3,901,algorithmic,550,21,5.26975912975913,12.07843137254902
2,3,902,coalition,126,44,4.132227249874308,11.545815295815295
2,3,903,direct,89,70,4.0180200573459,11.205311355311354
2,4,901,algorithmic,505,21,5.152259494490814,10.652173913043477
2,4,902,coalition,131,44,3.76454225035333,12.371008190076447
2,4,903,direct,129,70,4.471652156834887,12.347197106690778
2,5,901,algorithmic,499,21,5.120372500581194,11.594594594594595
2,5,902,coalition,136,44,3.8200024891201365,12.526384535005224
2,5,903,direct,130,70,4.10525217766597,12.886580086580087
2,6,901,algorithmic,539,21,5.207512405266446,11.238095238095237
2,6,902,coalition,112,44,3.9305250313819693,12.314517884350288
2,6,903,direct,114,70,3.7478396346376353,13.24694903086863
2,7,901,algorithmic,480,44,5.0355167196500465,9.517029017270097
2,7,902,coalition,166,44,4.056913378464866,11.904085347355647
2,7,903,direct,119,47,4.069894695054119,16.229508196721312
2,8,901,algorithmic,567,44,5.48870176282457,7.568627450980392
2,8,902,coalition,129,44,4.045153742666163,12.854901976014418
2,8,903,direct,69,47,4.293775859279292,17.21212121212121
2,9,901,algorithmic,515,44,5.380415359523413,11.711864406779661
2,9,902,coalition,115,44,3.979430329050655,12.673701298701298
2,9,903,direct,135,47,4.7075673680324845,16.0
2,10,901,algorithmic,475,44,5.138561890980409,8.586206896551724
2,10,902,coalition,189,44,4.135556308112383,12.022528867902066
2,10,903,direct,101,47,4.239611715559975,17.4585635359116
2,11,901,algorithmic,594,44,5.459115693313986,9.568627450980392
2,11,902,coalition,99,44,4.192156277348975,12.541135922115767
2,11,903,direct,72,47,3.5842693480176595,16.87074829931973
2,12,901,algorithmic,497,44,5.617866414654491,7.833333333333332
2,12,902,coalition,132,44,3.5214366148956744,10.326086956521738
2,12,903,direct,136,47,4.532110496434761,16.10169491525424
2,13,901,algorithmic,454,44,5.391557341337077,8.73076923076923
2,13,902,coalition,187,44,3.974449080331433,11.812987012987014
2,13,903,direct,124,47,4.890251683800071,17.472527472527474
2,14,901,algorithmic,496,44,5.5368886310795675,7.886792452830189
2,14,902,coalition,131,44,4.621282741700677,13.199531792980872
2,14,903,direct,138,47,4.135144386474093,17.294117647058822
2,15,901,algorithmic,564,44,5.382513308948362,6.568627450980392
2,15,902,coalition,107,44,4.288128200880319,12.336990595611285
2,15,903,direct,94,47,4.685919008580815,17.5
2,16,901,algorithmic,502,44,5.475738852499607,9.28125
2,16,902,coalition,144,21,3.8356894841269837,14.133333333333335
2,16,903,direct,119,70,4.406073615887032,14.268695952957454
2,17,901,algorithmic,560,0,5.645759044406554,
2,17,902,coalition,65,65,4.756853352494245,11.188055034396498
2,17,903,direct,140,70,4.551864482170657,16.329787234042552
2,18,901,algorithmic,551,0,4.989236624154103,
2,18,902,coalition,130,65,4.673868237026132,9.64367816091954
2,18,903,direct,84,70,4.892395717977114,16.698564593301434
2,19,901,algorithmic,507,0,4.7280454872935165,
2,19,902,coalition,119,65,4.898506805188216,12.25925925925926
2,19,903,direct,139,70,4.252608909436025,15.490196078431373
2,20,901,algorithmic,543,0,4.49721918381913,
2,20,902,coalition,107,65,5.033968368080517,12.897435897435898
2,20,903,direct,115,70,4.84653855291774,16.682692307692307
2,21,901,algorithmic,501,0,4.396050189799076,
2,21,902,coalition,140,65,5.188198757763975,9.181818181818182
2,21,903,direct,124,70,4.145495983679715,16.25
2,22,901,algorithmic,506,0,5.050120187336439,
2,22,902,coalition,133,65,3.9721083415640592,6.588235294117647
2,22,903,direct,126,70,4.484438219732337,16.424870466321245
2,23,901,algorithmic,542,0,4.511491573330415,
2,23,902,coalition,107,65,4.640306733764677,10.796747967479675
2,23,903,direct,116,70,4.939655172413793,16.46153846153846
2,24,901,algorithmic,522,0,5.0657600591944565,
2,24,902,coalition,128,65,4.459670608108108,9.725490196078432
2,24,903,direct,115,70,4.004164589950026,16.27027027027027
2,25,901,algorithmic,547,0,5.128391112013904,
2,25,902,coalition,96,65,4.5867300724637685,8.098765432098766
2,25,903,direct,122,70,4.022483374470931,16.25
2,26,901,algorithmic,551,65,5.27750851014755,4.232876712328768
2,26,902,coalition,117,0,4.635879536403097,
2,26,903,direct,97,70,4.22680412371134,16.387434554973822
2,27,901,algorithmic,510,65,5.701441058351051,7.098765432098766
2,27,902,coalition,146,0,4.437556415413047,
2,27,903,direct,109,70,4.779136935100238,15.843373493975903
2,28,901,algorithmic,509,65,5.579435332553365,7.111111111111111
2,28,902,coalition,154,0,5.175705692559625,
2,28,903,direct,102,70,4.795439524124256,16.123595505617978
2,29,901,algorithmic,491,65,5.65532806898441,8.380952380952381
2,29,902,coalition,170,0,4.737073074843972,
2,29,903,direct,104,70,4.313708951866847,15.964912280701752
2,30,901,algorithmic,499,0,5.748525953641386,
2,30,902,coalition,175,65,5.648999150300985,5.72463768115942
2,30,903,direct,91,70,5.1098901098901095,16.01156069364162
2,31,901,algorithmic,594,0,4.940906038535048,
2,31,902,coalition,63,65,4.566920701334928,9.333333333333332
2,31,903,direct,108,70,4.608166744150008,15.6875
2,32,901,algorithmic,537,0,5.269934404434775,
2,32,902,coalition,129,65,4.34174221521482,10.043478260869566
2,32,903,direct,99,70,4.635170603674541,16.10169491525424
2,33,901,algorithmic,544,65,5.180237315133307,6.857142857142858
2,33,902,coalition,92,0,4.172101449275362,
2,33,903,direct,129,70,4.19112075082674,15.892857142857142
2,34,901,algorithmic,464,65,5.465909090909091,8.098765432098766
2,34,902,coalition,201,0,4.270460268801894,
2,34,903,direct,100,70,4.439753086419753,16.515151515151516
2,35,901,algorithmic,515,65,5.349365197908887,7.985915492957745
2,35,902,coalition,142,0,5.464409592818181,
2,35,903,direct,108,70,4.535602503912363,15.917159763313608
2,36,901,algorithmic,471,65,5.764475152038576,8.195121951219512
2,36,902,coalition,181,0,4.745329523713816,
2,36,903,direct,113,70,4.683415829208539,16.10169491525424
2,37,901,algorithmic,464,0,5.692639257294429,
2,37,902,coalition,176,65,5.738059947299077,7.72463768115942
2,37,903,direct,125,70,4.688,16.208791208791208
2,38,901,algorithmic,551,0,4.685358392426142,
2,38,902,coalition,124,65,4.122741381221594,9.879999999999999
2,38,903,direct,90,70,4.827314814814814,16.443298969072167
2,39,901,algorithmic,529,65,5.420734490114246,6.447761194029851
2,39,902,coalition,111,0,4.691869107164169,
2,39,903,direct,125,70,4.207616218386191,15.660377358490567
2,40,901,algorithmic,522,65,5.568392779555239,5.470588235294118
2,40,902,coalition,155,0,4.249547135116102,
2,40,903,direct,88,70,4.9772727272727275,16.443298969072167
2,41,901,algorithmic,505,65,5.603594626978622,7.466666666666667
2,41,902,coalition,121,0,4.128055306978295,
2,41,903,direct,139,70,4.805755395683454,15.605095541401274
2,42,901,algorithmic,484,65,5.720994914176733,9.0
2,42,902,coalition,190,0,4.795141700404859,
2,42,903,direct,91,70,4.738165680473372,16.682692307692307
2,43,901,algorithmic,516,65,5.8917151162790695,6.153846153846154
2,43,902,coalition,194,0,5.514175257731959,
2,43,903,direct,55,70,4.745454545454545,15.6875
2,44,901,algorithmic,496,65,5.693873569198751,11.688311688311689
2,44,902,coalition,173,0,4.887945543175825,
2,44,903,direct,96,70,4.75,14.435483870967742
2,45,901,algorithmic,504,65,5.4828042328042335,7.232876712328768
2,45,902,coalition,171,0,4.8728476789039155,
2,45,903,direct,90,70,4.911111111111111,15.818181818181818
2,46,901,algorithmic,493,65,5.7744651536606835,7.985915492957745
2,46,902,coalition,139,0,5.361819075167716,
2,46,903,direct,133,70,4.658533125265995,15.660377358490567
2,47,901,algorithmic,498,0,5.627619388444868,
2,47,902,coalition,168,65,4.976035972323102,6.351351351351351
2,47,903,direct,99,70,5.2398239823982395,16.584158415841586
2,48,901,algorithmic,544,0,4.950700431034483,
2,48,902,coalition,95,65,4.51854204476709,13.897435897435898
2,48,903,direct,126,70,3.7999452654625068,15.892857142857142
2,49,901,algorithmic,537,0,4.913510409089154,
2,49,902,coalition,95,65,4.347638326585695,8.098765432098766
2,49,903,direct,133,70,4.968600747150896,16.46153846153846
2,50,901,algorithmic,548,0,5.376248914658715,
2,50,902,coalition,108,65,4.609663901400622,7.303030303030303
2,50,903,direct,109,70,4.50637757215223,16.584158415841586
2,51,901,algorithmic,551,0,5.133863254349243,
2,51,902,coalition,114,65,3.9845912468655307,9.118279569892472
2,51,903,direct,100,70,4.291115756467207,16.123595505617978
2,52,901,algorithmic,539,0,5.150832073024778,
2,52,902,coalition,128,65,4.555633352170734,8.118279569892472
2,52,903,direct,98,70,4.390794180202669,15.917159763313608
2,53,901,algorithmic,524,0,5.482353539797574,
2,53,902,coalition,113,65,4.426073737480791,6.303030303030303
2,53,903,direct,128,70,4.49267578125,15.868263473053892
2,54,901,algorithmic,516,0,4.759351797864322,
2,54,902,coalition,110,65,4.6729118597138894,9.289156626506024
2,54,903,direct,139,70,4.261431020663422,16.49746192893401
2,55,901,algorithmic,545,0,4.8660278980747185,
2,55,902,coalition,81,65,4.161206077872745,8.688311688311689
2,55,903,direct,139,70,4.64800043254521,16.682692307692307
2,56,901,algorithmic,558,0,5.347887692993366,
2,56,902,coalition,130,65,4.535916139563354,7.303030303030303
2,56,903,direct,77,70,4.825794894760413,16.682692307692307
2,57,901,algorithmic,528,0,5.079546110196576,
2,57,902,coalition,128,65,4.355698789012852,9.336283185840708
2,57,903,direct,109,70,4.844421715356112,15.273972602739725
2,58,901,algorithmic,591,0,5.167670329600689,
2,58,902,coalition,88,65,4.728166496424923,8.88888888888889
2,58,903,direct,86,70,3.721932794762361,16.123595505617978
2,59,901,algorithmic,540,0,5.2940765484908106,
2,59,902,coalition,94,65,4.887439945092656,7.688311688311688
2,59,903,direct,131,70,4.701742505734911,15.548387096774192
2,60,901,algorithmic,542,0,4.680954454741867,
2,60,902,coalition,127,65,4.78740157480315,8.725490196078432
2,60,903,direct,96,70,4.665479957805907,16.55
2,61,901,algorithmic,628,65,5.2567100990257245,6.447761194029851
2,61,902,coalition,43,0,3.9133192389006344,
2,61,903,direct,94,70,4.395176562325944,15.818181818181818
2,62,901,algorithmic,469,65,5.729655839993721,9.64367816091954
2,62,902,coalition,193,0,4.1827531035651955,
2,62,903,direct,103,70,4.495145631067961,15.766871165644174
2,63,901,algorithmic,480,65,5.502713178294574,8.588235294117647
2,63,902,coalition,125,0,5.747326949384404,
2,63,903,direct,160,70,4.517877906976745,15.988372093023255
2,64,901,algorithmic,497,65,5.551527505645225,7.688311688311688
2,64,902,coalition,180,0,5.041787494407582,
2,64,903,direct,88,70,5.0630210400952755,16.986899563318776
2,65,901,algorithmic,426,65,5.6191800484435275,8.578947368421053
2,65,902,coalition,207,0,5.00599532617198,
2,65,903,direct,132,70,4.393939393939394,15.605095541401274
2,66,901,algorithmic,547,65,5.648212320481687,6.985915492957746
2,66,902,coalition,169,0,5.45350213678669,
2,66,903,direct,49,70,5.163265306122449,16.567164179104477
2,67,901,algorithmic,529,65,5.956746019031751,5.985915492957746
2,67,902,coalition,134,0,5.590439423792947,
2,67,903,direct,102,70,4.872549019607843,14.152542372881356
2,68,901,algorithmic,471,65,5.813126233843632,7.688311688311688
2,68,902,coalition,198,0,4.453199113486194,
2,68,903,direct,96,70,4.989583333333333,15.964912280701752
2,69,901,algorithmic,505,65,5.743954395439544,8.794871794871796
2,69,902,coalition,164,0,5.477827050997782,
2,69,903,direct,96,70,4.822916666666667,15.818181818181818
2,70,901,algorithmic,459,65,5.582557602165446,9.588235294117647
2,70,902,coalition,157,0,5.261770950418384,
2,70,903,direct,149,70,4.295302013422819,15.818181818181818
2,71,901,algorithmic,558,65,5.535546348360791,8.232876712328768
2,71,902,coalition,124,0,4.722482131780903,
2,71,903,direct,83,70,5.180722891566265,16.834862385321102
2,72,901,algorithmic,457,65,5.588563860416906,6.89873417721519
2,72,902,coalition,214,0,4.342858654977678,
2,72,903,direct,94,70,5.23404255319149,15.460526315789473
2,73,901,algorithmic,523,65,5.493718401388873,5.588235294117647
2,73,902,coalition,140,0,4.841921431149147,
2,73,903,direct,102,70,4.686274509803922,15.766871165644174
2,74,901,algorithmic,473,65,5.65727037820061,10.098765432098766
2,74,902,coalition,157,0,4.644251582009991,
2,74,903,direct,135,70,4.622222222222222,15.964912280701752
2,75,901,algorithmic,518,65,5.490044666515255,8.11111111111111
2,75,902,coalition,157,0,4.958994213396611,
2,75,903,direct,90,70,4.934858387799564,16.61764705882353
2,76,901,algorithmic,505,65,5.610249704215704,8.470588235294118
2,76,902,coalition,176,0,4.352325278310295,
2,76,903,direct,84,70,4.488095238095238,15.660377358490567
2,77,901,algorithmic,424,65,5.683885189295845,7.447761194029851
2,77,902,coalition,189,0,5.087907283790612,
2,77,903,direct,152,70,4.677631578947368,15.490196078431373
2,78,901,algorithmic,458,65,5.2097947005473335,8.195121951219512
2,78,902,coalition,212,0,4.252157286150681,
2,78,903,direct,95,70,4.245534651107407,16.877828054298643
2,79,901,algorithmic,501,65,5.619444038751765,7.857142857142858
2,79,902,coalition,172,0,5.452313426788753,
2,79,903,direct,92,70,4.365853658536586,15.792682926829269
2,80,901,algorithmic,488,65,5.746168923734854,6.578947368421053
2,80,902,coalition,171,0,5.498467755965047,
2,80,903,direct,106,70,4.867924528301887,15.714285714285714
2,81,901,algorithmic,519,65,5.6859344894026975,8.303030303030303
2,81,902,coalition,168,0,5.0018037518037515,
2,81,903,direct,78,70,4.551282051282051,16.057142857142857
2,82,901,algorithmic,532,65,5.696831364124598,8.098765432098766
2,82,902,coalition,185,0,4.845607512274179,
2,82,903,direct,48,70,4.583333333333333,15.306122448979593
2,83,901,algorithmic,456,65,6.034581646423752,8.11111111111111
2,83,902,coalition,179,0,5.535357876139999,
2,83,903,direct,130,70,5.023076923076923,14.102564102564102
2,84,901,algorithmic,486,0,5.806863535785925,
2,84,902,coalition,185,65,5.4187896163527745,6.232876712328768
2,84,903,direct,94,70,5.233668341708542,16.532663316582916
2,85,901,algorithmic,492,0,4.76898606540822,
2,85,902,coalition,132,65,4.315043404702655,9.962264150943398
2,85,903,direct,141,70,4.358523420576096,15.766871165644174
2,86,901,algorithmic,570,65,4.894645174232441,8.191489361702128
2,86,902,coalition,104,0,4.721153846153846,
2,86,903,direct,91,70,3.8608806159826567,16.714285714285715
2,87,901,algorithmic,458,65,5.548580786026201,7.195121951219512
2,87,902,coalition,183,0,4.294765427162468,
2,87,903,direct,124,70,4.967741935483871,15.6875
2,88,901,algorithmic,470,65,5.542663432918091,7.447761194029851
2,88,902,coalition,170,0,5.55284473699773,
2,88,903,direct,125,70,5.000953367875648,16.424870466321245
2,89,901,algorithmic,521,65,5.8799889190098344,10.098765432098766
2,89,902,coalition,144,0,4.48813602166504,
2,89,903,direct,100,70,5.087835051546391,16.443298969072167
2,90,901,algorithmic,523,65,5.740074897892224,7.985915492957745
2,90,902,coalition,146,0,4.537720609137519,
2,90,903,direct,96,70,4.251540927021696,15.917159763313608
2,91,901,algorithmic,534,65,5.606514584042674,8.380952380952381
2,91,902,coalition,145,0,4.612583967756382,
2,91,903,direct,86,70,4.596068660022149,15.818181818181818
2,92,901,algorithmic,449,65,5.678712551189022,7.588235294117647
2,92,902,coalition,151,0,5.408183269035023,
2,92,903,direct,165,70,4.587878787878788,15.548387096774192
2,93,901,algorithmic,585,65,5.655080721747388,7.985915492957745
2,93,902,coalition,108,0,5.092997204499552,
2,93,903,direct,72,70,4.764719848053181,17.05128205128205
2,94,901,algorithmic,486,65,5.710649972273298,7.351351351351351
2,94,902,coalition,169,0,4.91325128477338,
2,94,903,direct,110,70,4.6,15.106382978723403
2,95,901,algorithmic,520,65,5.510872367855608,6.72463768115942
2,95,902,coalition,143,0,5.6019393124081,
2,95,903,direct,102,70,4.823529411764706,16.145251396648046
2,96,901,algorithmic,487,65,5.468208508952052,8.35135135135135
2,96,902,coalition,184,0,4.910873688333643,
2,96,903,direct,94,70,5.127659574468085,15.964912280701752
2,97,901,algorithmic,446,65,5.6196869239869045,7.72463768115942
2,97,902,coalition,192,0,5.761102497703091,
2,97,903,direct,127,70,4.840200956475533,15.766871165644174
2,98,901,algorithmic,504,65,5.674603174603175,7.232876712328768
2,98,902,coalition,167,0,5.371292639769385,
2,98,903,direct,94,70,4.96048632218845,16.479591836734695
2,99,901,algorithmic,465,65,5.822705983244277,6.588235294117647
2,99,902,coalition,184,0,5.475681750427565,
2,99,903,direct,116,70,5.0,15.766871165644174
2,100,901,algorithmic,531,65,5.461240901918868,8.985915492957746
2,100,902,coalition,138,0,4.93534532695586,
2,100,903,direct,96,70,4.822916666666667,16.27027027027027
3,1,901,direct,109,50,3.819639313770908,13.361204013377925
3,1,902,coalition,135,42,3.499992840950786,13.371791686574294
3,1,903,algorithmic,521,43,4.277624840318657,10.723173687478717
3,2,901,direct,128,25,3.665996553376135,16.89873417721519
3,2,902,coalition,122,42,3.9100676548470914,12.420454545454547
3,2,903,algorithmic,515,68,5.158069612902961,10.150534497609836
3,3,901,direct,68,51,4.301770854574699,13.485991667622214
3,3,902,coalition,168,42,3.5847742469919104,12.676169854444847
3,3,903,algorithmic,529,42,5.315394734777571,9.387096774193548
3,4,901,direct,124,71,4.208842474993089,13.810774250019895
3,4,902,coalition,148,22,4.351655505089939,16.038277511961724
3,4,903,algorithmic,493,42,5.331505236805669,9.115384615384615
3,5,901,direct,76,71,4.496029274369356,16.391752577319586
3,5,902,coalition,147,22,4.5387074355013635,11.882352941176471
3,5,903,algorithmic,542,42,5.502149457319046,9.407407407407408
3,6,901,direct,104,71,4.4006410256410255,15.205479452054796
3,6,902,coalition,134,22,3.92694307328329,9.625
3,6,903,algorithmic,527,42,5.369337880976518,9.166666666666666
3,7,901,direct,97,71,4.597605586963751,15.977011494252876
3,7,902,coalition,166,22,4.3297066649988905,14.64516129032258
3,7,903,algorithmic,502,42,5.534473895297563,9.407407407407408
3,8,901,direct,87,71,4.879455230368009,15.808383233532934
3,8,902,coalition,110,22,4.434260113705501,12.0
3,8,903,algorithmic,568,42,5.314731378762182,8.545454545454545
3,9,901,direct,129,71,4.483105509201727,15.541401273885352
3,9,902,coalition,120,22,4.358952853276284,16.396946564885496
3,9,903,algorithmic,516,42,5.563016863395603,10.166666666666666
3,10,901,direct,109,71,4.715596330275229,16.482412060301506
3,10,902,coalition,157,22,4.540593790547673,16.51063829787234
3,10,903,algorithmic,499,42,5.471477471497398,9.96078431372549
3,11,901,direct,88,71,4.225018874628059,16.089385474860336
3,11,902,coalition,154,22,3.9246886124985427,11.434782608695652
3,11,903,algorithmic,523,42,5.091278468806571,9.166666666666666
3,12,901,direct,106,71,4.665390455943206,15.569620253164555
3,12,902,coalition,156,22,4.2686279964760985,11.04225352112676
3,12,903,algorithmic,503,42,5.184785629497852,8.678571428571429
3,13,901,direct,82,71,4.511874479188052,16.022727272727273
3,13,902,coalition,149,22,4.202351392097426,9.911764705882353
3,13,903,algorithmic,534,42,5.2547159763474305,8.278688524590164
3,14,901,direct,135,71,4.681917211328976,15.394736842105264
3,14,902,coalition,146,22,4.045911851883267,15.764705882352944
3,14,903,algorithmic,484,42,5.610198168001433,9.407407407407408
3,15,901,direct,51,71,4.891306711196344,16.585365853658537
3,15,902,coalition,138,22,3.9699688981084114,11.407407407407407
3,15,903,algorithmic,576,42,5.537521238763064,11.387096774193548
3,16,901,direct,111,71,4.689899893324659,14.214876033057852
3,16,902,coalition,156,22,3.3720079718645524,11.85714285714286
3,16,903,algorithmic,498,42,5.73113916751048,8.970588235294118
3,17,901,direct,96,71,4.365171845574388,16.132596685082873
3,17,902,coalition,192,22,4.497297070574648,15.813559322033898
3,17,903,algorithmic,477,42,5.451580781628998,10.05084745762712
3,18,901,direct,54,71,5.296296296296297,15.783132530120483
3,18,902,coalition,164,64,4.826280474008711,9.086872799295776
3,18,903,algorithmic,547,0,5.450402170000392,
3,19,901,direct,127,71,4.831038190710743,14.35483870967742
3,19,902,coalition,101,64,4.540113290851609,8.125
3,19,903,algorithmic,537,0,4.993042494989903,
3,20,901,direct,89,71,4.240887914497122,16.446700507614214
3,20,902,coalition,160,64,4.425503745202427,6.486486486486487
3,20,903,algorithmic,516,0,5.314748048462213,
3,21,901,direct,87,71,4.61610226276996,15.597484276729562
3,21,902,coalition,145,64,4.21617870310128,9.297872340425531
3,21,903,algorithmic,533,0,4.692952650108177,
3,22,901,direct,96,71,4.3806089743589745,15.541401273885352
3,22,902,coalition,155,64,4.56938565851654,9.297872340425531
3,22,903,algorithmic,514,0,4.427887568850486,
3,23,901,direct,102,71,4.2640472584417015,15.783132530120483
3,23,902,coalition,124,64,4.7379518072289155,11.919354838709678
3,23,903,algorithmic,539,0,4.73869523835676,
3,24,901,direct,59,71,4.608266110758633,15.930232558139538
3,24,902,coalition,120,64,4.804425237325374,9.674418604651162
3,24,903,algorithmic,586,0,5.209391671438145,
3,25,901,direct,124,71,4.15366649039309,14.573643410852714
3,25,902,coalition,119,64,4.066899043261986,8.125
3,25,903,algorithmic,522,0,5.136086413098783,
3,26,901,direct,73,71,4.903206382658437,16.391752577319586
3,26,902,coalition,135,64,4.6527682321496755,8.409638554216867
3,26,903,algorithmic,557,0,4.958310689648635,
3,27,901,direct,144,71,4.637345679012345,15.104895104895105
3,27,902,coalition,72,64,4.773763273763274,9.840909090909092
3,27,903,algorithmic,549,0,5.270837844608336,
3,28,901,direct,90,71,4.571128033537172,16.72897196261682
3,28,902,coalition,135,64,4.276150917272413,8.923076923076923
3,28,903,algorithmic,540,0,5.126411015749887,
3,29,901,direct,155,71,4.784910281906945,15.625
3,29,902,coalition,129,64,4.595646386344061,8.758620689655173
3,29,903,algorithmic,481,0,4.664835591559729,
3,30,901,direct,84,71,4.402910052910053,16.88888888888889
3,30,902,coalition,137,64,4.54014598540146,7.317073170731708
3,30,903,algorithmic,544,0,4.85309760082895,
3,31,901,direct,94,71,4.040425531914893,15.454545454545455
3,31,902,coalition,85,64,4.813384262796028,9.4375
3,31,903,algorithmic,586,0,4.890767253224591,
3,32,901,direct,140,71,4.433976833976834,15.731707317073168
3,32,902,coalition,118,64,4.678276147168251,7.818181818181818
3,32,903,algorithmic,507,0,5.086518293835367,
3,33,901,direct,101,71,4.30703773487942,16.666666666666664
3,33,902,coalition,105,64,3.9528344671201814,10.11214953271028
3,33,903,algorithmic,559,0,4.8672150406784125,
3,34,901,direct,121,71,4.591105863833136,15.906432748538013
3,34,902,coalition,137,64,3.9487770521193495,6.0
3,34,903,algorithmic,507,0,5.425648275850706,
3,35,901,direct,69,71,3.9921811636357503,16.335078534031414
3,35,902,coalition,144,64,4.64099040139616,8.0
3,35,903,algorithmic,552,0,5.104069394912782,
3,36,901,direct,95,71,4.1988304093567255,14.964028776978415
3,36,902,coalition,61,64,4.113456775563156,6.454545454545455
3,36,903,algorithmic,609,0,5.418245101083538,
3,37,901,direct,138,71,4.017082433774052,15.757575757575758
3,37,902,coalition,132,64,4.952708907254362,8.921348314606742
3,37,903,algorithmic,495,0,5.0373448811486305,
3,38,901,direct,65,71,4.737519623233909,16.634615384615383
3,38,902,coalition,131,64,4.9163241338813854,9.571428571428571
3,38,903,algorithmic,569,0,4.718865848353672,
3,39,901,direct,102,71,4.339793554800147,14.814814814814817
3,39,902,coalition,145,64,4.250574712643679,10.220183486238533
3,39,903,algorithmic,518,0,4.848748567513345,
3,40,901,direct,110,71,4.42215632468797,15.930232558139538
3,40,902,coalition,116,64,4.500262167663932,7.025316455696203
3,40,903,algorithmic,539,0,4.933103063301979,
3,41,901,direct,115,71,4.294411979025275,16.11111111111111
3,41,902,coalition,94,64,4.342789598108747,9.588235294117647
3,41,903,algorithmic,556,0,5.157005516191713,
3,42,901,direct,104,71,4.2398896937113495,16.216216216216218
3,42,902,coalition,97,0,4.12682417791092,
3,42,903,algorithmic,564,64,5.448135627157175,7.0
3,43,901,direct,120,71,4.75,15.977011494252876
3,43,902,coalition,148,0,3.9439831681210986,
3,43,903,algorithmic,497,64,5.726751312472537,8.636363636363637
3,44,901,direct,69,71,4.9855072463768115,16.315789473684212
3,44,902,coalition,171,0,6.056017236072638,
3,44,903,algorithmic,525,64,5.512380952380952,6.0
3,45,901,direct,115,71,4.791304347826087,14.964028776978415
3,45,902,coalition,171,0,4.490950397576675,
3,45,903,algorithmic,479,64,5.804178369204428,8.6
3,46,901,direct,107,71,4.878504672897196,16.216216216216218
3,46,902,coalition,180,0,5.4142377671789435,
3,46,903,algorithmic,478,64,5.382901730182065,7.735294117647059
3,47,901,direct,118,71,4.508378818347218,16.045197740112993
3,47,902,coalition,150,0,4.29909604519774,
3,47,903,algorithmic,497,64,5.553194875467494,9.5
3,48,901,direct,62,71,4.983870967741935,16.27659574468085
3,48,902,coalition,169,0,5.188147054613436,
3,48,903,algorithmic,534,64,5.790062953223364,7.36986301369863
3,49,901,direct,65,71,5.0,14.696969696969697
3,49,902,coalition,185,0,4.968146051690356,
3,49,903,algorithmic,515,64,5.683083259782289,7.025316455696203
3,50,901,direct,107,71,4.614399446175147,14.814814814814817
3,50,902,coalition,179,0,5.096119481594342,
3,50,903,algorithmic,479,64,5.8687079563906295,8.454545454545455
3,51,901,direct,90,71,4.490883190883191,16.045197740112993
3,51,902,coalition,134,0,4.71969033580468,
3,51,903,algorithmic,541,64,5.445648882066062,9.923076923076923
3,52,901,direct,98,71,4.816326530612245,15.625
3,52,902,coalition,165,0,4.568560606060606,
3,52,903,algorithmic,502,64,5.441857569721115,10.125
3,53,901,direct,101,71,4.4492734987784495,15.833333333333334
3,53,902,coalition,142,0,5.065628620206085,
3,53,903,algorithmic,522,64,5.5340494435322025,7.818181818181818
3,54,901,direct,80,71,4.725,15.906432748538013
3,54,902,coalition,184,0,5.055301296720061,
3,54,903,algorithmic,501,64,5.789356958597425,9.125
3,55,901,direct,100,71,4.65,15.33333333333333
3,55,902,coalition,144,0,4.786111111111111,
3,55,903,algorithmic,521,64,5.595265515035188,8.0
3,56,901,direct,92,71,4.641304347826087,15.882352941176473
3,56,902,coalition,179,0,4.936149425797799,
3,56,903,algorithmic,494,64,5.839366515837104,10.486486486486486
3,57,901,direct,122,71,4.795081967213115,15.679012345679013
3,57,902,coalition,194,64,4.6630138729795085,6.6
3,57,903,algorithmic,449,0,5.741125683961616,
3,58,901,direct,67,71,4.605203554213369,16.354166666666664
3,58,902,coalition,104,64,4.793872530679438,8.674418604651162
3,58,903,algorithmic,594,0,4.933911479411698,
3,59,901,direct,153,71,4.509353339575249,14.89051094890511
3,59,902,coalition,116,64,5.107349609866599,10.615384615384617
3,59,903,algorithmic,496,0,4.9745740424929785,
3,60,901,direct,99,71,4.861350939563231,16.8609865470852
3,60,902,coalition,125,64,4.187874439461884,7.7105263157894735
3,60,903,algorithmic,541,0,4.843567590706743,
3,61,901,direct,107,71,5.059654006760787,15.857988165680476
3,61,902,coalition,128,64,4.5108173076923075,11.166666666666668
3,61,903,algorithmic,530,0,4.75341161118884,
3,62,901,direct,65,71,4.0399516713652845,16.045197740112993
3,62,902,coalition,81,64,4.356071702587711,8.125
3,62,903,algorithmic,619,0,5.037827336233861,
3,63,901,direct,161,71,3.9336654162310642,14.814814814814817
3,63,902,coalition,121,64,4.602999693908784,10.762376237623762
3,63,903,algorithmic,483,0,5.269072179819776,
3,64,901,direct,104,71,4.517525952308561,16.96969696969697
3,64,902,coalition,77,64,4.9270253555967845,7.942307692307692
3,64,903,algorithmic,584,0,4.767772777153361,
3,65,901,direct,110,71,3.8354112554112554,15.977011494252876
3,65,902,coalition,136,64,4.649087221095335,6.6
3,65,903,algorithmic,519,0,5.013329916379548,
3,66,901,direct,80,71,4.0900178603862685,16.11111111111111
3,66,902,coalition,97,64,4.643757159221077,8.409638554216867
3,66,903,algorithmic,588,0,4.928882727436599,
3,67,901,direct,137,71,4.44549093477749,15.33333333333333
3,67,902,coalition,139,64,5.103117505995204,10.919354838709678
3,67,903,algorithmic,489,0,4.765090045517514,
3,68,901,direct,89,71,4.604739125597953,16.618357487922708
3,68,902,coalition,88,64,4.348649538866931,10.166666666666668
3,68,903,algorithmic,588,0,4.918546305976354,
3,69,901,direct,130,71,4.690830361691289,15.597484276729562
3,69,902,coalition,66,0,4.293119878025538,
3,69,903,algorithmic,569,64,5.510057846389161,5.869565217391305
3,70,901,direct,63,71,4.603174603174603,16.5
3,70,902,coalition,197,0,4.23933134955365,
3,70,903,algorithmic,505,64,5.62930693069307,8.758620689655173
3,71,901,direct,117,71,4.743589743589744,14.736842105263158
3,71,902,coalition,179,0,5.296846057231362,
3,71,903,algorithmic,469,64,5.9433605335299875,8.126760563380282
3,72,901,direct,81,71,4.340560072267389,16.25668449197861
3,72,902,coalition,170,0,4.740069357598263,
3,72,903,algorithmic,514,64,5.488493310306082,7.317073170731708
3,73,901,direct,134,71,4.858208955223881,15.364238410596025
3,73,902,coalition,148,0,5.143798102738501,
3,73,903,algorithmic,483,64,5.775273195946965,9.6
3,74,901,direct,94,71,4.529307467667918,16.568627450980394
3,74,902,coalition,186,0,5.20694793465192,
3,74,903,algorithmic,485,64,5.724216696988073,9.486486486486486
3,75,901,direct,114,71,4.511767222935387,15.731707317073168
3,75,902,coalition,179,0,4.940059953672162,
3,75,903,algorithmic,472,64,5.661094460520876,8.6
3,76,901,direct,73,71,4.52054794520548,16.195652173913043
3,76,902,coalition,179,0,5.086303532629492,
3,76,903,algorithmic,513,64,5.354754640223748,7.36986301369863
3,77,901,direct,130,71,4.869230769230769,15.104895104895105
3,77,902,coalition,186,0,4.849049315686523,
3,77,903,algorithmic,449,64,5.4809755945613405,7.36986301369863
3,78,901,direct,64,71,4.234375,16.5
3,78,902,coalition,148,0,4.601934889434889,
3,78,903,algorithmic,553,64,5.459403254972876,9.818181818181818
3,79,901,direct,115,71,4.904347826086957,14.776119402985072
3,79,902,coalition,165,0,4.437163831193682,
3,79,903,algorithmic,485,64,5.803477458070472,7.923076923076923
3,80,901,direct,76,71,4.295874822190611,16.216216216216218
3,80,902,coalition,142,0,5.2320137038446894,
3,80,903,algorithmic,547,64,5.729581501062306,9.486486486486486
3,81,901,direct,103,71,5.203883495145631,15.205479452054796
3,81,902,coalition,210,0,4.601813437703849,
3,81,903,algorithmic,452,64,5.704933931385622,7.6
3,82,901,direct,56,71,4.936888454011742,15.953757225433527
3,82,902,coalition,202,0,4.880424122070137,
3,82,903,algorithmic,507,64,5.608087925117716,7.36986301369863
3,83,901,direct,122,71,4.844262295081967,14.444444444444446
3,83,902,coalition,162,0,5.190197716513506,
3,83,903,algorithmic,481,64,5.8007458007458,7.7105263157894735
3,84,901,direct,62,71,4.414913510986443,16.354166666666664
3,84,902,coalition,178,0,5.389795534114965,
3,84,903,algorithmic,525,64,5.571607142857143,8.869565217391305
3,85,901,direct,130,71,4.8538461538461535,14.696969696969697
3,85,902,coalition,202,0,5.257551974709666,
3,85,903,algorithmic,433,64,5.970431800685842,10.317073170731707
3,86,901,direct,70,71,4.705,16.5
3,86,902,coalition,182,0,5.138736263736264,
3,86,903,algorithmic,513,64,5.440350877192983,8.25
3,87,901,direct,129,71,4.325581395348837,15.0
3,87,902,coalition,207,0,4.446514837819186,
3,87,903,algorithmic,429,64,5.490842490842491,6.5
3,88,901,direct,79,71,4.848101265822785,16.482412060301506
3,88,902,coalition,229,0,5.150678665484381,
3,88,903,algorithmic,457,64,5.374465324433986,8.126760563380282
3,89,901,direct,125,71,4.904,15.30201342281879
3,89,902,coalition,152,0,5.906297513553361,
3,89,903,algorithmic,488,64,5.602761579931785,7.869565217391305
3,90,901,direct,89,71,5.134831460674158,16.41025641025641
3,90,902,coalition,169,0,4.556032487722997,
3,90,903,algorithmic,507,64,5.499570120871896,8.025316455696203
3,91,901,direct,116,71,5.043103448275862,15.597484276729562
3,91,902,coalition,162,0,5.1939321510919365,
3,91,903,algorithmic,487,64,5.42815078842354,6.869565217391305
3,92,901,direct,116,71,4.810344827586207,16.236559139784944
3,92,902,coalition,177,0,5.030374825344754,
3,92,903,algorithmic,472,64,5.539889739383999,6.0
3,93,901,direct,99,71,5.151515151515151,16.236559139784944
3,93,902,coalition,153,0,5.261996441662875,
3,93,903,algorithmic,513,64,5.638684524932402,8.710526315789474
3,94,901,direct,104,71,4.923076923076923,15.857988165680476
3,94,902,coalition,154,0,4.6934219626527325,
3,94,903,algorithmic,507,64,5.7915105680239956,9.125
3,95,901,direct,122,71,4.844262295081967,15.977011494252876
3,95,902,coalition,180,64,5.487547892720307,8.0
3,95,903,algorithmic,463,0,5.664953700255704,
3,96,901,direct,102,71,4.680059855528794,16.354166666666664
3,96,902,coalition,73,64,4.76070205479452,10.467625899280577
3,96,903,algorithmic,590,0,4.673083540386774,
3,97,901,direct,98,71,4.662665066026411,15.930232558139538
3,97,902,coalition,107,64,4.909910888937188,7.126760563380282
3,97,903,algorithmic,560,0,5.258315746049484,
3,98,901,direct,109,71,4.836481381543442,15.833333333333334
3,98,902,coalition,78,64,4.786172161172161,7.0
3,98,903,algorithmic,578,0,4.944402847644248,
3,99,901,direct,78,71,4.140934715402801,16.089385474860336
3,99,902,coalition,142,64,4.959162798017153,10.297872340425531
3,99,903,algorithmic,545,0,5.268004482650449,
3,100,901,direct,103,71,4.844896992659247,15.27027027027027
3,100,902,coalition,90,64,4.288255328499231,7.923076923076923
3,100,903,algorithmic,572,0,5.427060687145115,
4,1,901,direct,96,46,3.717427138809064,13.494983277591974
4,1,902,coalition,94,48,3.693520267742165,12.585018242626937
4,1,903,algorithmic,575,41,4.012090367099819,8.799173878835562
4,2,901,direct,126,28,3.7066089938430364,16.80851063829787
4,2,902,coalition,182,48,4.029244078343915,11.263297872340425
4,2,903,algorithmic,457,59,4.902742213324643,11.402202557629893
4,3,901,direct,116,28,3.961010429368756,18.235294117647058
4,3,902,coalition,150,48,4.3377059965179665,12.947598253275109
4,3,903,algorithmic,499,59,5.535608877943689,10.39406779661017
4,4,901,direct,122,49,4.24665237944284,14.110019013244822
4,4,902,coalition,118,27,3.9844603330364317,15.61421319796954
4,4,903,algorithmic,525,59,5.381510685155683,11.981539676815553
4,5,901,direct,110,49,4.004018122400476,17.176470588235293
4,5,902,coalition,135,27,4.198847736625514,11.737704918032787
4,5,903,algorithmic,520,59,5.348998126993547,9.848210922787194
4,6,901,direct,121,49,4.3210952231110795,16.962025316455698
4,6,902,coalition,139,27,3.5996947861947883,13.4
4,6,903,algorithmic,505,59,5.36725072570155,9.747303543913715
4,7,901,direct,104,49,3.563997393139405,17.159763313609467
4,7,902,coalition,140,27,3.8582917082917083,11.867469879518072
4,7,903,algorithmic,521,59,5.335415594351234,9.88135593220339
4,8,901,direct,90,49,3.8622489959839355,16.842105263157894
4,8,902,coalition,142,27,4.576145890936109,15.433734939759036
4,8,903,algorithmic,533,59,5.81375655678902,12.180095182432998
4,9,901,direct,85,49,4.011122497779599,16.52173913043478
4,9,902,coalition,151,27,4.084650233152969,11.829268292682928
4,9,903,algorithmic,529,59,5.429534721353154,9.28608115048793
4,10,901,direct,76,49,4.062180682831887,16.390977443609025
4,10,902,coalition,145,27,3.904806261442885,11.97674418604651
4,10,903,algorithmic,544,59,5.223787328345441,10.067686550737399
4,11,901,direct,112,49,4.1191495075073705,16.129032258064516
4,11,902,coalition,128,27,3.8649083724966755,10.873015873015872
4,11,903,algorithmic,525,59,5.380953073929063,10.229259231538624
4,12,901,direct,148,49,3.8267209985959987,17.0
4,12,902,coalition,116,27,4.014439344180723,11.97674418604651
4,12,903,algorithmic,501,59,5.626572474199894,10.160417736688922
4,13,901,direct,145,49,4.203336769384782,17.551020408163264
4,13,902,coalition,115,27,4.1915367984303336,9.58333333333333
4,13,903,algorithmic,505,59,5.558429786640636,10.220338983050848
4,14,901,direct,95,49,3.8074203441208763,17.512953367875646
4,14,902,coalition,124,27,3.9947999829303593,16.156028368794324
4,14,903,algorithmic,546,59,5.7772953537477845,10.804143126177022
4,15,901,direct,122,49,4.390788446526152,16.643356643356643
4,15,902,coalition,134,27,4.172667258115019,12.708860759493673
4,15,903,algorithmic,509,59,5.192433931987785,10.25040355125101
4,16,901,direct,104,49,4.12938904494382,17.176470588235293
4,16,902,coalition,131,27,4.172509461799987,12.078651685393258
4,16,903,algorithmic,530,59,5.303310382346706,12.162832929782082
4,17,901,direct,129,49,3.236736032509475,16.842105263157894
4,17,902,coalition,112,27,4.07718515037594,11.941176470588236
4,17,903,algorithmic,524,59,5.264675776112535,10.637790332705586
4,18,901,direct,121,49,3.5847950312343695,17.28813559322034
4,18,902,coalition,131,27,4.17037483790312,12.0
4,18,903,algorithmic,513,59,5.466330446834396,10.11438046110117
4,19,901,direct,124,49,3.7522190814969405,17.159763313609467
4,19,902,coalition,167,27,3.9780588926239195,8.09090909090909
4,19,903,algorithmic,474,59,5.168694686691263,11.132433208848031
4,20,901,direct,115,49,3.4909779373349377,17.209302325581394
4,20,902,coalition,164,27,3.9390232881422684,15.652849740932641
4,20,903,algorithmic,486,59,5.355632985678774,9.561846375766319
4,21,901,direct,90,49,3.6499725998102033,17.05521472392638
4,21,902,coalition,175,27,4.5845981986173765,15.631578947368423
4,21,903,algorithmic,500,59,5.64056247981918,8.276547170083951
4,22,901,direct,95,49,3.984405851255812,16.52173913043478
4,22,902,coalition,165,27,4.471855886327009,12.533333333333333
4,22,903,algorithmic,505,59,5.421997973970012,9.767750801649107
4,23,901,direct,110,49,3.6876806410322738,16.643356643356643
4,23,902,coalition,129,27,3.7915000296590455,13.438356164383562
4,23,903,algorithmic,526,59,5.328787820973823,9.663438256658596
4,24,901,direct,109,49,3.8627429339759027,16.962025316455698
4,24,902,coalition,112,27,3.855622557312022,14.666666666666666
4,24,903,algorithmic,544,59,5.356365847450895,10.542372881355933
4,25,901,direct,97,49,3.914452199526157,16.94267515923567
4,25,902,coalition,112,27,3.9351188827788106,11.873015873015872
4,25,903,algorithmic,556,59,5.3436388128884476,11.322033898305085
4,26,901,direct,87,49,3.089103724000069,16.689655172413794
4,26,902,coalition,160,27,3.9517127596915826,13.533333333333333
4,26,903,algorithmic,518,59,5.557297413069527,10.404066126742924
4,27,901,direct,148,49,4.3384034746513525,16.444444444444443
4,27,902,coalition,160,27,4.867161856253537,12.666666666666666
4,27,903,algorithmic,457,59,5.450174023054661,10.557438794726929
4,28,901,direct,135,49,4.18558343289526,17.551020408163264
4,28,902,coalition,116,27,4.658852973892561,12.0
4,28,903,algorithmic,514,59,5.149083720346429,10.071950814223994
4,29,901,direct,107,49,3.951079084747034,17.37704918032787
4,29,902,coalition,136,27,3.969322570039998,14.169014084507042
4,29,903,algorithmic,522,59,5.410980949659602,9.995068847511519
4,30,901,direct,102,49,3.6129032258064515,16.903225806451612
4,30,902,coalition,115,27,3.8251319040940364,13.523809523809526
4,30,903,algorithmic,548,59,5.362230482020923,9.384584342211461
4,31,901,direct,114,49,4.003893599246343,16.8
4,31,902,coalition,99,27,3.590419562050768,13.904761904761905
4,31,903,algorithmic,552,59,5.473953974127425,9.656008334335056
4,32,901,direct,149,49,3.8981084405692905,17.037037037037038
4,32,902,coalition,156,27,4.057708135485913,13.338028169014084
4,32,903,algorithmic,460,59,5.060162436778481,10.354628422425032
4,33,901,direct,96,49,4.2061348055954655,17.563451776649746
4,33,902,coalition,103,27,4.150482999825073,16.57142857142857
4,33,903,algorithmic,566,59,5.781816558358683,10.750801649106734
4,34,901,direct,154,49,4.591715385942961,16.666666666666664
4,34,902,coalition,104,27,4.154980657192487,13.119402985074627
4,34,903,algorithmic,507,59,5.774654746769798,9.988981296276801
4,35,901,direct,107,49,3.7773803788748794,17.62376237623762
4,35,902,coalition,158,27,4.144928514273044,10.0
4,35,903,algorithmic,500,59,5.458416603198781,11.205914172376488
4,36,901,direct,86,49,3.5333674781797684,16.903225806451612
4,36,902,coalition,191,27,4.614515418161513,10.806451612903224
4,36,903,algorithmic,488,59,5.485093865679534,9.592849972222492
4,37,901,direct,141,49,4.186617673152809,16.417910447761194
4,37,902,coalition,97,27,3.9723887523543726,11.699115044247787
4,37,903,algorithmic,527,59,5.213921245435653,10.608034965568065
4,38,901,direct,106,69,3.803163182778105,14.970650875279208
4,38,902,coalition,139,27,4.777707437111048,10.222222222222221
4,38,903,algorithmic,520,39,5.63876381071503,11.549019607843137
4,39,901,direct,153,69,4.3933452168746285,16.091954022988507
4,39,902,coalition,146,27,4.727553386622825,17.424242424242422
4,39,903,algorithmic,466,39,5.496845022670093,11.214285714285715
4,40,901,direct,112,69,4.881464124111183,16.923076923076923
4,40,902,coalition,97,27,3.447261966709976,12.0
4,40,903,algorithmic,556,39,5.168486740650623,7.962962962962963
4,41,901,direct,116,69,4.8730025231286795,16.22222222222222
4,41,902,coalition,89,27,3.9319448250662283,12.272727272727273
4,41,903,algorithmic,560,39,5.455041706261219,9.692307692307692
4,42,901,direct,70,69,5.156521739130435,16.304347826086957
4,42,902,coalition,158,27,3.78922281625914,10.46808510638298
4,42,903,algorithmic,537,39,5.330909978862939,7.214285714285715
4,43,901,direct,112,69,4.671389751552795,15.072463768115941
4,43,902,coalition,150,27,4.690370843989769,12.829268292682928
4,43,903,algorithmic,503,39,5.214260038918135,9.549019607843137
4,44,901,direct,111,69,5.143018018018018,16.22222222222222
4,44,902,coalition,148,27,4.502057160076029,13.373737373737372
4,44,903,algorithmic,506,39,5.34366391184573,9.830188679245282
4,45,901,direct,142,69,4.785376049399847,16.201117318435756
4,45,902,coalition,107,27,3.5511332762479313,11.357142857142858
4,45,903,algorithmic,516,39,5.296644148670296,10.559322033898304
4,46,901,direct,97,69,4.988760561196806,16.761904761904763
4,46,902,coalition,129,27,4.178469429387422,12.231884057971016
4,46,903,algorithmic,539,39,5.058090090920615,9.692307692307692
4,47,901,direct,162,69,4.797092791716447,15.87878787878788
4,47,902,coalition,167,27,3.8141429750469737,14.32258064516129
4,47,903,algorithmic,436,39,5.52163765503511,8.870967741935484
4,48,901,direct,130,69,4.956954962136309,17.043478260869566
4,48,902,coalition,172,27,4.693202952686809,15.652849740932641
4,48,903,algorithmic,463,39,5.312391588983762,6.739130434782609
4,49,901,direct,82,69,4.183506580687158,16.565656565656568
4,49,902,coalition,154,27,4.404801259346714,12.61467889908257
4,49,903,algorithmic,529,39,5.243899426796012,8.4
4,50,901,direct,104,69,4.740384615384615,15.466666666666667
4,50,902,coalition,153,27,4.14485294117647,15.555555555555555
4,50,903,algorithmic,508,39,5.674606299212598,11.0625
4,51,901,direct,156,69,4.8620637459259815,16.046511627906977
4,51,902,coalition,128,27,3.6377210574754186,12.319587628865978
4,51,903,algorithmic,481,39,5.103292287051792,8.914893617021276
4,52,901,direct,123,69,4.033134040755992,16.964285714285715
4,52,902,coalition,162,27,4.4052183258158095,17.311688311688314
4,52,903,algorithmic,480,39,5.341455289502164,10.830188679245282
4,53,901,direct,114,69,4.754385964912281,16.43979057591623
4,53,902,coalition,162,27,4.768098527094141,16.617021276595743
4,53,903,algorithmic,489,39,5.439656741506869,8.73913043478261
4,54,901,direct,109,69,4.989166504001561,16.263736263736263
4,54,902,coalition,158,27,3.9769438943982616,11.06060606060606
4,54,903,algorithmic,498,39,4.9574478755458,10.870967741935484
4,55,901,direct,107,69,4.519481611624844,16.15819209039548
4,55,902,coalition,166,27,4.309337874039199,11.578947368421053
4,55,903,algorithmic,492,39,5.425802503792598,10.09090909090909
4,56,901,direct,145,69,4.705818965517241,16.114285714285714
4,56,902,coalition,87,27,4.573204022988506,15.645833333333334
4,56,903,algorithmic,533,39,5.632027271508979,10.083333333333334
4,57,901,direct,100,69,4.418028169014084,16.8075117370892
4,57,902,coalition,107,27,3.9890361938399064,15.699115044247787
4,57,903,algorithmic,558,39,5.570331399377328,11.333333333333332
4,58,901,direct,108,69,5.32323865218602,15.952380952380953
4,58,902,coalition,151,27,3.990250686922001,15.045112781954888
4,58,903,algorithmic,506,39,5.6002741537638565,8.09090909090909
4,59,901,direct,91,69,5.243532560214095,16.136363636363637
4,59,902,coalition,108,27,5.062866100472032,10.43859649122807
4,59,903,algorithmic,566,39,5.207781090807075,10.952380952380953
4,60,901,direct,153,69,4.664251807923019,15.72327044025157
4,60,902,coalition,110,27,3.585217307274177,16.059701492537314
4,60,903,algorithmic,502,39,5.4524616263192796,11.647887323943662
4,61,901,direct,83,69,4.480987297606716,16.923076923076923
4,61,902,coalition,166,27,4.389962565192898,11.59322033898305
4,61,903,algorithmic,516,39,5.112598251756359,8.555555555555555
4,62,901,direct,94,69,4.998390257558791,15.496688741721854
4,62,902,coalition,154,27,4.521326120823788,13.263157894736842
4,62,903,algorithmic,517,39,5.076476987041495,11.09090909090909
4,63,901,direct,84,69,4.886904761904762,15.802469135802466
4,63,902,coalition,161,27,4.153067023911014,15.555555555555555
4,63,903,algorithmic,520,39,5.856873219373219,7.549019607843136
4,64,901,direct,113,69,4.702096445979841,15.526315789473683
4,64,902,coalition,138,27,4.372814155826674,10.185185185185185
4,64,903,algorithmic,514,39,5.570924335329053,10.549019607843137
4,65,901,direct,85,69,4.650789096126255,16.243093922651934
4,65,902,coalition,120,27,4.204742173112339,9.09090909090909
4,65,903,algorithmic,560,39,5.393437257729469,8.692307692307692
4,66,901,direct,138,69,4.40003970617431,15.555555555555554
4,66,902,coalition,159,27,4.081968791652096,15.219178082191782
4,66,903,algorithmic,468,39,5.495031463000842,11.333333333333332
4,67,901,direct,56,69,5.071428571428571,16.699029126213592
4,67,902,coalition,176,27,4.234643099178353,15.594594594594595
4,67,903,algorithmic,533,39,5.551572593012327,9.770491803278688
4,68,901,direct,144,69,5.104166666666667,14.516129032258064
4,68,902,coalition,104,66,4.966452802228114,11.006505195974142
4,68,903,algorithmic,517,0,5.8995367965073795,
4,69,901,direct,73,69,4.540071207794928,16.79245283018868
4,69,902,coalition,162,66,4.5688391864008695,12.038167938931297
4,69,903,algorithmic,530,0,4.863815391542716,
4,70,901,direct,154,69,4.328528585447575,15.177304964539005
4,70,902,coalition,85,66,4.211035821208228,10.038167938931297
4,70,903,algorithmic,526,0,5.075278486282205,
4,71,901,direct,105,69,4.396036036036036,16.936936936936938
4,71,902,coalition,123,0,4.486706218413536,
4,71,903,algorithmic,537,66,5.435756443510967,5.298507462686567
4,72,901,direct,88,69,5.0,16.069364161849713
4,72,902,coalition,104,0,4.098148490465175,
4,72,903,algorithmic,573,66,5.769683947179938,9.696629213483146
4,73,901,direct,125,69,5.12,15.641025641025642
4,73,902,coalition,159,0,4.754164074918792,
4,73,903,algorithmic,481,66,5.906444906444906,7.558441558441558
4,74,901,direct,51,69,5.0,16.476683937823836
4,74,902,coalition,202,0,4.835119048363828,
4,74,903,algorithmic,512,66,5.674971664507772,10.073170731707318
4,75,901,direct,187,69,4.7272727272727275,14.285714285714285
4,75,902,coalition,145,0,5.3246808705333315,
4,75,903,algorithmic,433,66,5.458846818172996,8.447368421052632
4,76,901,direct,122,69,4.590163934426229,17.333333333333332
4,76,902,coalition,138,0,4.703624767137129,
4,76,903,algorithmic,505,66,5.585206755969715,8.975308641975309
4,77,901,direct,119,69,4.647058823529412,16.421052631578945
4,77,902,coalition,193,0,4.978807121430519,
4,77,903,algorithmic,453,66,5.567096549320321,6.714285714285714
4,78,901,direct,88,69,5.204545454545454,16.363636363636363
4,78,902,coalition,151,0,4.602046959662854,
4,78,903,algorithmic,526,66,5.6154104227242225,9.352941176470589
4,79,901,direct,131,69,4.454785672342925,15.641025641025642
4,79,902,coalition,130,0,5.004571613844533,
4,79,903,algorithmic,504,66,5.5223595848595854,8.095890410958905
4,80,901,direct,92,69,4.5557679702862135,16.582914572864322
4,80,902,coalition,186,0,4.650950891454484,
4,80,903,algorithmic,487,66,5.688297751591634,7.975308641975308
4,81,901,direct,73,69,4.796232876712328,15.75
4,81,902,coalition,167,0,5.105441514231811,
4,81,903,algorithmic,525,66,5.670833333333333,7.095890410958904
4,82,901,direct,181,69,4.575173386622781,15.177304964539005
4,82,902,coalition,188,0,4.454504300588502,
4,82,903,algorithmic,396,66,5.5863958736299155,8.333333333333334
4,83,901,direct,30,69,4.9,17.269076305220885
4,83,902,coalition,161,0,4.718380029092803,
4,83,903,algorithmic,574,66,5.493807984551447,6.095890410958904
4,84,901,direct,170,69,4.7,13.061224489795919
4,84,902,coalition,219,0,4.497819506438869,
4,84,903,algorithmic,376,66,5.887700825010855,7.6966292134831455
4,85,901,direct,95,69,5.075807164971252,17.142857142857142
4,85,902,coalition,193,0,5.17873470631776,
4,85,903,algorithmic,477,66,5.411535683455773,7.714285714285714
4,86,901,direct,76,69,4.87962962962963,15.828220858895705
4,86,902,coalition,165,0,4.704137489413563,
4,86,903,algorithmic,524,66,5.563831780077741,9.975308641975309
4,87,901,direct,90,69,5.366666666666666,15.277777777777779
4,87,902,coalition,147,0,4.414347867661121,
4,87,903,algorithmic,528,66,6.0014993686868685,9.168674698795181
4,88,901,direct,142,69,4.5748796576929935,15.696202531645568
4,88,902,coalition,138,0,4.8881856540084385,
4,88,903,algorithmic,485,66,5.684118491452433,7.772151898734179
4,89,901,direct,77,69,4.805194805194805,16.761904761904763
4,89,902,coalition,148,0,5.026061776061776,
4,89,903,algorithmic,540,66,5.61031746031746,7.333333333333333
4,90,901,direct,86,69,5.27906976744186,15.310344827586205
4,90,902,coalition,169,0,5.039000787011397,
4,90,903,algorithmic,510,66,5.866937119675456,8.558441558441558
4,91,901,direct,123,69,4.739837398373984,15.584415584415584
4,91,902,coalition,190,0,5.229347376122766,
4,91,903,algorithmic,452,66,5.783904148948396,10.845070422535212
4,92,901,direct,78,69,4.69200954084675,16.43979057591623
4,92,902,coalition,155,0,4.831188949069729,
4,92,903,algorithmic,532,66,5.422332008030548,8.441860465116278
4,93,901,direct,119,69,4.663865546218488,15.34246575342466
4,93,902,coalition,148,0,5.137132446072605,
4,93,903,algorithmic,498,66,5.752104307641526,7.447368421052632
4,94,901,direct,102,69,4.583831393519975,16.363636363636363
4,94,902,coalition,174,0,5.040998217468806,
4,94,903,algorithmic,489,66,5.632361143007119,7.333333333333333
4,95,901,direct,124,69,4.879032258064516,16.0
4,95,902,coalition,171,0,4.940979900732223,
4,95,903,algorithmic,470,66,5.577096370463079,6.558441558441558
4,96,901,direct,128,69,4.823486328125,16.458333333333336
4,96,902,coalition,145,0,4.88839609800363,
4,96,903,algorithmic,492,66,5.54395325203252,9.447368421052632
4,97,901,direct,119,69,4.705882352941177,16.53061224489796
4,97,902,coalition,211,0,4.615070173741734,
4,97,903,algorithmic,435,66,5.620877316443819,8.447368421052632
4,98,901,direct,108,69,4.935185185185185,16.363636363636363
4,98,902,coalition,168,0,4.341925351071692,
4,98,903,algorithmic,489,66,5.334634690462911,8.073170731707318
4,99,901,direct,132,69,4.786616161616162,16.136363636363637
4,99,902,coalition,191,0,4.853522132317944,
4,99,903,algorithmic,442,66,5.680018510900864,8.972222222222221
4,100,901,direct,109,69,4.889908256880734,16.6
4,100,902,coalition,144,0,4.97167174796748,
4,100,903,algorithmic,512,66,5.44892578125,8.073170731707318
5,1,901,coalition,140,42,4.3932710876992935,13.335107956225968
5,1,902,direct,83,40,4.815080676264542,13.695652173913043
5,1,903,algorithmic,542,53,4.130255834330918,9.006659267480577
5,2,901,coalition,124,42,4.232979396177564,12.782425677453302
5,2,902,direct,175,20,3.518075035137109,16.80327868852459
5,2,903,algorithmic,466,73,5.560477082493538,10.283441674242324
5,3,901,coalition,123,20,3.8314703484429407,15.515151515151516
5,3,902,direct,156,42,4.956241225571122,12.902675503190968
5,3,903,algorithmic,486,73,5.323438387585009,10.135707313789506
5,4,901,coalition,200,20,4.613680268041103,12.274509803921568
5,4,902,direct,69,69,3.9415573184593633,12.92571806917426
5,4,903,algorithmic,496,46,5.556706392834188,6.818181818181818
5,5,901,coalition,112,20,4.1735941952023285,12.88888888888889
5,5,902,direct,91,69,4.313784523292984,14.036496350364963
5,5,903,algorithmic,562,46,5.220251185636675,6.176470588235294
5,6,901,coalition,86,20,3.2971507675997205,15.549618320610687
5,6,902,direct,73,69,5.026665272404057,14.723270440251572
5,6,903,algorithmic,606,46,5.760055358841372,9.741935483870968
5,7,901,coalition,179,20,4.222846213574848,15.19047619047619
5,7,902,direct,141,69,4.699763593380615,14.177304964539006
5,7,903,algorithmic,445,46,5.731732750475279,8.818181818181818
5,8,901,coalition,122,20,4.289926878796594,17.04040404040404
5,8,902,direct,89,69,4.491048868340411,15.746411483253588
5,8,903,algorithmic,554,46,5.589667336484741,10.478260869565217
5,9,901,coalition,133,20,4.859482015786179,14.652482269503546
5,9,902,direct,104,69,4.634615384615385,14.668789808917197
5,9,903,algorithmic,528,46,5.5451385894450675,8.0
5,10,901,coalition,161,20,4.405214610989412,15.75
5,10,902,direct,106,69,4.530287984111221,15.046511627906977
5,10,903,algorithmic,498,46,5.444376035353162,8.964285714285714
5,11,901,coalition,88,20,4.253909165547096,16.944444444444443
5,11,902,direct,138,69,4.658615136876007,15.091954022988507
5,11,903,algorithmic,539,46,5.663076934012895,7.964285714285715
5,12,901,coalition,109,20,4.825957606565983,9.242424242424242
5,12,902,direct,96,69,5.104166666666667,15.699029126213592
5,12,903,algorithmic,560,46,5.278565895058273,6.425531914893617
5,13,901,coalition,142,20,4.1627042980207705,13.515625
5,13,902,direct,90,69,4.706089743589743,14.853658536585368
5,13,903,algorithmic,533,46,5.7529915801034175,9.076923076923077
5,14,901,coalition,189,20,4.957063182743549,14.819875776397515
5,14,902,direct,90,69,4.741752933057281,14.69620253164557
5,14,903,algorithmic,486,46,5.456658438802388,7.816326530612245
5,15,901,coalition,157,20,4.621133069542728,12.515625
5,15,902,direct,146,69,4.679716990569688,14.69620253164557
5,15,903,algorithmic,462,46,5.307460603742249,9.346153846153847
5,16,901,coalition,149,20,4.50569030538296,13.920454545454547
5,16,902,direct,100,69,4.500538720538721,15.822429906542054
5,16,903,algorithmic,516,46,5.4053952368720894,8.666666666666666
5,17,901,coalition,145,20,4.33655549274543,11.779661016949152
5,17,902,direct,116,69,4.376095251554551,14.952380952380953
5,17,903,algorithmic,504,46,5.3250937616101055,9.62295081967213
5,18,901,coalition,150,20,4.506490514905149,13.841463414634145
5,18,902,direct,100,69,4.351463414634146,15.304347826086957
5,18,903,algorithmic,515,46,5.77000947193938,9.666666666666666
5,19,901,coalition,161,20,4.6483182106547325,9.885245901639344
5,19,902,direct,77,69,4.505435893962622,14.952380952380953
5,19,903,algorithmic,527,46,5.444629615259846,10.372881355932204
5,20,901,coalition,118,20,4.384216678458274,9.625
5,20,902,direct,116,69,4.2511595079653155,14.310344827586206
5,20,903,algorithmic,531,46,5.724408511375198,7.105263157894736
5,21,901,coalition,126,20,3.7407299715693876,12.613138686131386
5,21,902,direct,118,69,4.372834962266485,16.304347826086957
5,21,903,algorithmic,521,46,5.323234375218908,11.076923076923077
5,22,901,coalition,126,20,4.137497990434001,16.689655172413794
5,22,902,direct,135,69,4.333844189016603,16.344086021505376
5,22,903,algorithmic,504,46,5.362728869820082,11.105263157894736
5,23,901,coalition,160,20,4.875785098522167,12.2
5,23,902,direct,92,69,5.122456628828443,16.65024630541872
5,23,903,algorithmic,513,46,5.283332853205812,7.964285714285715
5,24,901,coalition,132,20,4.579736062149593,10.481481481481481
5,24,902,direct,110,69,4.643785504015951,15.75
5,24,903,algorithmic,523,46,5.391006411466104,8.176470588235293
5,25,901,coalition,155,20,4.367150468361664,17.741721854304636
5,25,902,direct,105,69,4.568338063702302,16.179775280898877
5,25,903,algorithmic,505,46,5.510453173451879,9.105263157894736
5,26,901,coalition,114,20,4.820306717394775,15.288288288288289
5,26,902,direct,115,69,5.086956521739131,16.069364161849713
5,26,903,algorithmic,536,46,5.383898037649536,8.625
5,27,901,coalition,93,20,3.542616697505506,9.869565217391305
5,27,902,direct,88,69,4.954289131920711,16.284153005464482
5,27,903,algorithmic,584,46,5.376879983720126,9.818181818181818
5,28,901,coalition,129,20,4.132574675666331,14.303571428571427
5,28,902,direct,85,69,4.5338720103425985,15.641025641025642
5,28,903,algorithmic,551,46,5.981252866915298,9.176470588235293
5,29,901,coalition,136,20,3.7594646150009474,15.716216216216216
5,29,902,direct,105,69,4.646589446589447,15.555555555555554
5,29,903,algorithmic,524,46,5.785079309214917,9.076923076923077
5,30,901,coalition,98,66,4.913572589207228,8.287220026350461
5,30,902,direct,123,69,4.862797586621659,16.069364161849713
5,30,903,algorithmic,544,0,5.499982042225478,
5,31,901,coalition,115,66,4.735215114955611,11.62809917355372
5,31,902,direct,76,69,4.434665512079138,16.43979057591623
5,31,903,algorithmic,574,0,5.000965571386887,
5,32,901,coalition,116,66,4.355603448275862,10.925233644859812
5,32,902,direct,126,69,5.071428571428571,15.277777777777779
5,32,903,algorithmic,523,0,4.888816914160457,
5,33,901,coalition,136,66,4.94769557307459,10.444444444444445
5,33,902,direct,91,69,4.487402100661769,16.49484536082474
5,33,903,algorithmic,538,0,4.312104055623676,
5,34,901,coalition,116,66,4.343339418716437,8.157894736842106
5,34,902,direct,92,69,4.53172068718194,15.72327044025157
5,34,903,algorithmic,557,0,4.951288886367469,
5,35,901,coalition,114,66,4.253837719298246,8.777777777777779
5,35,902,direct,109,69,4.268842820213899,15.75
5,35,903,algorithmic,542,0,4.9351514665008525,
5,36,901,coalition,104,66,4.376140808344198,9.298969072164947
5,36,902,direct,95,69,4.709971294070574,16.15819209039548
5,36,903,algorithmic,566,0,4.907138694841414,
5,37,901,coalition,110,66,4.722141662018962,6.333333333333333
5,37,902,direct,100,69,4.372402439467092,15.828220858895705
5,37,903,algorithmic,555,0,5.209146562615181,
5,38,901,coalition,117,66,4.452808302808303,9.261904761904763
5,38,902,direct,140,69,3.8420408163265303,15.952380952380953
5,38,903,algorithmic,508,0,5.411290776152981,
5,39,901,coalition,156,66,4.200065159199775,9.613636363636363
5,39,902,direct,112,69,4.059053669544741,16.730769230769234
5,39,903,algorithmic,497,0,5.169765847834259,
5,40,901,coalition,65,66,4.064102564102565,8.777777777777779
5,40,902,direct,81,69,4.055509003221421,16.22222222222222
5,40,903,algorithmic,619,0,4.83917401930326,
5,41,901,coalition,185,66,4.998585162343551,8.875
5,41,902,direct,89,69,4.3677614520311145,15.436241610738254
5,41,903,algorithmic,491,0,5.160558351830102,
5,42,901,coalition,94,66,4.749695080634233,12.666666666666666
5,42,902,direct,138,69,4.434239822763777,15.668789808917197
5,42,903,algorithmic,533,0,4.35357799261481,
5,43,901,coalition,171,66,4.158008289331743,9.36734693877551
5,43,902,direct,78,69,4.29414610546686,16.699029126213592
5,43,903,algorithmic,516,0,4.975487851666907,
5,44,901,coalition,125,66,4.368742976549803,9.80952380952381
5,44,902,direct,118,69,4.7526572823901185,15.34246575342466
5,44,903,algorithmic,522,0,4.464902160902257,
5,45,901,coalition,117,66,5.039426523297491,13.578947368421053
5,45,902,direct,112,69,4.89121998544749,16.344086021505376
5,45,903,algorithmic,536,0,5.508910245039657,
5,46,901,coalition,152,66,4.5910087719298245,9.925233644859812
5,46,902,direct,130,69,4.457936025153854,16.22222222222222
5,46,903,algorithmic,483,0,4.437387593218556,
5,47,901,coalition,130,66,4.2555756071885105,6.9753086419753085
5,47,902,direct,62,69,4.526906496209306,16.565656565656568
5,47,903,algorithmic,573,0,5.076903563533074,
5,48,901,coalition,90,66,4.347008547008547,9.80952380952381
5,48,902,direct,101,69,4.364160591883365,14.76923076923077
5,48,903,algorithmic,574,0,4.985832982348662,
5,49,901,coalition,118,66,4.223085658085869,8.261904761904763
5,49,902,direct,82,69,3.265033157244015,15.976331360946746
5,49,903,algorithmic,565,0,5.0707398488772695,
5,50,901,coalition,84,0,4.269047619047619,
5,50,902,direct,141,69,4.472968259504709,15.466666666666667
5,50,903,algorithmic,540,66,5.448980235434848,6.298507462686567
5,51,901,coalition,149,0,4.511608490414566,
5,51,902,direct,61,69,4.397220697048135,16.74641148325359
5,51,903,algorithmic,555,66,5.792560024138972,6.972222222222222
5,52,901,coalition,160,0,5.096466905187835,
5,52,902,direct,82,69,4.9643527204502815,14.728682170542637
5,52,903,algorithmic,523,66,5.979367690871093,7.666666666666666
5,53,901,coalition,189,0,5.42155388471178,
5,53,902,direct,125,69,4.92,15.466666666666667
5,53,903,algorithmic,451,66,5.717516629711752,8.447368421052632
5,54,901,coalition,151,0,5.134594686811464,
5,54,902,direct,103,69,4.893203883495145,16.476683937823836
5,54,903,algorithmic,511,66,5.442290337953621,9.845070422535212
5,55,901,coalition,192,0,5.25309256856931,
5,55,902,direct,110,69,4.890909090909091,16.023391812865498
5,55,903,algorithmic,463,66,5.665264673562958,6.845070422535211
5,56,901,coalition,160,0,5.502509812221025,
5,56,902,direct,84,69,5.190476190476191,16.179775280898877
5,56,903,algorithmic,521,66,5.886497444413294,8.095890410958905
5,57,901,coalition,168,0,5.053271766372453,
5,57,902,direct,71,69,4.661971830985915,15.526315789473683
5,57,903,algorithmic,526,66,5.8716229737842704,6.579710144927536
5,58,901,coalition,162,66,5.246328862835658,5.972222222222222
5,58,902,direct,139,69,4.762589928057554,15.107913669064748
5,58,903,algorithmic,464,0,5.725176755147606,
5,59,901,coalition,108,66,4.450100614564638,9.564356435643564
5,59,902,direct,102,69,4.165252972563387,16.714975845410628
5,59,903,algorithmic,555,0,4.58848443244134,
5,60,901,coalition,108,0,4.098354049391112,
5,60,902,direct,95,69,4.431518101612412,16.0
5,60,903,algorithmic,562,66,5.187485555183134,6.352941176470589
5,61,901,coalition,196,0,4.016397335325076,
5,61,902,direct,131,69,4.778625954198473,15.828220858895705
5,61,903,algorithmic,438,66,6.017676555452839,9.528735632183908
5,62,901,coalition,193,0,5.08285511016784,
5,62,902,direct,113,69,4.790501178458665,16.582914572864322
5,62,903,algorithmic,459,66,5.4688256095291266,7.216216216216216
5,63,901,coalition,194,0,5.4670542477969715,
5,63,902,direct,116,69,4.154648504477043,16.243093922651934
5,63,903,algorithmic,455,66,5.392386618905956,8.714285714285714
5,64,901,coalition,143,0,4.829670329670329,
5,64,902,direct,103,69,4.672330097087379,16.304347826086957
5,64,903,algorithmic,519,66,5.557321772639692,6.558441558441558
5,65,901,coalition,180,66,5.40680751173709,7.845070422535211
5,65,902,direct,84,69,4.820593149540518,16.023391812865498
5,65,903,algorithmic,501,0,5.7593934937143265,
5,66,901,coalition,55,66,4.447368421052632,11.422535211267606
5,66,902,direct,106,69,4.64459262312419,15.526315789473683
5,66,903,algorithmic,604,0,4.909595062282273,
5,67,901,coalition,212,66,4.569941444372153,8.772151898734178
5,67,902,direct,94,69,3.3552615693230683,16.091954022988507
5,67,903,algorithmic,459,0,5.193836543298633,
5,68,901,coalition,142,66,4.492004843609053,9.881889763779528
5,68,902,direct,80,69,4.456182310469314,15.802469135802466
5,68,903,algorithmic,543,0,4.452421566424474,
5,69,901,coalition,114,66,4.428067083101408,10.841269841269842
5,69,902,direct,154,69,3.8957946815089675,15.405405405405405
5,69,903,algorithmic,497,0,4.628753157971949,
5,70,901,coalition,103,66,4.921805300446077,9.261904761904763
5,70,902,direct,92,69,3.915030014920712,16.936936936936938
5,70,903,algorithmic,570,0,5.064311579189557,
5,71,901,coalition,155,66,4.259274193548387,8.777777777777779
5,71,902,direct,120,69,4.8654761904761905,15.75
5,71,903,algorithmic,490,0,4.976415208940719,
5,72,901,coalition,86,66,4.6622958931222165,8.975308641975309
5,72,902,direct,92,69,4.144657724329325,16.382978723404257
5,72,903,algorithmic,587,0,5.243506201478581,
5,73,901,coalition,124,66,4.748521282845546,8.857142857142858
5,73,902,direct,93,69,4.259512971540316,15.75
5,73,903,algorithmic,548,0,4.999043011630174,
5,74,901,coalition,90,0,4.996296296296297,
5,74,902,direct,129,69,4.577580903162299,15.776397515527952
5,74,903,algorithmic,546,66,5.273911273911274,6.714285714285714
5,75,901,coalition,165,0,4.7179966470591665,
5,75,902,direct,95,69,4.7894736842105265,16.548223350253807
5,75,903,algorithmic,505,66,5.862853696537167,9.772151898734178
5,76,901,coalition,166,0,4.859793676446793,
5,76,902,direct,111,69,4.362551740930119,15.828220858895705
5,76,903,algorithmic,488,66,5.6180604445338425,7.216216216216216
5,77,901,coalition,192,0,5.3914868954149675,
5,77,902,direct,76,69,4.7631578947368425,16.201117318435756
5,77,903,algorithmic,497,66,5.512448995649877,7.216216216216216
5,78,901,coalition,218,0,5.061353211009174,
5,78,902,direct,132,69,4.568181818181818,15.277777777777779
5,78,903,algorithmic,415,66,5.731224899598394,9.333333333333334
5,79,901,coalition,190,0,5.572932330827068,
5,79,902,direct,92,69,4.758152173913044,16.6
5,79,903,algorithmic,483,66,5.341304347826087,5.714285714285714
5,80,901,coalition,156,0,5.134110467158412,
5,80,902,direct,151,69,4.540976821192053,15.75
5,80,903,algorithmic,458,66,5.70592248908297,8.095890410958905
5,81,901,coalition,197,0,5.012059562716679,
5,81,902,direct,104,69,4.501844046364594,16.894977168949772
5,81,903,algorithmic,464,66,5.445736891828059,7.558441558441558
5,82,901,coalition,154,0,5.161733615221987,
5,82,902,direct,49,69,4.653061224489796,16.046511627906977
5,82,903,algorithmic,562,66,5.4748820657121575,5.333333333333333
5,83,901,coalition,129,66,5.27890639677833,5.095890410958904
5,83,902,direct,70,69,4.828571428571428,14.188034188034187
5,83,903,algorithmic,566,0,5.877593548971641,
5,84,901,coalition,106,66,4.630130324839525,11.112781954887218
5,84,902,direct,83,69,4.097524895333602,15.072463768115941
5,84,903,algorithmic,576,0,4.9377469392984175,
5,85,901,coalition,112,66,4.174964522232734,8.772151898734178
5,85,902,direct,107,69,4.165109034267913,15.496688741721854
5,85,903,algorithmic,546,0,5.392703368223,
5,86,901,coalition,98,66,4.71399416909621,8.441860465116278
5,86,902,direct,86,69,4.387859676783603,16.114285714285714
5,86,903,algorithmic,581,0,5.077972633981907,
5,87,901,coalition,94,0,4.842083448466427,
5,87,902,direct,89,69,4.9287240642448475,15.584415584415584
5,87,903,algorithmic,582,66,5.275898717338578,5.845070422535211
5,88,901,coalition,183,0,4.48372322062761,
5,88,902,direct,77,69,4.6103896103896105,15.668789808917197
5,88,903,algorithmic,505,66,6.075171848395031,7.975308641975308
5,89,901,coalition,188,0,5.018001257729797,
5,89,902,direct,103,69,5.067961165048544,15.310344827586205
5,89,903,algorithmic,474,66,5.74123381347301,7.558441558441558
5,90,901,coalition,181,0,5.136819170328748,
5,90,902,direct,82,69,4.456200618344211,16.023391812865498
5,90,903,algorithmic,502,66,5.610435451177745,7.845070422535211
5,91,901,coalition,162,0,4.980429812528578,
5,91,902,direct,92,69,5.195652173913044,15.466666666666667
5,91,903,algorithmic,511,66,5.746771037181996,7.975308641975308
5,92,901,coalition,173,0,5.066692786778474,
5,92,902,direct,65,69,4.753846153846154,15.75
5,92,903,algorithmic,527,66,5.637452561669829,5.845070422535211
5,93,901,coalition,155,0,3.8773223381033226,
5,93,902,direct,136,69,5.220588235294118,14.887218045112782
5,93,903,algorithmic,474,66,5.626153992576377,9.666666666666666
5,94,901,coalition,199,0,5.3457183616291175,
5,94,902,direct,59,69,4.546360917248255,16.666666666666664
5,94,903,algorithmic,507,66,5.64833507367444,7.579710144927536
5,95,901,coalition,187,66,5.082850634481867,5.845070422535211
5,95,902,direct,144,69,4.777777777777778,14.645669291338582
5,95,903,algorithmic,434,0,5.5925831851663705,
5,96,901,coalition,97,66,4.344828225007179,12.0
5,96,902,direct,102,69,4.91781177879957,16.79245283018868
5,96,903,algorithmic,566,0,4.488925452173002,
5,97,901,coalition,124,66,4.2201138519924095,9.613636363636363
5,97,902,direct,85,69,3.981263616557734,16.0
5,97,903,algorithmic,556,0,5.133663657309446,
5,98,901,coalition,137,66,4.60553953941674,9.696629213483146
5,98,902,direct,93,69,4.695307900454693,15.555555555555554
5,98,903,algorithmic,535,0,5.1361873602393455,
5,99,901,coalition,87,66,4.422003284072249,10.247787610619469
5,99,902,direct,61,69,3.450705479658658,15.776397515527952
5,99,903,algorithmic,617,0,4.95798247965365,
5,100,901,coalition,123,66,4.5655133295519,8.216216216216216
5,100,902,direct,147,69,4.627640529896169,14.728682170542637
5,100,903,algorithmic,495,0,5.078677074760306,
6,1,901,coalition,170,37,4.2824645942293005,13.783487550599045
6,1,902,algorithmic,491,48,4.124186413423679,11.777056277056277
6,1,903,direct,104,50,3.7818242554160966,13.041204013377927
6,2,901,coalition,105,37,3.8928580356335925,13.333508265547101
6,2,902,algorithmic,556,48,5.421046258367378,9.860047846889954
6,2,903,direct,104,50,3.8477082447445246,10.517385620915034
6,3,901,coalition,95,37,3.7872656291846343,12.556833429173855
6,3,902,algorithmic,479,48,5.236071088986137,11.322944297082229
6,3,903,direct,191,50,4.528918940549316,11.477385620915033
6,4,901,coalition,111,37,3.9315491962550784,11.822305402458074
6,4,902,algorithmic,509,48,4.600919187093244,11.570679434564525
6,4,903,direct,145,50,3.4721464994722337,11.358333333333333
6,5,901,coalition,169,37,4.5630919488402215,12.388858246001103
6,5,902,algorithmic,494,48,5.430393986552423,10.284749034749035
6,5,903,direct,102,50,4.767707082833133,11.83422680412371
6,6,901,coalition,143,37,4.5900957173746075,13.24390243902439
6,6,902,algorithmic,509,48,5.447121574222547,12.314754098360657
6,6,903,direct,113,50,3.4699267195776557,11.434966887417218
6,7,901,coalition,131,37,3.7782244635205857,12.853725233613503
6,7,902,algorithmic,530,24,5.329028937584505,9.947368421052632
6,7,903,direct,104,74,3.647696064757223,9.648181514848181
6,8,901,coalition,129,37,3.9260146870819352,11.914688905178513
6,8,902,algorithmic,549,24,5.21815124099438,12.973684210526315
6,8,903,direct,87,74,3.9859411457146914,11.416246755229807
6,9,901,coalition,131,37,4.535917009199451,12.78523722185694
6,9,902,algorithmic,567,24,5.334340780937025,9.102564102564102
6,9,903,direct,67,74,4.996381727725011,10.869932432432432
6,10,901,coalition,108,37,3.2576092055520296,12.98529318373175
6,10,902,algorithmic,529,57,5.316715176115745,7.945549357264128
6,10,903,direct,128,41,4.322632622413401,14.785714285714285
6,11,901,coalition,100,17,4.2117612942612945,15.5
6,11,902,algorithmic,526,57,5.609781198256566,8.384615384615385
6,11,903,direct,139,61,4.080997313950082,14.422496011947189
6,12,901,coalition,160,17,3.934516637723852,13.611940298507463
6,12,902,algorithmic,531,57,5.32918104026047,7.884057971014492
6,12,903,direct,74,61,4.14861039629439,16.984924623115578
6,13,901,coalition,125,17,4.042853282992154,14.241758241758241
6,13,902,algorithmic,500,57,5.468425074925075,6.884057971014492
6,13,903,direct,140,61,4.814011880976167,15.522388059701493
6,14,901,coalition,97,17,3.7957008115814874,18.865248226950357
6,14,902,algorithmic,594,57,5.830738233397808,11.0
6,14,903,direct,74,61,4.472067280046003,17.0
6,15,901,coalition,149,17,4.494877029547917,13.714285714285715
6,15,902,algorithmic,487,57,5.667748850531581,8.384615384615385
6,15,903,direct,129,61,4.902695823209533,15.522388059701493
6,16,901,coalition,122,17,3.824799123159779,16.03030303030303
6,16,902,algorithmic,567,57,5.602353424222913,9.533333333333333
6,16,903,direct,76,61,4.512759170653908,16.82539682539683
6,17,901,coalition,121,17,4.226696751284057,15.840579710144926
6,17,902,algorithmic,526,57,5.852687123783221,9.884057971014492
6,17,903,direct,118,61,5.059322033898305,15.588235294117647
6,18,901,coalition,119,17,4.119611266141821,12.666666666666666
6,18,902,algorithmic,568,57,5.478364933855298,9.631578947368421
6,18,903,direct,78,61,4.43463672935501,16.629213483146067
6,19,901,coalition,124,17,4.015856319152252,11.444444444444445
6,19,902,algorithmic,510,57,5.521022386410281,10.0
6,19,903,direct,131,61,4.714816044056004,15.652173913043477
6,20,901,coalition,158,17,4.473225528530718,11.73469387755102
6,20,902,algorithmic,553,57,5.797590467598758,8.0
6,20,903,direct,54,61,4.366594048905193,16.858638743455494
6,21,901,coalition,129,17,4.757105943152454,15.080459770114942
6,21,902,algorithmic,523,57,5.746304014139654,8.0
6,21,903,direct,113,61,4.957990031532906,14.736842105263158
6,22,901,coalition,163,17,4.121666982235528,10.363636363636363
6,22,902,algorithmic,554,57,5.27076165520329,7.4324324324324325
6,22,903,direct,48,61,4.801724137931035,16.53179190751445
6,23,901,coalition,144,17,4.2494659521895315,11.538461538461538
6,23,902,algorithmic,497,57,5.654308957086516,8.64179104477612
6,23,903,direct,124,61,4.659436677184934,14.444444444444445
6,24,901,coalition,140,17,4.157932194616977,16.0
6,24,902,algorithmic,492,57,5.587989351360904,9.222222222222221
6,24,903,direct,133,61,4.415658711997384,16.73913043478261
6,25,901,coalition,128,17,4.302137824664541,13.611940298507463
6,25,902,algorithmic,551,57,5.277567264695792,7.111111111111111
6,25,903,direct,86,61,4.852332597673252,16.89119170984456
6,26,901,coalition,169,17,4.8644807792836104,15.888888888888891
6,26,902,algorithmic,474,57,5.5490181203398645,10.112676056338028
6,26,903,direct,122,61,4.026867030965391,15.89041095890411
6,27,901,coalition,85,17,4.723967698540753,12.142857142857142
6,27,902,algorithmic,582,57,5.487509147302961,7.967741935483871
6,27,903,direct,98,61,4.6908257214379665,16.7032967032967
6,28,901,coalition,131,17,3.28455507441456,11.897435897435898
6,28,902,algorithmic,559,57,5.47489880421451,9.488372093023255
6,28,903,direct,75,61,4.5660049081831255,16.20253164556962
6,29,901,coalition,129,17,4.3801628317132195,16.91156462585034
6,29,902,algorithmic,576,57,5.63898993239271,8.25
6,29,903,direct,60,61,5.116666666666666,15.555555555555555
6,30,901,coalition,142,17,4.113238004508038,12.333333333333332
6,30,902,algorithmic,512,57,5.567725170617816,9.384615384615385
6,30,903,direct,111,61,5.09009009009009,15.0
6,31,901,coalition,137,17,4.039244450712231,14.987341772151899
6,31,902,algorithmic,555,57,5.684616928720859,8.631578947368421
6,31,903,direct,73,61,4.668111669845674,16.49122807017544
6,32,901,coalition,110,17,4.528420117893802,14.160919540229886
6,32,902,algorithmic,543,57,5.377406599413799,8.384615384615385
6,32,903,direct,112,61,4.385160098522167,15.488721804511279
6,33,901,coalition,183,17,4.249406451274541,11.037037037037038
6,33,902,algorithmic,475,57,5.272305440604094,10.222222222222221
6,33,903,direct,107,61,4.51743064827177,16.511627906976745
6,34,901,coalition,90,17,3.918390508583991,17.195979899497488
6,34,902,algorithmic,577,57,5.572753398474642,8.432432432432432
6,34,903,direct,98,61,4.775430986043501,16.407185628742518
6,35,901,coalition,97,17,3.8411013441790356,13.097560975609756
6,35,902,algorithmic,513,57,5.501711510899128,8.764705882352942
6,35,903,direct,155,61,4.781862446743761,16.20253164556962
6,36,901,coalition,120,17,4.351402725884014,14.666666666666666
6,36,902,algorithmic,543,57,5.396409045077319,9.112676056338028
6,36,903,direct,102,61,4.39481019992548,17.209302325581394
6,37,901,coalition,188,17,5.0573437594714195,16.823529411764707
6,37,902,algorithmic,465,57,5.581660692951015,8.384615384615385
6,37,903,direct,112,61,4.712053571428571,16.296296296296298
6,38,901,coalition,163,17,4.176916428360224,14.333333333333334
6,38,902,algorithmic,520,57,4.894991055456172,8.884057971014492
6,38,903,direct,82,61,4.725609756097561,16.511627906976745
6,39,901,coalition,180,17,4.392483891555416,13.350515463917526
6,39,902,algorithmic,478,57,5.412034073727725,8.112676056338028
6,39,903,direct,107,61,4.494286897957754,15.774647887323944
6,40,901,coalition,118,17,5.1506815092992735,11.862745098039216
6,40,902,algorithmic,544,57,5.6488630631893475,7.967741935483871
6,40,903,direct,103,61,4.289383388958164,16.407185628742518
6,41,901,coalition,206,17,4.097577264123768,14.805970149253731
6,41,902,algorithmic,492,57,5.618900112634493,8.432432432432432
6,41,903,direct,67,61,4.4434233921501365,16.319018404907975
6,42,901,coalition,169,74,5.40529246526639,10.212578359394668
6,42,902,algorithmic,426,0,5.705626942235571,
6,42,903,direct,170,61,4.602315886984715,15.275590551181102
6,43,901,coalition,109,74,4.810533811114004,10.652173913043478
6,43,902,algorithmic,601,0,4.675540167513361,
6,43,903,direct,55,61,4.42135693986215,17.391304347826086
6,44,901,coalition,147,74,4.294883170659568,10.596491228070175
6,44,902,algorithmic,507,0,5.000665811289617,
6,44,903,direct,111,61,4.332897385528964,14.782608695652174
6,45,901,coalition,115,74,4.548935580056861,9.065217391304348
6,45,902,algorithmic,573,0,4.921684123716065,
6,45,903,direct,77,61,4.6806617093698435,16.49122807017544
6,46,901,coalition,141,74,4.569394833566289,7.23404255319149
6,46,902,algorithmic,514,0,4.812364222638917,
6,46,903,direct,110,61,4.509038670601025,15.62043795620438
6,47,901,coalition,72,74,4.245098039215686,11.065040650406504
6,47,902,algorithmic,547,0,5.0613368698046735,
6,47,903,direct,146,61,3.9356841487262346,16.470588235294116
6,48,901,coalition,159,74,5.036331440434756,9.150537634408602
6,48,902,algorithmic,552,0,5.259844872688408,
6,48,903,direct,54,61,3.869254423489442,17.0873786407767
6,49,901,coalition,105,74,4.885705643418892,9.785714285714285
6,49,902,algorithmic,571,0,4.785057486399736,
6,49,903,direct,89,61,4.395444733492002,14.736842105263158
6,50,901,coalition,103,74,3.7320648986772658,6.759493670886076
6,50,902,algorithmic,572,0,5.33758874778296,
6,50,903,direct,90,61,4.237317447150793,15.973154362416107
6,51,901,coalition,127,74,4.64514435695538,8.474226804123711
6,51,902,algorithmic,480,0,4.8613883031344365,
6,51,903,direct,158,61,4.438913966758806,16.0
6,52,901,coalition,114,74,4.777353935296958,8.482142857142858
6,52,902,algorithmic,589,0,4.652656055646663,
6,52,903,direct,62,61,4.041589861751152,17.247706422018346
6,53,901,coalition,113,74,4.522502484501444,7.065217391304348
6,53,902,algorithmic,518,0,5.146269297164438,
6,53,903,direct,134,61,4.436028414079336,15.081967213114755
6,54,901,coalition,81,0,4.641593483517882,
6,54,902,algorithmic,617,74,5.236907835171815,7.411764705882353
6,54,903,direct,67,61,4.600299136178106,16.90721649484536
6,55,901,coalition,196,0,4.55810998249279,
6,55,902,algorithmic,483,74,5.867951288697609,7.315789473684211
6,55,903,direct,86,61,4.781517747858017,15.275590551181102
6,56,901,coalition,187,0,5.1357883714616905,
6,56,902,algorithmic,472,74,5.512334571627583,8.411764705882353
6,56,903,direct,106,61,4.481132075471698,15.89041095890411
6,57,901,coalition,160,0,5.29259652245345,
6,57,902,algorithmic,489,74,5.675930716731958,9.704545454545455
6,57,903,direct,116,61,4.75,16.385542168674696
6,58,901,coalition,190,74,5.148564593301436,6.135135135135135
6,58,902,algorithmic,466,0,5.7531944986344135,
6,58,903,direct,109,61,4.76824437030859,16.59090909090909
6,59,901,coalition,112,74,4.764755937247894,8.423423423423424
6,59,902,algorithmic,556,0,4.8529220046466035,
6,59,903,direct,97,61,4.51213202148093,16.449704142011832
6,60,901,coalition,158,74,5.034548093203258,7.875
6,60,902,algorithmic,491,0,4.883732017071621,
6,60,903,direct,116,61,3.7844827586206895,16.178343949044585
6,61,901,coalition,72,74,4.766729797979798,10.11320754716981
6,61,902,algorithmic,601,0,4.962192018992006,
6,61,903,direct,92,61,4.452851496329758,16.59090909090909
6,62,901,coalition,160,74,4.593009868421053,9.772277227722773
6,62,902,algorithmic,484,0,4.859960358764799,
6,62,903,direct,121,61,4.4957590256633315,16.05263157894737
6,63,901,coalition,130,74,4.395973362468514,9.865546218487395
6,63,902,algorithmic,540,0,4.695487937216266,
6,63,903,direct,95,61,4.590099110828564,16.685082872928177
6,64,901,coalition,121,74,4.70301121671331,7.8431372549019605
6,64,902,algorithmic,531,0,4.8870257763766345,
6,64,903,direct,113,61,4.491013194827775,16.129032258064516
6,65,901,coalition,119,74,4.561087244026983,8.150537634408602
6,65,902,algorithmic,564,0,5.253330796355851,
6,65,903,direct,82,61,4.481892994545225,16.53179190751445
6,66,901,coalition,123,0,4.518264055879995,
6,66,902,algorithmic,545,74,5.265427042376584,6.309523809523809
6,66,903,direct,97,61,4.579252577319588,15.774647887323944
6,67,901,coalition,197,0,4.8645351719529675,
6,67,902,algorithmic,463,74,5.789451238805354,9.395833333333334
6,67,903,direct,105,61,4.580952380952381,16.178343949044585
6,68,901,coalition,158,0,5.281107078575433,
6,68,902,algorithmic,535,74,5.419541206457095,6.6410256410256405
6,68,903,direct,72,61,4.7571225071225065,16.363636363636363
6,69,901,coalition,201,0,4.6140648027641635,
6,69,902,algorithmic,447,74,5.699376313470273,7.551020408163266
6,69,903,direct,117,61,4.824350252921682,15.454545454545453
6,70,901,coalition,177,0,5.113892762024431,
6,70,902,algorithmic,476,74,5.7172648720505155,10.097560975609756
6,70,903,direct,112,61,4.767705811138015,16.610169491525426
6,71,901,coalition,186,0,4.523699745161009,
6,71,902,algorithmic,524,74,5.575093200781112,7.797752808988763
6,71,903,direct,55,61,4.927272727272728,16.511627906976745
6,72,901,coalition,184,0,5.254997501249376,
6,72,902,algorithmic,497,74,5.775172775785146,7.609195402298852
6,72,903,direct,84,61,5.404761904761905,14.782608695652174
6,73,901,coalition,152,74,5.587171052631579,7.875
6,73,902,algorithmic,492,0,5.725948509485095,
6,73,903,direct,121,61,4.87603305785124,15.833333333333334
6,74,901,coalition,72,74,4.845818839096924,9.843137254901961
6,74,902,algorithmic,590,0,4.9732819099484855,
6,74,903,direct,103,61,4.9237783618516335,16.685082872928177
6,75,901,coalition,173,74,4.110702140330239,6.759493670886076
6,75,902,algorithmic,474,0,5.312170170980914,
6,75,903,direct,118,61,4.104996848525955,16.319018404907975
6,76,901,coalition,73,74,4.24118824072649,8.065217391304348
6,76,902,algorithmic,573,0,5.020259573070208,
6,76,903,direct,119,61,4.834658664781341,16.629213483146067
6,77,901,coalition,119,74,4.9990141307919815,10.11320754716981
6,77,902,algorithmic,521,0,5.255509266027682,
6,77,903,direct,125,61,3.4747934404830834,16.64804469273743
6,78,901,coalition,198,74,4.2990717990717995,8.423423423423424
6,78,902,algorithmic,503,0,4.711104991671592,
6,78,903,direct,64,61,3.9127340230855854,16.756756756756758
6,79,901,coalition,97,74,4.729365183575347,10.602409638554217
6,79,902,algorithmic,566,0,4.859943127106545,
6,79,903,direct,102,61,4.513636050605722,15.161290322580644
6,80,901,coalition,78,74,4.248021525799303,11.511278195488721
6,80,902,algorithmic,590,0,5.3524793576200755,
6,80,903,direct,97,61,4.2445774837335914,16.296296296296298
6,81,901,coalition,146,74,5.0624291074077306,9.626262626262626
6,81,902,algorithmic,546,0,5.163758429734724,
6,81,903,direct,73,61,3.9509095255077455,16.178343949044585
6,82,901,coalition,112,0,4.164996027250122,
6,82,902,algorithmic,573,74,5.043815742845466,7.551020408163266
6,82,903,direct,80,61,4.824600456621004,15.488721804511279
6,83,901,coalition,207,0,4.5897318877683535,
6,83,902,algorithmic,471,74,5.724446466484683,7.150537634408602
6,83,903,direct,87,61,4.931034482758621,15.714285714285714
6,84,901,coalition,163,0,4.780687476798921,
6,84,902,algorithmic,503,74,5.55659241827944,8.394736842105264
6,84,903,direct,99,61,4.379303236446093,15.918367346938776
6,85,901,coalition,201,0,4.815144619561054,
6,85,902,algorithmic,485,74,5.792297218439992,7.609195402298852
6,85,903,direct,79,61,4.89873417721519,16.22641509433962
6,86,901,coalition,168,0,5.2152828757402245,
6,86,902,algorithmic,492,74,5.822878282739662,7.30952380952381
6,86,903,direct,105,61,4.765532879818594,15.683453237410072
6,87,901,coalition,186,0,5.135630498533724,
6,87,902,algorithmic,459,74,5.680068660460817,8.704545454545455
6,87,903,direct,120,61,4.560858585858585,16.363636363636363
6,88,901,coalition,135,0,5.380429812528577,
6,88,902,algorithmic,573,74,5.5792127205739765,5.987654320987654
6,88,903,direct,57,61,4.578947368421052,16.666666666666664
6,89,901,coalition,201,0,4.539484009633263,
6,89,902,algorithmic,446,74,5.661990724770994,6.704545454545454
6,89,903,direct,118,61,4.6525423728813555,14.871794871794872
6,90,901,coalition,214,0,5.16029928809009,
6,90,902,algorithmic,478,74,5.561280616802219,8.204819277108435
6,90,903,direct,73,61,4.820070801908574,16.629213483146067
6,91,901,coalition,180,0,5.029925303454715,
6,91,902,algorithmic,472,74,5.76465528227348,7.411764705882353
6,91,903,direct,113,61,5.083305609155633,15.488721804511279
6,92,901,coalition,163,0,5.511386564899101,
6,92,902,algorithmic,505,74,5.599542150746866,8.64102564102564
6,92,903,direct,97,61,4.65979381443299,16.53179190751445
6,93,901,coalition,180,0,4.728121297422808,
6,93,902,algorithmic,458,74,5.845033794120101,10.797752808988765
6,93,903,direct,127,61,4.811023622047244,16.178343949044585
6,94,901,coalition,177,0,5.109519925073265,
6,94,902,algorithmic,485,74,5.414256574232318,9.411764705882353
6,94,903,direct,103,61,4.66943564716266,16.791443850267378
6,95,901,coalition,150,0,4.8685285811666175,
6,95,902,algorithmic,523,74,5.728184494832784,9.30952380952381
6,95,903,direct,92,61,4.353427580688184,16.319018404907975
6,96,901,coalition,187,0,4.6294644282021,
6,96,902,algorithmic,484,74,5.88633645063071,9.474226804123711
6,96,903,direct,94,61,4.787234042553192,16.05263157894737
6,97,901,coalition,184,0,5.162573805689748,
6,97,902,algorithmic,494,74,5.572190966927809,6.987654320987653
6,97,903,direct,87,61,4.919540229885057,16.103896103896105
6,98,901,coalition,187,0,4.703226745243552,
6,98,902,algorithmic,477,74,5.584007187780772,7.30952380952381
6,98,903,direct,101,61,4.2772277227722775,15.918367346938776
6,99,901,coalition,105,0,5.206935817805383,
6,99,902,algorithmic,584,74,5.700087211775717,7.875
6,99,903,direct,76,61,5.026315789473684,16.273291925465838
6,100,901,coalition,186,0,4.483688387227189,
6,100,902,algorithmic,455,74,6.024305106658048,9.474226804123711
6,100,903,direct,124,61,4.814516129032258,15.588235294117647
7,1,901,coalition,147,42,3.980782524097333,14.241228806446198
7,1,902,algorithmic,520,47,4.21631929717214,9.971338639871675
7,1,903,direct,98,46,3.597425709390404,13.668896321070235
7,2,901,coalition,120,42,3.430486567086937,11.586227011758925
7,2,902,algorithmic,544,47,4.657982844231279,11.336170212765959
7,2,903,direct,101,46,3.584460666233136,10.983581635755549
7,3,901,coalition,145,42,3.773315028471012,12.482253771073648
7,3,902,algorithmic,527,47,5.321170035649492,11.081287506819422
7,3,903,direct,93,46,3.7008786756332337,11.222156045265038
7,4,901,coalition,101,42,4.211570926677921,11.441149624880339
7,4,902,algorithmic,512,47,5.018718458850932,11.772374197906114
7,4,903,direct,152,46,3.762396582854987,11.043478260869565
7,5,901,coalition,126,42,3.9562196244983325,12.330256046080402
7,5,902,algorithmic,499,47,5.416303519906282,12.13373860182371
7,5,903,direct,140,46,3.8169757223492295,12.367909953652614
7,6,901,coalition,137,42,3.503003996889649,12.24399939616565
7,6,902,algorithmic,519,47,4.882165918032981,10.88615277293338
7,6,903,direct,109,46,3.733666209304795,11.871915393654524
7,7,901,coalition,163,42,4.261226786349198,13.278093502812602
7,7,902,algorithmic,480,47,5.224050469511189,11.655021753896428
7,7,903,direct,122,46,4.187646385691556,11.556182947487297
7,8,901,coalition,131,42,4.141479600077884,11.566051708039538
7,8,902,algorithmic,480,47,5.054487930832048,11.41670991177997
7,8,903,direct,154,46,3.7603935210314985,11.609737047643844
7,9,901,coalition,143,42,4.511852410765582,13.107696566998893
7,9,902,algorithmic,531,47,5.10971139145119,11.435184424546126
7,9,903,direct,91,46,3.64156297592582,12.043041293423641
7,10,901,coalition,185,42,3.8743032732802556,12.379339087413623
7,10,902,algorithmic,457,47,4.871286067293611,11.617021276595745
7,10,903,direct,123,46,4.2681320093833355,11.169437340153452
7,11,901,coalition,121,42,4.334792332575037,12.55023368961422
7,11,902,algorithmic,532,47,4.8726683606499295,9.94862480539699
7,11,903,direct,112,46,3.705334396429529,11.451863354037267
7,12,901,coalition,137,42,4.174166917285465,11.99804613203306
7,12,902,algorithmic,480,47,5.1109501408489795,12.846797845678024
7,12,903,direct,148,46,4.06957238383359,11.612018831348655
7,13,901,coalition,105,42,3.3668147787063325,13.171173395892497
7,13,902,algorithmic,528,47,5.221129198759169,10.916630481980025
7,13,903,direct,132,46,4.185929262840665,12.146654651948635
7,14,901,coalition,123,42,4.260247887929934,11.347229634900867
7,14,902,algorithmic,528,47,5.072345970838713,12.08927763047274
7,14,903,direct,114,46,4.499291232769163,11.588061901252763
7,15,901,coalition,171,42,3.9695877555865766,11.684088269454124
7,15,902,algorithmic,466,47,5.4207035310985665,13.431543397500844
7,15,903,direct,128,46,3.494552268004149,11.648072190319933
7,16,901,coalition,137,42,4.319690543836197,12.37875399055648
7,16,902,algorithmic,517,47,5.038401479550097,11.465216917283776
7,16,903,direct,111,46,3.560452965023016,11.703191756722795
7,17,901,coalition,111,42,3.9382917922243763,13.55578878050788
7,17,902,algorithmic,571,47,5.331918558625105,11.281654515697069
7,17,903,direct,83,46,3.469170466733754,11.419732441471574
7,18,901,coalition,144,42,3.989553460976158,11.934615951643815
7,18,902,algorithmic,490,47,5.392312031087739,13.976723040552828
7,18,903,direct,131,46,4.273111999484509,10.962635869565217
7,19,901,coalition,75,42,2.9742098639659615,13.03643407767119
7,19,902,algorithmic,514,47,5.289726570388651,11.362700091812703
7,19,903,direct,176,46,3.8814340050574825,11.573616600790514
7,20,901,coalition,179,42,3.9692477056353446,10.289141143713858
7,20,902,algorithmic,457,47,5.202865556340319,12.68214898252445
7,20,903,direct,129,46,4.389041582038107,12.268148731064333
7,21,901,coalition,149,42,4.169818995322351,12.369753434970827
7,21,902,algorithmic,518,47,5.08379048454011,12.553082378614294
7,21,903,direct,98,46,3.817327920883286,11.544227886056971
7,22,901,coalition,146,42,4.41260074540536,13.080200501253133
7,22,902,algorithmic,536,74,5.572732354055999,11.832604632604632
7,22,903,direct,83,19,4.078066652575213,16.853146853146853
7,23,901,coalition,99,42,4.3713635684696825,12.15992589394124
7,23,902,algorithmic,518,74,5.544982785316026,9.52188253827598
7,23,903,direct,148,19,4.00194588982302,18.21782178217822
7,24,901,coalition,155,42,3.8242989553522,11.704294217687075
7,24,902,algorithmic,535,74,5.4831817925909245,8.884520884520885
7,24,903,direct,75,19,4.1525568942436415,18.91566265060241
7,25,901,coalition,94,42,3.8174484018040986,12.836896663427275
7,25,902,algorithmic,510,74,5.522541489714165,10.419412927078021
7,25,903,direct,161,19,4.453838472592985,18.064516129032256
7,26,901,coalition,155,42,4.184125327588046,11.624590576971528
7,26,902,algorithmic,535,74,5.741637888382524,9.69106985161846
7,26,903,direct,75,19,4.714715481642855,18.994413407821227
7,27,901,coalition,151,42,4.443032204880213,11.90152251376741
7,27,902,algorithmic,475,50,5.473499231950845,9.222222222222221
7,27,903,direct,139,43,4.314984956008029,12.975875547834328
7,28,901,coalition,115,42,4.3685329756852695,13.497451423097976
7,28,902,algorithmic,527,50,5.326278851162759,10.222222222222221
7,28,903,direct,123,43,4.415539467835144,17.679558011049725
7,29,901,coalition,118,42,3.757852317174351,10.48146298146298
7,29,902,algorithmic,565,50,5.792936856653671,8.575757575757576
7,29,903,direct,82,43,5.201176871908579,17.454545454545453
7,30,901,coalition,112,42,4.321522922294613,12.65947888589398
7,30,902,algorithmic,561,50,5.648267429585679,7.551724137931035
7,30,903,direct,92,43,5.032122443038979,16.612903225806452
7,31,901,coalition,154,42,3.4771829787792754,12.848781697236332
7,31,902,algorithmic,457,50,5.368503892070915,9.636363636363637
7,31,903,direct,154,43,4.506992075398795,16.865671641791046
7,32,901,coalition,108,42,4.139052594556107,13.611721611721613
7,32,902,algorithmic,570,50,5.620365474124872,8.967213114754099
7,32,903,direct,87,43,4.980575253974268,17.857142857142858
7,33,901,coalition,119,42,3.9327731092436973,13.089207105227889
7,33,902,algorithmic,514,50,5.405930475515753,8.833333333333334
7,33,903,direct,132,43,4.526124527369386,16.74418604651163
7,34,901,coalition,98,42,3.1297941590429272,12.112433862433862
7,34,902,algorithmic,595,50,5.302556424868798,9.0
7,34,903,direct,72,43,5.240694178373776,17.586206896551722
7,35,901,coalition,135,42,4.661163181215911,11.079875595322061
7,35,902,algorithmic,519,50,5.48800786854902,7.9259259259259265
7,35,903,direct,111,43,4.63503303289926,16.315789473684212
7,36,901,coalition,125,42,3.980198637963344,12.353896103896105
7,36,902,algorithmic,535,50,5.446143124482871,9.461538461538462
7,36,903,direct,105,43,4.902822341057635,17.254901960784313
7,37,901,coalition,136,42,4.220825643690311,12.76821572002295
7,37,902,algorithmic,512,50,5.657769150581919,11.686567164179104
7,37,903,direct,117,43,4.457692455637327,17.142857142857142
7,38,901,coalition,99,42,4.009494866046673,12.112737013252858
7,38,902,algorithmic,562,50,5.287650432579717,9.34375
7,38,903,direct,104,43,4.718227736701131,17.358490566037737
7,39,901,coalition,158,42,3.977785173708027,11.596938775510205
7,39,902,algorithmic,449,50,5.38088337205096,9.096774193548388
7,39,903,direct,158,43,4.5469915033813075,17.123287671232877
7,40,901,coalition,81,42,4.219476594102549,13.033384484677649
7,40,902,algorithmic,588,50,5.418702567007164,9.694915254237287
7,40,903,direct,96,43,4.97949632047854,17.9
7,41,901,coalition,139,26,3.7022742808238434,14.639344262295081
7,41,902,algorithmic,525,50,5.574395668867282,8.378378378378379
7,41,903,direct,101,59,4.316367408483615,14.782217677048711
7,42,901,coalition,130,26,3.4946296838611612,12.875
7,42,902,algorithmic,524,50,5.234933646686316,8.575757575757576
7,42,903,direct,111,59,4.325265094823309,16.352201257861637
7,43,901,coalition,130,26,3.8916161334370916,8.444444444444445
7,43,902,algorithmic,556,50,5.240420643061805,7.461538461538462
7,43,903,direct,79,59,4.1234509436287246,16.568047337278106
7,44,901,coalition,184,26,3.883825847882995,10.323529411764707
7,44,902,algorithmic,430,50,4.9827874315079415,9.794117647058822
7,44,903,direct,151,59,4.566260525888298,15.766423357664234
7,45,901,coalition,127,26,4.137843415506076,12.448979591836736
7,45,902,algorithmic,531,50,5.112464005416727,9.222222222222221
7,45,903,direct,107,59,4.482587400653594,17.22488038277512
7,46,901,coalition,132,26,3.681026857683474,16.355263157894736
7,46,902,algorithmic,529,50,5.698905280041486,9.287671232876711
7,46,903,direct,104,59,4.403585449638081,16.484848484848484
7,47,901,coalition,113,26,4.543834780424224,15.407643312101913
7,47,902,algorithmic,564,50,5.657699639227549,9.833333333333334
7,47,903,direct,88,59,4.970179502026635,16.419753086419753
7,48,901,coalition,178,26,4.256294432435929,12.794871794871796
7,48,902,algorithmic,463,50,5.271496326750085,9.898550724637682
7,48,903,direct,124,59,4.809860259883315,16.027397260273972
7,49,901,coalition,108,76,4.382803752479209,9.446363234288931
7,49,902,algorithmic,565,0,5.4908893328933175,
7,49,903,direct,92,59,4.356705293119439,16.813186813186814
7,50,901,coalition,141,76,4.787567337131342,8.477272727272727
7,50,902,algorithmic,557,0,5.3189499848828214,
7,50,903,direct,67,59,4.158551504771226,16.133333333333333
7,51,901,coalition,126,76,4.5304761904761905,12.485294117647058
7,51,902,algorithmic,519,0,4.733454565298609,
7,51,903,direct,120,59,4.657443718228032,15.36
7,52,901,coalition,123,76,4.633825028506867,8.573033707865168
7,52,902,algorithmic,555,0,5.054959134885346,
7,52,903,direct,87,59,4.341968319322925,16.741573033707866
7,53,901,coalition,139,76,4.14521799488309,9.69747899159664
7,53,902,algorithmic,496,0,4.974682780214254,
7,53,903,direct,130,59,4.962548562548562,16.0
7,54,901,coalition,130,76,4.4612111292962355,8.788461538461538
7,54,902,algorithmic,538,0,5.105682068310348,
7,54,903,direct,97,59,4.264222623770237,16.914893617021278
7,55,901,coalition,98,76,4.7689269256089535,9.346938775510203
7,55,902,algorithmic,577,0,5.129997445664577,
7,55,903,direct,90,59,4.704006165802277,16.258064516129032
7,56,901,coalition,134,76,4.717527228721258,9.69747899159664
7,56,902,algorithmic,504,0,4.868717719603594,
7,56,903,direct,127,59,5.0078740157480315,16.08108108108108
7,57,901,coalition,90,76,3.809309309309309,9.303571428571429
7,57,902,algorithmic,576,0,4.893982354919855,
7,57,903,direct,99,59,4.29699593335957,16.864864864864863
7,58,901,coalition,112,76,4.5410600545950865,9.424242424242424
7,58,902,algorithmic,517,0,5.184086425989123,
7,58,903,direct,136,59,4.1760878738679414,16.305732484076433
7,59,901,coalition,132,76,4.74843798812871,9.181818181818182
7,59,902,algorithmic,552,0,4.6795798307913685,
7,59,903,direct,81,59,4.230993990848448,17.010309278350515
7,60,901,coalition,131,76,4.635949255862486,9.924528301886792
7,60,902,algorithmic,516,0,5.030924531285808,
7,60,903,direct,118,59,3.752840955222085,15.827338129496404
7,61,901,coalition,106,76,4.772620068610634,9.119266055045872
7,61,902,algorithmic,565,0,5.084032713775212,
7,61,903,direct,94,59,4.671567125241564,16.704545454545453
7,62,901,coalition,107,76,4.230939498278406,8.788461538461538
7,62,902,algorithmic,572,0,4.852047034764507,
7,62,903,direct,86,59,4.055955287164332,16.184210526315788
7,63,901,coalition,93,76,4.630725904919453,11.402985074626866
7,63,902,algorithmic,557,0,5.130442488041834,
7,63,903,direct,115,59,4.332682502442399,15.972222222222221
7,64,901,coalition,144,76,4.988238599871548,8.758241758241759
7,64,902,algorithmic,500,0,4.865773147854073,
7,64,903,direct,121,59,3.790502718511126,16.647398843930635
7,65,901,coalition,96,76,4.807502784792905,8.346938775510203
7,65,902,algorithmic,556,0,4.863569329173767,
7,65,903,direct,113,59,4.276392453618995,16.75977653631285
7,66,901,coalition,107,76,4.315844127452588,6.259740259740259
7,66,902,algorithmic,571,0,5.1061277084873735,
7,66,903,direct,87,59,4.737984808765208,16.608187134502923
7,67,901,coalition,136,76,5.169878296146045,8.477272727272727
7,67,902,algorithmic,547,0,5.149920557914002,
7,67,903,direct,82,59,4.354753740792429,16.0
7,68,901,coalition,94,76,4.598024316109423,8.1875
7,68,902,algorithmic,545,0,5.112956774518147,
7,68,903,direct,126,59,4.731625667644625,15.857142857142858
7,69,901,coalition,151,76,5.226317304923697,7.666666666666666
7,69,902,algorithmic,518,0,4.734267758515251,
7,69,903,direct,96,59,4.359590729783037,16.847826086956523
7,70,901,coalition,117,76,4.615828615828616,10.714285714285714
7,70,902,algorithmic,547,0,4.7566255491446805,
7,70,903,direct,101,59,4.450411185239889,16.233766233766232
7,71,901,coalition,111,76,4.355395489829452,6.7407407407407405
7,71,902,algorithmic,577,0,5.125245401707911,
7,71,903,direct,77,59,4.608225108225108,16.352201257861637
7,72,901,coalition,129,0,4.508377094273569,
7,72,902,algorithmic,505,76,5.147838224682683,7.7407407407407405
7,72,903,direct,131,59,4.495526553394074,15.703703703703704
7,73,901,coalition,160,0,4.514239926739927,
7,73,902,algorithmic,496,76,5.604113329919782,8.758241758241759
7,73,903,direct,109,59,4.472598417552546,16.93121693121693
7,74,901,coalition,146,0,4.774876815340329,
7,74,902,algorithmic,507,76,5.82952438318629,8.279069767441861
7,74,903,direct,112,59,4.625,16.526946107784433
7,75,901,coalition,191,0,4.757909157524717,
7,75,902,algorithmic,506,76,5.77609858172518,9.379310344827587
7,75,903,direct,68,59,5.323529411764706,16.588235294117645
7,76,901,coalition,145,0,5.478235678908513,
7,76,902,algorithmic,515,76,5.862844814301125,8.853658536585366
7,76,903,direct,105,59,4.40952380952381,15.396825396825395
7,77,901,coalition,173,0,5.510287419295325,
7,77,902,algorithmic,510,76,5.668976302177312,7.506329113924051
7,77,903,direct,82,59,4.634146341463414,16.441717791411044
7,78,901,coalition,164,76,5.689332455171241,5.853658536585366
7,78,902,algorithmic,471,0,5.841977555353351,
7,78,903,direct,130,59,4.507142857142857,15.857142857142858
7,79,901,coalition,56,76,4.594185181416998,7.279069767441861
7,79,902,algorithmic,616,0,5.011845212429195,
7,79,903,direct,93,59,4.534556522599002,16.914893617021278
7,80,901,coalition,183,76,4.863387978142076,8.935483870967742
7,80,902,algorithmic,474,0,4.976477757656585,
7,80,903,direct,108,59,4.205715462651357,16.158940397350996
7,81,901,coalition,104,76,4.994265972656279,10.89795918367347
7,81,902,algorithmic,538,0,4.379844766383076,
7,81,903,direct,123,59,4.578559273964832,16.50602409638554
7,82,901,coalition,109,76,4.17122003142582,7.279069767441861
7,82,902,algorithmic,561,0,5.163646368484648,
7,82,903,direct,95,59,4.12128989278157,16.795580110497237
7,83,901,coalition,84,76,4.636165577342048,7.935483870967742
7,83,902,algorithmic,599,0,4.999265827441351,
7,83,903,direct,82,59,3.8865323435843058,16.209150326797385
7,84,901,coalition,188,76,4.667173252279635,10.36283185840708
7,84,902,algorithmic,442,0,4.542012291513829,
7,84,903,direct,135,59,4.607267645003494,15.857142857142858
7,85,901,coalition,114,76,4.750755634727987,8.574257425742575
7,85,902,algorithmic,556,0,4.606730135706581,
7,85,903,direct,95,59,5.258917422992655,16.99481865284974
7,86,901,coalition,128,76,4.492124280267663,11.485294117647058
7,86,902,algorithmic,529,0,4.9293506942789715,
7,86,903,direct,108,59,4.305904254705998,16.209150326797385
7,87,901,coalition,131,76,4.526165731628805,10.140625
7,87,902,algorithmic,509,0,4.558538960005438,
7,87,903,direct,125,59,4.123558875897679,16.50602409638554
7,88,901,coalition,94,76,4.636670154633182,11.098039215686274
7,88,902,algorithmic,627,0,4.8590025428991845,
7,88,903,direct,44,59,4.217454218434923,16.830601092896174
7,89,901,coalition,129,76,4.579260170652363,11.119266055045872
7,89,902,algorithmic,507,0,5.230049460647728,
7,89,903,direct,129,59,3.9553786986456725,14.313725490196079
7,90,901,coalition,96,76,4.706717914438503,10.421052631578947
7,90,902,algorithmic,581,0,4.79962324469766,
7,90,903,direct,88,59,4.90084670231729,16.898395721925134
7,91,901,coalition,108,0,4.930999492643328,
7,91,902,algorithmic,552,76,5.294797345794963,6.384615384615385
7,91,903,direct,105,59,4.928984561861275,16.027397260273972
7,92,901,coalition,177,0,4.370177810127899,
7,92,902,algorithmic,517,76,5.712605759988608,8.5
7,92,903,direct,71,59,4.830985915492958,16.441717791411044
7,93,901,coalition,161,0,5.661416022297106,
7,93,902,algorithmic,462,76,5.851303735024666,9.50632911392405
7,93,903,direct,142,59,4.443661971830986,15.503875968992247
7,94,901,coalition,190,0,4.693944411590775,
7,94,902,algorithmic,496,76,5.66804435483871,8.573033707865168
7,94,903,direct,79,59,5.219620253164558,17.1
7,95,901,coalition,202,0,5.420119412278117,
7,95,902,algorithmic,441,76,5.841071221676018,7.384615384615385
7,95,903,direct,122,59,4.662079693669978,15.766423357664234
7,96,901,coalition,175,0,4.9696057347670255,
7,96,902,algorithmic,534,76,5.69350811485643,7.935483870967742
7,96,903,direct,56,59,5.053571428571429,16.77777777777778
7,97,901,coalition,167,0,5.358977950531686,
7,97,902,algorithmic,493,76,5.80310309241664,8.74074074074074
7,97,903,direct,105,59,4.857142857142857,14.912280701754385
7,98,901,coalition,157,0,5.234071760962159,
7,98,902,algorithmic,551,76,5.8053622526805695,8.847826086956522
7,98,903,direct,57,59,4.9298245614035086,16.441717791411044
7,99,901,coalition,157,0,4.945314154462672,
7,99,902,algorithmic,457,76,5.8747026924174675,10.176470588235293
7,99,903,direct,151,59,4.754966887417218,14.956521739130435
7,100,901,coalition,153,0,5.19252677147414,
7,100,902,algorithmic,550,76,5.78163549369291,9.071428571428571
7,100,903,direct,62,59,4.805602716468591,17.22488038277512
8,1,901,coalition,121,39,3.980933392000585,13.968441814595659
8,1,902,algorithmic,531,43,4.0974665499352305,11.630870072730538
8,1,903,direct,113,53,4.387754095333934,13.430680885972109
8,2,901,coalition,167,39,4.0825142168493205,12.139578101842252
8,2,902,algorithmic,515,43,5.1934270081549805,11.422931314223906
8,2,903,direct,83,53,4.271572509977644,12.07489994282447
8,3,901,coalition,160,39,3.7899864738895617,12.112580608782128
8,3,902,algorithmic,497,68,4.945604171327966,10.011713926920434
8,3,903,direct,108,28,4.140100188880677,16.14814814814815
8,4,901,coalition,140,39,4.13006253006253,13.184118455304896
8,4,902,algorithmic,502,68,5.740771548287248,9.282961460446248
8,4,903,direct,123,28,4.112810299654868,18.0
8,5,901,coalition,125,39,4.036715047367261,12.091204675474339
8,5,902,algorithmic,518,68,5.106769048342082,8.715686274509803
8,5,903,direct,122,28,3.7504120159760346,18.2
8,6,901,coalition,128,39,3.806066405180084,13.027686015416078
8,6,902,algorithmic,526,68,5.961834954968946,9.18373939965002
8,6,903,direct,111,28,3.8128664797404626,18.187919463087248
8,7,901,coalition,104,39,4.390630384564264,12.617838876875021
8,7,902,algorithmic,520,68,5.530746536872126,11.973222124670762
8,7,903,direct,141,28,4.517833409783235,18.043478260869566
8,8,901,coalition,161,39,3.874680378425964,11.625927404281741
8,8,902,algorithmic,482,68,5.492470730329417,11.235374532588153
8,8,903,direct,122,28,4.246434314833493,18.392857142857142
8,9,901,coalition,123,39,4.5794690273009575,13.000990616163254
8,9,902,algorithmic,488,68,5.604802875032676,10.098535986674849
8,9,903,direct,154,28,4.237961085509758,18.187919463087248
8,10,901,coalition,138,39,4.033297429244123,12.819238732282212
8,10,902,algorithmic,530,68,6.063903609839731,10.278749337572869
8,10,903,direct,97,28,4.5306522267823475,18.50828729281768
8,11,901,coalition,153,39,4.067301101587685,11.797369297369297
8,11,902,algorithmic,499,68,5.2703466211853955,8.237928007023704
8,11,903,direct,113,28,4.455674357044611,17.82258064516129
8,12,901,coalition,160,39,3.903979817863513,13.378231840460712
8,12,902,algorithmic,480,68,5.7490650710546,12.085972850678735
8,12,903,direct,125,28,4.380189599480549,18.07142857142857
8,13,901,coalition,167,39,4.648198278547088,13.26029526029526
8,13,902,algorithmic,449,68,5.696752897993042,8.582060270800502
8,13,903,direct,149,28,4.514981521082258,18.223684210526315
8,14,901,coalition,84,39,3.3284170187251063,13.121575984990619
8,14,902,algorithmic,595,68,5.453559410460415,10.963443677065968
8,14,903,direct,86,28,4.061260737749677,18.46590909090909
8,15,901,coalition,140,39,4.398540701642618,11.141137434824214
8,15,902,algorithmic,482,68,5.665576042607471,9.81990443236118
8,15,903,direct,143,28,3.8853064321046475,17.61061946902655
8,16,901,coalition,101,39,3.454445446676728,11.817740434796983
8,16,902,algorithmic,567,68,5.428225050688293,9.444813409234662
8,16,903,direct,97,28,4.548240900962847,18.411764705882355
8,17,901,coalition,144,39,3.5546204691225984,12.426212875853164
8,17,902,algorithmic,462,68,5.466068703478776,10.36608166504983
8,17,903,direct,159,28,3.9275837709164003,17.82258064516129
8,18,901,coalition,131,23,4.078200302529286,16.912087912087912
8,18,902,algorithmic,490,68,5.641772469356406,11.27170868347339
8,18,903,direct,144,44,3.9813108038914486,14.92375366568915
8,19,901,coalition,112,23,4.424813084437756,12.206896551724139
8,19,902,algorithmic,577,68,5.522274680106509,11.153894393578327
8,19,903,direct,76,44,3.963302865005651,17.700534759358288
8,20,901,coalition,117,23,3.574505394708439,8.35897435897436
8,20,902,algorithmic,532,68,5.46226659737555,11.794800600103002
8,20,903,direct,116,44,4.288673130155375,16.386554621848738
8,21,901,coalition,171,75,4.367542977502548,10.731402490910497
8,21,902,algorithmic,486,16,5.685472865592921,12.808510638297872
8,21,903,direct,108,44,3.7488385401228954,17.29559748427673
8,22,901,coalition,85,75,4.564082586677055,10.558823529411764
8,22,902,algorithmic,549,16,4.35310818859444,13.714285714285714
8,22,903,direct,131,44,4.026570933716998,17.1523178807947
8,23,901,coalition,166,75,4.971908855581477,10.781512605042018
8,23,902,algorithmic,508,16,4.836968684676212,15.115384615384617
8,23,903,direct,91,44,3.6602178663136575,17.52873563218391
8,24,901,coalition,75,75,4.604924314597226,9.675213675213676
8,24,902,algorithmic,538,16,4.8621424974071585,12.808510638297872
8,24,903,direct,152,44,4.335788465770467,16.791044776119403
8,25,901,coalition,148,75,5.111226611226611,11.884297520661157
8,25,902,algorithmic,508,16,5.058437103436455,13.428571428571429
8,25,903,direct,109,44,4.034486236662547,17.794871794871796
8,26,901,coalition,118,75,5.050192110852235,12.795454545454547
8,26,902,algorithmic,535,16,4.716315015995291,14.59090909090909
8,26,903,direct,112,44,4.980387855387855,17.171052631578945
8,27,901,coalition,95,0,4.859245897000566,
8,27,902,algorithmic,555,91,5.392974402450209,7.991437134294277
8,27,903,direct,115,44,4.329528985507246,17.225806451612904
8,28,901,coalition,165,0,4.568000850717984,
8,28,902,algorithmic,482,91,5.8517254057461,10.576167249645236
8,28,903,direct,118,44,4.170032455824018,17.278481012658226
8,29,901,coalition,148,0,4.581300625329244,
8,29,902,algorithmic,561,91,5.529599982285404,6.856295603131046
8,29,903,direct,56,44,3.24025974025974,17.32919254658385
8,30,901,coalition,187,0,4.197342131910134,
8,30,902,algorithmic,474,91,5.906704172526958,11.36467534842807
8,30,903,direct,104,44,3.838893249607535,15.656565656565657
8,31,901,coalition,227,0,5.298646811548007,
8,31,902,algorithmic,448,91,5.363155976676384,8.727700870558014
8,31,903,direct,90,44,3.6666666666666665,17.07482993197279
8,32,901,coalition,162,0,5.099631795538229,
8,32,902,algorithmic,442,91,5.463715850712755,8.838304552590266
8,32,903,direct,161,44,4.347001042980121,16.76691729323308
8,33,901,coalition,188,0,4.70988475177305,
8,33,902,algorithmic,488,91,5.842574734811957,8.799825174825175
8,33,903,direct,89,44,4.44186745178153,17.892156862745097
8,34,901,coalition,165,0,5.987505489679403,
8,34,902,algorithmic,489,91,5.918200408997955,7.80303392259914
8,34,903,direct,111,44,3.9668364016190103,16.742424242424242
8,35,901,coalition,188,0,4.767022843355372,
8,35,902,algorithmic,472,91,5.7209443099273605,10.779252468388076
8,35,903,direct,105,44,3.7472300894981307,17.20779220779221
8,36,901,coalition,194,0,4.603724570219415,
8,36,902,algorithmic,460,75,5.632667450058754,7.59090909090909
8,36,903,direct,111,60,4.159259051150943,14.730907830907832
8,37,901,coalition,174,0,4.885395537525355,
8,37,902,algorithmic,498,75,5.594731868651075,8.777777777777779
8,37,903,direct,93,60,4.243727598566308,16.529411764705884
8,38,901,coalition,160,0,4.645498225901834,
8,38,902,algorithmic,497,75,5.716721380917082,9.685393258426966
8,38,903,direct,108,60,4.518518518518518,16.11842105263158
8,39,901,coalition,172,0,4.603537111822866,
8,39,902,algorithmic,529,75,5.724324507884043,7.777777777777779
8,39,903,direct,64,60,4.354166666666667,16.467065868263475
8,40,901,coalition,195,0,4.725822957530275,
8,40,902,algorithmic,477,75,5.519813877384057,7.59090909090909
8,40,903,direct,93,60,5.064516129032258,15.203252032520327
8,41,901,coalition,167,0,5.336977866130088,
8,41,902,algorithmic,481,75,5.75489659700186,8.512820512820513
8,41,903,direct,117,60,4.880791722896986,16.11842105263158
8,42,901,coalition,177,0,4.619422767864539,
8,42,902,algorithmic,491,75,5.5293464173301246,8.043010752688172
8,42,903,direct,97,60,4.694470477975632,16.647727272727273
8,43,901,coalition,213,0,4.568353587698573,
8,43,902,algorithmic,436,75,5.471418489767113,8.08433734939759
8,43,903,direct,116,60,4.482758620689655,16.21794871794872
8,44,901,coalition,205,0,4.733208807787636,
8,44,902,algorithmic,475,75,5.50015037593985,11.371134020618557
8,44,903,direct,85,60,4.994957983193277,16.628571428571426
8,45,901,coalition,228,0,5.3575671774372635,
8,45,902,algorithmic,457,75,5.62946754194019,7.632911392405062
8,45,903,direct,80,60,4.364662447257384,15.902777777777779
8,46,901,coalition,181,0,4.898341203411649,
8,46,902,algorithmic,478,75,5.646458565365281,8.673267326732674
8,46,903,direct,106,60,4.920511862507005,15.755395683453237
8,47,901,coalition,161,0,5.342093789534626,
8,47,902,algorithmic,499,75,5.727454909819639,7.632911392405062
8,47,903,direct,105,60,4.6380952380952385,16.424242424242426
8,48,901,coalition,143,0,4.247217721303087,
8,48,902,algorithmic,539,75,5.388569618534776,8.291666666666666
8,48,903,direct,83,60,5.086596385542169,16.402439024390244
8,49,901,coalition,181,0,4.812318375867704,
8,49,902,algorithmic,493,75,5.560237693911951,8.49425287356322
8,49,903,direct,91,60,4.461538461538462,15.845070422535212
8,50,901,coalition,160,0,4.967338709677419,
8,50,902,algorithmic,479,75,5.753653444676409,9.043010752688172
8,50,903,direct,126,60,5.007936507936508,16.066666666666666
8,51,901,coalition,183,75,5.766613032359366,7.263157894736843
8,51,902,algorithmic,474,0,5.83031132398221,
8,51,903,direct,108,60,4.673673673673674,16.81081081081081
8,52,901,coalition,79,75,4.805163450373548,12.316455696202532
8,52,902,algorithmic,556,0,4.5062559641837145,
8,52,903,direct,130,60,4.601885662975157,16.467065868263475
8,53,901,coalition,135,75,5.017989417989418,11.436090225563909
8,53,902,algorithmic,554,0,5.095812724988659,
8,53,903,direct,76,60,4.369036626654355,16.87830687830688
8,54,901,coalition,120,75,4.176851851851852,11.714285714285715
8,54,902,algorithmic,476,0,4.486069547436199,
8,54,903,direct,169,60,4.434626102642297,15.62962962962963
8,55,901,coalition,157,75,4.687383143655975,9.018867924528301
8,55,902,algorithmic,511,0,4.887770175118713,
8,55,903,direct,97,60,4.825486236581996,17.41228070175438
8,56,901,coalition,116,75,4.043766578249337,8.884615384615383
8,56,902,algorithmic,549,0,4.878634116339034,
8,56,903,direct,100,60,4.887922077922078,16.21794871794872
8,57,901,coalition,107,75,5.205960148122024,10.08411214953271
8,57,902,algorithmic,536,0,5.266811666915771,
8,57,903,direct,122,60,4.111907622587954,16.28930817610063
8,58,901,coalition,108,75,4.705749948843872,9.59090909090909
8,58,902,algorithmic,538,0,5.293910422178614,
8,58,903,direct,119,60,4.231579924787595,16.74033149171271
8,59,901,coalition,102,75,4.946574135272087,9.210526315789473
8,59,902,algorithmic,561,0,5.056153920174514,
8,59,903,direct,102,60,4.828603296843461,16.685393258426966
8,60,901,coalition,97,75,5.253121598258308,9.043010752688172
8,60,902,algorithmic,550,0,5.1394525145261465,
8,60,903,direct,118,60,4.794111102604101,16.335403726708073
8,61,901,coalition,82,75,4.766225713104589,8.272727272727273
8,61,902,algorithmic,571,0,5.164593736979538,
8,61,903,direct,112,60,4.582036273271777,16.666666666666664
8,62,901,coalition,145,75,4.191046581972172,8.127659574468085
8,62,902,algorithmic,527,0,4.879453682389653,
8,62,903,direct,93,60,4.53970223325062,16.549707602339183
8,63,901,coalition,112,75,4.69031954887218,9.884615384615383
8,63,902,algorithmic,561,0,4.777791090823874,
8,63,903,direct,92,60,4.402786686214322,16.11842105263158
8,64,901,coalition,120,75,4.883995584988963,10.728813559322035
8,64,902,algorithmic,506,0,4.718710714153178,
8,64,903,direct,139,60,4.401693735225051,16.09271523178808
8,65,901,coalition,84,75,4.485209235209235,11.620689655172413
8,65,902,algorithmic,614,0,5.0547620255702554,
8,65,903,direct,67,60,4.243407514024745,17.02020202020202
8,66,901,coalition,129,75,5.025101513473606,10.043010752688172
8,66,902,algorithmic,508,0,5.284301551424079,
8,66,903,direct,128,60,4.589992088607595,15.317460317460318
8,67,901,coalition,72,75,4.378053572526189,12.63768115942029
8,67,902,algorithmic,662,0,5.10787829793153,
8,67,903,direct,31,60,3.8934081346423564,16.844919786096256
8,68,901,coalition,110,75,5.127272727272727,7.956521739130435
8,68,902,algorithmic,475,0,5.046067103434584,
8,68,903,direct,180,60,4.612861491628615,13.444444444444445
8,69,901,coalition,107,75,5.158487467250616,10.043010752688172
8,69,902,algorithmic,543,0,4.836075924975674,
8,69,903,direct,115,60,4.6349569483392825,17.531380753138073
8,70,901,coalition,115,75,4.671964017991004,10.934426229508198
8,70,902,algorithmic,518,0,4.740056093317761,
8,70,903,direct,132,60,4.6686837281806195,16.60919540229885
8,71,901,coalition,74,75,4.890123107400595,9.371134020618557
8,71,902,algorithmic,560,0,5.086854576216338,
8,71,903,direct,131,60,4.869604770088364,16.910994764397905
8,72,901,coalition,153,75,4.890952872377021,9.448979591836736
8,72,902,algorithmic,513,0,4.877439087569678,
8,72,903,direct,99,60,4.472948487986082,16.894736842105264
8,73,901,coalition,74,75,4.73537461512145,6.395348837209302
8,73,902,algorithmic,579,0,4.955527583883709,
8,73,903,direct,112,60,4.498859345500315,16.265822784810126
8,74,901,coalition,108,75,4.573261858349578,10.018867924528301
8,74,902,algorithmic,531,0,5.134225131161829,
8,74,903,direct,126,60,4.607768145503995,16.549707602339183
8,75,901,coalition,118,75,5.163536417773706,10.934426229508198
8,75,902,algorithmic,583,0,5.133085454768103,
8,75,903,direct,64,60,4.173914366537318,16.81081081081081
8,76,901,coalition,140,75,4.474912891986063,8.49425287356322
8,76,902,algorithmic,494,0,4.75872592642407,
8,76,903,direct,131,60,4.963979007633588,15.203252032520327
8,77,901,coalition,98,75,4.950590762620838,9.508771929824562
8,77,902,algorithmic,580,0,4.892602235527588,
8,77,903,direct,87,60,4.883027743383596,16.894736842105264
8,78,901,coalition,161,75,5.082872458095806,7.97560975609756
8,78,902,algorithmic,505,0,5.236467168500236,
8,78,903,direct,99,60,4.061563387941216,15.958904109589042
8,79,901,coalition,89,75,4.623433608608685,9.558823529411764
8,79,902,algorithmic,604,0,4.987350119674491,
8,79,903,direct,72,60,4.907449415936587,16.265822784810126
8,80,901,coalition,81,0,4.64442559607954,
8,80,902,algorithmic,573,75,5.487418375613685,6.294117647058823
8,80,903,direct,111,60,4.835903388050628,15.49618320610687
8,81,901,coalition,191,0,4.113260551076623,
8,81,902,algorithmic,494,75,5.729340319123601,10.08411214953271
8,81,903,direct,80,60,4.5875,16.529411764705884
8,82,901,coalition,196,0,5.269646527675819,
8,82,902,algorithmic,493,75,5.652283041720782,6.75
8,82,903,direct,76,60,5.118421052631579,15.755395683453237
8,83,901,coalition,213,0,5.159866152652137,
8,83,902,algorithmic,467,75,5.995717344753747,6.97560975609756
8,83,903,direct,85,60,5.011764705882353,15.62962962962963
8,84,901,coalition,163,0,5.074281246240828,
8,84,902,algorithmic,521,75,5.703774792066539,6.294117647058823
8,84,903,direct,81,60,4.962962962962963,15.902777777777779
8,85,901,coalition,164,0,4.94261119081779,
8,85,902,algorithmic,517,75,5.603757944183476,7.2941176470588225
8,85,903,direct,84,60,4.488895558223289,15.785714285714286
8,86,901,coalition,181,0,4.944223364112867,
8,86,902,algorithmic,476,75,5.8494005994005995,10.777777777777779
8,86,903,direct,108,60,5.12037037037037,15.874125874125873
8,87,901,coalition,131,0,5.2180135648681585,
8,87,902,algorithmic,554,75,5.8724680602693535,8.49425287356322
8,87,903,direct,80,60,5.05,16.467065868263475
8,88,901,coalition,215,0,4.862314481936856,
8,88,902,algorithmic,442,75,5.731013379341775,6.97560975609756
8,88,903,direct,108,60,4.768518518518518,15.755395683453237
8,89,901,coalition,252,0,5.487928387531356,
8,89,902,algorithmic,422,75,5.873499446604422,8.956521739130435
8,89,903,direct,91,60,4.611672498290567,16.467065868263475
8,90,901,coalition,213,0,5.456268475047818,
8,90,902,algorithmic,466,75,5.738197424892704,7.864197530864197
8,90,903,direct,86,60,4.906976744186046,16.066666666666666
8,91,901,coalition,152,0,5.296733212341198,
8,91,902,algorithmic,536,75,5.572696860524961,6.494252873563219
8,91,903,direct,77,60,4.909090909090909,15.931034482758621
8,92,901,coalition,211,0,5.176257051171785,
8,92,902,algorithmic,447,75,5.670088169495986,10.127659574468085
8,92,903,direct,107,60,4.4672897196261685,15.661764705882353
8,93,901,coalition,150,75,5.798861788617886,7.97560975609756
8,93,902,algorithmic,513,0,5.764625754479908,
8,93,903,direct,102,60,4.745098039215686,16.44578313253012
8,94,901,coalition,81,75,4.53316463461391,10.211009174311927
8,94,902,algorithmic,566,0,4.926705898647844,
8,94,903,direct,118,60,4.544945520581114,16.335403726708073
8,95,901,coalition,113,75,4.459127043647817,9.127659574468085
8,95,902,algorithmic,539,0,5.238128597286441,
8,95,903,direct,113,60,4.2480670063957335,16.666666666666664
8,96,901,coalition,81,75,4.766580534022395,6.512820512820513
8,96,902,algorithmic,606,0,5.274240714611291,
8,96,903,direct,78,60,4.90902235019882,16.569767441860463
8,97,901,coalition,129,75,4.472585299609574,7.133333333333334
8,97,902,algorithmic,488,0,5.334766681978022,
8,97,903,direct,148,60,4.506538796861378,15.693430656934307
8,98,901,coalition,106,75,4.264434494343125,7.868131868131868
8,98,902,algorithmic,561,0,4.73856282569573,
8,98,903,direct,98,60,4.589262220201852,17.14975845410628
8,99,901,coalition,169,75,4.837033128556892,11.884297520661157
8,99,902,algorithmic,419,0,5.250047981029873,
8,99,903,direct,177,60,3.9948777222927556,16.24203821656051
8,100,901,coalition,141,75,4.907020816545199,14.954732510288064
8,100,902,algorithmic,569,0,5.190993769975629,
8,100,903,direct,55,60,5.2763643972683525,17.5
9,1,901,coalition,130,44,4.123934482462911,14.32884735401898
9,1,902,algorithmic,565,37,4.23411599706936,10.58108108108108
9,1,903,direct,70,54,3.887122069387516,13.37557289731203
9,2,901,coalition,94,44,3.9031977795600006,11.948436678928006
9,2,902,algorithmic,449,68,4.628883887730324,9.819794066924626
9,2,903,direct,222,23,4.057441834898483,15.691056910569104
9,3,901,coalition,103,44,4.025803756167436,10.946487015397075
9,3,902,algorithmic,590,44,5.637782264012262,9.28125
9,3,903,direct,72,47,4.561456776314589,13.6013254272759
9,4,901,coalition,171,44,4.181682408780494,12.327521793275219
9,4,902,algorithmic,482,44,5.795592334008036,8.568627450980392
9,4,903,direct,112,47,4.597358121330724,16.10169491525424
9,5,901,coalition,100,44,3.5198039594644355,12.52807006078034
9,5,902,algorithmic,548,44,5.3931155752929385,11.174603174603174
9,5,903,direct,117,47,4.545457270846831,17.08860759493671
9,6,901,coalition,170,44,3.8511717796116134,11.48657360565171
9,6,902,algorithmic,509,44,5.213627170044935,8.711864406779661
9,6,903,direct,86,47,3.9192064157721993,17.177914110429448
9,7,901,coalition,130,44,4.4094583382718975,12.221849686057613
9,7,902,algorithmic,519,44,4.695017480976786,10.711864406779661
9,7,903,direct,116,47,4.774892781587244,16.515151515151516
9,8,901,coalition,148,44,4.182575273433024,13.457247954357781
9,8,902,algorithmic,472,44,5.320327531387751,7.586206896551724
9,8,903,direct,145,47,4.910222210972991,17.160493827160494
9,9,901,coalition,107,44,4.0868885228135605,11.726796763445977
9,9,902,algorithmic,532,44,5.357398732433177,8.037037037037036
9,9,903,direct,126,47,4.929527133715616,17.591623036649214
9,10,901,coalition,171,28,4.596470708936083,16.133333333333333
9,10,902,algorithmic,493,44,5.541444452680832,10.456140350877192
9,10,903,direct,101,63,4.167881538984463,15.038812424194484
9,11,901,coalition,73,28,3.9312513317051514,12.931818181818183
9,11,902,algorithmic,576,44,5.184381089352971,9.181818181818182
9,11,903,direct,116,63,4.498280883726198,16.196319018404907
9,12,901,coalition,162,28,4.163847609842535,8.058823529411764
9,12,902,algorithmic,483,44,5.578900871535718,10.064516129032258
9,12,903,direct,120,63,4.525,16.51685393258427
9,13,901,coalition,168,28,4.301654560129136,15.571428571428571
9,13,902,algorithmic,484,44,5.383343928798474,8.711864406779661
9,13,903,direct,113,63,5.430703678491289,16.59340659340659
9,14,901,coalition,146,28,4.307423422114022,10.78125
9,14,902,algorithmic,557,44,5.251508769506974,7.586206896551724
9,14,903,direct,62,63,4.475082712985938,16.457142857142856
9,15,901,coalition,76,28,3.8634023589457147,10.08695652173913
9,15,902,algorithmic,577,44,5.478460399233843,9.711864406779661
9,15,903,direct,112,63,4.868118343153858,15.0
9,16,901,coalition,121,28,3.748554408479578,7.5625
9,16,902,algorithmic,581,44,5.666942724266428,11.064516129032258
9,16,903,direct,63,63,4.393897364771151,16.436781609195403
9,17,901,coalition,163,28,4.608211697191629,16.175675675675677
9,17,902,algorithmic,444,44,5.606691015339664,9.711864406779661
9,17,903,direct,158,63,4.975880944235374,15.04
9,18,901,coalition,163,28,4.70264027222374,11.707317073170731
9,18,902,algorithmic,512,44,4.942348053302602,6.73076923076923
9,18,903,direct,90,63,5.049069643806486,17.18181818181818
9,19,901,coalition,134,28,4.122850658985773,15.578947368421053
9,19,902,algorithmic,475,44,5.494764542936288,13.027777777777779
9,19,903,direct,156,63,4.531460863697705,15.921052631578947
9,20,901,coalition,102,28,4.227589416301024,12.08695652173913
9,20,902,algorithmic,589,44,5.188992721906676,6.4
9,20,903,direct,74,63,4.332549941245594,17.155963302752294
9,21,901,coalition,144,28,3.900495238345785,10.714285714285714
9,21,902,algorithmic,507,44,5.404796146246214,9.384615384615385
9,21,903,direct,114,63,4.87828097375221,15.441176470588236
9,22,901,coalition,138,72,4.192296888282777,11.686376434914445
9,22,902,algorithmic,518,0,5.759137170321381,
9,22,903,direct,109,63,4.4970223724448735,16.477272727272727
9,23,901,coalition,99,72,4.560533565318254,8.282608695652174
9,23,902,algorithmic,573,0,5.155258601566723,
9,23,903,direct,93,63,5.1672583217574735,16.374269005847953
9,24,901,coalition,149,72,5.11149599480407,10.755102040816325
9,24,902,algorithmic,491,0,5.150249390867312,
9,24,903,direct,125,63,4.3464489795918375,16.0
9,25,901,coalition,117,72,4.655285890580008,12.964539007092199
9,25,902,algorithmic,540,0,4.68190183014964,
9,25,903,direct,108,63,4.851752822341058,16.684491978609625
9,26,901,coalition,121,72,4.7875546912980065,11.964539007092199
9,26,902,algorithmic,536,0,4.965631012646405,
9,26,903,direct,108,63,5.031903305057248,16.352941176470587
9,27,901,coalition,70,72,4.852521008403362,8.44578313253012
9,27,902,algorithmic,619,0,5.35822592851688,
9,27,903,direct,76,63,4.506578947368421,16.352941176470587
9,28,901,coalition,167,72,4.780525904712315,9.526315789473685
9,28,902,algorithmic,479,0,5.103543022841317,
9,28,903,direct,119,63,4.464791515710428,15.507246376811594
9,29,901,coalition,143,72,4.3986737993887814,11.580152671755725
9,29,902,algorithmic,519,0,4.562114337868625,
9,29,903,direct,103,63,4.617329504349076,16.574585635359114
9,30,901,coalition,73,72,4.427148194271482,8.526315789473685
9,30,902,algorithmic,608,0,5.211761468073439,
9,30,903,direct,84,63,4.268165634988065,16.242424242424242
9,31,901,coalition,136,72,5.267425463336019,11.931623931623932
9,31,902,algorithmic,524,0,5.20954560445306,
9,31,903,direct,105,63,4.297957750012545,15.753424657534246
9,32,901,coalition,98,72,4.159599169008921,10.36448598130841
9,32,902,algorithmic,542,0,4.981608242930481,
9,32,903,direct,125,63,4.745206013815522,16.2874251497006
9,33,901,coalition,106,72,5.059529815356674,8.486238532110093
9,33,902,algorithmic,588,0,5.094673619160196,
9,33,903,direct,71,63,4.919271560091781,16.684491978609625
9,34,901,coalition,89,72,5.023063276167949,9.931623931623932
9,34,902,algorithmic,598,0,5.403239876190151,
9,34,903,direct,78,63,4.017300170494433,15.338345864661655
9,35,901,coalition,88,72,4.2272727272727275,8.744186046511627
9,35,902,algorithmic,561,0,5.391555776644696,
9,35,903,direct,116,63,4.8513432237369685,15.571428571428571
9,36,901,coalition,148,72,4.751442453689645,7.445783132530121
9,36,902,algorithmic,525,0,5.286785325377345,
9,36,903,direct,92,63,4.863207547169812,16.51685393258427
9,37,901,coalition,85,72,4.957219251336898,8.9
9,37,902,algorithmic,547,0,4.947452082114374,
9,37,903,direct,133,63,4.353259861983727,15.974025974025974
9,38,901,coalition,117,72,4.875739644970414,7.533333333333333
9,38,902,algorithmic,583,0,5.494497954875313,
9,38,903,direct,65,63,4.404733727810651,16.82051282051282
9,39,901,coalition,137,72,4.288305882093981,12.701492537313433
9,39,902,algorithmic,547,0,4.882804592534886,
9,39,903,direct,81,63,4.714210664565274,15.118110236220472
9,40,901,coalition,99,72,4.326340326340326,5.779220779220779
9,40,902,algorithmic,532,0,5.1677420324036865,
9,40,903,direct,134,63,4.224141530111679,15.664335664335665
9,41,901,coalition,129,72,4.292912513842746,7.897435897435898
9,41,902,algorithmic,547,0,4.833857238578177,
9,41,903,direct,89,63,4.630535360211501,16.836734693877553
9,42,901,coalition,129,72,4.211201807074285,10.453125
9,42,902,algorithmic,539,0,4.876819041885267,
9,42,903,direct,97,63,4.907216494845361,15.894039735099337
9,43,901,coalition,118,72,4.379277262551967,9.30188679245283
9,43,902,algorithmic,530,0,5.051263794944821,
9,43,903,direct,117,63,4.2786324786324785,16.10062893081761
9,44,901,coalition,83,72,5.107962576563236,14.243386243386245
9,44,902,algorithmic,598,0,5.586262090269863,
9,44,903,direct,84,63,4.1020408163265305,16.536312849162012
9,45,901,coalition,177,72,4.7193715656682915,10.106796116504853
9,45,902,algorithmic,464,0,5.061898713139135,
9,45,903,direct,124,63,4.833496755851521,15.753424657534246
9,46,901,coalition,102,72,4.252371916508539,5.897435897435898
9,46,902,algorithmic,570,0,4.930669104523095,
9,46,903,direct,93,63,4.920568851890392,16.666666666666664
9,47,901,coalition,129,72,4.210052513128282,7.125
9,47,902,algorithmic,550,0,5.401447629379756,
9,47,903,direct,86,63,4.337848913095326,16.0
9,48,901,coalition,100,72,4.478054054054054,7.897435897435898
9,48,902,algorithmic,549,0,5.342565390106373,
9,48,903,direct,116,63,4.320945945945946,15.81081081081081
9,49,901,coalition,154,72,4.824514043023801,8.9
9,49,902,algorithmic,516,0,5.020318008242451,
9,49,903,direct,95,63,4.30770083102493,16.51685393258427
9,50,901,coalition,66,72,4.479309013703918,10.03921568627451
9,50,902,algorithmic,591,0,4.992200859780687,
9,50,903,direct,108,63,4.57723311546841,16.05095541401274
9,51,901,coalition,177,72,4.9155865736124955,10.486238532110093
9,51,902,algorithmic,524,0,5.231052751083262,
9,51,903,direct,64,63,4.288621590653941,16.352941176470587
9,52,901,coalition,184,72,4.340988779803647,10.32
9,52,902,algorithmic,455,0,4.561454803261255,
9,52,903,direct,126,63,4.79094726062468,15.079365079365079
9,53,901,coalition,67,72,4.450077522275979,7.828282828282828
9,53,902,algorithmic,583,0,4.95000514247987,
9,53,903,direct,115,63,4.5360940305817055,16.70212765957447
9,54,901,coalition,124,72,4.261344997266265,8.744186046511627
9,54,902,algorithmic,493,0,5.228713705471918,
9,54,903,direct,148,63,4.065064773433096,16.497175141242938
9,55,901,coalition,128,72,4.624399038461538,12.10344827586207
9,55,902,algorithmic,542,0,5.211907954623313,
9,55,903,direct,95,63,3.8122015915119363,17.047619047619047
9,56,901,coalition,99,72,4.685710609277488,8.446808510638299
9,56,902,algorithmic,577,0,4.907094005975366,
9,56,903,direct,89,63,3.9937247966016294,16.05095541401274
9,57,901,coalition,123,72,4.693587465675981,7.533333333333333
9,57,902,algorithmic,486,0,4.7562808100920035,
9,57,903,direct,156,63,4.808069381598793,15.894039735099337
9,58,901,coalition,81,72,4.28372409106354,8.97029702970297
9,58,902,algorithmic,611,0,4.871075981970633,
9,58,903,direct,73,63,4.793824797979863,17.155963302752294
9,59,901,coalition,98,72,4.540816326530612,8.744186046511627
9,59,902,algorithmic,515,0,5.46403885079599,
9,59,903,direct,152,63,4.145660203139427,15.407407407407408
9,60,901,coalition,136,72,4.396783540601995,8.234567901234568
9,60,902,algorithmic,556,0,5.2896279448265755,
9,60,903,direct,73,63,4.242842933535546,17.102803738317757
9,61,901,coalition,80,0,4.341666666666667,
9,61,902,algorithmic,566,72,5.285031232552301,6.341463414634147
9,61,903,direct,119,63,4.347095359883084,15.407407407407408
9,62,901,coalition,192,0,4.345194521178637,
9,62,902,algorithmic,451,72,5.6434687802428,9.9
9,62,903,direct,122,63,4.5698306312833985,16.574585635359114
9,63,901,coalition,135,0,5.934943639291466,
9,63,902,algorithmic,570,72,5.698836765827612,7.138888888888889
9,63,903,direct,60,63,4.795471014492753,16.630434782608695
9,64,901,coalition,164,0,5.1053831214766845,
9,64,902,algorithmic,504,72,6.182474629195941,8.197802197802197
9,64,903,direct,97,63,4.677032279871557,14.918032786885245
9,65,901,coalition,143,0,5.5606016624884544,
9,65,902,algorithmic,538,72,5.728799887774427,8.533333333333333
9,65,903,direct,84,63,4.476190476190476,16.10062893081761
9,66,901,coalition,194,0,4.89429203893671,
9,66,902,algorithmic,462,72,5.783431180691454,9.44578313253012
9,66,903,direct,109,63,4.697247706422019,15.753424657534246
9,67,901,coalition,146,0,5.317547962790371,
9,67,902,algorithmic,537,72,5.66382436538273,8.341463414634147
9,67,903,direct,82,63,5.024390243902439,16.374269005847953
9,68,901,coalition,166,0,4.9724012328383305,
9,68,902,algorithmic,500,72,5.7325,7.7441860465116275
9,68,903,direct,99,63,4.898989898989899,15.694444444444445
9,69,901,coalition,112,0,5.08564067919658,
9,69,902,algorithmic,575,72,5.693459357277883,9.779220779220779
9,69,903,direct,78,63,4.3996655518394645,16.149068322981368
9,70,901,coalition,207,0,4.568367989918085,
9,70,902,algorithmic,459,72,5.783224400871459,8.282608695652174
9,70,903,direct,99,63,4.792929292929293,15.571428571428571
9,71,901,coalition,208,72,4.994001122463004,5.273972602739726
9,71,902,algorithmic,473,0,5.466403162055336,
9,71,903,direct,84,63,4.863354037267081,16.149068322981368
9,72,901,coalition,79,72,4.532976837065171,9.603603603603602
9,72,902,algorithmic,558,0,4.887145081306414,
9,72,903,direct,128,63,4.268705269702977,15.753424657534246
9,73,901,coalition,134,72,4.698350353495679,7.897435897435898
9,73,902,algorithmic,544,0,5.2065893665158365,
9,73,903,direct,87,63,4.3839080459770114,16.736842105263158
9,74,901,coalition,111,72,4.934881189914748,11.496124031007753
9,74,902,algorithmic,517,0,4.694952010570655,
9,74,903,direct,137,63,3.9375028464255104,15.838926174496645
9,75,901,coalition,171,72,4.499588424740501,9.446808510638299
9,75,902,algorithmic,507,0,4.732482951095212,
9,75,903,direct,87,63,4.484837348292555,16.884422110552762
9,76,901,coalition,75,72,4.633914988814317,8.526315789473685
9,76,902,algorithmic,574,0,4.6085009371732,
9,76,903,direct,116,63,4.888572242804218,15.838926174496645
9,77,901,coalition,93,72,5.001570617373444,9.36448598130841
9,77,902,algorithmic,568,0,5.1125955597939114,
9,77,903,direct,104,63,3.7381355681829374,16.51685393258427
9,78,901,coalition,141,72,4.8915662650602405,8.755102040816325
9,78,902,algorithmic,502,0,4.911805350458529,
9,78,903,direct,122,63,4.3995133689823795,16.265060240963855
9,79,901,coalition,92,0,4.445061436672968,
9,79,902,algorithmic,583,72,5.1751830946461554,6.897435897435898
9,79,903,direct,90,63,4.2499498678333785,16.630434782608695
9,80,901,coalition,145,0,4.315750019726979,
9,80,902,algorithmic,516,72,5.902794777641779,8.282608695652174
9,80,903,direct,104,63,4.769230769230769,15.921052631578947
9,81,901,coalition,156,0,4.9580630213160335,
9,81,902,algorithmic,532,72,5.615861944016668,7.125
9,81,903,direct,77,63,4.833828821780629,16.265060240963855
9,82,901,coalition,208,0,4.827766865121597,
9,82,902,algorithmic,484,72,5.804937867887508,11.197802197802197
9,82,903,direct,73,63,4.8493150684931505,15.53956834532374
9,83,901,coalition,142,0,6.16150234741784,
9,83,902,algorithmic,488,72,5.694672131147541,7.533333333333333
9,83,903,direct,135,63,4.407407407407407,15.407407407407408
9,84,901,coalition,180,0,5.368797840625252,
9,84,902,algorithmic,488,72,5.7070816343513355,8.547619047619047
9,84,903,direct,97,63,4.890784447119159,16.85279187817259
9,85,901,coalition,167,0,5.3247060188648705,
9,85,902,algorithmic,539,72,5.672069170721461,7.405405405405405
9,85,903,direct,59,63,4.6440677966101696,16.10062893081761
9,86,901,coalition,157,0,5.088961414960258,
9,86,902,algorithmic,499,72,5.8133125755643515,9.125
9,86,903,direct,109,63,5.009174311926605,14.87603305785124
9,87,901,coalition,160,0,4.713768796992481,
9,87,902,algorithmic,473,72,5.579614999443641,8.547619047619047
9,87,903,direct,132,63,4.732057416267943,16.374269005847953
9,88,901,coalition,127,72,5.634142381686825,5.138888888888889
9,88,902,algorithmic,554,0,5.67291302244222,
9,88,903,direct,84,63,5.154884634266078,16.804123711340207
9,89,901,coalition,77,72,5.325386941825298,7.8390804597701145
9,89,902,algorithmic,584,0,5.107994509841754,
9,89,903,direct,104,63,4.436158668917289,15.753424657534246
9,90,901,coalition,144,0,4.819611780455154,
9,90,902,algorithmic,535,72,5.313526295127466,7.138888888888889
9,90,903,direct,86,63,4.579195474544312,16.265060240963855
9,91,901,coalition,214,0,5.081799653343321,
9,91,902,algorithmic,472,72,5.866525423728813,7.8390804597701145
9,91,903,direct,79,63,5.025316455696203,15.81081081081081
9,92,901,coalition,188,72,5.851076064747408,4.405405405405405
9,92,902,algorithmic,484,0,5.613284684367857,
9,92,903,direct,93,63,4.720430107526882,15.602836879432624
9,93,901,coalition,71,72,4.946065231844423,8.97029702970297
9,93,902,algorithmic,619,0,4.821905473654181,
9,93,903,direct,75,63,4.7197425997426,16.0
9,94,901,coalition,134,72,4.438882231179867,7.445783132530121
9,94,902,algorithmic,547,0,5.450070932401795,
9,94,903,direct,84,63,4.914989939637827,15.474452554744525
9,95,901,coalition,124,72,4.297613787008396,8.365591397849462
9,95,902,algorithmic,552,0,4.762656792137865,
9,95,903,direct,89,63,4.089383746320246,15.753424657534246
9,96,901,coalition,124,72,4.801694246791448,9.755102040816325
9,96,902,algorithmic,514,0,4.79514891125462,
9,96,903,direct,127,63,4.362501390622876,15.894039735099337
9,97,901,coalition,85,72,4.309803921568627,10.983050847457626
9,97,902,algorithmic,574,0,4.876243778269409,
9,97,903,direct,106,63,4.9932268988872766,16.71957671957672
9,98,901,coalition,112,72,5.013392857142857,7.9318181818181825
9,98,902,algorithmic,556,0,5.03466317854807,
9,98,903,direct,97,63,4.307115564847524,16.30952380952381
9,99,901,coalition,111,72,4.80452150263471,10.496124031007753
9,99,902,algorithmic,583,0,4.9064989290245595,
9,99,903,direct,71,63,4.305488286179141,16.10062893081761
9,100,901,coalition,56,72,4.3580827067669174,8.012658227848101
9,100,902,algorithmic,604,0,5.440456865449475,
9,100,903,direct,105,63,4.37344487941233,15.338345864661655
10,1,901,algorithmic,497,45,4.092951938634731,11.125
10,1,902,coalition,124,54,3.7121335230337684,12.841610841610843
10,1,903,direct,144,36,4.123640768172018,13.496098104793756
10,2,901,algorithmic,473,45,4.861708071481635,11.394491129785246
10,2,902,coalition,104,54,4.219892686649365,12.153797865662273
10,2,903,direct,188,36,4.1876803101334295,13.711359404096834
10,3,901,algorithmic,504,45,5.226108513217275,10.295712199654853
10,3,902,coalition,161,54,4.230739164168942,10.871188664779428
10,3,903,direct,100,36,3.5063566586510087,14.263826606875934
10,4,901,algorithmic,514,45,5.161590246024896,9.938562091503268
10,4,902,coalition,124,54,4.523025051856263,12.591872984642292
10,4,903,direct,127,36,3.5070285784023243,13.240740740740739
10,5,901,algorithmic,522,45,5.027713920817369,11.678830409356724
10,5,902,coalition,134,54,3.8329671890325354,12.179786566227245
10,5,903,direct,109,36,3.926629692980183,13.67283950617284
10,6,901,algorithmic,461,45,5.612891064530722,10.159272087525428
10,6,902,coalition,119,54,3.8863860440968625,12.502574767280649
10,6,903,direct,185,36,3.9540389288679303,13.402777777777777
10,7,901,algorithmic,498,60,5.155007409700601,10.5743447993448
10,7,902,coalition,155,54,4.290946078042852,11.331428476777315
10,7,903,direct,112,21,4.062338065245042,18.40909090909091
10,8,901,algorithmic,541,60,5.52330042042749,10.071794871794872
10,8,902,coalition,92,54,4.050718303435695,12.54036718797357
10,8,903,direct,132,21,4.3794537586849005,18.484848484848484
10,9,901,algorithmic,490,60,5.610201492082883,10.700511695906433
10,9,902,coalition,120,23,4.125248285944747,12.344827586206895
10,9,903,direct,155,52,4.216637295147713,12.860409661703148
10,10,901,algorithmic,596,60,5.66067814982683,9.185375494071145
10,10,902,coalition,111,23,3.7097229497065407,11.857142857142858
10,10,903,direct,58,52,3.9437569947420656,17.524271844660195
10,11,901,algorithmic,464,60,5.537032537593444,11.36025641025641
10,11,902,coalition,163,23,4.126468209090339,13.5
10,11,903,direct,138,52,3.699785531021229,15.321100917431192
10,12,901,algorithmic,544,60,5.557262842189313,10.06938775510204
10,12,902,coalition,127,23,4.360825714031563,11.582417582417582
10,12,903,direct,94,52,3.3714667438071695,17.3015873015873
10,13,901,algorithmic,512,60,5.712936729778987,10.206969696969697
10,13,902,coalition,134,23,4.04803966115437,14.523489932885905
10,13,903,direct,119,52,4.159359314195477,16.482758620689655
10,14,901,algorithmic,597,60,5.40767436983813,9.347634885439764
10,14,902,coalition,85,23,3.9076609102771647,12.944444444444445
10,14,903,direct,83,52,3.530611501666453,17.0
10,15,901,algorithmic,469,60,5.391540169916387,10.166666666666666
10,15,902,coalition,125,23,4.066632952484815,10.054054054054054
10,15,903,direct,171,52,3.6973009125551872,16.19402985074627
10,16,901,algorithmic,567,60,5.219763058342559,8.217821067821069
10,16,902,coalition,104,23,4.871176121176121,9.271186440677965
10,16,903,direct,94,52,3.832530444065141,17.7027027027027
10,17,901,algorithmic,510,60,5.669649698960043,10.875382036872718
10,17,902,coalition,169,23,3.483708473823307,7.888888888888889
10,17,903,direct,86,52,4.004365025998312,16.482758620689655
10,18,901,algorithmic,513,60,5.2565782965694625,9.06483942414175
10,18,902,coalition,172,23,4.7182764897115215,9.944444444444445
10,18,903,direct,80,52,3.593717537189396,16.277372262773724
10,19,901,algorithmic,400,60,5.684722987329818,11.846560846560847
10,19,902,coalition,192,23,4.686687141492441,14.8659793814433
10,19,903,direct,173,52,4.190086955863728,16.106870229007633
10,20,901,algorithmic,569,60,5.539418697689479,9.060077519379844
10,20,902,coalition,93,23,5.036620386738874,16.97196261682243
10,20,903,direct,103,52,3.9347155430541694,17.723214285714285
10,21,901,algorithmic,536,60,5.5297427065227405,10.458243486073675
10,21,902,coalition,136,23,4.116803389451836,11.393442622950818
10,21,903,direct,93,52,4.030501624235098,16.688311688311686
10,22,901,algorithmic,558,60,5.60978277855915,10.357754514235072
10,22,902,coalition,98,23,4.459654325865367,16.60759493670886
10,22,903,direct,109,52,3.8770551659387187,16.458333333333336
10,23,901,algorithmic,480,41,5.548861882716049,11.982456140350877
10,23,902,coalition,156,23,4.442467011545959,12.925925925925926
10,23,903,direct,129,71,3.8542204995693368,14.721830985915492
10,24,901,algorithmic,523,41,5.116031759224967,9.307692307692308
10,24,902,coalition,152,23,4.388731187781696,10.451612903225806
10,24,903,direct,90,71,4.678743014023349,16.482412060301506
10,25,901,algorithmic,429,41,5.780961136564585,9.452830188679245
10,25,902,coalition,193,23,4.879962016376697,16.735632183908045
10,25,903,direct,143,71,4.882716421509525,15.625
10,26,901,algorithmic,530,41,5.180518779662385,8.156862745098039
10,26,902,coalition,141,23,4.815955344697668,14.103448275862068
10,26,903,direct,94,71,5.030755498636862,16.71361502347418
10,27,901,algorithmic,469,41,5.526403594774892,10.666666666666666
10,27,902,coalition,161,23,4.788171464384308,16.650306748466257
10,27,903,direct,135,71,4.216526177531714,15.731707317073168
10,28,901,algorithmic,556,41,5.2487747621061205,8.83673469387755
10,28,902,coalition,126,23,4.337630200052578,11.857142857142858
10,28,903,direct,83,71,5.006464883925948,16.585365853658537
10,29,901,algorithmic,532,41,5.500640512250419,11.857142857142858
10,29,902,coalition,104,23,4.397819765466824,11.764705882352942
10,29,903,direct,129,71,4.16331144511719,15.42483660130719
10,30,901,algorithmic,515,41,5.305245100715474,7.0
10,30,902,coalition,135,23,3.792973095932337,11.5625
10,30,903,direct,115,71,4.455513441083957,16.482412060301506
10,31,901,algorithmic,486,41,5.339358466747002,11.156862745098039
10,31,902,coalition,166,23,4.442005401737172,14.598726114649683
10,31,903,direct,113,71,4.730389371390442,16.216216216216218
10,32,901,algorithmic,528,41,5.420987439882584,8.727272727272727
10,32,902,coalition,157,23,4.419774447524887,13.63440860215054
10,32,903,direct,80,71,4.759571987639711,16.174863387978142
10,33,901,algorithmic,521,41,5.268666386551619,8.452830188679245
10,33,902,coalition,139,23,4.283863694329663,14.15126050420168
10,33,903,direct,105,71,4.731058009796097,15.33333333333333
10,34,901,algorithmic,521,41,5.295283794899918,6.48936170212766
10,34,902,coalition,166,23,4.768978650162961,12.8
10,34,903,direct,78,71,4.665384615384615,16.0
10,35,901,algorithmic,507,41,5.438076248223548,9.452830188679245
10,35,902,coalition,156,23,4.50014803813479,14.829787234042554
10,35,903,direct,102,71,4.746141009595327,15.27027027027027
10,36,901,algorithmic,491,41,5.6558329523798365,8.666666666666666
10,36,902,coalition,150,23,5.123441918532067,16.764044943820224
10,36,903,direct,124,71,5.177056904675607,15.930232558139538
10,37,901,algorithmic,506,41,5.0330122363328345,10.307692307692308
10,37,902,coalition,168,23,4.657182574079002,11.901408450704222
10,37,903,direct,91,71,4.5677888402654645,16.391752577319586
10,38,901,algorithmic,518,41,5.362461148753218,9.90909090909091
10,38,902,coalition,129,23,4.774802849572686,12.441860465116278
10,38,903,direct,118,71,4.6072962263759525,15.652173913043475
10,39,901,algorithmic,554,41,5.819575973780552,7.452830188679246
10,39,902,coalition,140,23,4.138284617432596,15.543046357615893
10,39,903,direct,71,71,4.784161925193545,16.27659574468085
10,40,901,algorithmic,503,41,5.098574614827452,8.69767441860465
10,40,902,coalition,159,23,4.654605291846129,12.066666666666665
10,40,903,direct,103,71,4.972431978904471,15.035460992907801
10,41,901,algorithmic,478,41,5.180123750467561,10.846153846153847
10,41,902,coalition,167,23,4.382124362297125,10.769230769230768
10,41,903,direct,120,71,4.04218373707324,15.953757225433527
10,42,901,algorithmic,555,41,5.265740427143936,6.111111111111111
10,42,902,coalition,116,23,4.723480156329521,12.81159420289855
10,42,903,direct,94,71,5.126758977822807,16.315789473684212
10,43,901,algorithmic,515,41,5.497032125661063,8.857142857142858
10,43,902,coalition,175,23,3.8948631159780986,12.066666666666665
10,43,903,direct,75,71,4.184,15.731707317073168
10,44,901,algorithmic,581,41,5.554167559186761,9.666666666666666
10,44,902,coalition,70,23,5.005010293982813,11.81159420289855
10,44,903,direct,114,71,4.991183542612877,15.172413793103448
10,45,901,algorithmic,544,41,5.764645939897698,8.592592592592592
10,45,902,coalition,133,23,4.077782015425036,16.608695652173914
10,45,903,direct,88,71,4.7272727272727275,16.195652173913043
10,46,901,algorithmic,506,41,5.3165696067793835,7.111111111111111
10,46,902,coalition,174,23,4.59028918216666,14.528089887640446
10,46,903,direct,85,71,4.447356664184661,15.569620253164555
10,47,901,algorithmic,469,41,5.60586905011583,8.452830188679245
10,47,902,coalition,221,23,4.510207622540566,11.206896551724139
10,47,903,direct,75,71,4.3929767769176635,15.483870967741938
10,48,901,algorithmic,461,41,5.553056684480127,6.48936170212766
10,48,902,coalition,182,23,5.195219220001155,15.094650205761317
10,48,903,direct,122,71,5.308540781218376,15.172413793103448
10,49,901,algorithmic,526,41,5.192153833967047,8.666666666666666
10,49,902,coalition,168,23,4.3721186391223155,12.5625
10,49,903,direct,71,71,5.368328845622756,16.354166666666664
10,50,901,algorithmic,485,41,5.698703547638564,9.666666666666666
10,50,902,coalition,150,23,5.105711086226204,15.842105263157894
10,50,903,direct,130,71,4.993522267206478,15.035460992907801
10,51,901,algorithmic,501,0,5.390992433737177,
10,51,902,coalition,178,64,4.7508514066718925,11.279917635658915
10,51,903,direct,86,71,4.8023255813953485,16.5
10,52,901,algorithmic,560,0,4.602020731688781,
10,52,902,coalition,91,64,4.591920580749179,11.625
10,52,903,direct,114,71,4.850877192982456,15.512820512820513
10,53,901,algorithmic,554,64,5.277304119518842,5.15625
10,53,902,coalition,111,0,4.627790834312573,
10,53,903,direct,100,71,4.3377145680406555,16.195652173913043
10,54,901,algorithmic,544,64,5.732266435986159,8.125
10,54,902,coalition,148,0,4.7241653418124,
10,54,903,direct,73,71,4.8195004029008865,15.882352941176473
10,55,901,algorithmic,531,64,6.007058854516481,6.869565217391305
10,55,902,coalition,149,0,5.115114240880217,
10,55,903,direct,85,71,5.117647058823529,15.104895104895105
10,56,901,algorithmic,511,64,5.784735812133072,7.818181818181818
10,56,902,coalition,159,0,4.4502717813734245,
10,56,903,direct,95,71,4.701982228298018,15.483870967741938
10,57,901,algorithmic,513,64,5.64380648591175,6.869565217391305
10,57,902,coalition,133,0,4.8690996265366975,
10,57,903,direct,119,71,4.46804176215941,15.757575757575758
10,58,901,algorithmic,472,0,5.515895435386961,
10,58,902,coalition,173,64,4.2881693344121095,6.818181818181818
10,58,903,direct,120,71,4.410361552028219,16.296296296296298
10,59,901,algorithmic,581,0,4.787929370311403,
10,59,902,coalition,56,64,4.2067669172932325,10.076923076923077
10,59,903,direct,128,71,4.664606405804276,16.315789473684212
10,60,901,algorithmic,453,0,4.936273624687296,
10,60,902,coalition,175,64,5.100894660894661,9.710526315789474
10,60,903,direct,137,71,4.5072072624670305,16.464646464646464
10,61,901,algorithmic,547,0,4.6299361203824985,
10,61,902,coalition,145,64,4.408707690972442,12.8
10,61,903,direct,73,71,4.663291641850307,16.618357487922708
10,62,901,algorithmic,485,0,5.356917309494629,
10,62,902,coalition,145,64,4.904412828550759,13.971153846153847
10,62,903,direct,135,71,4.744729344729345,15.104895104895105
10,63,901,algorithmic,571,0,5.087018334749383,
10,63,902,coalition,103,64,4.244412466529446,9.368421052631579
10,63,903,direct,91,71,4.8055584190668625,16.585365853658537
10,64,901,algorithmic,503,0,5.017761506312651,
10,64,902,coalition,122,64,4.933611648508299,8.840909090909092
10,64,903,direct,140,71,4.445142285687074,15.652173913043475
10,65,901,algorithmic,524,0,4.829575486064035,
10,65,902,coalition,119,64,4.035635875972011,10.5
10,65,903,direct,122,71,4.615186615186615,16.666666666666664
10,66,901,algorithmic,458,0,5.218011450885359,
10,66,902,coalition,163,64,4.7454626789366054,15.538461538461538
10,66,903,direct,144,71,3.938339438339438,16.354166666666664
10,67,901,algorithmic,534,0,4.177155819306588,
10,67,902,coalition,136,64,4.427773818153512,9.7
10,67,903,direct,95,71,5.208951416669206,16.72897196261682
10,68,901,algorithmic,604,0,5.361391800891531,
10,68,902,coalition,59,64,4.4041212740642095,7.36986301369863
10,68,903,direct,102,71,4.766577987979112,15.757575757575758
10,69,901,algorithmic,533,0,5.285936727799283,
10,69,902,coalition,117,64,4.55297157622739,7.921348314606742
10,69,903,direct,115,71,4.911047754811119,15.930232558139538
10,70,901,algorithmic,570,0,5.516234547453005,
10,70,902,coalition,107,64,4.218601779349443,7.36986301369863
10,70,903,direct,88,71,4.680555555555556,16.216216216216218
10,71,901,algorithmic,547,0,5.2114899185891375,
10,71,902,coalition,98,64,3.9550503745802117,10.225806451612904
10,71,903,direct,120,71,4.449525616698293,15.569620253164555
10,72,901,algorithmic,566,0,5.013558092496567,
10,72,902,coalition,121,64,4.232274902131361,7.6
10,72,903,direct,78,71,3.660723715643624,16.315789473684212
10,73,901,algorithmic,540,0,5.257347564956261,
10,73,902,coalition,111,64,4.425884756672065,7.486486486486487
10,73,903,direct,114,71,4.945842868039665,15.27027027027027
10,74,901,algorithmic,531,0,4.856455432705889,
10,74,902,coalition,104,64,4.333612040133779,10.368421052631579
10,74,903,direct,130,71,4.303704220764112,16.195652173913043
10,75,901,algorithmic,518,0,4.753253707458342,
10,75,902,coalition,139,64,4.67841726618705,8.152173913043478
10,75,903,direct,108,71,4.554169438899978,16.5
10,76,901,algorithmic,534,0,5.218700717439501,
10,76,902,coalition,128,64,4.451899543886973,13.881188118811881
10,76,903,direct,103,71,4.703739305969432,16.06741573033708
10,77,901,algorithmic,591,0,5.159842584238668,
10,77,902,coalition,88,64,4.416879314281942,7.25
10,77,903,direct,86,71,4.237063192499695,15.953757225433527
10,78,901,algorithmic,490,0,5.282246503627771,
10,78,902,coalition,133,64,4.706073640545582,9.222222222222221
10,78,903,direct,142,71,4.207536610390822,15.512820512820513
10,79,901,algorithmic,536,0,4.614659446883952,
10,79,902,coalition,154,64,4.677882571798628,11.836065573770492
10,79,903,direct,75,71,4.325889771931043,16.69811320754717
10,80,901,algorithmic,520,0,5.069305944333753,
10,80,902,coalition,113,64,4.803298791043287,12.078125
10,80,903,direct,132,71,4.359532477163178,15.172413793103448
10,81,901,algorithmic,589,64,5.305254294529623,6.15625
10,81,902,coalition,105,0,4.713154172560113,
10,81,903,direct,71,71,5.02944942381562,16.534653465346537
10,82,901,algorithmic,475,64,5.930929451287795,8.486486486486486
10,82,902,coalition,185,0,4.319760243279507,
10,82,903,direct,105,71,5.142857142857143,15.035460992907801
10,83,901,algorithmic,464,64,5.58134236453202,9.126760563380282
10,83,902,coalition,181,0,5.067412208054959,
10,83,903,direct,120,71,4.691190476190476,16.0
10,84,901,algorithmic,513,64,5.7400225710475015,8.454545454545455
10,84,902,coalition,172,0,5.984477578724825,
10,84,903,direct,80,71,4.619078947368421,16.315789473684212
10,85,901,algorithmic,541,64,5.756500308071473,8.818181818181818
10,85,902,coalition,134,0,4.768766556826258,
10,85,903,direct,90,71,4.585425685425685,15.33333333333333
10,86,901,algorithmic,488,64,5.714651639344262,9.0
10,86,902,coalition,179,0,4.928421787709497,
10,86,903,direct,98,71,4.364158163265306,15.625
10,87,901,algorithmic,510,64,5.567740429505136,9.0
10,87,902,coalition,144,0,5.076140873015873,
10,87,903,direct,111,71,4.6695624195624195,15.833333333333334
10,88,901,algorithmic,496,64,5.6218254321867756,6.36986301369863
10,88,902,coalition,164,0,4.94810358608392,
10,88,903,direct,105,71,4.819047619047619,16.132596685082873
10,89,901,algorithmic,563,64,5.671352448617102,8.597014925373134
10,89,902,coalition,97,0,5.204325940254544,
10,89,903,direct,105,71,4.895238095238096,16.0
10,90,901,algorithmic,528,64,5.952813852813853,7.486486486486487
10,90,902,coalition,159,0,4.464019814963211,
10,90,903,direct,78,71,4.602564102564102,16.0
10,91,901,algorithmic,501,64,5.728057398716081,8.126760563380282
10,91,902,coalition,162,0,4.758897395047629,
10,91,903,direct,102,71,4.627450980392157,15.27027027027027
10,92,901,algorithmic,518,64,5.526735206967765,9.36986301369863
10,92,902,coalition,164,0,5.051423282232185,
10,92,903,direct,83,71,4.855421686746988,15.930232558139538
10,93,901,algorithmic,462,64,5.417154740684152,8.15625
10,93,902,coalition,168,0,4.65542328042328,
10,93,903,direct,135,71,4.607407407407408,15.42483660130719
10,94,901,algorithmic,514,64,5.51304925500617,7.818181818181818
10,94,902,coalition,181,0,4.794649091644106,
10,94,903,direct,70,71,4.721951219512196,16.585365853658537
10,95,901,algorithmic,486,64,5.960023515579071,5.3076923076923075
10,95,902,coalition,193,0,5.356146444229346,
10,95,903,direct,86,71,4.8604651162790695,15.0
10,96,901,algorithmic,486,64,5.81721536351166,6.486486486486487
10,96,902,coalition,149,0,4.807301622737865,
10,96,903,direct,130,71,5.2153846153846155,15.512820512820513
10,97,901,algorithmic,536,0,5.6049440298507465,
10,97,902,coalition,147,64,5.636446886446886,5.3076923076923075
10,97,903,direct,82,71,4.560975609756097,16.5
10,98,901,algorithmic,517,0,4.466653372881531,
10,98,902,coalition,142,64,4.437987574570228,12.771812080536913
10,98,903,direct,106,71,4.454895469647908,15.394736842105264
10,99,901,algorithmic,494,0,4.723711345254116,
10,99,902,coalition,153,64,4.454942176427112,11.793388429752067
10,99,903,direct,118,71,4.0444580012230995,16.022727272727273
10,100,901,algorithmic,599,0,4.879578771171141,
10,100,902,coalition,57,64,4.402015677491601,7.636363636363637
10,100,903,direct,109,71,4.735643900781516,16.27659574468085
11,1,901,coalition,55,50,3.8995946082902604,13.086153846153847
11,1,902,algorithmic,595,43,4.045164554115961,9.60077519379845
11,1,903,direct,115,42,4.410964083175803,14.104953017996499
11,2,901,coalition,181,50,4.441554516692638,9.96738618524333
11,2,902,algorithmic,477,43,5.662152911479057,11.959689922480619
11,2,903,direct,107,42,3.2875588289473474,13.324175824175825
11,3,901,coalition,99,50,3.9915635567809478,12.660231884057971
11,3,902,algorithmic,529,43,5.09827053979269,11.369878183831673
11,3,903,direct,137,42,4.105857510046657,13.42020592020592
11,4,901,coalition,144,50,4.805680085876715,11.579562238294631
11,4,902,algorithmic,529,43,5.573493872626534,12.28622540250447
11,4,903,direct,92,42,3.6899836602665204,13.649010165864096
11,5,901,coalition,139,50,3.8198060041195294,12.21833124888333
11,5,902,algorithmic,526,43,5.137900878077859,12.170099667774085
11,5,903,direct,100,42,3.5933425049133465,13.107769423558896
11,6,901,coalition,129,27,5.076715322447633,16.393617021276597
11,6,902,algorithmic,546,59,5.479330657522147,11.388703570140642
11,6,903,direct,90,49,3.1292684528500136,12.798354802914073
11,7,901,coalition,121,27,4.5418149363068405,16.32258064516129
11,7,902,algorithmic,474,59,5.4494292257709445,12.07725201614996
11,7,903,direct,170,49,3.769814697109312,16.52173913043478
11,8,901,coalition,110,27,4.309013179917505,13.829268292682928
11,8,902,algorithmic,544,59,5.300704430910875,10.412429378531074
11,8,903,direct,111,49,4.254089330744383,17.798165137614678
11,9,901,coalition,124,27,3.385839068839141,10.347826086956522
11,9,902,algorithmic,551,59,5.373808787527493,10.977670164110842
11,9,903,direct,90,49,3.6595725246620385,16.9811320754717
11,10,901,coalition,139,27,4.367653387171686,13.0
11,10,902,algorithmic,523,59,5.288220560994691,9.873651771956858
11,10,903,direct,103,49,3.728603435399552,16.52173913043478
11,11,901,coalition,166,27,3.7887540529366115,16.424242424242422
11,11,902,algorithmic,472,59,5.358089113154215,10.180458624127617
11,11,903,direct,127,49,4.1387231640844275,16.821192052980134
11,12,901,coalition,137,27,4.467855627227975,12.533333333333333
11,12,902,algorithmic,531,59,5.248422787193974,10.027485891729238
11,12,903,direct,97,49,4.049880015028274,17.25714285714286
11,13,901,coalition,117,27,3.901327887259768,11.338028169014084
11,13,902,algorithmic,574,59,5.329406334761524,10.442845880961768
11,13,903,direct,74,49,3.851689081247054,16.689655172413794
11,14,901,coalition,157,27,4.231023615256059,11.0
11,14,902,algorithmic,483,59,5.306923535006215,11.028053769725307
11,14,903,direct,125,49,4.358390048085789,16.065573770491802
11,15,901,coalition,154,27,4.118195909084756,11.8
11,15,902,algorithmic,488,59,5.40119999285418,9.466101694915254
11,15,903,direct,123,49,3.8019226220879663,17.22543352601156
11,16,901,coalition,173,27,3.930559802568576,14.5
11,16,902,algorithmic,462,59,5.096256813362077,9.187611079804066
11,16,903,direct,130,49,3.7116716332541526,17.19298245614035
11,17,901,coalition,161,62,4.92773896564179,11.056124445990772
11,17,902,algorithmic,482,24,5.617910874714849,10.235294117647058
11,17,903,direct,122,49,4.076571354273889,17.303370786516854
11,18,901,coalition,87,62,4.922244759972955,12.234375
11,18,902,algorithmic,553,24,4.982450083180724,11.4
11,18,903,direct,125,49,3.9133518282988873,17.176470588235293
11,19,901,coalition,107,62,4.264934027850154,9.560975609756097
11,19,902,algorithmic,531,24,5.396940304853812,10.106382978723403
11,19,903,direct,127,49,3.8347271542312313,17.22543352601156
11,20,901,coalition,93,62,4.896774193548387,6.159420289855072
11,20,902,algorithmic,589,24,5.330813710292562,11.490196078431373
11,20,903,direct,83,49,3.784877324423745,17.25714285714286
11,21,901,coalition,89,62,5.170254738828373,8.408450704225352
11,21,902,algorithmic,582,24,5.496809779025858,11.208333333333334
11,21,903,direct,94,49,3.103896103896104,16.335877862595417
11,22,901,coalition,123,62,4.615825031489751,8.159420289855072
11,22,902,algorithmic,506,24,5.242135645977601,9.8125
11,22,903,direct,136,49,3.8248722728528035,16.619718309859156
11,23,901,coalition,118,62,4.807234094816998,6.757575757575758
11,23,902,algorithmic,549,24,5.225623423592062,11.888888888888891
11,23,903,direct,98,49,3.9978926353149955,17.391304347826086
11,24,901,coalition,88,62,5.148661270236612,9.83050847457627
11,24,902,algorithmic,557,24,5.197454426645047,12.0
11,24,903,direct,120,49,3.2521261780333344,16.71232876712329
11,25,901,coalition,121,62,4.93595041322314,7.906976744186046
11,25,902,algorithmic,554,24,5.25590164243869,13.0
11,25,903,direct,90,49,3.128892010474654,17.142857142857142
11,26,901,coalition,99,62,4.452862757210584,8.775510204081632
11,26,902,algorithmic,543,24,5.333440512947051,10.428571428571429
11,26,903,direct,123,49,4.471723398552667,16.52173913043478
11,27,901,coalition,121,62,4.7592069015514,9.469135802469136
11,27,902,algorithmic,518,24,5.261337308486431,13.772727272727273
11,27,903,direct,126,49,3.7503986068800885,17.19298245614035
11,28,901,coalition,76,62,4.827208937463021,6.643835616438356
11,28,902,algorithmic,623,24,5.476650042004571,10.102564102564102
11,28,903,direct,66,49,3.358386823904065,17.241379310344826
11,29,901,coalition,90,62,5.010136452241715,9.278481012658228
11,29,902,algorithmic,524,24,5.4831569509803835,10.523809523809524
11,29,903,direct,151,49,3.5888096905771687,15.789473684210527
11,30,901,coalition,88,62,4.357573538977246,8.866666666666667
11,30,902,algorithmic,542,24,5.39848199150899,11.390243902439025
11,30,903,direct,135,49,4.0710746431235485,17.587939698492463
11,31,901,coalition,158,62,4.77030239641464,12.454545454545453
11,31,902,algorithmic,500,24,5.329340828240597,12.818181818181818
11,31,903,direct,107,49,3.570526508386076,17.37704918032787
11,32,901,coalition,95,62,5.058064516129032,11.553571428571429
11,32,902,algorithmic,573,24,4.973546105846277,13.208333333333334
11,32,903,direct,97,49,3.5375266474334404,16.903225806451612
11,33,901,coalition,147,62,4.547267182735163,8.375
11,33,902,algorithmic,482,24,5.085350697616401,13.166666666666666
11,33,903,direct,136,49,4.281752223435793,16.689655172413794
11,34,901,coalition,103,62,4.483513004513426,8.440860215053764
11,34,902,algorithmic,525,24,4.899095928226363,11.888888888888891
11,34,903,direct,137,49,3.8725821676472263,17.391304347826086
11,35,901,coalition,142,62,4.588202252406993,9.068181818181818
11,35,902,algorithmic,543,24,5.142018339835346,12.390243902439025
11,35,903,direct,80,49,2.3448032150776053,17.405405405405403
11,36,901,coalition,120,62,4.490063287851936,6.615384615384615
11,36,902,algorithmic,498,24,5.212522848594073,11.390243902439025
11,36,903,direct,147,49,4.184411527436879,16.25
11,37,901,coalition,98,62,3.8619935307591877,9.278481012658228
11,37,902,algorithmic,553,24,5.119859955103811,13.0
11,37,903,direct,114,49,3.7122752232490908,17.53846153846154
11,38,901,coalition,163,62,5.304779216844656,10.504504504504505
11,38,902,algorithmic,446,24,4.786945630798749,12.74074074074074
11,38,903,direct,156,49,3.860907391829824,17.037037037037038
11,39,901,coalition,122,0,4.874575239932039,
11,39,902,algorithmic,521,62,5.261789168642506,6.029411764705882
11,39,903,direct,122,73,4.406512605042017,13.954875100725221
11,40,901,coalition,144,0,4.827890363884574,
11,40,902,algorithmic,549,62,5.42403244887612,7.643835616438356
11,40,903,direct,72,73,4.444444444444445,16.288659793814432
11,41,901,coalition,204,0,4.691633025759323,
11,41,902,algorithmic,439,62,5.9067957479119215,8.029411764705882
11,41,903,direct,122,73,4.540983606557377,15.0
11,42,901,coalition,134,0,5.293348549349473,
11,42,902,algorithmic,594,62,5.55706550036447,6.527777777777778
11,42,903,direct,37,73,4.864864864864865,16.288659793814432
11,43,901,coalition,173,0,4.510371038164431,
11,43,902,algorithmic,461,62,5.846365101793071,7.866666666666667
11,43,903,direct,131,73,4.6106870229007635,13.394495412844037
11,44,901,coalition,178,0,4.862718200571745,
11,44,902,algorithmic,479,62,5.499861163960221,7.756756756756757
11,44,903,direct,108,73,4.203703703703703,16.45320197044335
11,45,901,coalition,169,0,5.2523330095086695,
11,45,902,algorithmic,490,62,5.43843537414966,6.895522388059701
11,45,903,direct,106,73,4.113207547169812,16.0
11,46,901,coalition,196,0,5.338638856696642,
11,46,902,algorithmic,480,62,5.7062265917602994,8.756756756756756
11,46,903,direct,89,73,4.943820224719101,15.95505617977528
11,47,901,coalition,189,0,5.177162535340589,
11,47,902,algorithmic,448,62,5.453138864241349,5.757575757575758
11,47,903,direct,128,73,4.875,15.527950310559007
11,48,901,coalition,145,0,4.996870026525199,
11,48,902,algorithmic,517,62,5.493423597678917,7.615384615384615
11,48,903,direct,103,73,4.922330097087379,16.4
11,49,901,coalition,147,0,5.411401743796111,
11,49,902,algorithmic,522,62,5.692610837438424,9.408450704225352
11,49,903,direct,96,73,4.864583333333333,15.885714285714286
11,50,901,coalition,160,0,4.582291666666666,
11,50,902,algorithmic,489,62,5.611817119485831,7.285714285714286
11,50,903,direct,116,73,4.420669129720854,15.714285714285714
11,51,901,coalition,159,0,4.252512553966208,
11,51,902,algorithmic,520,62,5.5180237315875615,7.973684210526316
11,51,903,direct,86,73,4.100979192166463,16.170212765957448
11,52,901,coalition,147,0,5.02926428604548,
11,52,902,algorithmic,495,62,5.606469760900141,6.615384615384615
11,52,903,direct,123,73,5.105691056910569,15.443037974683545
11,53,901,coalition,127,0,4.58388855239249,
11,53,902,algorithmic,545,62,5.648176899553047,7.17948717948718
11,53,903,direct,93,73,4.881720430107527,16.307692307692307
11,54,901,coalition,141,0,4.656119294417167,
11,54,902,algorithmic,492,62,5.654225178615423,6.615384615384615
11,54,903,direct,132,73,4.856060606060606,15.636363636363637
11,55,901,coalition,124,0,4.898809523809524,
11,55,902,algorithmic,553,62,5.678988050916569,8.285714285714285
11,55,903,direct,88,73,4.806818181818182,16.470588235294116
11,56,901,coalition,187,0,5.019139928698753,
11,56,902,algorithmic,488,62,5.748335040983607,7.866666666666667
11,56,903,direct,90,73,4.9222222222222225,15.5
11,57,901,coalition,149,62,6.238213605103986,8.0
11,57,902,algorithmic,490,0,5.689695137314184,
11,57,903,direct,126,73,4.7936507936507935,15.555555555555554
11,58,901,coalition,110,62,4.835143644234554,11.649122807017545
11,58,902,algorithmic,564,0,4.847611722191789,
11,58,903,direct,91,73,4.350126898999079,16.363636363636363
11,59,901,coalition,123,62,4.907726071125742,10.645833333333332
11,59,902,algorithmic,542,0,5.2143450664406545,
11,59,903,direct,100,73,3.8965716374269004,15.582822085889571
11,60,901,coalition,75,62,4.440842601954837,10.96039603960396
11,60,902,algorithmic,589,0,5.169038031195952,
11,60,903,direct,101,73,4.264716161672129,15.813953488372091
11,61,901,coalition,115,62,4.8129178185473735,6.895522388059701
11,61,902,algorithmic,498,0,5.385450101471113,
11,61,903,direct,152,73,4.469040247678018,15.83815028901734
11,62,901,coalition,71,62,3.943719132979696,8.823529411764707
11,62,902,algorithmic,640,0,5.26652912230233,
11,62,903,direct,54,73,4.378391760744702,16.785714285714285
11,63,901,coalition,133,62,4.786609380594343,8.408450704225352
11,63,902,algorithmic,512,0,5.467305609223523,
11,63,903,direct,120,73,4.561868686868687,14.285714285714286
11,64,901,coalition,94,62,4.451282262192001,8.906976744186046
11,64,902,algorithmic,568,0,4.84531363790109,
11,64,903,direct,103,73,4.376739065158643,16.25
11,65,901,coalition,126,62,4.370748299319727,7.650602409638554
11,65,902,algorithmic,520,0,4.950560042367271,
11,65,903,direct,119,73,4.630252100840337,15.885714285714286
11,66,901,coalition,115,62,4.353009588662566,7.527777777777778
11,66,902,algorithmic,531,0,5.291395915848039,
11,66,903,direct,119,73,4.250842583022514,16.230366492146597
11,67,901,coalition,90,62,4.399911417843355,7.375
11,67,902,algorithmic,578,0,5.171729066238024,
11,67,903,direct,97,73,4.365979381443299,16.230366492146597
11,68,901,coalition,166,0,4.646324944749412,
11,68,902,algorithmic,472,62,5.164665632141261,5.317460317460317
11,68,903,direct,127,73,3.9841476769046253,15.7396449704142
11,69,901,coalition,151,0,4.81878049889406,
11,69,902,algorithmic,521,62,5.645222272591363,7.408450704225352
11,69,903,direct,93,73,5.032258064516129,16.381909547738694
11,70,901,coalition,145,0,4.520757802916723,
11,70,902,algorithmic,466,62,5.669853036805827,6.159420289855072
11,70,903,direct,154,73,4.863636363636363,15.636363636363637
11,71,901,coalition,188,0,5.309967104898822,
11,71,902,algorithmic,503,62,5.394570629321416,9.029411764705882
11,71,903,direct,74,73,4.851351351351352,16.8141592920354
11,72,901,coalition,205,0,4.65186136071887,
11,72,902,algorithmic,515,62,5.654368932038835,5.973684210526316
11,72,903,direct,45,73,4.7555555555555555,15.068493150684931
11,73,901,coalition,206,0,5.5808231682018095,
11,73,902,algorithmic,476,62,5.824427206780149,6.615384615384615
11,73,903,direct,83,73,4.734939759036145,13.846153846153847
11,74,901,coalition,184,0,5.265778401122019,
11,74,902,algorithmic,496,62,5.556841831425598,8.161290322580646
11,74,903,direct,85,73,4.929411764705883,15.35483870967742
11,75,901,coalition,161,0,5.497990500548045,
11,75,902,algorithmic,522,62,5.530224272152671,7.029411764705882
11,75,903,direct,82,73,5.048780487804878,15.414012738853502
11,76,901,coalition,156,0,5.398863956556265,
11,76,902,algorithmic,515,62,5.611499180431219,6.615384615384615
11,76,903,direct,94,73,4.404255319148936,15.324675324675322
11,77,901,coalition,152,62,4.975003730090641,7.029411764705882
11,77,902,algorithmic,511,0,5.803527220427699,
11,77,903,direct,102,73,4.480392156862745,15.662650602409638
11,78,901,coalition,38,62,4.406231094978827,9.96039603960396
11,78,902,algorithmic,601,0,4.855223024797511,
11,78,903,direct,126,73,4.334041284745511,15.862068965517242
11,79,901,coalition,204,62,4.17072687660923,7.317460317460317
11,79,902,algorithmic,465,0,5.224707908578877,
11,79,903,direct,96,73,5.104166666666667,16.363636363636363
11,80,901,coalition,107,62,4.469504412592051,11.378787878787879
11,80,902,algorithmic,511,0,4.785754366127663,
11,80,903,direct,147,73,4.43840156335343,15.714285714285714
11,81,901,coalition,172,0,4.544573643410852,
11,81,902,algorithmic,440,62,5.097619047619047,7.285714285714286
11,81,903,direct,153,73,4.333333333333333,16.71232876712329
11,82,901,coalition,188,0,5.231051847533923,
11,82,902,algorithmic,502,62,5.591589198760513,8.643835616438356
11,82,903,direct,75,73,4.816888888888888,16.8
11,83,901,coalition,120,0,5.710884353741497,
11,83,902,algorithmic,507,62,5.53105502556052,7.161290322580645
11,83,903,direct,138,73,4.579710144927536,15.102040816326529
11,84,901,coalition,146,0,4.423743373482907,
11,84,902,algorithmic,570,62,5.556307435254803,7.408450704225352
11,84,903,direct,49,73,4.8979591836734695,16.57142857142857
11,85,901,coalition,173,0,5.05667287695664,
11,85,902,algorithmic,458,62,6.111155220325526,7.527777777777778
11,85,903,direct,134,73,4.566749585406302,14.049586776859504
11,86,901,coalition,191,0,5.464453516487101,
11,86,902,algorithmic,488,62,5.858427502785293,7.895522388059701
11,86,903,direct,86,73,4.988372093023256,16.50485436893204
11,87,901,coalition,191,0,5.1132423809208225,
11,87,902,algorithmic,475,62,5.713444370419721,9.285714285714285
11,87,903,direct,99,73,4.155844155844156,15.443037974683545
11,88,901,coalition,165,0,5.440460947503201,
11,88,902,algorithmic,458,62,5.5466559411629515,9.408450704225352
11,88,903,direct,142,73,4.669014084507042,15.789473684210527
11,89,901,coalition,159,0,4.925970336409413,
11,89,902,algorithmic,466,62,5.445830492158357,10.866666666666667
11,89,903,direct,140,73,4.756341789052069,16.635514018691588
11,90,901,coalition,148,0,5.460714705997725,
11,90,902,algorithmic,560,62,5.7242587601078165,6.615384615384615
11,90,903,direct,57,73,4.842105263157895,16.60377358490566
11,91,901,coalition,171,0,4.25424877302736,
11,91,902,algorithmic,415,62,5.926739516204353,8.973684210526315
11,91,903,direct,179,73,5.016759776536313,14.418604651162791
11,92,901,coalition,185,0,5.215927771306258,
11,92,902,algorithmic,464,62,5.422851696661629,7.757575757575758
11,92,903,direct,116,73,4.450714383843935,17.13147410358566
11,93,901,coalition,183,0,5.2351535351186556,
11,93,902,algorithmic,447,62,5.205150173735066,9.527777777777779
11,93,903,direct,135,73,4.40086682427108,16.170212765957448
11,94,901,coalition,169,0,4.806020066889633,
11,94,902,algorithmic,474,62,5.22323121139852,8.159420289855072
11,94,903,direct,122,73,4.385245901639344,16.52173913043478
11,95,901,coalition,204,0,4.920475875448586,
11,95,902,algorithmic,458,62,5.192837527573944,8.077922077922079
11,95,903,direct,103,73,4.077669902912621,16.288659793814432
11,96,901,coalition,190,0,5.3091896407685875,
11,96,902,algorithmic,531,62,5.455582458972289,6.317460317460317
11,96,903,direct,44,73,5.113636363636363,15.885714285714286
11,97,901,coalition,157,0,4.591774950878839,
11,97,902,algorithmic,497,62,5.704780406577395,8.756756756756756
11,97,903,direct,111,73,4.45945945945946,13.793103448275861
11,98,901,coalition,169,0,4.830998341717131,
11,98,902,algorithmic,509,62,5.707365776675577,7.285714285714286
11,98,903,direct,87,73,4.41391872369826,16.065573770491802
11,99,901,coalition,147,0,5.238798124820458,
11,99,902,algorithmic,496,62,5.684976668695476,7.285714285714286
11,99,903,direct,122,73,4.860655737704918,15.471698113207548
11,100,901,coalition,169,0,5.387855648573099,
11,100,902,algorithmic,487,62,5.555557907661043,8.029411764705882
11,100,903,direct,109,73,4.798165137614679,16.288659793814432
12,1,901,direct,82,55,4.370743490043596,13.193979933110368
12,1,902,coalition,127,43,4.329002770974698,12.6412330507376
12,1,903,algorithmic,556,37,3.9550881034302994,9.633633633633634
12,2,901,direct,128,32,3.5578522540008004,16.029411764705884
12,2,902,coalition,181,55,4.176657058983361,10.921380663337287
12,2,903,algorithmic,456,48,4.836166334028562,10.513456953819778
12,3,901,direct,100,32,4.0006320024816615,18.050314465408803
12,3,902,coalition,155,55,4.376508038910753,12.50531914893617
12,3,903,algorithmic,510,48,5.2154499990816605,12.422388781431335
12,4,901,direct,112,53,3.463684258355813,14.388832877238467
12,4,902,coalition,138,55,4.526441104565191,12.961722488038276
12,4,903,algorithmic,515,27,5.521815210225965,12.347826086956522
12,5,901,direct,62,53,4.543476013234078,16.829268292682926
12,5,902,coalition,138,55,3.8741656837055136,12.145104895104893
12,5,903,algorithmic,565,27,5.070911645552807,9.347826086956522
12,6,901,direct,96,53,4.4521484375,15.438596491228068
12,6,902,coalition,101,55,2.8546823432343236,11.365151515151515
12,6,903,algorithmic,568,27,5.362812152520386,9.58333333333333
12,7,901,direct,57,53,4.486230990354201,16.486486486486488
12,7,902,coalition,166,55,3.6167687850131918,11.788856304985337
12,7,903,algorithmic,542,27,5.584505705562722,10.693877551020408
12,8,901,direct,125,53,4.638666134822497,15.229357798165138
12,8,902,coalition,121,55,3.8546179849703224,11.755659360402444
12,8,903,algorithmic,519,27,5.328328805276806,13.09433962264151
12,9,901,direct,56,53,3.9283631017892517,17.062146892655367
12,9,902,coalition,197,55,4.529783042992583,10.599685163321526
12,9,903,algorithmic,512,27,5.2616676735681525,13.517241379310345
12,10,901,direct,132,53,4.392291386879407,15.185185185185185
12,10,902,coalition,85,55,3.8584252762115705,12.302952309827463
12,10,903,algorithmic,548,27,5.1201234122703125,13.901960784313726
12,11,901,direct,121,53,4.490813960401927,17.17391304347826
12,11,902,coalition,109,55,3.6881873611031963,9.791458699069453
12,11,903,algorithmic,535,27,5.059762136611205,10.80952380952381
12,12,901,direct,147,73,3.9668324225324727,14.628984436174237
12,12,902,coalition,66,35,3.5064809949203015,15.687116564417176
12,12,903,algorithmic,552,27,5.412273494868738,14.0
12,13,901,direct,73,73,4.579493565794936,16.71232876712329
12,13,902,coalition,129,35,4.362226920366456,10.925373134328357
12,13,903,algorithmic,563,27,5.139334411424229,13.06060606060606
12,14,901,direct,126,73,4.413819680388418,15.03448275862069
12,14,902,coalition,80,35,3.3903351141330744,10.848484848484848
12,14,903,algorithmic,559,27,5.100194509681209,14.338028169014084
12,15,901,direct,96,73,4.267696277411831,16.363636363636363
12,15,902,coalition,163,35,3.8219480393012386,11.903614457831326
12,15,903,algorithmic,506,27,4.929331094701125,10.693877551020408
12,16,901,direct,78,73,4.309123265341539,15.714285714285714
12,16,902,coalition,128,35,3.4540858326054233,13.404580152671755
12,16,903,algorithmic,559,27,5.101518439249053,10.09090909090909
12,17,901,direct,137,73,4.24024511129134,15.2
12,17,902,coalition,166,35,3.7922095790569683,9.703703703703702
12,17,903,algorithmic,462,27,5.08932178932179,10.58333333333333
12,18,901,direct,98,73,4.503356605800215,16.555023923444978
12,18,902,coalition,129,35,3.942962616975597,15.3
12,18,903,algorithmic,538,27,5.405237811493926,9.953488372093023
12,19,901,direct,87,73,4.705404903658099,15.76470588235294
12,19,902,coalition,119,35,4.07893053597167,10.76923076923077
12,19,903,algorithmic,559,27,5.193785852479362,11.693877551020408
12,20,901,direct,99,73,4.651335224657512,15.471698113207548
12,20,902,coalition,146,35,3.766451997357916,11.211267605633802
12,20,903,algorithmic,520,27,5.152799602570983,10.58333333333333
12,21,901,direct,76,73,3.803088450292398,15.789473684210527
12,21,902,coalition,152,35,4.328367519676384,11.458333333333334
12,21,903,algorithmic,537,27,5.147466839818354,11.80952380952381
12,22,901,direct,113,73,4.8183461794652205,15.135135135135133
12,22,902,coalition,145,35,4.038676607642125,16.172043010752688
12,22,903,algorithmic,507,27,5.495832824616944,12.185185185185185
12,23,901,direct,48,73,4.795781116311843,16.10810810810811
12,23,902,coalition,124,35,4.076985070182043,11.0
12,23,903,algorithmic,593,27,5.147501208802988,9.80952380952381
12,24,901,direct,119,73,4.687799170301032,14.0
12,24,902,coalition,165,35,4.137096559491219,14.848101265822786
12,24,903,algorithmic,481,27,5.704043070828228,13.438356164383562
12,25,901,direct,71,73,4.920515164759474,16.230366492146597
12,25,902,coalition,122,35,4.223518586028437,12.494845360824742
12,25,903,algorithmic,572,27,5.233061918814181,7.352941176470588
12,26,901,direct,103,73,4.711089710834218,14.965034965034965
12,26,902,coalition,192,35,3.617582070707071,12.421052631578947
12,26,903,algorithmic,470,27,5.078244674325301,10.272727272727273
12,27,901,direct,96,73,4.62616914885963,15.885714285714286
12,27,902,coalition,123,35,3.8478646973574664,10.853658536585366
12,27,903,algorithmic,546,27,5.094425572782701,11.5
12,28,901,direct,100,73,4.449897952195055,15.714285714285714
12,28,902,coalition,189,35,4.111954430274115,12.344086021505376
12,28,903,algorithmic,476,27,4.973192836822422,9.58333333333333
12,29,901,direct,115,73,4.387677909923962,15.813953488372091
12,29,902,coalition,173,35,3.8085787739920107,15.475336322869955
12,29,903,algorithmic,477,27,5.270923859514953,9.658536585365853
12,30,901,direct,93,73,4.828525580278736,16.149732620320854
12,30,902,coalition,114,35,4.184519819531261,11.405405405405405
12,30,903,algorithmic,558,27,4.960673514739461,11.80952380952381
12,31,901,direct,80,73,3.9063402180589684,15.636363636363637
12,31,902,coalition,180,35,3.3895941395941396,12.458333333333334
12,31,903,algorithmic,505,27,4.972792650886711,12.06060606060606
12,32,901,direct,92,73,4.85981308411215,15.263157894736844
12,32,902,coalition,137,35,3.8736250716155283,11.091954022988507
12,32,903,algorithmic,536,27,5.151519069214539,8.80952380952381
12,33,901,direct,91,73,4.315624225398661,15.609756097560975
12,33,902,coalition,92,35,3.77619912497752,12.53061224489796
12,33,903,algorithmic,582,27,5.038864342988054,12.58333333333333
12,34,901,direct,105,73,4.810166288737717,15.582822085889571
12,34,902,coalition,134,35,3.797993490043211,9.461538461538462
12,34,903,algorithmic,526,27,5.275861484590402,10.357142857142858
12,35,901,direct,89,73,5.0524344569288395,15.93220338983051
12,35,902,coalition,135,35,4.196726472892548,11.382978723404255
12,35,903,algorithmic,541,27,4.9083351275469225,10.953488372093023
12,36,901,direct,72,73,4.227573406274422,15.527950310559007
12,36,902,coalition,123,35,3.7579055561746753,9.142857142857142
12,36,903,algorithmic,570,27,5.309254742206687,13.09433962264151
12,37,901,direct,134,73,4.11705401076533,15.0
12,37,902,coalition,149,35,4.090712762398737,11.69620253164557
12,37,903,algorithmic,482,27,5.32552544583218,12.357142857142858
12,38,901,direct,69,73,4.701987803912251,16.50485436893204
12,38,902,coalition,144,35,4.168697425740239,12.277777777777779
12,38,903,algorithmic,552,27,4.8394904693876555,9.222222222222221
12,39,901,direct,126,73,5.040485107900839,14.893617021276597
12,39,902,coalition,128,35,3.816932204838665,12.405405405405405
12,39,903,algorithmic,511,27,5.265517116521999,10.693877551020408
12,40,901,direct,111,73,4.693934880926751,16.363636363636363
12,40,902,coalition,123,35,3.6279634648198336,10.853658536585366
12,40,903,algorithmic,531,27,5.142882697825818,9.8
12,41,901,direct,115,73,3.980947106064802,16.065573770491802
12,41,902,coalition,191,35,3.9662148679728433,12.142857142857142
12,41,903,algorithmic,459,27,5.254701771651081,14.666666666666666
12,42,901,direct,114,73,4.765107212475633,16.149732620320854
12,42,902,coalition,147,35,4.1632145172517845,11.263736263736263
12,42,903,algorithmic,504,27,5.074976675466871,11.347826086956522
12,43,901,direct,139,73,4.652882505971697,16.129032258064516
12,43,902,coalition,113,0,4.153580540541677,
12,43,903,algorithmic,513,62,5.0957111544554134,11.224645801648924
12,44,901,direct,57,73,5.079654111582273,16.587677725118482
12,44,902,coalition,162,0,4.102527301951147,
12,44,903,algorithmic,546,62,5.708591566411472,8.823529411764707
12,45,901,direct,129,73,4.6976744186046515,14.418604651162791
12,45,902,coalition,209,0,4.594844847754108,
12,45,903,algorithmic,427,62,5.8093604197302255,6.895522388059701
12,46,901,direct,94,73,4.776595744680851,16.417910447761194
12,46,902,coalition,271,0,4.867701522282557,
12,46,903,algorithmic,400,62,5.417699004975125,7.2784810126582276
12,47,901,direct,75,73,5.213333333333333,15.662650602409638
12,47,902,coalition,190,0,5.8987198795180715,
12,47,903,algorithmic,500,62,5.351614457831325,6.46875
12,48,901,direct,144,73,4.798611111111111,15.102040816326529
12,48,902,coalition,159,0,4.899469314863145,
12,48,903,algorithmic,462,62,5.5529198692463995,8.469135802469136
12,49,901,direct,70,73,4.530026455026455,16.666666666666664
12,49,902,coalition,167,0,4.862833157214982,
12,49,903,algorithmic,528,62,5.439990179573513,9.029411764705882
12,50,901,direct,117,73,4.760683760683761,14.929577464788732
12,50,902,coalition,135,0,4.287509418651829,
12,50,903,algorithmic,513,62,5.718419679872608,9.222222222222221
12,51,901,direct,113,73,4.628318584070796,16.19047619047619
12,51,902,coalition,202,62,4.851924528468944,7.408450704225352
12,51,903,algorithmic,450,0,5.4859611992945325,
12,52,901,direct,119,73,4.399750774834649,16.10810810810811
12,52,902,coalition,112,62,4.02742615646608,9.873949579831933
12,52,903,algorithmic,534,0,4.535231239364492,
12,53,901,direct,86,73,3.201355490676923,16.230366492146597
12,53,902,coalition,153,62,4.940457858536085,12.077669902912621
12,53,903,algorithmic,526,0,4.816148356493077,
12,54,901,direct,91,73,5.17542399592029,15.443037974683545
12,54,902,coalition,99,62,5.019144479217826,11.741379310344827
12,54,903,algorithmic,575,0,4.975493199809653,
12,55,901,direct,110,73,4.629545454545455,15.582822085889571
12,55,902,coalition,121,62,4.435836333215028,7.408450704225352
12,55,903,algorithmic,534,0,4.964922935859684,
12,56,901,direct,117,73,4.432203124510817,16.043956043956044
12,56,902,coalition,115,62,4.373148590539895,10.440860215053764
12,56,903,algorithmic,533,0,5.044636414242418,
12,57,901,direct,89,73,4.830439223697651,16.19047619047619
12,57,902,coalition,129,62,4.140806365612567,9.711340206185568
12,57,903,algorithmic,547,0,4.7360577307004865,
12,58,901,direct,138,73,4.552956114293295,15.527950310559007
12,58,902,coalition,107,62,4.565843703122088,7.159420289855072
12,58,903,algorithmic,520,0,5.11707739247785,
12,59,901,direct,74,73,4.5546975546975546,16.57142857142857
12,59,902,coalition,116,62,4.62807881773399,10.299065420560748
12,59,903,algorithmic,575,0,4.698643215108067,
12,60,901,direct,94,73,4.448503671212445,15.068493150684931
12,60,902,coalition,132,62,4.200736175312446,9.775510204081632
12,60,903,algorithmic,539,0,5.08819792814456,
12,61,901,direct,101,73,5.017698661057816,15.662650602409638
12,61,902,coalition,153,62,4.610549482293697,11.040650406504064
12,61,903,algorithmic,511,0,4.6928259861875254,
12,62,901,direct,84,73,4.7321425355837325,15.83815028901734
12,62,902,coalition,112,62,4.447302086790094,8.296703296703296
12,62,903,algorithmic,569,0,4.876039503707715,
12,63,901,direct,86,73,4.271205807232155,15.384615384615381
12,63,902,coalition,121,62,4.348484848484848,6.317460317460317
12,63,903,algorithmic,558,0,5.269767953356119,
12,64,901,direct,96,73,4.449519230769231,15.443037974683545
12,64,902,coalition,123,62,4.924050632911393,14.648351648351648
12,64,903,algorithmic,546,0,5.631727247111863,
12,65,901,direct,90,73,4.640608465608466,15.714285714285714
12,65,902,coalition,100,62,4.8055900621118015,14.684782608695652
12,65,903,algorithmic,575,0,5.596090557205869,
12,66,901,direct,86,73,4.7627473638595985,15.555555555555554
12,66,902,coalition,126,62,4.206748435641925,7.643835616438356
12,66,903,algorithmic,553,0,5.17540338601233,
12,67,901,direct,94,73,4.446296506997383,15.443037974683545
12,67,902,coalition,170,62,4.67581159587642,10.9
12,67,903,algorithmic,501,0,4.7715951836934,
12,68,901,direct,118,73,4.227933083865287,15.662650602409638
12,68,902,coalition,64,62,4.3942018072289155,8.96039603960396
12,68,903,algorithmic,583,0,4.759929988151197,
12,69,901,direct,95,73,4.498105263157894,16.210526315789473
12,69,902,coalition,91,0,4.956622325043377,
12,69,903,algorithmic,579,62,5.3137071629851835,6.46875
12,70,901,direct,99,73,4.848484848484849,15.688622754491016
12,70,902,coalition,204,0,4.012022394838805,
12,70,903,algorithmic,462,62,5.942387951369988,10.578947368421053
12,71,901,direct,135,73,4.711111111111111,15.789473684210527
12,71,902,coalition,171,62,5.595591542959964,5.615384615384615
12,71,903,algorithmic,459,0,5.613003095975232,
12,72,901,direct,89,73,4.98876404494382,16.52173913043478
12,72,902,coalition,101,62,4.871729151925687,11.245283018867925
12,72,903,algorithmic,575,0,4.806846459187688,
12,73,901,direct,110,73,5.227609427609428,15.527950310559007
12,73,902,coalition,116,62,4.322427410633308,12.080645161290322
12,73,903,algorithmic,539,0,5.05304065286319,
12,74,901,direct,66,73,4.772384865605204,16.043956043956044
12,74,902,coalition,133,62,4.231264975625878,10.916666666666666
12,74,903,algorithmic,566,0,4.833147024064554,
12,75,901,direct,132,73,4.599109653233365,14.782608695652174
12,75,902,coalition,93,62,4.597144505011656,7.866666666666667
12,75,903,algorithmic,540,0,5.478166741371582,
12,76,901,direct,69,73,4.445511010728402,16.470588235294116
12,76,902,coalition,98,0,4.829831932773109,
12,76,903,algorithmic,598,62,5.259503523969636,5.46875
12,77,901,direct,120,73,4.458333333333333,14.893617021276597
12,77,902,coalition,182,0,4.476813966175668,
12,77,903,algorithmic,463,62,5.69471378459936,10.440860215053764
12,78,901,direct,97,73,4.56701030927835,16.25
12,78,902,coalition,154,0,5.810486388611388,
12,78,903,algorithmic,514,62,5.627979085603113,9.615384615384615
12,79,901,direct,117,73,4.777777777777778,15.7396449704142
12,79,902,coalition,173,0,5.036987210101187,
12,79,903,algorithmic,475,62,5.594780442229835,9.469135802469136
12,80,901,direct,109,73,4.5909421872724625,16.19047619047619
12,80,902,coalition,184,0,5.226299017940169,
12,80,903,algorithmic,472,62,5.393473679490628,7.408450704225352
12,81,901,direct,73,73,4.752970559297661,16.022099447513813
12,81,902,coalition,181,0,4.498957691803561,
12,81,903,algorithmic,511,62,5.274069909504709,8.823529411764707
12,82,901,direct,89,73,4.662921348314606,15.03448275862069
12,82,902,coalition,187,0,4.7855533017804825,
12,82,903,algorithmic,489,62,5.67251956843664,6.527777777777778
12,83,901,direct,85,73,4.705882352941177,15.527950310559007
12,83,902,coalition,174,0,4.340404312834765,
12,83,903,algorithmic,506,62,5.688029361942406,9.469135802469136
12,84,901,direct,104,73,4.076923076923077,15.414012738853502
12,84,902,coalition,227,0,5.010883208470121,
12,84,903,algorithmic,434,62,5.651090434118994,6.866666666666667
12,85,901,direct,73,73,5.082191780821918,15.90909090909091
12,85,902,coalition,205,0,5.9415465631929045,
12,85,903,algorithmic,487,62,5.385126936718312,7.46875
12,86,901,direct,69,73,5.391304347826087,15.03448275862069
12,86,902,coalition,211,0,5.186352531335268,
12,86,903,algorithmic,485,62,5.964735158194099,7.2784810126582276
12,87,901,direct,74,73,4.864864864864865,14.893617021276597
12,87,902,coalition,205,0,5.556487553270117,
12,87,903,algorithmic,486,62,5.731926568017978,5.757575757575758
12,88,901,direct,112,73,4.580357142857143,15.068493150684931
12,88,902,coalition,186,0,5.105546123372949,
12,88,903,algorithmic,467,62,5.728051391862955,8.973684210526315
12,89,901,direct,111,73,4.900900900900901,16.086956521739133
12,89,902,coalition,225,0,4.6653717450217975,
12,89,903,algorithmic,429,62,5.485228539576366,7.560975609756097
12,90,901,direct,102,73,4.6568627450980395,16.065573770491802
12,90,902,coalition,191,0,5.463768352876584,
12,90,903,algorithmic,472,62,5.6969297026951935,7.317460317460317
12,91,901,direct,110,73,4.590909090909091,15.862068965517242
12,91,902,coalition,203,0,4.651711814333344,
12,91,903,algorithmic,452,62,5.6276828399959316,9.823529411764707
12,92,901,direct,90,73,4.077289377289377,16.043956043956044
12,92,902,coalition,187,62,5.3802702487823595,7.029411764705882
12,92,903,algorithmic,488,0,5.401436678076022,
12,93,901,direct,124,73,4.532693984306888,15.555555555555554
12,93,902,coalition,120,62,4.382767489711934,12.878378378378379
12,93,903,algorithmic,521,0,4.664105244079652,
12,94,901,direct,74,73,4.643382366330756,16.3265306122449
12,94,902,coalition,106,62,4.664443354742085,9.560975609756097
12,94,903,algorithmic,585,0,5.150812760154974,
12,95,901,direct,128,73,3.9724839224612,15.068493150684931
12,95,902,coalition,141,62,4.843971631205674,10.775510204081632
12,95,903,algorithmic,496,0,4.825146694760577,
12,96,901,direct,132,73,4.3571568695331075,16.4
12,96,902,coalition,101,62,4.551901774335849,12.307692307692307
12,96,903,algorithmic,532,0,4.817380060012941,
12,97,901,direct,123,73,4.033761760619556,16.470588235294116
12,97,902,coalition,181,62,5.0788105297367565,12.649122807017545
12,97,903,algorithmic,461,0,4.358525680360477,
12,98,901,direct,112,73,4.621679456906729,16.307692307692307
12,98,902,coalition,117,62,4.934746424256914,14.479338842975206
12,98,903,algorithmic,536,0,4.885329787806043,
12,99,901,direct,52,73,4.5581198624469,16.086956521739133
12,99,902,coalition,109,62,4.363203255603412,9.51063829787234
12,99,903,algorithmic,604,0,5.050988314692097,
12,100,901,direct,155,73,4.245920303605313,14.193548387096772
12,100,902,coalition,100,62,4.820161290322581,8.375
12,100,903,algorithmic,510,0,4.831866465751386,
13,1,901,direct,111,47,3.8742793565212326,13.461538461538462
13,1,902,algorithmic,543,38,3.9391624873605453,11.677151282280406
13,1,903,coalition,111,50,4.044614777913663,12.886249213550117
13,2,901,direct,167,52,3.6012142381902863,13.225760792639774
13,2,902,algorithmic,437,57,5.029787353780926,10.760709648371309
13,2,903,coalition,161,26,3.6054666922082275,13.9375
13,3,901,direct,69,69,4.6371501647757585,15.061413228146375
13,3,902,algorithmic,561,40,5.162514480089029,10.157894736842106
13,3,903,coalition,135,26,4.026571410275714,12.826086956521738
13,4,901,direct,46,69,4.404891304347826,15.036496350364962
13,4,902,algorithmic,601,40,5.5657283481302455,10.157894736842106
13,4,903,coalition,118,26,3.8202391959733557,14.4375
13,5,901,direct,75,69,5.100606060606061,14.035087719298247
13,5,902,algorithmic,540,40,5.715993265993266,8.035714285714285
13,5,903,coalition,150,26,4.015547960811119,14.251748251748252
13,6,901,direct,153,69,4.7048507048507044,15.244755244755247
13,6,902,algorithmic,396,40,5.299040858131767,8.875
13,6,903,coalition,216,26,4.576023051023051,12.153846153846153
13,7,901,direct,82,69,4.468415372012501,16.923076923076923
13,7,902,algorithmic,508,40,5.065546691029685,7.5
13,7,903,coalition,175,26,4.125433008052054,16.546511627906977
13,8,901,direct,89,69,4.370786516853933,15.466666666666667
13,8,902,algorithmic,517,40,5.652417794970987,8.2
13,8,903,coalition,159,26,4.734591194968553,15.75
13,9,901,direct,85,69,4.679174278407015,15.668789808917197
13,9,902,algorithmic,539,40,5.300397422165377,7.136363636363638
13,9,903,coalition,141,26,4.544471357934358,12.252747252747252
13,10,901,direct,109,69,4.41350723996905,15.555555555555554
13,10,902,algorithmic,482,40,5.671843831268447,10.5
13,10,903,coalition,174,26,3.702849260463083,16.49397590361446
13,11,901,direct,112,69,4.575601220387653,16.15819209039548
13,11,902,algorithmic,525,0,5.387283393321493,
13,11,903,coalition,128,66,4.841892315003368,8.592184470972349
13,12,901,direct,112,69,3.722335307179867,16.22222222222222
13,12,902,algorithmic,524,66,4.554483249614366,7.777777777777779
13,12,903,coalition,129,0,4.81127578958643,
13,13,901,direct,109,69,5.027522935779817,16.22222222222222
13,13,902,algorithmic,470,66,5.648936170212766,10.934782608695652
13,13,903,coalition,186,0,4.510596852111578,
13,14,901,direct,87,69,4.427625170465615,16.15819209039548
13,14,902,algorithmic,516,66,5.511168046248851,5.579710144927536
13,14,903,coalition,162,0,5.431220830262835,
13,15,901,direct,79,69,5.070232748060433,15.612903225806452
13,15,902,algorithmic,500,66,5.598645161290323,7.613636363636363
13,15,903,coalition,186,0,4.620100589663545,
13,16,901,direct,145,69,4.379310344827586,15.374149659863946
13,16,902,algorithmic,428,66,5.436105283234789,7.579710144927536
13,16,903,coalition,192,0,5.303488243123336,
13,17,901,direct,99,69,5.187082088490539,16.8075117370892
13,17,902,algorithmic,463,66,5.555410215070118,8.447368421052632
13,17,903,coalition,203,0,5.438814374449967,
13,18,901,direct,60,69,4.883333333333334,15.928143712574853
13,18,902,algorithmic,484,0,5.53748700945217,
13,18,903,coalition,221,66,5.650743761346086,4.151515151515151
13,19,901,direct,138,69,4.173966494097525,14.6875
13,19,902,algorithmic,566,0,4.923809747660733,
13,19,903,coalition,61,66,4.810450819672131,12.547945205479452
13,20,901,direct,88,69,4.638507123944017,16.699029126213592
13,20,902,algorithmic,544,0,4.940882086717091,
13,20,903,coalition,133,66,4.78910869406526,9.696629213483146
13,21,901,direct,128,69,4.955729166666667,15.641025641025642
13,21,902,algorithmic,531,0,4.6340560464854255,
13,21,903,coalition,106,66,4.603531688437348,9.981481481481481
13,22,901,direct,109,69,4.9755910089772275,16.53061224489796
13,22,902,algorithmic,548,0,4.9378744395259115,
13,22,903,coalition,108,66,4.43291761148904,9.073170731707318
13,23,901,direct,108,69,4.756189348696466,16.15819209039548
13,23,902,algorithmic,549,0,4.770244386939742,
13,23,903,coalition,108,66,4.758474576271186,12.149253731343284
13,24,901,direct,101,69,4.821825751939356,16.136363636363637
13,24,902,algorithmic,565,0,5.052274933087873,
13,24,903,coalition,99,66,4.6949035812672175,11.247787610619469
13,25,901,direct,80,69,4.456528719872997,15.976331360946746
13,25,902,algorithmic,552,0,5.209321748960994,
13,25,903,coalition,133,66,4.430162214599856,8.613636363636363
13,26,901,direct,146,69,4.558250030852771,15.405405405405405
13,26,902,algorithmic,536,0,4.942172583030792,
13,26,903,coalition,83,66,4.847606642787365,9.613636363636363
13,27,901,direct,63,69,4.996567996567997,16.822429906542055
13,27,902,algorithmic,532,0,5.234388857974692,
13,27,903,coalition,170,66,4.367667117364753,7.216216216216216
13,28,901,direct,111,69,4.7105616254552425,14.80916030534351
13,28,902,algorithmic,519,0,4.6176363882853915,
13,28,903,coalition,135,66,4.793553859202714,9.157894736842106
13,29,901,direct,77,69,4.903185083073351,16.201117318435756
13,29,902,algorithmic,553,0,5.027979431642539,
13,29,903,coalition,135,66,4.808185392096006,10.09090909090909
13,30,901,direct,113,69,4.488495575221239,15.310344827586205
13,30,902,algorithmic,487,0,5.2791828931530125,
13,30,903,coalition,165,66,4.7801462904911185,15.75
13,31,901,direct,65,69,5.076923076923077,16.243093922651934
13,31,902,algorithmic,582,0,4.636552152841026,
13,31,903,coalition,118,66,4.442845975645008,11.323741007194245
13,32,901,direct,77,69,4.689284953921956,14.887218045112782
13,32,902,algorithmic,551,0,5.007508954171153,
13,32,903,coalition,137,66,4.881967393054852,10.80952380952381
13,33,901,direct,106,69,4.065944330282084,15.310344827586205
13,33,902,algorithmic,514,0,4.7876780298451145,
13,33,903,coalition,145,66,4.510460201787123,10.075757575757576
13,34,901,direct,100,69,4.165633581385599,16.091954022988507
13,34,902,algorithmic,588,0,5.2972033693469,
13,34,903,coalition,77,66,4.040880301964046,7.085106382978724
13,35,901,direct,89,69,3.8136459204666204,15.952380952380953
13,35,902,algorithmic,531,0,5.290573004884296,
13,35,903,coalition,145,66,4.624876847290641,8.558441558441558
13,36,901,direct,104,69,4.570378665920067,15.668789808917197
13,36,902,algorithmic,527,0,4.786830532500652,
13,36,903,coalition,134,66,4.616333709070662,10.09090909090909
13,37,901,direct,95,69,4.314172046295227,16.046511627906977
13,37,902,algorithmic,535,0,4.5349492518012795,
13,37,903,coalition,135,66,4.346770025839794,11.422535211267606
13,38,901,direct,109,69,4.032110091743119,15.828220858895705
13,38,902,algorithmic,554,0,5.1308489845186145,
13,38,903,coalition,102,66,4.917033561891015,9.229166666666668
13,39,901,direct,106,69,4.690051639229864,16.15819209039548
13,39,902,algorithmic,516,0,4.977066896141173,
13,39,903,coalition,143,66,4.275571885741377,9.352941176470589
13,40,901,direct,141,69,4.547298568391745,16.091954022988507
13,40,902,algorithmic,543,0,4.644041258638214,
13,40,903,coalition,81,66,4.556832694763729,10.689320388349515
13,41,901,direct,77,69,4.337477623641352,16.74641148325359
13,41,902,algorithmic,624,0,5.1365416744344135,
13,41,903,coalition,64,66,4.990355861244019,8.168674698795181
13,42,901,direct,141,69,3.91393982169805,15.310344827586205
13,42,902,algorithmic,507,0,5.349541130830696,
13,42,903,coalition,117,66,5.256410256410256,11.564356435643564
13,43,901,direct,95,69,3.247888953152111,16.74641148325359
13,43,902,algorithmic,579,0,5.067995574404083,
13,43,903,coalition,91,66,3.599242862400757,10.444444444444445
13,44,901,direct,131,69,4.210248168866087,15.828220858895705
13,44,902,algorithmic,521,0,5.251138099333709,
13,44,903,coalition,113,66,4.902383408436941,9.157894736842106
13,45,901,direct,65,69,4.169922212618842,16.582914572864322
13,45,902,algorithmic,613,0,5.053626132384893,
13,45,903,coalition,87,66,4.478773176225958,8.613636363636363
13,46,901,direct,100,69,4.2728947368421055,14.887218045112782
13,46,902,algorithmic,525,0,5.2393698532044395,
13,46,903,coalition,140,66,4.537916219119226,8.558441558441558
13,47,901,direct,92,69,4.934782608695652,15.952380952380953
13,47,902,algorithmic,574,0,5.601549126491763,
13,47,903,coalition,99,66,4.930735930735931,13.829268292682928
13,48,901,direct,104,69,4.125989951652475,15.75
13,48,902,algorithmic,539,0,5.161054972901663,
13,48,903,coalition,122,66,5.093237704918033,10.75
13,49,901,direct,80,69,4.791911764705882,16.046511627906977
13,49,902,algorithmic,593,0,5.016685647290538,
13,49,903,coalition,92,66,4.847194135490395,10.981481481481481
13,50,901,direct,123,69,4.671482574698358,15.405405405405405
13,50,902,algorithmic,527,0,5.11884261253966,
13,50,903,coalition,115,66,4.527849588719154,8.666666666666666
13,51,901,direct,93,69,4.032164236521608,16.43979057591623
13,51,902,algorithmic,533,0,5.004082490261561,
13,51,903,coalition,139,66,4.714565520358582,9.073170731707318
13,52,901,direct,119,69,3.7994446355392255,15.776397515527952
13,52,902,algorithmic,524,0,4.871666125204083,
13,52,903,coalition,122,66,5.022248243559718,10.010752688172044
13,53,901,direct,84,69,4.574104563455476,16.363636363636363
13,53,902,algorithmic,585,0,5.133330811626958,
13,53,903,coalition,96,66,4.520053475935829,9.39655172413793
13,54,901,direct,96,69,4.2459239130434785,15.526315789473683
13,54,902,algorithmic,537,0,5.116193899397049,
13,54,903,coalition,132,66,4.7785087719298245,6.216216216216216
13,55,901,direct,73,69,4.542110101234522,15.853658536585368
13,55,902,algorithmic,564,0,5.09364893924347,
13,55,903,coalition,128,66,5.082556468212208,11.715447154471544
13,56,901,direct,109,69,4.42750273327946,15.177304964539005
13,56,902,algorithmic,521,0,5.092004724511748,
13,56,903,coalition,135,66,3.9955470628825274,10.229166666666668
13,57,901,direct,76,69,3.878344810624693,16.15819209039548
13,57,902,algorithmic,550,0,5.081649986319715,
13,57,903,coalition,139,66,4.226313864162907,8.925233644859812
13,58,901,direct,99,69,4.360665478312537,15.277777777777779
13,58,902,algorithmic,578,0,5.229026150916356,
13,58,903,coalition,88,66,5.006795900178253,7.095890410958904
13,59,901,direct,144,69,4.130780614132445,15.928143712574853
13,59,902,algorithmic,502,0,4.731377391844007,
13,59,903,coalition,119,66,4.444925275499421,10.867924528301888
13,60,901,direct,86,69,4.286686571150581,16.79245283018868
13,60,902,algorithmic,603,66,5.2022816708629875,8.441860465116278
13,60,903,coalition,76,0,4.447438582099219,
13,61,901,direct,107,69,4.355868430634786,15.584415584415584
13,61,902,algorithmic,470,66,5.888385373491756,11.434343434343434
13,61,903,coalition,188,0,4.028668140370268,
13,62,901,direct,117,69,4.402197802197802,16.114285714285714
13,62,902,algorithmic,508,66,5.639651293588301,8.298507462686567
13,62,903,coalition,140,0,5.924377094121231,
13,63,901,direct,83,69,5.094106154347118,16.324324324324323
13,63,902,algorithmic,517,66,5.826755188457316,8.714285714285714
13,63,903,coalition,165,0,5.24991224991225,
13,64,901,direct,61,69,4.282545805207329,15.496688741721854
13,64,902,algorithmic,488,66,5.742590381066117,8.352941176470589
13,64,903,coalition,216,0,4.554698884704728,
13,65,901,direct,60,69,4.629908675799087,14.728682170542637
13,65,902,algorithmic,517,66,5.689262741217219,6.095890410958904
13,65,903,coalition,188,0,5.261961730595867,
13,66,901,direct,89,69,4.269662921348314,14.6875
13,66,902,algorithmic,518,66,5.71476833976834,7.975308641975308
13,66,903,coalition,158,0,4.854064111579935,
13,67,901,direct,121,69,4.983471074380165,15.668789808917197
13,67,902,algorithmic,443,0,5.531394228695489,
13,67,903,coalition,201,66,5.225388073282359,5.714285714285714
13,68,901,direct,70,69,4.547845804988662,16.402116402116402
13,68,902,algorithmic,578,0,5.238593889568211,
13,68,903,coalition,117,66,4.759248548722233,15.556390977443609
13,69,901,direct,77,69,4.353789068074782,15.072463768115941
13,69,902,algorithmic,562,0,5.066470098805355,
13,69,903,coalition,126,66,4.150793650793651,8.528735632183908
13,70,901,direct,83,69,4.927584684286885,15.310344827586205
13,70,902,algorithmic,582,0,5.406719372773575,
13,70,903,coalition,100,66,4.668620689655172,8.261904761904763
13,71,901,direct,40,69,3.8080188679245284,15.496688741721854
13,71,902,algorithmic,509,0,5.0434149571121045,
13,71,903,coalition,216,66,4.504752268825117,10.867924528301888
13,72,901,direct,143,69,4.731344353818568,13.703703703703702
13,72,902,algorithmic,491,0,4.673870301164984,
13,72,903,coalition,131,66,4.860337640620708,10.491525423728813
13,73,901,direct,111,69,4.530246291507618,16.77725118483412
13,73,902,algorithmic,564,0,4.840638969388901,
13,73,903,coalition,90,66,4.470061579134024,8.085106382978724
13,74,901,direct,113,69,4.171281758492721,16.201117318435756
13,74,902,algorithmic,477,0,4.979656248871255,
13,74,903,coalition,175,66,4.597158818834797,8.441860465116278
13,75,901,direct,110,69,4.513636363636364,16.243093922651934
13,75,902,algorithmic,530,0,4.658077504430314,
13,75,903,coalition,125,66,4.302563535911602,10.229166666666668
13,76,901,direct,123,69,4.365036323337805,16.179775280898877
13,76,902,algorithmic,523,0,5.071553274607412,
13,76,903,coalition,119,66,4.728846239856084,7.772151898734179
13,77,901,direct,91,69,4.312788660614747,16.43979057591623
13,77,902,algorithmic,542,0,4.922778229034282,
13,77,903,coalition,132,66,4.5491432651118515,9.434343434343434
13,78,901,direct,111,69,4.703706312980562,15.72327044025157
13,78,902,algorithmic,518,0,4.717697839980835,
13,78,903,coalition,136,66,4.680736153287097,11.144144144144144
13,79,901,direct,99,69,4.954644029270895,16.201117318435756
13,79,902,algorithmic,543,0,4.8665924973840315,
13,79,903,coalition,123,66,4.397554399958241,11.444444444444445
13,80,901,direct,88,69,4.9063852813852815,15.928143712574853
13,80,902,algorithmic,539,0,4.565597600103491,
13,80,903,coalition,138,66,4.16054846828083,10.841269841269842
13,81,901,direct,80,69,4.81865763546798,15.641025641025642
13,81,902,algorithmic,593,0,5.220053753929487,
13,81,903,coalition,92,66,4.2777876171804206,7.073170731707317
13,82,901,direct,92,69,4.231860980337856,15.405405405405405
13,82,902,algorithmic,533,66,5.707365231829774,5.579710144927536
13,82,903,coalition,140,0,4.0962355212355215,
13,83,901,direct,93,69,4.903225806451613,15.75
13,83,902,algorithmic,518,66,5.641529922779923,8.613636363636363
13,83,903,coalition,154,0,4.178165584415584,
13,84,901,direct,97,69,4.649484536082475,15.776397515527952
13,84,902,algorithmic,507,66,5.604677373908143,8.972222222222221
13,84,903,coalition,161,0,4.811742088139604,
13,85,901,direct,107,69,4.598130841121495,15.87878787878788
13,85,902,algorithmic,478,66,5.661278052491442,10.261904761904763
13,85,903,coalition,180,0,4.0332611832611835,
13,86,901,direct,74,69,4.878378378378378,16.114285714285714
13,86,902,algorithmic,494,66,5.430133024869868,6.714285714285714
13,86,903,coalition,197,0,5.672516316171138,
13,87,901,direct,125,69,4.864,15.211267605633804
13,87,902,algorithmic,465,66,5.512221717401181,8.073170731707318
13,87,903,coalition,175,0,4.47091524758306,
13,88,901,direct,70,69,4.585714285714285,16.476683937823836
13,88,902,algorithmic,509,66,5.317751967181408,6.845070422535211
13,88,903,coalition,186,0,4.653754887674703,
13,89,901,direct,132,69,4.878787878787879,15.072463768115941
13,89,902,algorithmic,465,0,5.404301075268817,
13,89,903,coalition,168,66,4.777557319223986,5.9753086419753085
13,90,901,direct,120,69,4.595724248927039,16.6
13,90,902,algorithmic,545,0,4.420152784591497,
13,90,903,coalition,100,66,4.590369098712446,11.144144144144144
13,91,901,direct,97,69,4.387170675830469,16.382978723404257
13,91,902,algorithmic,563,0,5.134442442896394,
13,91,903,coalition,105,66,4.48530901722391,8.975308641975309
13,92,901,direct,92,69,4.243108837737994,15.87878787878788
13,92,902,algorithmic,560,0,4.7736450640862405,
13,92,903,coalition,113,66,4.834271922767498,9.981481481481481
13,93,901,direct,93,69,3.9189772864564456,15.75
13,93,902,algorithmic,538,0,5.189630396014185,
13,93,903,coalition,134,66,4.611788319637766,7.073170731707317
13,94,901,direct,92,69,3.7702617643080827,15.776397515527952
13,94,902,algorithmic,575,0,5.246227410343644,
13,94,903,coalition,98,66,3.9504373177842567,8.777777777777779
13,95,901,direct,143,69,4.42691932300828,15.75
13,95,902,algorithmic,495,0,5.140728386867029,
13,95,903,coalition,127,66,4.9704724409448815,6.845070422535211
13,96,901,direct,87,69,5.098674892411614,16.77725118483412
13,96,902,algorithmic,520,0,4.591281215822092,
13,96,903,coalition,158,66,4.712460255564221,8.875
13,97,901,direct,104,69,4.465879634854755,15.612903225806452
13,97,902,algorithmic,542,0,4.7571196706573495,
13,97,903,coalition,119,66,5.1452968284087826,11.841269841269842
13,98,901,direct,136,69,4.457064473918991,16.046511627906977
13,98,902,algorithmic,532,66,5.333555101064849,8.095890410958905
13,98,903,coalition,97,0,4.295852313593863,
13,99,901,direct,98,69,4.934273709483794,16.666666666666664
13,99,902,algorithmic,546,66,6.073421676362853,8.168674698795181
13,99,903,coalition,121,0,4.522482735999906,
13,100,901,direct,87,69,5.126436781609195,15.903614457831324
13,100,902,algorithmic,483,66,5.671331287884457,7.666666666666666
13,100,903,coalition,195,0,4.243064565956132,
14,1,901,algorithmic,516,25,4.191511901572569,9.68421052631579
14,1,902,coalition,124,39,4.432749799842146,13.228854014807192
14,1,903,direct,125,71,4.026376705748896,11.34180491170513
14,2,901,algorithmic,534,25,5.338935408823777,10.0
14,2,902,coalition,101,39,3.6924205241036923,12.382258119043449
14,2,903,direct,130,71,4.645114672896599,13.494763452509932
14,3,901,algorithmic,511,25,5.149081308990643,11.384615384615383
14,3,902,coalition,120,39,3.542596384430917,12.66540955269972
14,3,903,direct,134,71,4.7160513456819695,14.105633802816902
14,4,901,algorithmic,524,25,5.227436790737166,11.146341463414636
14,4,902,coalition,146,39,3.6512752681714438,11.412590222716805
14,4,903,direct,95,71,4.621128771295327,13.653134493233914
14,5,901,algorithmic,540,25,5.048816669106524,10.146341463414634
14,5,902,coalition,126,39,4.137280878267093,13.077852099591231
14,5,903,direct,99,71,5.116603468406225,12.842082799829278
14,6,901,algorithmic,521,42,5.651370429604897,10.389958372541829
14,6,902,coalition,154,39,4.134460268748208,12.682926829268293
14,6,903,direct,90,54,4.705420054200542,15.857988165680474
14,7,901,algorithmic,496,42,5.290665096738685,10.807017543859649
14,7,902,coalition,117,14,4.095622803871792,16.020833333333336
14,7,903,direct,152,79,3.948180778772884,13.528468718342134
14,8,901,algorithmic,540,42,5.3827146730528375,8.407407407407408
14,8,902,coalition,157,14,3.9549193229614166,12.38888888888889
14,8,903,direct,68,79,4.6843891402714934,16.608695652173914
14,9,901,algorithmic,517,42,5.333120323193531,7.799999999999999
14,9,902,coalition,132,14,4.3925744145728025,12.142857142857142
14,9,903,direct,116,79,4.836713995943205,14.657534246575342
14,10,901,algorithmic,562,42,5.741708868205953,9.387096774193548
14,10,902,coalition,118,14,3.6965151642077316,15.10344827586207
14,10,903,direct,85,79,4.590631730829552,15.979381443298967
14,11,901,algorithmic,529,42,5.652729499346236,8.08695652173913
14,11,902,coalition,157,14,4.848624958033248,11.486486486486488
14,11,903,direct,79,79,5.096047927335975,15.214723926380369
14,12,901,algorithmic,517,42,5.3250014071343275,11.492063492063492
14,12,902,coalition,128,14,4.796473007993006,13.833333333333332
14,12,903,direct,120,79,4.604901960784314,15.031847133757964
14,13,901,algorithmic,412,42,5.156707900894923,9.264150943396226
14,13,902,coalition,204,14,4.198252906343208,13.96875
14,13,903,direct,149,79,4.953651898104276,16.060606060606062
14,14,901,algorithmic,518,42,5.434843296574147,8.96078431372549
14,14,902,coalition,128,14,4.508772107411247,15.400921658986176
14,14,903,direct,119,79,4.9294127200404105,16.56387665198238
14,15,901,algorithmic,508,42,5.40905895026295,9.931034482758621
14,15,902,coalition,146,14,3.813654964672501,11.976744186046512
14,15,903,direct,111,79,5.019040316912657,16.04060913705584
14,16,901,algorithmic,475,42,5.535024773674228,6.88888888888889
14,16,902,coalition,157,14,4.152597908396491,14.182389937106919
14,16,903,direct,133,79,4.411973329550291,15.873015873015873
14,17,901,algorithmic,460,42,5.257842935237148,8.05084745762712
14,17,902,coalition,225,14,3.9534660683562795,16.235294117647058
14,17,903,direct,80,79,4.509558823529412,16.303317535545023
14,18,901,algorithmic,524,42,5.289563850764335,5.888888888888889
14,18,902,coalition,130,14,4.641779788838613,13.869565217391303
14,18,903,direct,111,79,5.152945784659339,15.063291139240507
14,19,901,algorithmic,467,42,5.138129694874877,9.692307692307693
14,19,902,coalition,184,14,4.345245535462927,12.833333333333332
14,19,903,direct,114,79,4.263137447347973,15.873015873015873
14,20,901,algorithmic,514,42,5.526718259298031,6.458333333333333
14,20,902,coalition,152,14,4.679334758215336,15.34010152284264
14,20,903,direct,99,79,5.05635030508127,15.9375
14,21,901,algorithmic,496,42,5.431091257020727,10.807017543859649
14,21,902,coalition,169,14,4.45372473314558,12.833333333333332
14,21,903,direct,100,79,4.7298253723677455,15.593220338983052
14,22,901,algorithmic,559,42,5.345230014703995,7.458333333333333
14,22,902,coalition,102,14,4.505505702713237,11.5
14,22,903,direct,104,79,4.619082840236687,15.617977528089888
14,23,901,algorithmic,451,42,5.84199575609968,9.59375
14,23,902,coalition,204,14,4.094499902803931,15.869565217391303
14,23,903,direct,110,79,4.681092820223255,15.714285714285714
14,24,901,algorithmic,540,42,5.499518289737919,7.276595744680851
14,24,902,coalition,115,14,4.960359285010893,16.400921658986178
14,24,903,direct,110,79,4.785630498533724,15.851063829787234
14,25,901,algorithmic,623,42,5.449190407369346,8.678571428571429
14,25,902,coalition,86,14,3.4301320509648687,14.522727272727272
14,25,903,direct,56,79,4.524299918831169,15.851063829787234
14,26,901,algorithmic,477,42,5.7747676078662655,9.678571428571429
14,26,902,coalition,142,14,4.363413937567816,16.686868686868685
14,26,903,direct,146,79,4.750588072505881,14.179104477611938
14,27,901,algorithmic,605,42,5.46631094955875,7.799999999999999
14,27,902,coalition,98,14,4.676194982601336,12.333333333333334
14,27,903,direct,62,79,4.546596760852744,16.517857142857142
14,28,901,algorithmic,503,42,5.995299758719241,9.387096774193548
14,28,902,coalition,123,14,4.180373584779565,15.82882882882883
14,28,903,direct,139,79,5.174217382850476,14.428571428571429
14,29,901,algorithmic,526,42,5.374247938339133,8.08695652173913
14,29,902,coalition,129,14,4.735602318689228,15.414634146341465
14,29,903,direct,110,79,4.647006651884701,16.40552995391705
14,30,901,algorithmic,495,42,5.524249426848836,8.166666666666666
14,30,902,coalition,174,14,4.108157111429117,13.659793814432991
14,30,903,direct,96,79,5.237915033154252,15.851063829787234
14,31,901,algorithmic,521,42,5.299307555209637,7.681818181818182
14,31,902,coalition,100,14,4.430930604216608,13.11594202898551
14,31,903,direct,144,79,4.70488775220233,15.517241379310345
14,32,901,algorithmic,501,42,5.449779385659838,10.387096774193548
14,32,902,coalition,128,14,3.91610989245383,15.849557522123897
14,32,903,direct,136,79,4.597995835502342,16.486486486486488
14,33,901,algorithmic,524,42,5.261138323929858,8.08695652173913
14,33,902,coalition,148,14,4.258826577102317,13.833333333333332
14,33,903,direct,93,79,4.77480362998551,16.35514018691589
14,34,901,algorithmic,491,42,5.356378712062485,11.05084745762712
14,34,902,coalition,134,14,4.241196215460468,17.19254658385093
14,34,903,direct,140,79,4.727950310559006,15.438596491228072
14,35,901,algorithmic,536,42,5.563950150665557,8.27659574468085
14,35,902,coalition,135,14,4.3642067017783805,15.58695652173913
14,35,903,direct,94,79,5.170212765957447,16.422018348623855
14,36,901,algorithmic,498,42,5.5812502050944195,11.931034482758621
14,36,902,coalition,152,14,4.594865087304838,16.12162162162162
14,36,903,direct,115,79,4.804230317273795,15.465116279069768
14,37,901,algorithmic,502,0,5.563898277200509,
14,37,902,coalition,153,56,4.76518691948439,9.896780303030303
14,37,903,direct,110,79,4.501059107323827,15.958549222797927
14,38,901,algorithmic,559,0,4.571339397860922,
14,38,902,coalition,100,56,4.727872340425532,11.600000000000003
14,38,903,direct,106,79,4.542815674891147,15.851063829787234
14,39,901,algorithmic,589,0,5.100278298800619,
14,39,902,coalition,75,56,4.471449275362319,7.911764705882353
14,39,903,direct,101,79,4.49591372799519,15.760869565217389
14,40,901,algorithmic,531,0,5.079783499882607,
14,40,902,coalition,139,56,4.69563120453358,7.26984126984127
14,40,903,direct,95,79,4.7838056680161944,15.64245810055866
14,41,901,algorithmic,523,0,5.037835827454184,
14,41,902,coalition,123,56,4.863759972442701,8.465753424657535
14,41,903,direct,119,79,4.998267348176384,15.491329479768787
14,42,901,algorithmic,576,0,5.114973632693789,
14,42,902,coalition,95,56,4.703339567192092,9.75
14,42,903,direct,94,79,4.229827015340291,16.04060913705584
14,43,901,algorithmic,566,0,5.297009791017557,
14,43,902,coalition,100,56,4.678488372093023,6.677966101694915
14,43,903,direct,99,79,4.470707070707071,15.465116279069768
14,44,901,algorithmic,546,0,5.090555992168229,
14,44,902,coalition,74,56,4.5372575965796305,12.528455284552845
14,44,903,direct,145,79,4.722265932336743,15.593220338983052
14,45,901,algorithmic,542,0,5.034690726875306,
14,45,902,coalition,109,56,4.5106347965606615,10.567567567567568
14,45,903,direct,114,79,4.608051135590916,16.502242152466366
14,46,901,algorithmic,532,0,4.7376664682240035,
14,46,902,coalition,123,56,4.800897696476964,9.529411764705882
14,46,903,direct,110,79,4.7235033259423505,15.9375
14,47,901,algorithmic,581,0,5.06698169887967,
14,47,902,coalition,108,56,4.1224654908314955,10.554455445544553
14,47,903,direct,76,79,4.675350281923521,15.851063829787234
14,48,901,algorithmic,497,0,4.779642719675555,
14,48,902,coalition,130,56,4.86993006993007,10.387755102040817
14,48,903,direct,138,79,4.29369101601697,14.935064935064934
14,49,901,algorithmic,548,0,4.784659202998619,
14,49,902,coalition,86,56,3.885981912144703,7.666666666666666
14,49,903,direct,131,79,4.456364761708273,16.38888888888889
14,50,901,algorithmic,513,0,4.957790940469962,
14,50,902,coalition,136,56,4.248839009287926,10.678160919540229
14,50,903,direct,116,79,4.579298116898997,16.267942583732058
14,51,901,algorithmic,551,0,4.953309811267698,
14,51,902,coalition,115,56,4.800969677626777,9.292682926829269
14,51,903,direct,99,79,4.861335871807076,15.979381443298967
14,52,901,algorithmic,486,56,4.943031041938025,6.538461538461538
14,52,902,coalition,141,0,4.600904143361876,
14,52,903,direct,138,79,4.572890025575447,15.593220338983052
14,53,901,algorithmic,504,56,5.712062757201646,9.465753424657535
14,53,902,coalition,192,0,4.775902936326738,
14,53,903,direct,69,79,4.787573805689748,16.38888888888889
14,54,901,algorithmic,425,0,5.763361344537816,
14,54,902,coalition,192,56,6.035182823129252,5.178571428571429
14,54,903,direct,148,79,5.141891891891892,14.693877551020408
14,55,901,algorithmic,541,0,4.4685333723565295,
14,55,902,coalition,116,56,4.403820518174147,13.783625730994151
14,55,903,direct,108,79,4.779114809816564,16.548672566371682
14,56,901,algorithmic,532,0,4.900776275720427,
14,56,902,coalition,115,56,4.375958596819304,12.258620689655173
14,56,903,direct,118,79,5.010528708289328,15.806451612903226
14,57,901,algorithmic,538,0,4.935197499073979,
14,57,902,coalition,104,56,4.660223704866562,10.125
14,57,903,direct,123,79,5.074127211860354,16.020408163265305
14,58,901,algorithmic,529,0,5.161764606719941,
14,58,902,coalition,96,56,4.819755389718076,7.40625
14,58,903,direct,140,79,5.071114106019767,16.11940298507463
14,59,901,algorithmic,520,0,4.766147578923889,
14,59,902,coalition,120,56,4.893883792048929,10.607843137254902
14,59,903,direct,125,79,4.19389347505209,16.422018348623855
14,60,901,algorithmic,536,0,4.981510911106594,
14,60,902,coalition,119,56,4.164854907480233,9.607843137254902
14,60,903,direct,110,79,4.8109090909090915,16.157635467980295
14,61,901,algorithmic,571,0,5.265572793002401,
14,61,902,coalition,101,56,4.8169805975461815,7.791044776119402
14,61,903,direct,93,79,4.46174762081325,15.851063829787234
14,62,901,algorithmic,515,0,4.886583773349231,
14,62,902,coalition,102,56,4.674119940373811,9.948717948717947
14,62,903,direct,148,79,4.695079695079696,15.438596491228072
14,63,901,algorithmic,498,0,4.629287294544062,
14,63,902,coalition,166,56,4.594039876319437,11.148936170212766
14,63,903,direct,101,79,4.530746275015591,16.548672566371682
14,64,901,algorithmic,567,0,4.944249038256438,
14,64,902,coalition,91,56,4.797926535660047,10.564516129032258
14,64,903,direct,107,79,4.026547029812852,15.64245810055866
14,65,901,algorithmic,523,0,5.380301042811848,
14,65,902,coalition,146,56,4.423006699700263,9.857142857142858
14,65,903,direct,96,79,4.320490867579909,15.78378378378378
14,66,901,algorithmic,533,0,5.092271102902779,
14,66,902,coalition,129,56,4.118497328912774,10.528455284552845
14,66,903,direct,103,79,4.512275232881295,15.517241379310345
14,67,901,algorithmic,561,0,5.290113981230399,
14,67,902,coalition,113,56,4.466522398117423,7.028985507246377
14,67,903,direct,91,79,4.531294792164357,15.69060773480663
14,68,901,algorithmic,562,0,5.268477712633201,
14,68,902,coalition,112,56,4.489944350521274,10.387755102040817
14,68,903,direct,91,79,3.4594453165881736,15.384615384615383
14,69,901,algorithmic,557,56,5.365615957699296,6.178571428571429
14,69,902,coalition,108,0,3.9819548936315403,
14,69,903,direct,100,79,4.667005988023952,15.384615384615383
14,70,901,algorithmic,485,56,5.825020271052937,8.763157894736842
14,70,902,coalition,188,0,4.450120789662418,
14,70,903,direct,92,79,4.420493404982902,15.617977528089888
14,71,901,algorithmic,457,0,5.331445488479856,
14,71,902,coalition,203,56,5.479560971394002,7.350877192982456
14,71,903,direct,105,79,4.476190476190476,15.411764705882353
14,72,901,algorithmic,587,0,4.833807046861468,
14,72,902,coalition,98,56,4.388058540228902,10.21052631578947
14,72,903,direct,80,79,5.058236434108528,15.737704918032785
14,73,901,algorithmic,490,56,5.325183406696011,6.26984126984127
14,73,902,coalition,180,0,4.388888888888889,
14,73,903,direct,95,79,4.611971104231166,15.063291139240507
14,74,901,algorithmic,464,56,5.6781941399242575,8.253521126760564
14,74,902,coalition,196,0,4.970947485075606,
14,74,903,direct,105,79,4.771428571428571,15.491329479768787
14,75,901,algorithmic,433,56,5.382665101780689,9.178571428571429
14,75,902,coalition,200,0,4.980136612021858,
14,75,903,direct,132,79,4.757575757575758,15.737704918032785
14,76,901,algorithmic,496,56,5.503072196620584,7.465753424657534
14,76,902,coalition,197,0,5.100622183370254,
14,76,903,direct,72,79,5.305555555555555,16.285714285714285
14,77,901,algorithmic,507,56,5.6068376068376065,6.983606557377049
14,77,902,coalition,148,0,5.648995717028504,
14,77,903,direct,110,79,4.509090909090909,14.8
14,78,901,algorithmic,505,56,5.736254476511481,9.666666666666666
14,78,902,coalition,186,0,4.865743918249065,
14,78,903,direct,74,79,4.91345600920069,15.851063829787234
14,79,901,algorithmic,430,56,5.6058751529987765,7.791044776119402
14,79,902,coalition,182,0,4.576528145852576,
14,79,903,direct,153,79,4.7492927519266415,14.86842105263158
14,80,901,algorithmic,490,56,5.554183231734252,10.666666666666666
14,80,902,coalition,173,0,5.062482796586843,
14,80,903,direct,102,79,4.63784907902555,16.623376623376622
14,81,901,algorithmic,480,56,5.491203703703704,8.666666666666666
14,81,902,coalition,145,0,4.953256704980842,
14,81,903,direct,140,79,5.014285714285714,15.666666666666664
14,82,901,algorithmic,477,56,5.575981382109131,7.26984126984127
14,82,902,coalition,188,0,4.855352766391221,
14,82,903,direct,100,79,4.68,16.422018348623855
14,83,901,algorithmic,505,56,5.70530648570475,10.125
14,83,902,coalition,152,0,4.644736842105263,
14,83,903,direct,108,79,5.027777777777778,15.617977528089888
14,84,901,algorithmic,440,0,5.4778592375366575,
14,84,902,coalition,197,56,5.196987064024889,7.129032258064517
14,84,903,direct,128,79,4.5078125,15.806451612903226
14,85,901,algorithmic,568,0,4.518600569695552,
14,85,902,coalition,94,56,4.682400330510225,11.217391304347826
14,85,903,direct,103,79,4.396088363585198,16.213592233009706
14,86,901,algorithmic,565,0,5.231986927851501,
14,86,902,coalition,116,56,3.9371308820727755,8.666666666666666
14,86,903,direct,84,79,4.7167625439437515,15.69060773480663
14,87,901,algorithmic,532,56,5.363493641886993,6.948717948717949
14,87,902,coalition,112,0,3.6774575327206906,
14,87,903,direct,121,79,4.548982649461118,15.185185185185185
14,88,901,algorithmic,478,56,5.578257395765438,9.465753424657535
14,88,902,coalition,197,0,4.853599057103192,
14,88,903,direct,90,79,4.711111111111111,16.08040201005025
14,89,901,algorithmic,451,56,5.466951747439552,7.666666666666666
14,89,902,coalition,182,0,5.3014128728414445,
14,89,903,direct,132,79,4.954545454545454,15.357142857142858
14,90,901,algorithmic,555,56,5.674903474903474,8.350877192982455
14,90,902,coalition,110,0,5.8928001822738665,
14,90,903,direct,100,79,4.59,16.285714285714285
14,91,901,algorithmic,510,56,5.702577660277594,9.36111111111111
14,91,902,coalition,186,0,4.589478206005934,
14,91,903,direct,69,79,4.913043478260869,15.617977528089888
14,92,901,algorithmic,538,56,5.6538957590471135,8.129032258064516
14,92,902,coalition,128,0,5.360640223831468,
14,92,903,direct,99,79,4.666666666666667,14.693877551020408
14,93,901,algorithmic,499,56,5.630402047031917,9.209876543209877
14,93,902,coalition,181,0,4.400843237969061,
14,93,903,direct,85,79,4.1912854030501085,15.593220338983052
14,94,901,algorithmic,468,56,5.670874626396099,9.40625
14,94,902,coalition,147,0,4.791275405867869,
14,94,903,direct,150,79,4.626666666666667,15.214723926380369
14,95,901,algorithmic,469,56,5.684734223618748,8.253521126760564
14,95,902,coalition,186,0,5.086470530407497,
14,95,903,direct,110,79,4.571291866028708,16.578947368421055
14,96,901,algorithmic,529,56,5.514539677432329,9.129032258064516
14,96,902,coalition,141,0,5.6847573708728225,
14,96,903,direct,95,79,4.418924972004479,15.851063829787234
14,97,901,algorithmic,427,56,5.531020292130877,7.538461538461538
14,97,902,coalition,202,0,4.333096337646214,
14,97,903,direct,136,79,4.757352941176471,15.491329479768787
14,98,901,algorithmic,501,56,5.68339955602813,7.129032258064517
14,98,902,coalition,182,0,5.5166292856977215,
14,98,903,direct,82,79,4.772053795304308,16.35514018691589
14,99,901,algorithmic,533,56,5.660060975609756,6.666666666666666
14,99,902,coalition,123,0,4.91039972899729,
14,99,903,direct,109,79,4.963302752293578,15.125
14,100,901,algorithmic,450,56,5.874545454545454,9.40625
14,100,902,coalition,215,0,4.540573311777142,
14,100,903,direct,100,79,4.69,15.828877005347595
15,1,901,coalition,153,49,3.856992796519238,13.013225357032443
15,1,902,direct,107,42,3.197274514489482,13.724000637044117
15,1,903,algorithmic,505,44,4.136055018053448,10.112903225806452
15,2,901,coalition,131,49,4.102933701865693,12.13254666004615
15,2,902,direct,115,42,3.3876400966939935,11.753539253539254
15,2,903,algorithmic,519,44,4.8996882581210945,11.772946859903383
15,3,901,coalition,98,49,3.6127106396354938,12.002117367298077
15,3,902,direct,90,42,3.9290345146955947,11.895604395604396
15,3,903,algorithmic,577,44,5.319460890184049,10.347953216374268
15,4,901,coalition,155,24,3.6708233345703274,14.712328767123289
15,4,902,direct,191,42,4.266760874351321,11.679752817157398
15,4,903,algorithmic,419,69,5.265013921367704,10.350820756001145
15,5,901,coalition,124,24,4.301492919723538,14.32558139534884
15,5,902,direct,124,89,4.412075028525259,10.325917205614997
15,5,903,algorithmic,517,22,5.150797660805424,7.7586206896551735
15,6,901,coalition,99,24,4.121119421658506,11.515151515151516
15,6,902,direct,111,66,4.422431445342497,15.849056603773585
15,6,903,algorithmic,555,45,5.2905910776530725,8.448777078965758
15,7,901,coalition,193,24,3.8972959884177176,8.030303030303031
15,7,902,direct,88,66,4.564642324888227,16.306818181818183
15,7,903,algorithmic,484,45,5.507430780505228,7.432835820895523
15,8,901,coalition,147,24,4.322529011604642,10.892857142857144
15,8,902,direct,87,66,4.873563218390805,15.751633986928104
15,8,903,algorithmic,531,45,5.508049045104545,8.666666666666666
15,9,901,coalition,166,24,3.8350352966393984,14.647058823529413
15,9,902,direct,83,66,4.485513588825278,15.723684210526317
15,9,903,algorithmic,516,45,5.538228694170447,11.80281690140845
15,10,901,coalition,142,24,4.438008150314777,10.84931506849315
15,10,902,direct,104,66,4.611129825086708,15.608108108108109
15,10,903,algorithmic,519,45,5.223536070713203,10.78688524590164
15,11,901,coalition,158,24,4.135846732328676,15.606060606060604
15,11,902,direct,112,66,4.589285714285714,16.153846153846153
15,11,903,algorithmic,495,45,5.516019799935884,11.623188405797103
15,12,901,coalition,87,24,3.7658485474738472,13.32558139534884
15,12,902,direct,104,66,3.9841695017439305,16.32768361581921
15,12,903,algorithmic,574,45,5.334833677504555,9.69811320754717
15,13,901,coalition,167,24,3.7075145030004544,12.461538461538462
15,13,902,direct,102,66,4.629618496134333,16.153846153846153
15,13,903,algorithmic,496,45,5.401635895122247,8.333333333333332
15,14,901,coalition,194,69,4.834164552067866,11.405034324942793
15,14,902,direct,54,66,4.953216374269005,16.107784431137723
15,14,903,algorithmic,517,0,5.743877408574889,
15,15,901,coalition,78,69,4.504894147911661,10.848484848484848
15,15,902,direct,135,66,4.74522065438096,14.53781512605042
15,15,903,algorithmic,552,0,4.653271382324164,
15,16,901,coalition,145,0,4.642758620689656,
15,16,902,direct,95,66,4.528521989906273,16.75
15,16,903,algorithmic,525,69,5.311352902804958,6.0
15,17,901,coalition,160,69,5.3120253164556965,8.39240506329114
15,17,902,direct,108,66,4.58912037037037,15.9375
15,17,903,algorithmic,497,0,5.948692152917505,
15,18,901,coalition,90,69,4.238430855558936,12.0
15,18,902,direct,110,66,4.748578421882346,16.24277456647399
15,18,903,algorithmic,565,0,4.932306942608452,
15,19,901,coalition,136,69,4.899789915966387,8.707317073170731
15,19,902,direct,88,66,4.6717737958244285,16.285714285714285
15,19,903,algorithmic,541,0,5.007304477472982,
15,20,901,coalition,148,69,4.619899311075781,12.0
15,20,902,direct,91,66,4.22241973712562,15.751633986928104
15,20,903,algorithmic,526,0,4.808758294192201,
15,21,901,coalition,118,69,4.666974503838911,10.061224489795919
15,21,902,direct,93,66,4.413978494623656,15.833333333333334
15,21,903,algorithmic,554,0,5.136512769506581,
15,22,901,coalition,104,69,4.66966893865628,9.461538461538462
15,22,902,direct,54,66,4.485663082437276,15.88607594936709
15,22,903,algorithmic,607,0,4.936751085727604,
15,23,901,coalition,78,69,4.071925908109219,7.904761904761905
15,23,902,direct,98,66,4.4864228083259885,14.53781512605042
15,23,903,algorithmic,589,0,5.508951983683669,
15,24,901,coalition,121,69,4.958424174821275,8.76595744680851
15,24,902,direct,121,66,3.811838173213729,16.012269938650306
15,24,903,algorithmic,523,0,5.432856503727577,
15,25,901,coalition,125,69,4.7300645161290324,8.527472527472527
15,25,902,direct,114,66,4.592453355611251,16.50537634408602
15,25,903,algorithmic,526,0,4.8663004411808535,
15,26,901,coalition,103,69,4.980636763030862,7.989690721649485
15,26,902,direct,88,66,3.8046298573077943,16.368715083798882
15,26,903,algorithmic,574,0,5.159147552973927,
15,27,901,coalition,164,69,4.280059905862217,6.0
15,27,902,direct,52,66,5.013157894736842,15.751633986928104
15,27,903,algorithmic,549,0,5.129624930213673,
15,28,901,coalition,143,69,4.227736454526905,9.398058252427184
15,28,902,direct,151,66,4.636960493263302,14.444444444444445
15,28,903,algorithmic,471,0,4.829701712665895,
15,29,901,coalition,121,69,4.818956475570005,9.873873873873874
15,29,902,direct,109,66,4.155151216262569,16.99074074074074
15,29,903,algorithmic,535,0,4.701484821846252,
15,30,901,coalition,124,69,4.497497219132369,10.471544715447155
15,30,902,direct,99,66,3.87045444769022,16.264367816091955
15,30,903,algorithmic,542,0,4.7808083253246325,
15,31,901,coalition,112,69,4.52243031358885,11.584415584415584
15,31,902,direct,120,66,3.7256726949371766,16.036585365853657
15,31,903,algorithmic,533,0,4.932655294586437,
15,32,901,coalition,149,69,4.844730636676946,15.222222222222221
15,32,902,direct,91,66,4.551282051282051,16.486486486486488
15,32,903,algorithmic,525,0,5.312749892749893,
15,33,901,coalition,85,69,4.980995475113122,11.56
15,33,902,direct,137,66,4.735622456187561,15.833333333333334
15,33,903,algorithmic,543,0,4.642100452865023,
15,34,901,coalition,152,69,4.147212089630015,7.0
15,34,902,direct,100,66,3.7292215103863326,16.782178217821784
15,34,903,algorithmic,513,0,5.148949673089084,
15,35,901,coalition,181,69,4.922651933701657,12.526315789473685
15,35,902,direct,102,66,3.350255652500234,16.060606060606062
15,35,903,algorithmic,482,0,4.594783001449304,
15,36,901,coalition,87,69,4.357491912726272,9.584905660377359
15,36,902,direct,138,66,4.391117189403278,16.107784431137723
15,36,903,algorithmic,540,0,4.755901311468649,
15,37,901,coalition,112,69,4.662825475017593,8.527472527472527
15,37,902,direct,82,66,3.5062077969237686,16.798029556650246
15,37,903,algorithmic,571,0,4.918188662888456,
15,38,901,coalition,64,69,4.4311224489795915,9.131313131313131
15,38,902,direct,94,66,4.127981947130883,15.578231292517007
15,38,903,algorithmic,607,0,5.08344973454411,
15,39,901,coalition,143,69,5.075867528697717,10.398058252427184
15,39,902,direct,74,66,4.370923880632619,15.911949685534593
15,39,903,algorithmic,548,0,5.123096657802454,
15,40,901,coalition,57,69,4.425722579830873,10.516129032258064
15,40,902,direct,76,66,4.492890995260663,15.323741007194245
15,40,903,algorithmic,632,0,5.140493541045818,
15,41,901,coalition,77,69,5.116330478032605,9.0
15,41,902,direct,173,66,4.366705202312139,15.390070921985815
15,41,903,algorithmic,515,0,5.132151208428011,
15,42,901,coalition,138,69,4.414931189867251,6.933333333333334
15,42,902,direct,70,66,5.006689572380676,17.26890756302521
15,42,903,algorithmic,557,0,5.064667645055917,
15,43,901,coalition,125,69,4.819555555555556,9.23728813559322
15,43,902,direct,118,66,3.9174868844183264,15.185185185185185
15,43,903,algorithmic,522,0,4.756589498204292,
15,44,901,coalition,112,69,4.7236533957845435,7.707317073170731
15,44,902,direct,92,66,4.470205880252089,16.448087431693992
15,44,903,algorithmic,561,0,5.079276028360095,
15,45,901,coalition,143,69,4.682330408445058,11.728682170542637
15,45,902,direct,98,66,3.776692694556715,15.859872611464969
15,45,903,algorithmic,524,0,4.871717949239826,
15,46,901,coalition,70,69,3.4991235758106924,8.131313131313131
15,46,902,direct,104,66,4.701555437264738,16.012269938650306
15,46,903,algorithmic,591,0,5.277450487369841,
15,47,901,coalition,150,69,4.312347140039448,7.5
15,47,902,direct,105,66,2.7642857142857142,16.153846153846153
15,47,903,algorithmic,510,0,5.239694280078896,
15,48,901,coalition,128,69,4.3567947247706424,12.466666666666667
15,48,902,direct,112,66,4.537157890679207,16.176470588235293
15,48,903,algorithmic,525,0,4.735413666383985,
15,49,901,coalition,124,69,4.210578435857667,5.555555555555555
15,49,902,direct,71,66,4.516216345693207,16.32768361581921
15,49,903,algorithmic,570,0,5.206571665240584,
15,50,901,coalition,84,69,4.497549019607844,9.523809523809524
15,50,902,direct,160,66,3.9965401785714283,15.220588235294118
15,50,903,algorithmic,521,0,4.7934770117259955,
15,51,901,coalition,115,69,4.389565217391304,8.359550561797754
15,51,902,direct,94,66,4.401170149854675,17.11111111111111
15,51,903,algorithmic,556,0,5.457483528257228,
15,52,901,coalition,83,69,4.468515571720846,9.523809523809524
15,52,902,direct,78,66,3.9649912928601454,15.911949685534593
15,52,903,algorithmic,604,0,5.194394022616226,
15,53,901,coalition,141,69,4.334969994544462,7.80722891566265
15,53,902,direct,74,66,4.658403436549132,15.454545454545453
15,53,903,algorithmic,550,0,5.1429456444776,
15,54,901,coalition,131,69,4.7368334340161455,10.76923076923077
15,54,902,direct,144,66,4.194562016930438,15.323741007194245
15,54,903,algorithmic,490,0,4.671838087806066,
15,55,901,coalition,122,69,4.806595531583716,9.76595744680851
15,55,902,direct,72,66,3.2936580063437755,16.88995215311005
15,55,903,algorithmic,571,0,5.204542401044116,
15,56,901,coalition,96,69,4.446163881418875,10.703703703703702
15,56,902,direct,132,66,4.793460925039872,15.255474452554745
15,56,903,algorithmic,537,0,4.884962909069173,
15,57,901,coalition,138,69,4.744003369740164,8.703703703703702
15,57,902,direct,79,66,5.430089032304575,16.700507614213198
15,57,903,algorithmic,548,0,4.87947388181133,
15,58,901,coalition,119,69,4.545518207282913,11.426229508196721
15,58,902,direct,120,66,4.399824924399172,15.48611111111111
15,58,903,algorithmic,526,0,4.7628364062843245,
15,59,901,coalition,169,69,4.5287062210139135,11.285714285714285
15,59,902,direct,65,66,4.449856026326614,16.486486486486488
15,59,903,algorithmic,531,0,4.573778761216448,
15,60,901,coalition,89,69,4.420106561053795,11.267326732673268
15,60,902,direct,103,66,4.13095662521887,15.0
15,60,903,algorithmic,573,0,4.92797045728727,
15,61,901,coalition,118,0,4.74967998642834,
15,61,902,direct,115,66,4.489005815563555,16.13095238095238
15,61,903,algorithmic,532,69,5.172158387324088,6.285714285714286
15,62,901,coalition,178,0,4.51310861423221,
15,62,902,direct,54,66,4.907407407407407,16.38888888888889
15,62,903,algorithmic,533,69,5.863664790494059,9.444444444444445
15,63,901,coalition,132,0,4.823201131493122,
15,63,902,direct,156,66,4.487179487179487,14.53781512605042
15,63,903,algorithmic,477,69,5.868224019167416,7.80722891566265
15,64,901,coalition,196,0,5.122656755009696,
15,64,902,direct,88,66,4.717605923488277,17.058823529411764
15,64,903,algorithmic,481,69,5.64753859323995,10.282051282051281
15,65,901,coalition,210,0,4.574587076209794,
15,65,902,direct,91,66,4.791208791208791,15.751633986928104
15,65,903,algorithmic,464,69,5.728532792427315,8.183908045977011
15,66,901,coalition,180,0,4.950727650727651,
15,66,902,direct,107,66,4.598130841121495,15.833333333333334
15,66,903,algorithmic,478,69,5.1692951400064375,6.8108108108108105
15,67,901,coalition,143,0,4.9535124651403715,
15,67,902,direct,36,66,5.027777777777778,16.22093023255814
15,67,903,algorithmic,586,69,5.684855940947694,7.604938271604938
15,68,901,coalition,218,0,4.518271057081999,
15,68,902,direct,137,66,4.686131386861314,13.564356435643564
15,68,903,algorithmic,410,69,5.716976575706351,8.359550561797754
15,69,901,coalition,127,0,5.637197249078043,
15,69,902,direct,135,66,4.678401173450678,16.782178217821784
15,69,903,algorithmic,503,69,5.6059484676101805,9.39240506329114
15,70,901,coalition,125,0,5.421333333333333,
15,70,902,direct,64,66,4.4859375,16.75
15,70,903,algorithmic,576,69,5.794097222222223,5.555555555555555
15,71,901,coalition,191,0,4.832460732984293,
15,71,902,direct,140,66,4.728571428571429,14.96124031007752
15,71,903,algorithmic,434,69,5.602668524273925,9.0
15,72,901,coalition,203,69,5.795506427970683,6.144927536231884
15,72,902,direct,93,66,5.068450039339103,16.829268292682926
15,72,903,algorithmic,469,0,5.6405429299495555,
15,73,901,coalition,55,69,4.963636363636364,10.461538461538462
15,73,902,direct,103,66,4.42274278045245,15.88607594936709
15,73,903,algorithmic,607,0,4.981758443294063,
15,74,901,coalition,153,69,5.04108309990663,10.267326732673268
15,74,902,direct,95,66,3.9492443981240233,16.13095238095238
15,74,903,algorithmic,517,0,5.102578398547097,
15,75,901,coalition,112,69,4.727703821913381,10.848484848484848
15,75,902,direct,104,66,4.939958231813435,15.9375
15,75,903,algorithmic,549,0,4.468939450135207,
15,76,901,coalition,184,69,5.155261126833033,10.982300884955752
15,76,902,direct,95,66,3.339698804533458,16.153846153846153
15,76,903,algorithmic,486,0,4.807396349141805,
15,77,901,coalition,88,69,4.3664772727272725,8.688172043010752
15,77,902,direct,123,66,4.2144137224782385,15.9375
15,77,903,algorithmic,554,0,4.831518227996916,
15,78,901,coalition,178,69,5.03932584269663,10.76595744680851
15,78,902,direct,108,66,4.808760683760683,16.54255319148936
15,78,903,algorithmic,479,0,4.792825683622112,
15,79,901,coalition,149,69,4.369700915071765,10.644859813084112
15,79,902,direct,78,66,4.915259537210757,16.24277456647399
15,79,903,algorithmic,538,0,4.555999670039578,
15,80,901,coalition,99,69,4.517221130124356,10.23728813559322
15,80,902,direct,81,66,4.908175456562553,15.454545454545453
15,80,903,algorithmic,585,0,4.971055364191588,
15,81,901,coalition,131,69,4.502561957544704,7.904761904761905
15,81,902,direct,109,66,4.230071966159424,15.547945205479454
15,81,903,algorithmic,525,0,4.882970385759094,
15,82,901,coalition,103,69,4.949376948350726,12.887218045112782
15,82,902,direct,108,66,4.629414477007707,16.264367816091955
15,82,903,algorithmic,554,0,4.871348138488564,
15,83,901,coalition,150,69,4.938296318831762,10.523809523809524
15,83,902,direct,59,66,4.5659912493097154,16.24277456647399
15,83,903,algorithmic,556,0,5.022266727449889,
15,84,901,coalition,143,69,4.5018739768665785,10.962962962962962
15,84,902,direct,128,66,4.6684983435270135,14.758064516129032
15,84,903,algorithmic,494,0,4.695305888277961,
15,85,901,coalition,53,69,4.6834490174992665,10.08695652173913
15,85,902,direct,73,66,4.400405479182947,16.63212435233161
15,85,903,algorithmic,639,0,4.578863451563691,
15,86,901,coalition,147,69,4.856847086660751,8.168831168831169
15,86,902,direct,113,66,4.939735244642726,15.28985507246377
15,86,903,algorithmic,505,0,5.481513899554834,
15,87,901,coalition,118,69,4.848885926490193,10.461538461538462
15,87,902,direct,59,66,4.667323610563657,16.348314606741575
15,87,903,algorithmic,588,0,4.813591652415423,
15,88,901,coalition,160,69,4.81875,11.703703703703702
15,88,902,direct,136,66,4.616698292220114,14.758064516129032
15,88,903,algorithmic,469,0,4.806367547821568,
15,89,901,coalition,96,69,4.580600288033517,11.0
15,89,902,direct,112,66,4.433614353046797,16.766169154228855
15,89,903,algorithmic,557,0,4.801991648109261,
15,90,901,coalition,92,0,4.551215917464996,
15,90,902,direct,78,66,4.156246551153294,16.32768361581921
15,90,903,algorithmic,595,69,5.228732331392786,8.0
15,91,901,coalition,130,0,4.371005917159763,
15,91,902,direct,65,66,4.6461538461538465,15.454545454545453
15,91,903,algorithmic,570,69,5.708367071524966,11.608695652173914
15,92,901,coalition,209,0,4.892734060198175,
15,92,902,direct,160,66,4.698557692307692,15.0
15,92,903,algorithmic,396,69,5.704545454545454,8.168831168831169
15,93,901,coalition,185,0,5.340490363781503,
15,93,902,direct,59,66,4.864406779661017,17.11111111111111
15,93,903,algorithmic,521,69,5.385028790786948,8.39240506329114
15,94,901,coalition,139,0,5.456868660669188,
15,94,902,direct,66,66,4.528520499108734,14.758064516129032
15,94,903,algorithmic,560,69,5.8813940092165895,9.0
15,95,901,coalition,163,69,4.313850755042092,7.183908045977011
15,95,902,direct,101,66,4.564356435643564,15.038167938931297
15,95,903,algorithmic,501,0,5.606055065441637,
15,96,901,coalition,81,69,4.421240517626059,12.848484848484848
15,96,902,direct,125,66,4.776207792207792,16.08433734939759
15,96,903,algorithmic,559,0,4.685201321514015,
15,97,901,coalition,187,69,4.500140726146918,9.982300884955752
15,97,902,direct,140,66,4.524847353282535,16.578947368421055
15,97,903,algorithmic,438,0,5.018936890359045,
15,98,901,coalition,71,69,4.074928769171701,9.928571428571429
15,98,902,direct,100,66,4.009583162533306,16.829268292682926
15,98,903,algorithmic,594,0,5.001645502990553,
15,99,901,coalition,190,69,4.794736842105263,8.5
15,99,902,direct,113,66,3.412324123002483,16.060606060606062
15,99,903,algorithmic,462,0,5.179717913980504,
15,100,901,coalition,80,69,4.292546380977266,8.928571428571429
15,100,902,direct,82,66,5.047929665343165,16.348314606741575
15,100,903,algorithmic,603,0,4.894097426315484,
16,1,901,algorithmic,550,42,4.2168012341925385,12.018707482993198
16,1,902,direct,139,45,3.850404689785359,13.550650315867706
16,1,903,coalition,76,48,3.1888374783111626,13.246885193443163
16,2,901,algorithmic,554,42,5.135536331070732,12.483378256963162
16,2,902,direct,105,45,4.082916147706835,12.706739526411656
16,2,903,coalition,106,48,3.8403502014407245,10.522018970189702
16,3,901,algorithmic,524,42,5.327057374831836,12.117216117216117
16,3,902,direct,131,45,3.584879921111234,12.15809097688292
16,3,903,coalition,110,48,3.9922097773262397,11.411060755539113
16,4,901,algorithmic,528,42,5.222598710557901,11.918111925621313
16,4,902,direct,105,45,3.2308118842367257,12.596825396825398
16,4,903,coalition,132,48,4.05162219955393,11.706622007467603
16,5,901,algorithmic,455,42,5.42399486457077,11.776793600323012
16,5,902,direct,111,45,4.2480032075138405,12.135868754660699
16,5,903,coalition,199,48,4.1805341068167845,12.374301675977653
16,6,901,algorithmic,541,42,5.3441214582082015,11.480311355311356
16,6,902,direct,107,45,4.075367443060113,12.250179211469536
16,6,903,coalition,117,48,3.9302330964710674,13.034078590785908
16,7,901,algorithmic,529,42,5.253370070815657,12.116459627329194
16,7,902,direct,123,45,3.515913197914985,12.174981604120676
16,7,903,coalition,113,48,3.9923047325894574,10.909387150936725
16,8,901,algorithmic,502,42,5.238644492545504,12.552418595896857
16,8,902,direct,125,45,3.9914464043419264,12.476380572188956
16,8,903,coalition,138,48,4.319951778861936,11.938335665422885
16,9,901,algorithmic,480,42,5.196545898468975,10.659108087679517
16,9,902,direct,147,45,4.129587115458387,12.46311637080868
16,9,903,coalition,138,48,4.143917834553286,12.162912912912914
16,10,901,algorithmic,478,42,4.737277138184058,11.917664035311095
16,10,902,direct,143,45,3.635768294474233,12.785223967422919
16,10,903,coalition,144,48,3.938689105573922,12.200947700947701
16,11,901,algorithmic,498,42,4.870102315080224,10.16468253968254
16,11,902,direct,99,45,3.971927200416293,12.735947712418302
16,11,903,coalition,168,48,4.1148579096877524,11.973311740172152
16,12,901,algorithmic,535,42,4.999482954197147,11.81954887218045
16,12,902,direct,114,45,3.8341035166455506,12.011965811965812
16,12,903,coalition,116,48,4.016825733250416,12.580878552971576
16,13,901,algorithmic,529,42,5.102589326023115,12.40354713313897
16,13,902,direct,129,45,3.4912859805855816,12.304078762306611
16,13,903,coalition,107,48,3.7212208200445684,11.69527686015416
16,14,901,algorithmic,536,42,5.1713114294901885,11.08390022675737
16,14,902,direct,102,45,3.928783634665988,12.567758509955041
16,14,903,coalition,127,48,3.687672711431302,11.343777056277057
16,15,901,algorithmic,509,42,4.854151801183696,12.630530226274905
16,15,902,direct,132,45,3.6992307576592682,12.097412480974125
16,15,903,coalition,124,48,4.430547851186055,12.061434923085722
16,16,901,algorithmic,513,42,5.17985046388876,12.163120567375886
16,16,902,direct,105,45,4.249118726862288,12.588888888888889
16,16,903,coalition,147,48,3.8514547917643425,11.30921052631579
16,17,901,algorithmic,508,42,5.215711683271662,12.443457251967889
16,17,902,direct,124,45,3.5725421894746585,12.135868754660699
16,17,903,coalition,133,48,4.117657751887683,12.273075391836393
16,18,901,algorithmic,568,42,5.512541615152764,10.608465608465607
16,18,902,direct,110,45,3.966367635042334,12.46984126984127
16,18,903,coalition,87,48,3.6417624521072796,12.159485162873716
16,19,901,algorithmic,478,42,5.26954716816611,11.648992457503095
16,19,902,direct,144,45,3.680884973676336,12.253968253968255
16,19,903,coalition,143,48,3.6223271677817133,10.888622049327829
16,20,901,algorithmic,539,57,5.02674860028507,12.203761036578372
16,20,902,direct,101,55,3.7048029682752217,11.788849698486743
16,20,903,coalition,125,23,3.9063282319273362,16.526315789473685
16,21,901,algorithmic,525,57,5.489216139723052,11.342559695943155
16,21,902,direct,120,55,3.8421507064364206,12.516129032258064
16,21,903,coalition,120,23,3.256143971236137,11.615384615384615
16,22,901,algorithmic,563,79,5.473769769239267,10.865663332115911
16,22,902,direct,62,33,3.184720230663824,16.896551724137932
16,22,903,coalition,140,23,4.240447682576812,10.686274509803921
16,23,901,algorithmic,410,42,5.690378442791521,12.142857142857142
16,23,902,direct,150,70,3.3133333333333335,12.580851063829787
16,23,903,coalition,205,23,4.217169911651835,17.641975308641975
16,24,901,algorithmic,580,42,5.152316962814833,9.465116279069768
16,24,902,direct,63,70,4.822070430301677,16.84931506849315
16,24,903,coalition,122,23,5.139432527227828,15.239999999999998
16,25,901,algorithmic,509,42,5.632456688694409,13.232558139534884
16,25,902,direct,124,70,4.32258064516129,14.772727272727275
16,25,903,coalition,132,23,3.7176900256974252,18.47222222222222
16,26,901,algorithmic,555,0,5.2675748623935155,
16,26,902,direct,58,70,4.706896551724138,16.424870466321245
16,26,903,coalition,152,65,4.750923027068378,8.764102564102563
16,27,901,algorithmic,533,0,5.167359370053324,
16,27,902,direct,74,70,3.864069714876166,14.566929133858267
16,27,903,coalition,158,65,4.850279725055465,10.118279569892472
16,28,901,algorithmic,571,0,4.99659783372568,
16,28,902,direct,81,70,5.028250472694917,15.174825174825177
16,28,903,coalition,113,65,5.0663206680905795,10.920634920634921
16,29,901,algorithmic,607,0,5.377572389914277,
16,29,902,direct,114,70,3.964069778967192,15.4
16,29,903,coalition,44,65,4.090909090909091,7.466666666666667
16,30,901,algorithmic,547,65,5.7676008342685,6.0
16,30,902,direct,77,70,4.3619528619528625,16.229508196721312
16,30,903,coalition,141,0,4.825330387939387,
16,31,901,algorithmic,469,65,5.767590618336887,10.191489361702128
16,31,902,direct,131,70,4.450381679389313,15.273972602739725
16,31,903,coalition,165,0,4.632576419985338,
16,32,901,algorithmic,434,65,5.362903225806452,6.153846153846154
16,32,902,direct,108,70,4.782407407407407,16.55
16,32,903,coalition,223,0,5.033632286995516,
16,33,901,algorithmic,457,65,5.456675196874729,7.232876712328768
16,33,902,direct,93,70,4.698924731182796,16.10169491525424
16,33,903,coalition,215,0,5.269971184460847,
16,34,901,algorithmic,520,65,5.665455840455841,6.72463768115942
16,34,902,direct,60,70,4.833333333333333,15.740740740740739
16,34,903,coalition,185,0,5.691944118031075,
16,35,901,algorithmic,447,65,5.64072282052616,7.688311688311688
16,35,902,direct,126,70,4.595238095238095,14.651162790697676
16,35,903,coalition,192,0,5.0118502298734855,
16,36,901,algorithmic,495,65,5.592437192437192,6.447761194029851
16,36,902,direct,97,70,4.288659793814433,16.46153846153846
16,36,903,coalition,173,0,5.1695457793292325,
16,37,901,algorithmic,449,65,5.971019937209864,9.558139534883722
16,37,902,direct,107,70,4.6863725277113675,15.843373493975903
16,37,903,coalition,209,0,4.919880255415787,
16,38,901,algorithmic,515,65,5.554015887025596,6.578947368421053
16,38,902,direct,69,70,4.565217391304348,16.079545454545453
16,38,903,coalition,181,0,5.367304184620265,
16,39,901,algorithmic,474,65,5.786644652357366,5.72463768115942
16,39,902,direct,95,70,5.168421052631579,15.0
16,39,903,coalition,196,0,5.1940254362614615,
16,40,901,algorithmic,476,65,5.621285099405616,8.195121951219512
16,40,902,direct,73,70,4.769127965252255,15.792682926829269
16,40,903,coalition,216,0,5.208107497741644,
16,41,901,algorithmic,532,65,5.5480779413322034,8.588235294117647
16,41,902,direct,95,70,4.610526315789474,15.140845070422536
16,41,903,coalition,138,0,5.4226672910437905,
16,42,901,algorithmic,524,65,5.630562278905232,7.351351351351351
16,42,902,direct,93,70,4.155187445510026,15.792682926829269
16,42,903,coalition,148,0,4.316400612873915,
16,43,901,algorithmic,471,65,5.603061756989571,10.727272727272727
16,43,902,direct,71,70,4.8537131882202305,15.740740740740739
16,43,903,coalition,223,0,4.162420165783395,
16,44,901,algorithmic,509,0,5.485265225933202,
16,44,902,direct,75,70,4.986666666666666,15.071428571428571
16,44,903,coalition,181,65,4.900085596451638,5.985915492957746
16,45,901,algorithmic,547,0,4.9836432436038764,
16,45,902,direct,142,70,4.623990346682202,15.208333333333336
16,45,903,coalition,76,65,4.884972848788638,12.70469798657718
16,46,901,algorithmic,517,65,5.227979994679968,4.303030303030303
16,46,902,direct,104,70,4.715353367012135,16.729857819905213
16,46,903,coalition,144,0,4.683188520273828,
16,47,901,algorithmic,438,65,5.348945548605062,7.380952380952381
16,47,902,direct,91,70,4.923076923076923,16.01156069364162
16,47,903,coalition,236,0,4.333011425399003,
16,48,901,algorithmic,524,0,5.46111641221374,
16,48,902,direct,113,70,4.460176991150442,15.6875
16,48,903,coalition,128,65,5.860511893656716,5.447761194029851
16,49,901,algorithmic,574,0,4.723739040431114,
16,49,902,direct,106,70,4.187205188679245,16.208791208791208
16,49,903,coalition,85,65,5.090497737556561,10.181818181818182
16,50,901,algorithmic,545,65,5.144038749666482,7.466666666666667
16,50,902,direct,107,70,4.221581049154279,16.057142857142857
16,50,903,coalition,113,0,4.173783928253251,
16,51,901,algorithmic,519,65,5.62073042564372,6.89873417721519
16,51,902,direct,43,70,4.8604651162790695,16.079545454545453
16,51,903,coalition,203,0,4.77761086578197,
16,52,901,algorithmic,465,65,5.666129032258064,7.985915492957745
16,52,902,direct,110,70,4.627272727272727,13.839285714285715
16,52,903,coalition,190,0,5.40218680504077,
16,53,901,algorithmic,465,0,5.472757854268036,
16,53,902,direct,111,70,5.081081081081081,16.145251396648046
16,53,903,coalition,189,65,5.130064965508003,7.89873417721519
16,54,901,algorithmic,543,0,4.809157041361381,
16,54,902,direct,126,70,4.992063492063492,16.166666666666668
16,54,903,coalition,96,65,4.818922924901186,12.074074074074073
16,55,901,algorithmic,564,0,4.9390323836461,
16,55,902,direct,86,70,5.12718023255814,16.46153846153846
16,55,903,coalition,115,65,4.377926421404682,10.78640776699029
16,56,901,algorithmic,488,0,4.790290602116568,
16,56,902,direct,154,70,4.520796969317215,15.548387096774192
16,56,903,coalition,123,65,4.641751901389982,12.710743801652892
16,57,901,algorithmic,565,0,4.898387440843141,
16,57,902,direct,107,70,4.461693359064654,16.905829596412556
16,57,903,coalition,93,65,4.630734210494423,8.88888888888889
16,58,901,algorithmic,652,0,5.139232382400236,
16,58,902,direct,72,70,4.241550584295652,16.079545454545453
16,58,903,coalition,41,65,4.855321507760532,8.195121951219512
16,59,901,algorithmic,519,0,5.436819306085079,
16,59,902,direct,84,70,4.662131519274376,15.106382978723403
16,59,903,coalition,162,65,4.735662376324314,8.466666666666667
16,60,901,algorithmic,561,0,5.082762070697276,
16,60,902,direct,136,70,4.500910983862572,15.490196078431373
16,60,903,coalition,68,65,4.650314038507993,9.0
16,61,901,algorithmic,548,0,4.944063880751615,
16,61,902,direct,60,70,4.647382360187238,16.634146341463413
16,61,903,coalition,157,65,4.912536896069597,11.181818181818182
16,62,901,algorithmic,471,0,4.266458787592912,
16,62,902,direct,140,70,4.757142857142857,14.651162790697676
16,62,903,coalition,154,65,4.962090121460847,11.234234234234235
16,63,901,algorithmic,561,0,4.756928300850883,
16,63,902,direct,97,70,4.639175257731959,16.698564593301434
16,63,903,coalition,107,65,4.816035825887043,8.470588235294118
16,64,901,algorithmic,568,0,5.227743690353209,
16,64,902,direct,91,70,4.927446822183664,15.843373493975903
16,64,903,coalition,106,65,3.7916006960646293,8.289156626506024
16,65,901,algorithmic,541,0,4.797956459231875,
16,65,902,direct,74,70,4.079667903197315,15.6875
16,65,903,coalition,150,65,5.104166666666667,8.88888888888889
16,66,901,algorithmic,531,0,5.546676970880994,
16,66,902,direct,72,70,4.886292834890965,15.174825174825177
16,66,903,coalition,162,65,4.7200308057005875,14.009345794392523
16,67,901,algorithmic,523,0,4.552705654204654,
16,67,902,direct,105,70,4.776148335440371,15.106382978723403
16,67,903,coalition,137,65,4.334286228692138,10.074074074074073
16,68,901,algorithmic,560,0,4.893346596517068,
16,68,902,direct,96,70,3.744065485245947,16.03448275862069
16,68,903,coalition,109,65,5.247495518295898,11.710743801652892
16,69,901,algorithmic,463,0,5.034782461754084,
16,69,902,direct,139,70,4.6882170564126735,15.818181818181818
16,69,903,coalition,163,65,4.19836400817996,7.8888888888888875
16,70,901,algorithmic,613,0,4.862090242015613,
16,70,902,direct,81,70,3.802229930134194,16.682692307692307
16,70,903,coalition,71,65,3.661159263271939,8.018691588785046
16,71,901,algorithmic,523,0,5.12766194219349,
16,71,902,direct,109,70,4.794087665647298,15.4
16,71,903,coalition,133,65,4.69172932330827,7.857142857142858
16,72,901,algorithmic,515,0,4.829993490197119,
16,72,902,direct,116,70,4.512952914405741,16.123595505617978
16,72,903,coalition,134,65,4.625943317122253,7.558139534883721
16,73,901,algorithmic,508,65,5.128041280020571,7.232876712328768
16,73,902,direct,115,70,3.9242851384602426,16.27027027027027
16,73,903,coalition,142,0,3.776428156709847,
16,74,901,algorithmic,491,65,5.644071548747011,9.380952380952381
16,74,902,direct,92,70,4.600672877846791,16.25
16,74,903,coalition,182,0,4.550753077150593,
16,75,901,algorithmic,391,65,5.615256310463694,8.89873417721519
16,75,902,direct,152,70,4.383581235697941,15.714285714285714
16,75,903,coalition,222,0,5.043750960646943,
16,76,901,algorithmic,509,65,5.332156922010152,7.985915492957745
16,76,902,direct,79,70,4.810069305229394,16.877828054298643
16,76,903,coalition,177,0,5.087029269720633,
16,77,901,algorithmic,475,65,5.736728307254623,9.195121951219512
16,77,902,direct,80,70,5.013414634146342,15.337837837837839
16,77,903,coalition,210,0,4.86023479925919,
16,78,901,algorithmic,545,65,5.611058432362539,6.985915492957746
16,78,902,direct,61,70,4.60655737704918,15.369127516778525
16,78,903,coalition,159,0,5.113520258777773,
16,79,901,algorithmic,450,65,5.751111111111111,9.794871794871796
16,79,902,direct,136,70,4.602941176470588,14.692307692307693
16,79,903,coalition,179,0,4.803753043976508,
16,80,901,algorithmic,509,65,5.452010158608462,8.098765432098766
16,80,902,direct,60,70,4.6430894308943085,16.634146341463413
16,80,903,coalition,196,0,5.079242175641711,
16,81,901,algorithmic,503,65,6.060967528164347,6.89873417721519
16,81,902,direct,47,70,4.76595744680851,14.651162790697676
16,81,903,coalition,215,0,4.978298681234924,
16,82,901,algorithmic,503,65,5.530540892575581,6.72463768115942
16,82,902,direct,118,70,4.508474576271187,14.051724137931034
16,82,903,coalition,144,0,4.815387445166305,
16,83,901,algorithmic,531,65,5.602062499370575,9.098765432098766
16,83,902,direct,64,70,4.859375,16.310160427807485
16,83,903,coalition,170,0,5.124551940007534,
16,84,901,algorithmic,463,65,5.624303739911333,8.688311688311689
16,84,902,direct,129,70,4.666666666666667,14.81203007518797
16,84,903,coalition,173,0,4.846040482182861,
16,85,901,algorithmic,476,65,5.499554367201426,9.688311688311689
16,85,902,direct,73,70,4.931506849315069,16.515151515151516
16,85,903,coalition,216,0,5.03894099727433,
16,86,901,algorithmic,472,65,5.626850083552161,7.794871794871795
16,86,902,direct,80,70,5.0125,15.140845070422536
16,86,903,coalition,213,0,5.073243844916132,
16,87,901,algorithmic,409,65,5.761244482368192,7.89873417721519
16,87,902,direct,122,70,4.854934536252613,15.369127516778525
16,87,903,coalition,234,0,5.397830536731225,
16,88,901,algorithmic,484,0,5.5231383323958285,
16,88,902,direct,83,70,4.650602409638554,16.387434554973822
16,88,903,coalition,198,65,5.876662520186308,5.72463768115942
16,89,901,algorithmic,559,0,4.413407677275673,
16,89,902,direct,140,70,4.329637707500303,15.460526315789473
16,89,903,coalition,66,65,4.327133326028465,10.25925925925926
16,90,901,algorithmic,500,0,4.604297106402369,
16,90,902,direct,115,70,4.306418219461698,16.698564593301434
16,90,903,coalition,150,65,4.626028708133972,10.904761904761905
16,91,901,algorithmic,554,0,4.653477385890523,
16,91,902,direct,111,70,4.215818347209221,16.25
16,91,903,coalition,100,65,4.5517391304347825,10.725490196078432
16,92,901,algorithmic,584,65,5.247981703685411,7.72463768115942
16,92,902,direct,64,70,4.9548399390243905,16.166666666666668
16,92,903,coalition,117,0,4.869883955249809,
16,93,901,algorithmic,433,65,5.761395405372554,7.8888888888888875
16,93,902,direct,149,70,5.080536912751678,14.81203007518797
16,93,903,coalition,183,0,4.260633368484965,
16,94,901,algorithmic,566,65,5.388109054365092,8.72463768115942
16,94,902,direct,86,70,4.848837209302325,16.834862385321102
16,94,903,coalition,113,0,5.352110256473614,
16,95,901,algorithmic,433,65,5.707069954555613,9.289156626506024
16,95,902,direct,131,70,5.0458015267175576,15.548387096774192
16,95,903,coalition,201,0,4.873912597912111,
16,96,901,algorithmic,505,65,5.468316831683168,7.588235294117647
16,96,902,direct,104,70,4.591346153846154,16.55
16,96,903,coalition,156,0,5.20682503770739,
16,97,901,algorithmic,540,65,5.623003639477628,8.35135135135135
16,97,902,direct,89,70,4.763525362083523,16.01156069364162
16,97,903,coalition,136,0,4.941008757822766,
16,98,901,algorithmic,497,65,5.971550823930928,9.985915492957746
16,98,902,direct,123,70,4.723577235772358,15.632911392405061
16,98,903,coalition,145,0,5.287937489625663,
16,99,901,algorithmic,507,65,5.523545364891519,8.380952380952381
16,99,902,direct,70,70,5.042857142857143,16.40625
16,99,903,coalition,188,0,4.964697315096251,
16,100,901,algorithmic,508,65,5.660822523083895,7.111111111111111
16,100,902,direct,104,70,4.422809829059829,15.035971223021582
16,100,903,coalition,153,0,5.069213909917817,
17,1,901,direct,61,40,3.2971498795222054,13.795652173913044
17,1,902,coalition,101,45,3.7010050371078065,13.94385874909153
17,1,903,algorithmic,603,50,4.426328711019149,9.83265720081136
17,2,901,direct,132,22,3.705380712753671,16.1
17,2,902,coalition,141,45,3.6323877068557917,11.913218390804596
17,2,903,algorithmic,492,68,5.708216521820391,10.199587203302373
17,3,901,direct,82,47,5.009209496440486,13.03365317758309
17,3,902,coalition,137,45,4.5458207885859245,12.854552113088697
17,3,903,algorithmic,546,43,5.233508596492815,6.6000000000000005
17,4,901,direct,88,47,4.76758847650247,16.40625
17,4,902,coalition,148,45,3.809476452453835,12.616684533135428
17,4,903,algorithmic,529,43,5.5569934369954845,11.166666666666668
17,5,901,direct,80,73,4.368359375,13.905400224902882
17,5,902,coalition,167,19,3.851260166234695,14.708333333333336
17,5,903,algorithmic,518,43,5.208123235175473,9.0
17,6,901,direct,136,73,4.573529411764706,15.263157894736844
17,6,902,coalition,149,19,4.576021270298911,16.027027027027025
17,6,903,algorithmic,480,43,5.433705251303936,9.0
17,7,901,direct,81,73,4.345679012345679,16.53846153846154
17,7,902,coalition,162,19,4.808815417597852,12.142857142857142
17,7,903,algorithmic,522,43,5.147383646247986,8.923076923076923
17,8,901,direct,113,73,4.539331366764995,15.294117647058824
17,8,902,coalition,184,19,4.550485962699553,15.0
17,8,903,algorithmic,468,43,5.589918160996593,10.246575342465754
17,9,901,direct,105,73,4.369085961952478,16.10810810810811
17,9,902,coalition,121,19,4.398408980019972,11.831325301204819
17,9,903,algorithmic,539,43,4.955798587587411,8.075471698113208
17,10,901,direct,93,73,4.205951804985754,15.93220338983051
17,10,902,coalition,151,19,4.187130696263406,15.705035971223023
17,10,903,algorithmic,521,43,5.66628041787267,10.636363636363637
17,11,901,direct,92,73,4.517046182082605,15.636363636363637
17,11,902,coalition,135,19,4.888418590764472,14.534246575342465
17,11,903,algorithmic,538,43,5.439063821887063,8.063829787234042
17,12,901,direct,114,73,4.544146313496159,15.609756097560975
17,12,902,coalition,112,19,3.6445906337405622,11.326530612244898
17,12,903,algorithmic,539,43,5.320116752072113,9.636363636363637
17,13,901,direct,130,73,4.655621301775148,16.129032258064516
17,13,902,coalition,101,19,4.286207018566925,11.4
17,13,903,algorithmic,534,43,5.115495518938795,9.075471698113208
17,14,901,direct,98,73,4.834582489289917,16.435643564356436
17,14,902,coalition,143,19,4.328668419524564,16.48739495798319
17,14,903,algorithmic,524,43,5.381338008712667,8.0
17,15,901,direct,156,73,4.2035061387559916,15.76470588235294
17,15,902,coalition,130,19,4.477220988729941,13.538461538461538
17,15,903,algorithmic,479,43,5.298743013309806,10.428571428571429
17,16,901,direct,105,73,4.8984533405586035,16.842105263157894
17,16,902,coalition,167,19,4.562941812199122,15.783783783783782
17,16,903,algorithmic,493,43,5.5368670154087045,11.114754098360656
17,17,901,direct,84,73,4.582046332046332,15.93220338983051
17,17,902,coalition,181,19,4.667828892662679,18.027027027027025
17,17,903,algorithmic,500,43,5.554276378072989,9.222222222222221
17,18,901,direct,156,73,4.826923076923077,15.384615384615381
17,18,902,coalition,123,19,4.535131358271449,15.06451612903226
17,18,903,algorithmic,486,43,5.2736695814540235,7.666666666666667
17,19,901,direct,124,73,4.645781406157811,16.842105263157894
17,19,902,coalition,166,62,3.9580543279811136,10.812344685584454
17,19,903,algorithmic,475,0,5.484906779827508,
17,20,901,direct,137,73,4.506704395639731,16.3265306122449
17,20,902,coalition,124,62,4.479429429864884,9.068181818181818
17,20,903,algorithmic,504,0,4.7389298888501,
17,21,901,direct,83,73,4.3322562200177925,16.555023923444978
17,21,902,coalition,105,0,4.470108933266828,
17,21,903,algorithmic,577,62,5.3500817067359066,5.317460317460317
17,22,901,direct,78,73,4.564102564102564,15.35483870967742
17,22,902,coalition,160,0,4.279172510518935,
17,22,903,algorithmic,527,62,5.854869315051723,10.369565217391305
17,23,901,direct,172,73,4.75,15.2
17,23,902,coalition,215,62,4.983456452348381,8.029411764705882
17,23,903,algorithmic,378,0,5.34426807760141,
17,24,901,direct,72,73,4.681124772313297,17.049180327868854
17,24,902,coalition,69,62,4.828562672809473,13.821917808219178
17,24,903,algorithmic,624,0,4.676618811567833,
17,25,901,direct,137,73,4.696799550814149,15.0
17,25,902,coalition,163,62,4.561434901158828,8.756756756756756
17,25,903,algorithmic,465,0,4.86027684011555,
17,26,901,direct,101,73,4.504844751392432,16.555023923444978
17,26,902,coalition,97,62,4.243673851921274,9.369565217391305
17,26,903,algorithmic,567,0,4.766468048899672,
17,27,901,direct,126,73,4.4785919993876595,15.83815028901734
17,27,902,coalition,123,62,4.860002819681376,8.738095238095237
17,27,903,algorithmic,516,0,4.8189737181409535,
17,28,901,direct,130,73,4.566259325958323,16.363636363636363
17,28,902,coalition,97,62,4.440260969171772,12.307692307692307
17,28,903,algorithmic,538,0,4.682345862926112,
17,29,901,direct,93,73,4.576059431329155,16.435643564356436
17,29,902,coalition,133,62,5.079282364326659,8.469135802469136
17,29,903,algorithmic,539,0,4.8104668269863815,
17,30,901,direct,69,73,4.791251828006646,15.636363636363637
17,30,902,coalition,101,62,4.325897538207428,9.296703296703296
17,30,903,algorithmic,595,0,5.004138764582324,
17,31,901,direct,118,73,4.447360849550115,14.893617021276597
17,31,902,coalition,115,62,5.0270736971939565,9.645833333333332
17,31,903,algorithmic,532,0,5.3105820352694195,
17,32,901,direct,70,73,4.686002886002886,16.210526315789473
17,32,902,coalition,125,62,4.085894736842105,9.222222222222221
17,32,903,algorithmic,570,0,4.921302125595754,
17,33,901,direct,107,73,3.9633956386292835,14.929577464788732
17,33,902,coalition,78,62,4.0772842181292885,9.645833333333332
17,33,903,algorithmic,580,0,5.222392544924721,
17,34,901,direct,128,73,4.014833346089087,15.977653631284916
17,34,902,coalition,115,62,4.367051163538443,10.51063829787234
17,34,903,algorithmic,522,0,5.226327076401073,
17,35,901,direct,108,73,4.493560606060606,16.4
17,35,902,coalition,120,62,4.5545833333333325,9.9
17,35,903,algorithmic,537,0,4.786626036905367,
17,36,901,direct,125,73,4.476493554327809,16.0
17,36,902,coalition,100,62,5.08388888888889,9.369565217391305
17,36,903,algorithmic,540,0,4.922730546090436,
17,37,901,direct,66,73,4.7626037047141105,16.34517766497462
17,37,902,coalition,136,62,4.249178859361003,8.146067415730336
17,37,903,algorithmic,563,0,4.8601396102167005,
17,38,901,direct,143,73,4.521026875200236,14.782608695652174
17,38,902,coalition,98,62,4.871371369117058,8.278481012658228
17,38,903,algorithmic,524,0,5.082694554827942,
17,39,901,direct,55,73,3.9165237278444827,16.651162790697676
17,39,902,coalition,171,62,4.863457092343261,11.601769911504425
17,39,903,algorithmic,539,0,4.77870935948286,
17,40,901,direct,103,73,4.520421827920991,14.330708661417322
17,40,902,coalition,73,62,4.0833150461766206,9.578947368421053
17,40,903,algorithmic,589,0,5.275309668204588,
17,41,901,direct,106,73,4.295767791768918,15.885714285714286
17,41,902,coalition,145,0,4.982463054187192,
17,41,903,algorithmic,514,62,5.075434113479296,6.0
17,42,901,direct,113,73,5.168141592920354,15.95505617977528
17,42,902,coalition,200,0,4.572682584269662,
17,42,903,algorithmic,452,62,5.549766331908124,9.375
17,43,901,direct,121,73,4.628545901273174,16.10810810810811
17,43,902,coalition,194,0,5.099652785219796,
17,43,903,algorithmic,450,62,5.336816816816817,7.615384615384615
17,44,901,direct,99,73,5.111111111111111,16.269430051813472
17,44,902,coalition,145,0,5.1319656538691945,
17,44,903,algorithmic,521,62,5.371157499030362,8.029411764705882
17,45,901,direct,106,73,4.7213395123027695,15.789473684210527
17,45,902,coalition,228,0,4.979776964804491,
17,45,903,algorithmic,431,62,5.624713368882376,9.278481012658228
17,46,901,direct,45,73,5.133333333333334,15.95505617977528
17,46,902,coalition,179,0,5.291024972731135,
17,46,903,algorithmic,541,62,5.7695071548734145,8.159420289855072
17,47,901,direct,131,73,4.679389312977099,13.846153846153847
17,47,902,coalition,159,0,5.028161841468694,
17,47,903,algorithmic,475,62,6.047125506072875,8.973684210526315
17,48,901,direct,94,73,4.608636411277644,16.45320197044335
17,48,902,coalition,134,0,5.153407837658995,
17,48,903,algorithmic,537,62,5.464494408821128,9.285714285714285
17,49,901,direct,104,73,4.548076923076923,15.662650602409638
17,49,902,coalition,174,0,4.384210075111612,
17,49,903,algorithmic,487,62,5.50310482175107,8.738095238095237
17,50,901,direct,70,73,4.671428571428572,15.90909090909091
17,50,902,coalition,130,0,5.666648735879505,
17,50,903,algorithmic,565,62,5.617377312952534,8.615384615384615
17,51,901,direct,118,73,4.400884303610907,14.929577464788732
17,51,902,coalition,166,0,4.257981097691439,
17,51,903,algorithmic,481,62,5.646774618605604,10.369565217391305
17,52,901,direct,136,73,4.463235294117647,16.210526315789473
17,52,902,coalition,175,0,4.995442126442868,
17,52,903,algorithmic,454,62,5.392302341757477,8.408450704225352
17,53,901,direct,97,73,4.257533703409992,16.53846153846154
17,53,902,coalition,175,0,4.773601535450851,
17,53,903,algorithmic,493,62,5.3355242627554995,8.643835616438356
17,54,901,direct,87,73,4.666666666666667,15.7396449704142
17,54,902,coalition,180,0,5.02289267132572,
17,54,903,algorithmic,498,62,5.660238587486038,7.469135802469136
17,55,901,direct,140,73,4.435714285714286,15.471698113207548
17,55,902,coalition,168,0,4.935553045737739,
17,55,903,algorithmic,457,62,5.62597195271321,8.408450704225352
17,56,901,direct,119,73,4.936578404946885,16.60377358490566
17,56,902,coalition,188,62,5.012931167587932,5.615384615384615
17,56,903,algorithmic,458,0,5.484468979154651,
17,57,901,direct,89,73,4.103933002087418,16.230366492146597
17,57,902,coalition,132,62,4.623866559367727,13.234567901234568
17,57,903,algorithmic,544,0,4.4290682116734175,
17,58,901,direct,134,73,4.573041528110742,15.527950310559007
17,58,902,coalition,90,62,4.543160371455032,11.19047619047619
17,58,903,algorithmic,541,0,4.924739010727803,
17,59,901,direct,41,73,4.803538804371519,16.50485436893204
17,59,902,coalition,107,62,4.382723890754015,8.278481012658228
17,59,903,algorithmic,617,0,5.392794362917977,
17,60,901,direct,97,73,3.867108492881689,13.628318584070797
17,60,902,coalition,142,62,4.877041007104574,8.866666666666667
17,60,903,algorithmic,526,0,5.573261934404638,
17,61,901,direct,89,73,4.3263806248962196,15.7396449704142
17,61,902,coalition,123,62,4.7582801490416164,12.234375
17,61,903,algorithmic,553,0,4.681906498739627,
17,62,901,direct,97,73,4.767144778126401,15.527950310559007
17,62,902,coalition,93,62,4.723101582849129,7.756756756756757
17,62,903,algorithmic,575,0,5.24213398924174,
17,63,901,direct,101,73,3.7331343447108867,15.7396449704142
17,63,902,coalition,142,62,4.078844232690386,6.895522388059701
17,63,903,algorithmic,522,0,5.643642411843845,
17,64,901,direct,127,73,4.055029622194176,15.83815028901734
17,64,902,coalition,124,62,4.899974418773406,9.440860215053764
17,64,903,algorithmic,514,0,4.941508783052204,
17,65,901,direct,53,73,4.468638449770525,16.381909547738694
17,65,902,coalition,125,62,4.487091674589162,8.560975609756097
17,65,903,algorithmic,587,0,5.039909078125255,
17,66,901,direct,84,73,3.630358997181427,14.24
17,66,902,coalition,113,62,4.284601769911505,12.299065420560748
17,66,903,algorithmic,568,0,5.05016629371243,
17,67,901,direct,70,73,4.375862068965517,15.384615384615381
17,67,902,coalition,148,62,4.941354816354816,10.222222222222221
17,67,903,algorithmic,547,0,4.790135460090702,
17,68,901,direct,162,73,4.322228129245673,14.929577464788732
17,68,902,coalition,73,62,4.324908354234999,9.988505747126437
17,68,903,algorithmic,530,0,4.743434615761403,
17,69,901,direct,102,73,4.82512150159209,16.923076923076923
17,69,902,coalition,137,62,4.987460228336141,11.296703296703296
17,69,903,algorithmic,526,0,4.779125688012811,
17,70,901,direct,137,73,4.768107804604155,15.862068965517242
17,70,902,coalition,130,62,4.943501326259947,11.307692307692307
17,70,903,algorithmic,498,0,4.705174312984866,
17,71,901,direct,57,73,4.52591981218107,16.555023923444978
17,71,902,coalition,65,62,4.624312309349509,9.578947368421053
17,71,903,algorithmic,643,0,5.084615475420152,
17,72,901,direct,87,73,3.959496442255063,14.418604651162791
17,72,902,coalition,187,62,4.608050408324006,10.9
17,72,903,algorithmic,491,0,5.428765245816352,
17,73,901,direct,94,73,4.3240549473249335,15.471698113207548
17,73,902,coalition,58,62,4.874593363695511,10.077669902912621
17,73,903,algorithmic,613,0,4.644474589906008,
17,74,901,direct,112,73,4.635354141656663,15.662650602409638
17,74,902,coalition,156,0,4.488801359283287,
17,74,903,algorithmic,497,62,5.3204004832885134,6.161290322580645
17,75,901,direct,114,73,4.587719298245614,16.086956521739133
17,75,902,coalition,188,0,4.400155579850307,
17,75,903,algorithmic,463,62,5.387031646163959,9.068181818181818
17,76,901,direct,87,73,4.9655172413793105,16.129032258064516
17,76,902,coalition,167,0,4.85111350432145,
17,76,903,algorithmic,511,62,5.482440081644677,8.643835616438356
17,77,901,direct,104,73,4.894230769230769,15.471698113207548
17,77,902,coalition,153,0,4.727456906147251,
17,77,903,algorithmic,508,62,5.71738968949636,9.077922077922079
17,78,901,direct,131,73,4.697779319916724,15.90909090909091
17,78,902,coalition,145,0,4.528092998955068,
17,78,903,algorithmic,489,62,5.668548986800521,9.866666666666667
17,79,901,direct,77,73,4.441558441558442,16.45320197044335
17,79,902,coalition,194,0,4.586836389662141,
17,79,903,algorithmic,494,62,5.669711413813047,8.906976744186046
17,80,901,direct,114,73,4.631578947368421,15.167785234899327
17,80,902,coalition,137,0,5.347342091688976,
17,80,903,algorithmic,514,62,5.691327396652129,8.029411764705882
17,81,901,direct,60,73,4.7,16.129032258064516
17,81,902,coalition,218,0,4.889944601070596,
17,81,903,algorithmic,487,62,5.49323265107858,5.973684210526316
17,82,901,direct,130,73,4.946153846153846,14.545454545454545
17,82,902,coalition,139,0,5.668846740789187,
17,82,903,algorithmic,496,62,5.647666177908114,6.757575757575758
17,83,901,direct,98,73,4.158913673088693,16.435643564356436
17,83,902,coalition,141,0,5.358737631394963,
17,83,903,algorithmic,526,62,5.625776455972593,9.159420289855072
17,84,901,direct,75,73,4.653605442176871,15.76470588235294
17,84,902,coalition,175,0,4.779584976847882,
17,84,903,algorithmic,515,62,5.624557395773843,9.775510204081632
17,85,901,direct,86,73,4.8023255813953485,15.102040816326529
17,85,902,coalition,169,0,5.227752021827512,
17,85,903,algorithmic,510,62,5.739562491663332,7.159420289855072
17,86,901,direct,79,73,4.7594936708860756,15.443037974683545
17,86,902,coalition,148,0,5.775606734467494,
17,86,903,algorithmic,538,62,5.884570137875865,8.757575757575758
17,87,901,direct,83,73,5.072289156626506,15.231788079470201
17,87,902,coalition,217,0,4.379780470188503,
17,87,903,algorithmic,465,62,5.58695435448266,7.866666666666667
17,88,901,direct,95,73,4.616638370118845,15.35483870967742
17,88,902,coalition,189,0,5.040325425271662,
17,88,903,algorithmic,481,62,5.414056736637382,9.866666666666667
17,89,901,direct,79,73,4.810126582278481,15.688622754491016
17,89,902,coalition,210,62,4.584591034928335,6.2784810126582276
17,89,903,algorithmic,476,0,5.448950837820158,
17,90,901,direct,80,73,4.94640221402214,15.231788079470201
17,90,902,coalition,78,62,5.084662818100417,13.850340136054422
17,90,903,algorithmic,607,0,4.7023928631455165,
17,91,901,direct,124,73,4.723369691343699,15.263157894736844
17,91,902,coalition,93,62,4.597481607243917,8.643835616438356
17,91,903,algorithmic,548,0,5.421933476379738,
17,92,901,direct,93,73,4.221247443258828,16.3265306122449
17,92,902,coalition,108,62,4.572751322751323,8.823529411764707
17,92,903,algorithmic,564,0,4.799430990965051,
17,93,901,direct,103,73,4.491059561464225,15.636363636363637
17,93,902,coalition,86,62,4.688490102622482,10.077669902912621
17,93,903,algorithmic,576,0,5.060434825336338,
17,94,901,direct,107,73,3.682939445956803,15.885714285714286
17,94,902,coalition,129,62,4.6072562358276645,9.068181818181818
17,94,903,algorithmic,529,0,5.194445126392196,
17,95,901,direct,80,73,4.348702587474272,15.977653631284916
17,95,902,coalition,104,62,4.34959174903309,7.906976744186046
17,95,903,algorithmic,581,0,4.916999237223152,
17,96,901,direct,92,73,4.263833992094861,15.263157894736844
17,96,902,coalition,166,62,4.100982878883957,10.454545454545453
17,96,903,algorithmic,507,0,4.859773380016295,
17,97,901,direct,78,73,4.74537821454121,15.609756097560975
17,97,902,coalition,107,62,4.696953554203499,10.916666666666666
17,97,903,algorithmic,580,0,4.785679731854284,
17,98,901,direct,74,73,4.063706563706564,15.2
17,98,902,coalition,94,62,4.303292806484295,7.029411764705882
17,98,903,algorithmic,597,0,5.312068747096828,
17,99,901,direct,91,73,4.296132438989582,15.068493150684931
17,99,902,coalition,122,62,4.573770491803279,8.077922077922079
17,99,903,algorithmic,552,0,5.286631846414455,
17,100,901,direct,72,73,3.859842770458279,15.582822085889571
17,100,902,coalition,96,62,4.292594524903058,9.296703296703296
17,100,903,algorithmic,597,0,5.070965896816967,
18,1,901,coalition,111,43,3.796959405655058,13.174252441188742
18,1,902,direct,92,49,3.830497577515373,13.435465155962051
18,1,903,algorithmic,562,43,4.210193798156045,11.200939397410929
18,2,901,coalition,153,43,4.0957716419901296,11.609459851593915
18,2,902,direct,110,49,3.4732890401339596,11.673469387755102
18,2,903,algorithmic,502,43,5.36890583832229,12.456271303447384
18,3,901,coalition,132,19,4.363290717721098,12.882352941176471
18,3,902,direct,92,73,3.667107035862904,11.018023439651568
18,3,903,algorithmic,541,43,5.310430701175894,10.29235880398671
18,4,901,coalition,155,43,4.218531340152111,10.11242200794101
18,4,902,direct,100,49,3.4186666666666667,15.609756097560975
18,4,903,algorithmic,510,43,5.6929714650087675,11.395348837209303
18,5,901,coalition,155,43,4.321391410911634,10.670103092783505
18,5,902,direct,106,49,3.885229080267181,16.756756756756758
18,5,903,algorithmic,504,43,5.347304336550241,10.328814824026864
18,6,901,coalition,171,43,4.125242228902394,15.868020304568528
18,6,902,direct,149,49,4.030475435374424,16.883116883116884
18,6,903,algorithmic,445,43,5.304651488362205,12.165555374857702
18,7,901,coalition,145,43,4.262072148837887,10.683544303797468
18,7,902,direct,98,49,4.142457764120207,17.563451776649746
18,7,903,algorithmic,522,43,4.924873297673279,9.854345165238678
18,8,901,coalition,140,43,3.883431703939359,10.324324324324325
18,8,902,direct,115,49,4.140134342761957,16.71232876712329
18,8,903,algorithmic,510,43,4.992888372866569,11.654451491660794
18,9,901,coalition,106,43,3.3281245384498073,9.058823529411764
18,9,902,direct,53,49,3.4302249510368643,17.05521472392638
18,9,903,algorithmic,606,43,5.011815124191898,11.647584973166367
18,10,901,coalition,105,43,3.685616141789106,11.814814814814815
18,10,902,direct,205,49,4.104792381563578,15.247524752475247
18,10,903,algorithmic,455,43,5.369558097610903,12.757000474608448
18,11,901,coalition,186,43,3.950285334905558,11.75
18,11,902,direct,87,68,3.4479333432803125,15.666812726915028
18,11,903,algorithmic,492,24,5.105831625767052,10.651162790697676
18,12,901,coalition,107,43,4.095107139130749,10.878048780487806
18,12,902,direct,97,68,4.216602922947298,15.649350649350648
18,12,903,algorithmic,561,24,4.856595781956007,11.0
18,13,901,coalition,153,43,3.796081329797255,13.280898876404496
18,13,902,direct,144,68,4.383344654218835,15.914634146341465
18,13,903,algorithmic,468,24,4.777635527018,12.818181818181818
18,14,901,coalition,135,43,4.124616794864294,8.333333333333332
18,14,902,direct,95,68,4.3782898734258175,16.824644549763033
18,14,903,algorithmic,535,24,4.975654824571864,11.74074074074074
18,15,901,coalition,143,43,3.6412426420840895,11.4
18,15,902,direct,120,68,4.97132768361582,15.864197530864196
18,15,903,algorithmic,502,24,4.8375054708973275,11.106382978723403
18,16,901,coalition,114,43,4.285474413993386,9.333333333333332
18,16,902,direct,114,68,4.7486960644855385,16.41711229946524
18,16,903,algorithmic,537,24,4.905422944529089,11.651162790697676
18,17,901,coalition,124,43,4.111789342363215,9.878048780487806
18,17,902,direct,142,68,4.630184798597715,16.29834254143646
18,17,903,algorithmic,499,24,4.901070402390925,12.0
18,18,901,coalition,112,43,4.793045457936445,9.4375
18,18,902,direct,131,68,4.379991582348973,16.794258373205743
18,18,903,algorithmic,522,24,4.959222252398474,11.235294117647058
18,19,901,coalition,106,43,3.288058162087019,10.538461538461538
18,19,902,direct,103,68,4.604947371937663,16.616161616161616
18,19,903,algorithmic,556,24,5.244196756363494,11.617647058823529
18,20,901,coalition,104,43,4.089743589743589,13.841584158415841
18,20,902,direct,136,68,4.19802767240158,16.058823529411764
18,20,903,algorithmic,525,24,5.057763930833238,10.61111111111111
18,21,901,coalition,78,43,3.7147819339937564,10.538461538461538
18,21,902,direct,113,68,4.6504891265426505,16.699507389162562
18,21,903,algorithmic,574,24,5.348628582963659,13.306122448979593
18,22,901,coalition,200,43,3.497713675213675,10.73134328358209
18,22,902,direct,122,68,4.686465214909061,16.27777777777778
18,22,903,algorithmic,443,24,5.123270966461897,10.576923076923077
18,23,901,coalition,108,43,4.016988872207728,13.25
18,23,902,direct,108,68,4.541831302037531,16.455026455026456
18,23,903,algorithmic,549,24,4.924212127743341,11.523809523809524
18,24,901,coalition,157,43,3.548377312708523,11.227272727272727
18,24,902,direct,101,68,4.840924092409241,16.17142857142857
18,24,903,algorithmic,507,24,5.172346456961841,10.892857142857144
18,25,901,coalition,100,43,3.5007541106895017,12.5
18,25,902,direct,107,68,4.151747835751968,16.011904761904763
18,25,903,algorithmic,558,24,4.74789890740612,10.306122448979593
18,26,901,coalition,136,43,4.032432934319916,9.823529411764707
18,26,902,direct,76,68,5.142883617494441,16.149425287356323
18,26,903,algorithmic,553,24,5.311162341255964,11.208333333333334
18,27,901,coalition,148,43,4.120596454866117,10.615384615384617
18,27,902,direct,139,68,4.730374386748164,15.314685314685315
18,27,903,algorithmic,478,24,4.973536312777534,13.576923076923075
18,28,901,coalition,139,43,4.202943973750119,9.91304347826087
18,28,902,direct,85,68,5.179205008523594,16.74757281553398
18,28,903,algorithmic,541,24,5.122350950482385,12.892857142857144
18,29,901,coalition,120,43,3.471445103996417,12.612903225806452
18,29,902,direct,127,68,4.101395600240339,15.592105263157896
18,29,903,algorithmic,518,24,4.895153279609484,12.03448275862069
18,30,901,coalition,159,43,4.189369221904556,10.91304347826087
18,30,902,direct,85,68,4.315708376748445,16.54639175257732
18,30,903,algorithmic,521,24,5.147674979841569,14.660377358490566
18,31,901,coalition,138,43,3.946173884259459,10.823529411764707
18,31,902,direct,160,68,4.720646766169154,15.592105263157896
18,31,903,algorithmic,467,24,4.77531729977871,11.660377358490566
18,32,901,coalition,166,43,3.786461056523404,12.882352941176471
18,32,902,direct,107,68,4.873948695676275,17.048458149779737
18,32,903,algorithmic,492,24,5.003683127441968,12.106382978723403
18,33,901,coalition,153,43,4.382703287622151,11.882352941176471
18,33,902,direct,128,68,4.669425746508816,16.149425287356323
18,33,903,algorithmic,484,24,4.988684276952994,11.25
18,34,901,coalition,87,43,4.0551654791005705,15.846153846153845
18,34,902,direct,130,68,4.665877712031558,16.564102564102562
18,34,903,algorithmic,548,24,5.374695863746959,11.490196078431373
18,35,901,coalition,140,43,3.950682063841723,8.075471698113208
18,35,902,direct,110,68,4.81102558967706,16.598984771573605
18,35,903,algorithmic,515,24,5.354433123834374,12.660377358490566
18,36,901,coalition,95,43,3.8063929021523504,12.227272727272727
18,36,902,direct,102,68,4.401855497443733,16.214689265536723
18,36,903,algorithmic,568,24,5.092566990282734,9.390243902439025
18,37,901,coalition,118,43,4.382653136719437,9.823529411764707
18,37,902,direct,83,68,4.731597924544895,16.035502958579883
18,37,903,algorithmic,564,24,5.099682263215533,15.229508196721312
18,38,901,coalition,161,43,4.356115484616495,10.08450704225352
18,38,902,direct,121,68,4.704596379932488,15.533333333333333
18,38,903,algorithmic,483,24,5.117377574626503,11.651162790697676
18,39,901,coalition,150,43,3.4859116095447717,12.25
18,39,902,direct,117,68,5.219190770914909,16.43617021276596
18,39,903,algorithmic,498,24,4.850802697215863,11.4
18,40,901,coalition,112,43,4.005884446169772,9.73134328358209
18,40,902,direct,124,68,4.333220108695652,16.358695652173914
18,40,903,algorithmic,529,24,4.7497819779625745,10.4
18,41,901,coalition,178,43,3.7190670658645555,11.146788990825687
18,41,902,direct,86,68,4.558592570220477,16.49214659685864
18,41,903,algorithmic,501,24,4.801161598121882,11.964912280701753
18,42,901,coalition,147,43,4.17596237805297,15.09090909090909
18,42,902,direct,130,68,4.3360139860139855,15.620915032679738
18,42,903,algorithmic,488,24,5.2753353204172875,9.390243902439025
18,43,901,coalition,87,43,4.3601789195878515,16.77777777777778
18,43,902,direct,108,68,4.555555555555555,16.598984771573605
18,43,903,algorithmic,570,24,5.408137188242273,10.580645161290322
18,44,901,coalition,202,43,4.137961048852138,11.0
18,44,902,direct,125,68,5.128,16.17142857142857
18,44,903,algorithmic,438,24,4.964905414220483,10.576923076923077
18,45,901,coalition,131,43,4.027622457840828,11.25
18,45,902,direct,115,68,4.460314631911211,16.510416666666664
18,45,903,algorithmic,519,24,4.507970555824247,11.030303030303031
18,46,901,coalition,142,43,4.1771537229273,8.538461538461538
18,46,902,direct,96,68,4.083337965021491,16.318681318681318
18,46,903,algorithmic,527,24,4.953363092567098,11.964912280701753
18,47,901,coalition,118,43,3.8988603117870517,8.114754098360656
18,47,902,direct,127,68,4.288171858952413,15.88957055214724
18,47,903,algorithmic,520,24,5.3540746969177455,12.306122448979593
18,48,901,coalition,185,0,4.252892696504626,
18,48,902,direct,115,68,4.703804347826087,16.54639175257732
18,48,903,algorithmic,465,67,5.040915641281455,10.25890953396284
18,49,901,coalition,176,0,5.619919554130081,
18,49,902,direct,83,68,4.29299616046604,16.318681318681318
18,49,903,algorithmic,506,67,5.75048864179299,9.31578947368421
18,50,901,coalition,183,0,5.544522508456935,
18,50,902,direct,69,68,4.681159420289855,15.533333333333333
18,50,903,algorithmic,513,67,5.892397660818713,4.571428571428571
18,51,901,coalition,173,0,5.259687433097838,
18,51,902,direct,79,68,4.848101265822785,15.073529411764707
18,51,903,algorithmic,513,67,5.7368421052631575,8.851851851851851
18,52,901,coalition,163,0,5.3435105834467125,
18,52,902,direct,90,68,4.877777777777778,15.410958904109592
18,52,903,algorithmic,512,67,5.77466823630137,8.08108108108108
18,53,901,coalition,193,0,4.3946094267834015,
18,53,902,direct,87,68,5.137931034482759,15.732484076433122
18,53,903,algorithmic,485,67,5.6923763871560835,9.048192771084338
18,54,901,coalition,209,0,5.0961335315402305,
18,54,902,direct,119,68,4.361344537815126,15.649350649350648
18,54,903,algorithmic,437,67,5.372254747540788,9.538461538461538
18,55,901,coalition,146,67,5.255397244349962,7.081081081081081
18,55,902,direct,99,68,4.508526121429347,16.397849462365592
18,55,903,algorithmic,520,0,5.528618693134822,
18,56,901,coalition,91,67,4.768644971759316,12.0
18,56,902,direct,109,68,4.6341500516677945,15.963855421686747
18,56,903,algorithmic,565,0,4.981519636432156,
18,57,901,coalition,109,67,4.280650542118432,6.958904109589041
18,57,902,direct,90,68,4.583581033262562,16.193181818181817
18,57,903,algorithmic,566,0,5.351647564235005,
18,58,901,coalition,122,67,4.6451214964423695,8.31578947368421
18,58,902,direct,115,68,4.390826817806077,15.732484076433122
18,58,903,algorithmic,528,0,5.260141496256566,
18,59,901,coalition,102,67,5.176470588235294,12.107142857142858
18,59,902,direct,100,68,3.9692526888005615,16.318681318681318
18,59,903,algorithmic,563,0,4.776864593590152,
18,60,901,coalition,130,67,4.530906319229672,8.645569620253164
18,60,902,direct,119,68,4.714585834333734,15.98802395209581
18,60,903,algorithmic,516,0,5.047610842489292,
18,61,901,coalition,93,67,3.860330674066366,9.0
18,61,902,direct,116,68,4.429610427445323,16.397849462365592
18,61,903,algorithmic,556,0,4.762807702249237,
18,62,901,coalition,94,67,4.081850947564236,6.951219512195122
18,62,902,direct,108,68,4.498681612842867,16.338797814207652
18,62,903,algorithmic,563,0,5.0909645279817175,
18,63,901,coalition,136,67,4.728361344537815,10.333333333333332
18,63,902,direct,94,68,3.949568826563507,16.17142857142857
18,63,903,algorithmic,535,0,5.21169235748675,
18,64,901,coalition,93,67,4.697655119148461,9.773584905660378
18,64,902,direct,171,68,4.31716816170197,15.838509316770185
18,64,903,algorithmic,501,0,4.941352603721318,
18,65,901,coalition,125,67,4.246864330637916,7.851851851851851
18,65,902,direct,65,68,4.614334093579377,17.18487394957983
18,65,903,algorithmic,575,0,4.909366077667965,
18,66,901,coalition,119,67,4.70078940667176,11.26086956521739
18,66,902,direct,158,68,4.336233997124309,14.924242424242424
18,66,903,algorithmic,488,0,4.658929271933661,
18,67,901,coalition,146,67,4.819939117199391,11.803149606299211
18,67,902,direct,91,68,4.46127726757648,17.022222222222222
18,67,903,algorithmic,528,0,4.685485736273138,
18,68,901,coalition,114,67,4.912428402029675,10.4
18,68,902,direct,110,68,4.601302733569272,15.759493670886075
18,68,903,algorithmic,541,0,4.727231104814789,
18,69,901,coalition,98,67,4.237979937737808,7.428571428571429
18,69,902,direct,143,68,4.6284751030513736,16.214689265536723
18,69,903,algorithmic,524,0,5.023099201728391,
18,70,901,coalition,120,67,4.579761904761905,9.903225806451612
18,70,902,direct,120,68,4.557404181184669,16.80952380952381
18,70,903,algorithmic,525,0,4.847457801898624,
18,71,901,coalition,146,67,4.894769613947696,12.251798561151078
18,71,902,direct,112,68,4.420689945739261,16.41711229946524
18,71,903,algorithmic,507,0,4.628621592132669,
18,72,901,coalition,80,67,4.066890876989564,9.052631578947368
18,72,902,direct,68,68,4.694644839067703,16.256983240223462
18,72,903,algorithmic,617,0,5.052913377173688,
18,73,901,coalition,97,67,4.88430698739977,9.747252747252748
18,73,902,direct,146,68,4.59481914220139,15.037037037037036
18,73,903,algorithmic,522,0,5.441373399621445,
18,74,901,coalition,110,67,4.406274007682458,10.453781512605042
18,74,902,direct,103,68,4.677731320259373,16.854460093896712
18,74,903,algorithmic,552,0,4.761119546618077,
18,75,901,coalition,141,67,4.6879432624113475,11.961832061068701
18,75,902,direct,117,68,3.972873182796847,16.058823529411764
18,75,903,algorithmic,507,0,4.815432487848812,
18,76,901,coalition,90,67,4.707300053676865,11.677419354838708
18,76,902,direct,87,68,4.785718251985119,16.358695652173914
18,76,903,algorithmic,588,0,4.847890753621068,
18,77,901,coalition,111,67,4.227565227565227,10.107142857142858
18,77,902,direct,120,68,4.180639499389499,15.649350649350648
18,77,903,algorithmic,534,0,5.134372182124991,
18,78,901,coalition,153,67,4.502888640475878,10.26530612244898
18,78,902,direct,110,68,4.695849091842928,16.41711229946524
18,78,903,algorithmic,502,0,5.032541719749306,
18,79,901,coalition,83,67,4.334693778597091,9.465346534653465
18,79,902,direct,104,68,3.7354393368736245,16.214689265536723
18,79,903,algorithmic,578,0,5.008569327427785,
18,80,901,coalition,84,67,4.964842662211083,10.413793103448276
18,80,902,direct,111,68,4.3831549670475844,16.08187134502924
18,80,903,algorithmic,570,0,5.126911718123227,
18,81,901,coalition,102,67,4.795880149812734,12.0
18,81,902,direct,89,68,4.435137895812053,16.235955056179776
18,81,903,algorithmic,574,0,5.1435215008796815,
18,82,901,coalition,83,67,4.5162187210379985,10.125
18,82,902,direct,162,68,4.6915049970605525,15.705128205128203
18,82,903,algorithmic,520,0,4.982045118343195,
18,83,901,coalition,134,67,4.6608225249299355,9.35897435897436
18,83,902,direct,67,68,3.8523498494449107,17.074235807860262
18,83,903,algorithmic,564,0,4.970479445587119,
18,84,901,coalition,140,67,4.582867803837953,10.773584905660378
18,84,902,direct,94,68,5.179787234042553,15.0
18,84,903,algorithmic,531,0,4.8037068150347295,
18,85,901,coalition,68,67,4.257763975155279,11.182481751824817
18,85,902,direct,90,68,4.111368593453491,15.838509316770185
18,85,903,algorithmic,607,0,4.928808055416534,
18,86,901,coalition,116,67,3.8882055787392926,7.571428571428571
18,86,902,direct,146,68,4.609589041095891,15.732484076433122
18,86,903,algorithmic,503,0,5.588217736348063,
18,87,901,coalition,114,67,4.645375175026769,8.653846153846153
18,87,902,direct,86,68,4.668615599380421,16.854460093896712
18,87,903,algorithmic,565,0,4.87588044719417,
18,88,901,coalition,117,67,4.64957264957265,7.75
18,88,902,direct,119,68,4.220354808590103,15.620915032679738
18,88,903,algorithmic,529,0,5.037964713295526,
18,89,901,coalition,141,67,4.300388927018989,8.903225806451612
18,89,902,direct,117,68,4.354814603889168,16.397849462365592
18,89,903,algorithmic,507,0,5.019829908167377,
18,90,901,coalition,108,67,4.951556629092861,11.677419354838708
18,90,902,direct,91,68,4.3751479158211275,16.358695652173914
18,90,903,algorithmic,566,0,5.117787419789858,
18,91,901,coalition,117,67,4.601040116099043,11.35897435897436
18,91,902,direct,70,68,4.928866153004084,15.759493670886075
18,91,903,algorithmic,578,0,5.13577519967803,
18,92,901,coalition,133,67,4.805334504143571,9.666666666666666
18,92,902,direct,117,68,4.831955536873569,15.10948905109489
18,92,903,algorithmic,515,0,4.978539781970659,
18,93,901,coalition,129,67,4.985444580502784,8.538461538461538
18,93,902,direct,109,68,4.337755791321987,16.358695652173914
18,93,903,algorithmic,527,0,5.028855988164949,
18,94,901,coalition,116,67,4.594526163491681,9.714285714285715
18,94,902,direct,87,68,4.543219232874406,16.193181818181817
18,94,903,algorithmic,562,0,5.063257323933481,
18,95,901,coalition,95,0,4.6237867395762136,
18,95,902,direct,151,68,4.149043009970162,15.649350649350648
18,95,903,algorithmic,519,67,5.076495657268398,6.315789473684211
18,96,901,coalition,164,0,3.9701628764235495,
18,96,902,direct,115,68,4.583007578779418,16.926605504587155
18,96,903,algorithmic,486,67,5.803110960093631,9.052631578947368
18,97,901,coalition,173,0,5.181541002350251,
18,97,902,direct,76,68,4.7105263157894735,16.318681318681318
18,97,903,algorithmic,516,67,5.698909617514269,6.571428571428571
18,98,901,coalition,211,0,4.487216401677158,
18,98,902,direct,111,68,4.845308723357504,15.314685314685315
18,98,903,algorithmic,443,67,5.458775986992691,5.951219512195122
18,99,901,coalition,148,0,4.698766614496951,
18,99,902,direct,78,68,4.705128205128205,16.235955056179776
18,99,903,algorithmic,539,67,5.5630068166183735,7.538461538461538
18,100,901,coalition,113,0,4.902279289218563,
18,100,902,direct,119,68,5.504201680672269,15.379310344827585
18,100,903,algorithmic,533,67,5.715145241638092,8.538461538461538
19,1,901,direct,95,38,3.471244841516903,13.446752332335857
19,1,902,algorithmic,542,54,4.18479852673745,11.516678412027249
19,1,903,coalition,128,43,4.053719133811082,13.359569285283111
19,2,901,direct,121,16,3.6744224118963404,17.196969696969695
19,2,902,algorithmic,527,76,5.630243107053235,10.184352009054896
19,2,903,coalition,117,43,3.628007314914336,12.45485636114911
19,3,901,direct,140,16,4.5538237936684105,18.897058823529413
19,3,902,algorithmic,508,76,5.489067265592911,9.46291866028708
19,3,903,coalition,117,43,3.876776817953288,12.356038510182485
19,4,901,direct,100,40,4.480540623140151,13.154079696394685
19,4,902,algorithmic,506,52,5.628438078191975,11.608695652173914
19,4,903,coalition,159,43,4.5695882904484595,12.221682442173886
19,5,901,direct,107,40,4.945490392453787,17.194244604316545
19,5,902,algorithmic,508,52,5.876401640469267,7.904761904761904
19,5,903,coalition,150,43,4.3707270771868645,12.91044776119403
19,6,901,direct,154,64,4.24787461379006,14.238707300156062
19,6,902,algorithmic,478,52,5.555982551979605,7.5
19,6,903,coalition,133,19,3.7087936021560752,15.8125
19,7,901,direct,111,64,4.697963050414135,17.096774193548388
19,7,902,algorithmic,561,52,5.366780390914618,8.774193548387096
19,7,903,coalition,93,19,3.8333293085963156,14.88235294117647
19,8,901,direct,87,64,5.160919540229885,16.379310344827587
19,8,902,algorithmic,557,52,5.552998327368414,8.916666666666668
19,8,903,coalition,121,19,3.5539089959152657,10.4
19,9,901,direct,117,64,4.351530058004878,15.8
19,9,902,algorithmic,472,52,5.708105718814779,9.153846153846153
19,9,903,coalition,176,19,4.406019729670809,14.705035971223023
19,10,901,direct,72,64,4.903636884306987,16.5
19,10,902,algorithmic,549,52,5.486044604685808,8.904761904761905
19,10,903,coalition,144,19,4.382878552337315,16.072164948453608
19,11,901,direct,166,64,4.814568816576849,15.333333333333332
19,11,902,algorithmic,473,52,5.634626929200572,10.774193548387096
19,11,903,coalition,126,19,3.986819654083692,14.692307692307693
19,12,901,direct,60,64,5.021564627350654,17.24890829694323
19,12,902,algorithmic,556,52,5.38991518178867,9.714285714285714
19,12,903,coalition,149,19,3.970413125929523,12.727272727272727
19,13,901,direct,149,64,4.8361531969617815,14.878048780487806
19,13,902,algorithmic,505,52,5.682176530782916,8.904761904761905
19,13,903,coalition,111,19,4.23386225007373,15.922155688622755
19,14,901,direct,73,64,4.396566932105831,17.028301886792452
19,14,902,algorithmic,589,52,5.428035130975017,11.03125
19,14,903,coalition,103,19,4.277456437062187,12.142857142857142
19,15,901,direct,131,64,4.538941688592666,15.367647058823529
19,15,902,algorithmic,502,52,5.743667043057716,9.108108108108109
19,15,903,coalition,132,19,3.8559439472176464,15.512396694214877
19,16,901,direct,56,64,4.3011904761904765,16.75257731958763
19,16,902,algorithmic,497,52,5.27241053827376,10.153846153846153
19,16,903,coalition,212,19,4.559103287298191,12.567567567567568
19,17,901,direct,119,64,4.58713920350749,14.705882352941178
19,17,902,algorithmic,507,52,5.158077020363072,6.774193548387097
19,17,903,coalition,139,19,4.323012060727507,15.217391304347826
19,18,901,direct,96,64,4.377592888384837,16.53846153846154
19,18,902,algorithmic,552,52,5.275653107320885,8.388059701492537
19,18,903,coalition,117,19,3.5029030242234187,13.1875
19,19,901,direct,107,64,4.449042235675987,16.037735849056602
19,19,902,algorithmic,501,52,5.745541760643633,7.639344262295082
19,19,903,coalition,157,19,4.6359817630274955,16.666666666666668
19,20,901,direct,104,64,4.5925016160310275,16.294117647058822
19,20,902,algorithmic,584,52,5.492038818489261,8.5
19,20,903,coalition,77,19,3.282658517952636,12.567567567567568
19,21,901,direct,115,64,5.121739130434783,16.227544910179642
19,21,902,algorithmic,480,52,5.768949600798403,9.816901408450704
19,21,903,coalition,170,19,3.922720259563723,15.105263157894736
19,22,901,direct,124,64,4.390025294394361,16.460674157303373
19,22,902,algorithmic,510,0,5.3959797593433745,
19,22,903,coalition,131,71,4.476886727717347,9.948126552317873
19,23,901,direct,87,64,4.5143322033550755,16.63101604278075
19,23,902,algorithmic,557,0,4.703250054749205,
19,23,903,coalition,121,71,4.3659786980156445,10.65648854961832
19,24,901,direct,111,64,4.446535540776378,15.8
19,24,902,algorithmic,548,0,5.64761468006777,
19,24,903,coalition,106,71,4.876729559748427,14.335078534031414
19,25,901,direct,127,64,4.6450429491768075,16.379310344827587
19,25,902,algorithmic,510,0,4.627616684082201,
19,25,903,coalition,128,71,5.064744971264368,10.636363636363637
19,26,901,direct,90,64,5.032010160080335,16.684210526315788
19,26,902,algorithmic,583,0,4.8583142345556505,
19,26,903,coalition,92,71,4.7076659038901605,9.457943925233645
19,27,901,direct,102,64,4.669594709436177,15.882352941176471
19,27,902,algorithmic,560,0,5.148263399134279,
19,27,903,coalition,103,71,5.134970493051589,8.553191489361701
19,28,901,direct,89,64,4.507501461323635,16.18181818181818
19,28,902,algorithmic,535,0,5.016297477381878,
19,28,903,coalition,141,71,4.769396088545025,8.358024691358025
19,29,901,direct,102,64,4.888579128333798,15.855263157894736
19,29,902,algorithmic,562,0,4.754355010019243,
19,29,903,coalition,101,71,4.916623241271496,11.262295081967213
19,30,901,direct,96,64,4.813104336749464,16.18181818181818
19,30,902,algorithmic,514,0,5.031394077355718,
19,30,903,coalition,155,71,4.326483853818319,9.06930693069307
19,31,901,direct,90,64,4.106009783368274,16.037735849056602
19,31,902,algorithmic,593,0,4.847902082393243,
19,31,903,coalition,82,71,4.215830648872527,8.783505154639176
19,32,901,direct,161,64,4.259170848146484,15.882352941176471
19,32,902,algorithmic,500,0,5.111442740094443,
19,32,903,coalition,104,71,4.995537958773253,8.929292929292929
19,33,901,direct,90,64,4.5316365626710455,17.1875
19,33,902,algorithmic,582,0,4.915063573968658,
19,33,903,coalition,93,71,4.823348694316436,8.929292929292929
19,34,901,direct,109,64,4.6317892722463,15.882352941176471
19,34,902,algorithmic,516,71,5.024813502457526,7.139240506329114
19,34,903,coalition,140,0,4.614892623716153,
19,35,901,direct,124,64,4.438672168042011,16.337209302325583
19,35,902,algorithmic,433,71,5.607766260271766,8.86046511627907
19,35,903,coalition,208,0,4.825805008944544,
19,36,901,direct,62,64,4.940486458513024,16.63101604278075
19,36,902,algorithmic,489,0,5.871701497107488,
19,36,903,coalition,214,71,5.774343212221168,4.666666666666667
19,37,901,direct,123,64,4.329268292682927,14.96
19,37,902,algorithmic,580,0,4.654768933290364,
19,37,903,coalition,62,71,4.5529032258064515,9.457943925233645
19,38,901,direct,99,64,4.5575797071398245,16.612903225806452
19,38,902,algorithmic,555,0,5.17258556366312,
19,38,903,coalition,111,71,5.3614259420711035,8.553191489361701
19,39,901,direct,143,64,4.120219912360014,16.11111111111111
19,39,902,algorithmic,514,0,5.0715445103686605,
19,39,903,coalition,108,71,4.940672153635116,10.39622641509434
19,40,901,direct,83,64,4.4008242785522045,16.941747572815533
19,40,902,algorithmic,568,0,4.965398080813775,
19,40,903,coalition,114,71,4.998224944930232,11.859649122807017
19,41,901,direct,156,64,4.390258242849071,15.684931506849315
19,41,902,algorithmic,454,0,4.584032567623269,
19,41,903,coalition,155,71,4.884931506849315,9.929292929292929
19,42,901,direct,113,64,4.734289678210153,17.123287671232877
19,42,902,algorithmic,528,0,5.242197766372736,
19,42,903,coalition,124,71,4.642635145087642,8.90909090909091
19,43,901,direct,82,64,3.956433251882083,16.420454545454547
19,43,902,algorithmic,567,0,4.809503706029098,
19,43,903,coalition,116,71,4.497042949940212,10.017094017094017
19,44,901,direct,106,64,4.497816519326918,15.655172413793103
19,44,902,algorithmic,558,0,5.197997670041024,
19,44,903,coalition,101,71,4.251827296189019,9.06930693069307
19,45,901,direct,126,64,3.96530544354431,16.272189349112427
19,45,902,algorithmic,509,0,4.858111583919511,
19,45,903,coalition,130,71,4.5332726445152485,8.045454545454545
19,46,901,direct,103,64,4.2119960895929625,16.666666666666664
19,46,902,algorithmic,558,0,4.893769042844439,
19,46,903,coalition,104,71,4.487957875457875,9.805309734513274
19,47,901,direct,97,64,4.5459177627681004,16.204819277108435
19,47,902,algorithmic,537,71,5.434885628689548,5.0
19,47,903,coalition,131,0,4.641497286857353,
19,48,901,direct,77,64,4.476059294241113,16.0625
19,48,902,algorithmic,466,71,5.733905579399142,8.929292929292929
19,48,903,coalition,222,0,4.2899262899262895,
19,49,901,direct,96,64,4.864583333333333,15.5
19,49,902,algorithmic,527,71,5.580645161290323,8.277777777777779
19,49,903,coalition,142,0,5.762519561815337,
19,50,901,direct,119,64,4.8149146451033245,16.037735849056602
19,50,902,algorithmic,516,71,5.567853834527814,8.045454545454545
19,50,903,coalition,130,0,4.387463165765053,
19,51,901,direct,74,64,4.952034452034452,16.53846153846154
19,51,902,algorithmic,513,71,5.639933166248956,5.410958904109589
19,51,903,coalition,178,0,5.216989413541668,
19,52,901,direct,144,64,4.895833333333333,15.401459854014599
19,52,902,algorithmic,399,71,5.436968333241864,9.631578947368421
19,52,903,coalition,222,0,4.982495941965784,
19,53,901,direct,89,64,4.325842696629214,16.956521739130434
19,53,902,algorithmic,528,71,5.3489423217684084,7.7894736842105265
19,53,903,coalition,148,0,5.3005975082634125,
19,54,901,direct,122,64,5.10655737704918,15.855263157894736
19,54,902,algorithmic,473,71,5.432847446311339,6.0256410256410255
19,54,903,coalition,170,0,4.815916488052711,
19,55,901,direct,96,64,4.833333333333333,16.594594594594597
19,55,902,algorithmic,552,71,5.665295730513122,6.54054054054054
19,55,903,coalition,117,0,5.917301917301918,
19,56,901,direct,88,64,4.6022727272727275,16.037735849056602
19,56,902,algorithmic,480,71,5.683411949685534,8.025641025641026
19,56,903,coalition,197,0,4.663587091323898,
19,57,901,direct,105,64,4.3428571428571425,15.827814569536423
19,57,902,algorithmic,515,71,5.640635247219186,11.553191489361701
19,57,903,coalition,145,0,5.343559444738671,
19,58,901,direct,119,64,4.9291716686674665,16.25
19,58,902,algorithmic,509,71,5.596313967630274,8.666666666666666
19,58,903,coalition,137,0,4.982273201251303,
19,59,901,direct,62,64,5.119029823654776,16.53846153846154
19,59,902,algorithmic,518,71,5.871780728923587,8.566265060240964
19,59,903,coalition,185,0,4.764169597904537,
19,60,901,direct,114,64,4.7631578947368425,14.96
19,60,902,algorithmic,477,71,5.530985324947589,8.463414634146341
19,60,903,coalition,174,0,4.588376787216148,
19,61,901,direct,112,64,4.955357142857143,16.440677966101696
19,61,902,algorithmic,515,71,5.786462618616642,8.139240506329113
19,61,903,coalition,138,0,5.491900620525752,
19,62,901,direct,89,64,5.4048154093097915,16.4
19,62,902,algorithmic,507,71,5.991715976331362,5.909090909090909
19,62,903,coalition,169,0,5.0415738108045804,
19,63,901,direct,97,64,4.907216494845361,15.855263157894736
19,63,902,algorithmic,524,71,5.534853354760948,7.25
19,63,903,coalition,144,0,4.682291666666667,
19,64,901,direct,159,64,4.79874213836478,16.0625
19,64,902,algorithmic,479,71,5.265135699373695,8.222222222222221
19,64,903,coalition,127,0,4.025371828521435,
19,65,901,direct,101,64,4.677281241637678,17.16216216216216
19,65,902,algorithmic,515,71,5.749269658007522,8.25
19,65,903,coalition,149,0,4.789210351290889,
19,66,901,direct,66,64,4.7272727272727275,16.15853658536585
19,66,902,algorithmic,499,71,5.705557456376167,9.045454545454545
19,66,903,coalition,200,0,4.822766075388026,
19,67,901,direct,157,64,4.592356687898089,15.116279069767442
19,67,902,algorithmic,482,71,5.747804689761653,9.41095890410959
19,67,903,coalition,126,0,6.1106206101427505,
19,68,901,direct,93,64,4.318670576735093,17.136363636363637
19,68,902,algorithmic,486,71,5.409465020576132,8.139240506329113
19,68,903,coalition,186,0,4.815861761758046,
19,69,901,direct,132,64,5.121212121212121,15.961538461538462
19,69,902,algorithmic,450,71,5.837891737891738,8.90909090909091
19,69,903,coalition,183,0,4.86811367139236,
19,70,901,direct,116,64,4.5851016799292665,16.76923076923077
19,70,902,algorithmic,551,71,5.629019498347992,6.764705882352941
19,70,903,coalition,98,0,4.387893618986056,
19,71,901,direct,83,64,5.200697526949905,16.480446927374302
19,71,902,algorithmic,517,71,5.688544784586624,8.789473684210526
19,71,903,coalition,165,0,5.2943225254604265,
19,72,901,direct,133,64,5.0,15.684931506849315
19,72,902,algorithmic,500,71,5.685534246575343,9.134831460674157
19,72,903,coalition,132,0,4.725941110349298,
19,73,901,direct,100,64,4.789387755102041,16.785714285714285
19,73,902,algorithmic,474,71,5.400198053905106,8.025641025641026
19,73,903,coalition,191,0,5.2369692137829755,
19,74,901,direct,99,64,4.257195612034321,16.134969325153374
19,74,902,algorithmic,494,71,5.7602518566354535,8.473118279569892
19,74,903,coalition,172,0,4.7368824568105214,
19,75,901,direct,114,64,4.756443578081004,16.11111111111111
19,75,902,algorithmic,511,71,5.580826749776521,7.3580246913580245
19,75,903,coalition,140,0,4.853086419753087,
19,76,901,direct,75,64,4.53953488372093,16.440677966101696
19,76,902,algorithmic,545,71,5.623925776188255,7.8604651162790695
19,76,903,coalition,145,0,4.746199466289717,
19,77,901,direct,98,64,4.974975704567541,15.434782608695652
19,77,902,algorithmic,488,71,5.839659063910668,8.666666666666666
19,77,903,coalition,179,0,4.7739627791850285,
19,78,901,direct,122,64,4.918643722635169,16.086956521739133
19,78,902,algorithmic,472,71,5.71220654805769,9.566265060240964
19,78,903,coalition,171,0,5.157859289396881,
19,79,901,direct,99,64,4.744471744471745,16.594594594594597
19,79,902,algorithmic,492,71,5.568885959129861,8.25
19,79,903,coalition,174,0,4.675869835352594,
19,80,901,direct,69,64,4.930398998031848,16.11111111111111
19,80,902,algorithmic,501,71,5.674552130307287,8.86046511627907
19,80,903,coalition,195,0,4.746911371717573,
19,81,901,direct,105,64,4.752380952380952,15.227272727272727
19,81,902,algorithmic,477,0,5.775363699892002,
19,81,903,coalition,183,71,5.255211046894374,6.463414634146341
19,82,901,direct,84,64,4.727743271221532,16.25
19,82,902,algorithmic,617,0,5.192936644701849,
19,82,903,coalition,64,71,3.994047619047619,8.222222222222221
19,83,901,direct,133,64,4.179384648034953,15.714285714285714
19,83,902,algorithmic,486,0,5.501782888697522,
19,83,903,coalition,146,71,4.738048644115181,7.140845070422535
19,84,901,direct,99,64,4.17355644643383,16.785714285714285
19,84,902,algorithmic,560,0,4.959002565151979,
19,84,903,coalition,106,71,4.9039276087793615,12.302013422818792
19,85,901,direct,97,64,4.637417994376757,16.11111111111111
19,85,902,algorithmic,550,0,4.923940571213298,
19,85,903,coalition,118,71,4.899560577526679,7.307692307692308
19,86,901,direct,134,64,4.512708552165523,16.0625
19,86,902,algorithmic,500,0,4.869448445171849,
19,86,903,coalition,131,71,4.757430566834497,9.26923076923077
19,87,901,direct,98,64,3.538679515225357,16.80203045685279
19,87,902,algorithmic,510,0,4.805806756188024,
19,87,903,coalition,157,71,4.431221788821742,12.696969696969697
19,88,901,direct,116,64,4.87668055193597,16.086956521739133
19,88,902,algorithmic,528,0,4.710712674382241,
19,88,903,coalition,121,71,4.209685614832661,10.577981651376147
19,89,901,direct,114,64,3.8752048023921173,16.480446927374302
19,89,902,algorithmic,523,0,5.049432146651823,
19,89,903,coalition,128,71,4.7673271648044695,7.8604651162790695
19,90,901,direct,132,64,4.290322904570836,16.440677966101696
19,90,902,algorithmic,539,0,5.15123511156833,
19,90,903,coalition,94,71,4.29954977106077,9.783505154639176
19,91,901,direct,81,64,4.187044559673287,16.76923076923077
19,91,902,algorithmic,521,0,4.672508038642583,
19,91,903,coalition,163,71,4.5247758376592735,9.693693693693694
19,92,901,direct,131,64,4.712727100494366,15.625
19,92,902,algorithmic,541,0,5.3222993720622815,
19,92,903,coalition,93,71,4.923628737418022,8.134831460674157
19,93,901,direct,149,64,4.369125394392402,16.75257731958763
19,93,902,algorithmic,508,0,4.886712339684132,
19,93,903,coalition,108,71,4.262218403970981,7.0256410256410255
19,94,901,direct,55,64,5.237180796731359,17.028301886792452
19,94,902,algorithmic,578,0,5.261803792461878,
19,94,903,coalition,132,71,4.436705404693533,7.666666666666667
19,95,901,direct,127,64,4.500114131438681,14.661016949152543
19,95,902,algorithmic,551,0,5.135978476928995,
19,95,903,coalition,87,71,5.082213130722774,10.693693693693694
19,96,901,direct,81,64,4.175434457812377,16.684210526315788
19,96,902,algorithmic,545,0,5.0699990321566615,
19,96,903,coalition,139,71,4.796667928814842,6.3580246913580245
19,97,901,direct,174,64,4.21415607985481,15.625
19,97,902,algorithmic,432,0,4.567875391340304,
19,97,903,coalition,159,71,4.090430956369388,9.222222222222221
19,98,901,direct,56,64,4.969515910584216,17.341772151898734
19,98,902,algorithmic,586,0,4.507417117060468,
19,98,903,coalition,123,71,4.892620100818221,13.364238410596027
19,99,901,direct,133,64,4.874050411001598,14.705882352941178
19,99,902,algorithmic,510,0,5.203453823966759,
19,99,903,coalition,122,71,4.535382555298515,9.045454545454545
19,100,901,direct,82,64,4.219766260162602,16.785714285714285
19,100,902,algorithmic,545,0,4.994921936664574,
19,100,903,coalition,138,71,4.807897071872227,8.764705882352942
20,1,901,direct,145,42,3.498802939533256,13.819238732282212
20,1,902,coalition,126,52,3.6098080527842393,12.039619243632622
20,1,903,algorithmic,494,41,4.090375475606949,10.082754708862245
20,2,901,direct,99,42,3.6684402600482002,13.271889400921658
20,2,902,coalition,139,52,4.992763798802401,12.59769600498161
20,2,903,algorithmic,527,41,5.2504637092290105,11.731229076996652
20,3,901,direct,112,42,3.9909205231388327,12.547619047619047
20,3,902,coalition,128,52,4.104629586730912,11.64115730226128
20,3,903,algorithmic,525,41,5.058913618639522,11.459223634489867
20,4,901,direct,139,42,3.9464120138025436,12.701213818860875
20,4,902,coalition,96,52,4.476868501573088,10.827245380318006
20,4,903,algorithmic,530,41,5.061136783069777,12.000687049124013
20,5,901,direct,132,70,3.87105907560453,10.532034632034632
20,5,902,coalition,138,52,4.848203502415459,12.397348683062969
20,5,903,algorithmic,495,13,5.469641568748711,15.125
20,6,901,direct,97,70,4.346690823880863,13.395735607675904
20,6,902,coalition,93,52,3.8470564931807107,12.372405372405371
20,6,903,algorithmic,575,13,5.002820075493454,13.756756756756756
20,7,901,direct,127,51,4.61220611952209,15.843373493975903
20,7,902,coalition,152,52,3.7342453870556622,10.128016591251885
20,7,903,algorithmic,486,32,5.276242608360938,10.164914404453256
20,8,901,direct,80,51,3.9567732258042163,17.175141242937855
20,8,902,coalition,114,52,3.9789286949868123,11.388155275540697
20,8,903,algorithmic,571,32,5.171273993673387,11.25925925925926
20,9,901,direct,59,51,4.174962595743731,16.153846153846153
20,9,902,coalition,161,52,3.609923310073235,11.046417350765179
20,9,903,algorithmic,545,32,5.3209556830617855,8.655172413793103
20,10,901,direct,112,51,4.750842318059299,15.412844036697248
20,10,902,coalition,84,52,3.0775433822833946,11.85975587064121
20,10,903,algorithmic,569,32,5.258399664823174,9.745762711864407
20,11,901,direct,105,71,3.729100529100529,14.747000521648408
20,11,902,coalition,211,32,4.22873610479921,12.694444444444445
20,11,903,algorithmic,449,32,5.052621587630893,11.753424657534246
20,12,901,direct,148,71,4.750223363859727,16.0
20,12,902,coalition,167,32,4.376009787631614,15.71900826446281
20,12,903,algorithmic,450,32,5.074102584284402,12.633802816901408
20,13,901,direct,74,71,4.796205296205296,16.788990825688074
20,13,902,coalition,117,32,4.620789520998759,10.694444444444445
20,13,903,algorithmic,574,32,4.8373242704189225,7.842105263157895
20,14,901,direct,131,71,4.746028471219311,15.13888888888889
20,14,902,coalition,151,32,4.1919237117912616,14.905405405405405
20,14,903,algorithmic,483,32,5.580877461312244,12.15625
20,15,901,direct,77,71,4.794776651919509,16.517412935323385
20,15,902,coalition,112,32,4.325729165588218,12.23076923076923
20,15,903,algorithmic,576,32,5.213859350986216,7.790697674418604
20,16,901,direct,119,71,4.79632132573309,15.238095238095239
20,16,902,coalition,139,32,4.230364207753725,12.694444444444445
20,16,903,algorithmic,507,32,5.1595911993207,11.25925925925926
20,17,901,direct,72,71,4.333333333333333,16.296296296296298
20,17,902,coalition,133,32,4.148698075721517,11.441176470588236
20,17,903,algorithmic,560,32,4.979487350495754,9.11111111111111
20,18,901,direct,150,71,4.66390243902439,15.070422535211268
20,18,902,coalition,133,32,3.5769223265740893,10.694444444444445
20,18,903,algorithmic,482,32,5.169048676890936,13.702127659574469
20,19,901,direct,80,71,3.5419932829007434,16.818181818181817
20,19,902,coalition,109,32,3.7984886747473454,11.441176470588236
20,19,903,algorithmic,576,32,5.07685784494877,8.619047619047619
20,20,901,direct,101,71,4.549838541805664,15.33333333333333
20,20,902,coalition,132,32,3.730752489768883,10.150943396226415
20,20,903,algorithmic,532,32,5.53435325421946,11.918032786885245
20,21,901,direct,106,71,4.2116331405600995,15.906432748538013
20,21,902,coalition,190,32,3.9713469175036398,10.974025974025974
20,21,903,algorithmic,469,32,4.707219932518092,12.56140350877193
20,22,901,direct,109,71,5.122130432977708,16.022727272727273
20,22,902,coalition,220,32,4.373619276243885,14.597285067873305
20,22,903,algorithmic,436,32,5.37607980255039,11.150943396226415
20,23,901,direct,113,71,4.845361915171173,16.089385474860336
20,23,902,coalition,192,32,4.368067123131101,15.764940239043824
20,23,903,algorithmic,460,32,5.530355043271171,9.150943396226415
20,24,901,direct,92,71,4.425551641954514,16.174863387978142
20,24,902,coalition,147,32,4.842038117473292,15.609865470852018
20,24,903,algorithmic,526,32,5.209783227382091,10.404255319148936
20,25,901,direct,102,71,4.868693544833664,15.679012345679013
20,25,902,coalition,121,32,3.7475974132426293,11.441176470588236
20,25,903,algorithmic,542,32,5.083575799406375,11.11111111111111
20,26,901,direct,89,71,4.506209343583678,15.930232558139538
20,26,902,coalition,154,32,3.8751821414000123,15.960526315789473
20,26,903,algorithmic,522,32,5.5321637426900585,10.56140350877193
20,27,901,direct,105,71,4.738481338481338,15.597484276729562
20,27,902,coalition,156,32,4.540709458795055,14.51685393258427
20,27,903,algorithmic,504,32,4.950486587014041,8.439024390243903
20,28,901,direct,88,71,4.844503090492395,16.0
20,28,902,coalition,181,32,4.221994110568781,12.571428571428571
20,28,903,algorithmic,496,32,5.073842997609601,11.918032786885245
20,29,901,direct,143,71,4.587652484736533,15.569620253164555
20,29,902,coalition,148,32,4.412123432245238,12.477272727272727
20,29,903,algorithmic,474,32,4.957987025616487,9.25
20,30,901,direct,60,71,4.304562383612663,16.71361502347418
20,30,902,coalition,138,32,3.9631203951097076,18.268156424581008
20,30,903,algorithmic,567,32,5.293967728480454,13.15625
20,31,901,direct,120,71,4.424297670451517,14.615384615384617
20,31,902,coalition,139,32,4.446022455983718,13.615384615384615
20,31,903,algorithmic,506,32,5.067123511939566,7.621621621621622
20,32,901,direct,89,71,4.524785194976867,16.315789473684212
20,32,902,coalition,155,32,4.002836602272119,8.363636363636363
20,32,903,algorithmic,521,32,5.20555576916252,13.507246376811594
20,33,901,direct,124,71,4.45993756503642,15.597484276729562
20,33,902,coalition,171,64,4.8984376215880925,10.607843137254903
20,33,903,algorithmic,470,0,5.728004472013225,
20,34,901,direct,58,71,4.3035092096864895,16.391752577319586
20,34,902,coalition,74,64,4.387392150278748,12.134969325153374
20,34,903,algorithmic,633,0,4.850061520900498,
20,35,901,direct,139,71,4.3232158798508635,14.53125
20,35,902,coalition,132,64,4.685842803030303,7.7105263157894735
20,35,903,algorithmic,494,0,5.300376123159046,
20,36,901,direct,90,71,3.9987349882086725,16.650717703349283
20,36,902,coalition,110,64,5.345585036972597,12.5
20,36,903,algorithmic,565,0,4.866169415121441,
20,37,901,direct,94,71,4.691489361702128,15.625
20,37,902,coalition,119,64,5.160714285714286,9.942307692307692
20,37,903,algorithmic,552,0,4.7951670146474115,
20,38,901,direct,92,71,5.058886765408505,15.731707317073168
20,38,902,coalition,134,64,4.3612122315253,9.823529411764707
20,38,903,algorithmic,539,0,4.96883895245679,
20,39,901,direct,103,71,4.614213197969543,15.679012345679013
20,39,902,coalition,159,64,4.496352816117845,8.409638554216867
20,39,903,algorithmic,503,0,4.892711468954417,
20,40,901,direct,101,71,4.5741682276335744,15.953757225433527
20,40,902,coalition,109,64,4.381016536502562,8.762376237623762
20,40,903,algorithmic,555,0,4.802055018896756,
20,41,901,direct,85,71,4.461012311901505,15.906432748538013
20,41,902,coalition,120,64,4.489655016093205,6.818181818181818
20,41,903,algorithmic,560,0,5.176511817775588,
20,42,901,direct,125,71,3.164612819592358,15.483870967741938
20,42,902,coalition,140,64,4.511733524716074,13.401459854014599
20,42,903,algorithmic,500,0,5.011716235568405,
20,43,901,direct,57,71,4.510241120041483,16.41025641025641
20,43,902,coalition,108,64,4.728685107995453,8.571428571428571
20,43,903,algorithmic,600,0,4.852473580059788,
20,44,901,direct,101,71,4.271611371663482,14.48818897637795
20,44,902,coalition,118,64,4.727924620483991,9.125
20,44,903,algorithmic,546,0,5.486128083517226,
20,45,901,direct,99,71,4.702954836007702,15.906432748538013
20,45,902,coalition,121,64,4.732492387994781,10.220183486238533
20,45,903,algorithmic,545,0,4.852737226905115,
20,46,901,direct,106,71,4.030211169953708,15.857988165680476
20,46,902,coalition,127,64,4.397756300529323,7.923076923076923
20,46,903,algorithmic,532,0,5.018031636848747,
20,47,901,direct,98,71,4.5085929108485505,16.022727272727273
20,47,902,coalition,128,64,4.664711984150718,10.368421052631579
20,47,903,algorithmic,539,0,5.018334280210563,
20,48,901,direct,107,71,4.526899864229218,15.833333333333334
20,48,902,coalition,93,64,4.110428847550955,9.636363636363637
20,48,903,algorithmic,565,0,5.233956886729902,
20,49,901,direct,114,71,3.165317728520686,16.045197740112993
20,49,902,coalition,120,64,4.840254237288136,10.505154639175258
20,49,903,algorithmic,531,0,5.332830606341891,
20,50,901,direct,93,71,4.543510194488513,16.195652173913043
20,50,902,coalition,162,64,4.418009688234207,9.222222222222221
20,50,903,algorithmic,510,0,5.0351002830846445,
20,51,901,direct,92,71,4.325764895330113,15.705521472392636
20,51,902,coalition,159,64,4.2581205815144925,11.333333333333332
20,51,903,algorithmic,514,0,4.526387352715204,
20,52,901,direct,108,71,4.974891558224892,15.679012345679013
20,52,902,coalition,127,64,4.705837070666467,10.473684210526315
20,52,903,algorithmic,530,0,4.796591295035519,
20,53,901,direct,107,71,4.7683226758485,16.06741573033708
20,53,902,coalition,85,64,4.392075694855116,8.36986301369863
20,53,903,algorithmic,573,0,5.284293240371704,
20,54,901,direct,108,71,4.51001001001001,16.045197740112993
20,54,902,coalition,148,64,4.700794014353336,6.923076923076923
20,54,903,algorithmic,509,0,4.961125224886006,
20,55,901,direct,71,71,4.476536946799279,16.06741573033708
20,55,902,coalition,117,64,4.325655180386529,12.11214953271028
20,55,903,algorithmic,577,0,4.666637602699848,
20,56,901,direct,101,71,4.304730473047305,15.035460992907801
20,56,902,coalition,196,64,4.339303806629035,6.36986301369863
20,56,903,algorithmic,468,0,4.775823222874617,
20,57,901,direct,98,71,4.078398330815087,15.906432748538013
20,57,902,coalition,80,64,4.77735809117388,10.324324324324325
20,57,903,algorithmic,587,0,4.511585261787001,
20,58,901,direct,96,71,4.423149766899766,15.833333333333334
20,58,902,coalition,129,0,5.029715762273902,
20,58,903,algorithmic,540,64,5.1178320118079155,7.409638554216867
20,59,901,direct,68,71,4.64181879648411,15.783132530120483
20,59,902,coalition,181,0,3.8894882253341807,
20,59,903,algorithmic,516,64,6.114738021854862,10.758620689655173
20,60,901,direct,98,71,4.408163265306122,14.92753623188406
20,60,902,coalition,192,0,5.147470179008669,
20,60,903,algorithmic,475,64,5.758230358504958,9.36986301369863
20,61,901,direct,108,71,4.495811287477954,15.833333333333334
20,61,902,coalition,192,0,5.34100004021879,
20,61,903,algorithmic,465,64,5.728341013824885,9.486486486486486
20,62,901,direct,85,71,4.647323198942498,16.06741573033708
20,62,902,coalition,133,0,4.587070528525289,
20,62,903,algorithmic,547,64,5.5375387712343125,8.923076923076923
20,63,901,direct,95,71,4.7894736842105265,15.483870967741938
20,63,902,coalition,167,0,4.33572434688434,
20,63,903,algorithmic,503,64,5.750721477586096,7.921348314606742
20,64,901,direct,73,71,5.068493150684931,15.757575757575758
20,64,902,coalition,190,0,5.2561403508771924,
20,64,903,algorithmic,502,64,5.684353495110467,7.25
20,65,901,direct,124,71,4.588709677419355,15.104895104895105
20,65,902,coalition,166,0,5.202978506928484,
20,65,903,algorithmic,475,64,5.655237394184763,9.025316455696203
20,66,901,direct,81,71,5.172839506172839,16.391752577319586
20,66,902,coalition,158,64,5.934816651441994,8.0
20,66,903,algorithmic,526,0,5.89065501156364,
20,67,901,direct,114,71,4.921052631578948,15.364238410596025
20,67,902,coalition,101,64,4.894873446470834,11.521739130434781
20,67,903,algorithmic,550,0,4.784358590208084,
20,68,901,direct,107,71,4.684066560291771,16.195652173913043
20,68,902,coalition,162,64,4.606347289318304,8.125
20,68,903,algorithmic,496,0,5.152984747545582,
20,69,901,direct,106,71,4.720910834559971,16.045197740112993
20,69,902,coalition,127,64,4.763512611770986,11.53191489361702
20,69,903,algorithmic,532,0,4.726376736407674,
20,70,901,direct,98,71,4.698373139912381,16.022727272727273
20,70,902,coalition,125,64,4.988430622009569,8.921348314606742
20,70,903,algorithmic,542,0,4.93397629100209,
20,71,901,direct,110,71,4.71237911025145,15.833333333333334
20,71,902,coalition,129,64,4.663360115611477,10.0
20,71,903,algorithmic,526,0,4.863652385960452,
20,72,901,direct,123,71,4.891598915989159,16.11111111111111
20,72,902,coalition,138,64,4.520531400966184,10.297872340425531
20,72,903,algorithmic,504,0,4.956112330669068,
20,73,901,direct,81,71,4.131359276294975,16.373056994818654
20,73,902,coalition,86,64,4.09380648270876,10.056603773584905
20,73,903,algorithmic,598,0,4.842299817352075,
20,74,901,direct,137,71,3.8121246954612604,15.364238410596025
20,74,902,coalition,173,64,5.060636220954715,8.126760563380282
20,74,903,algorithmic,455,0,5.099432286243969,
20,75,901,direct,89,71,5.107579232665138,16.618357487922708
20,75,902,coalition,64,64,4.9486663800867925,9.4375
20,75,903,algorithmic,612,0,4.645664054535267,
20,76,901,direct,122,71,4.67381930035212,15.597484276729562
20,76,902,coalition,163,64,4.968592043832234,11.368421052631579
20,76,903,algorithmic,480,0,5.332611184742672,
20,77,901,direct,99,71,4.729060516671136,16.354166666666664
20,77,902,coalition,87,64,4.5445571830603875,9.7
20,77,903,algorithmic,579,0,4.790477618821995,
20,78,901,direct,93,71,4.142765515940389,15.857988165680476
20,78,902,coalition,169,64,4.839779186069582,11.473684210526315
20,78,903,algorithmic,503,0,4.7891991557351625,
20,79,901,direct,94,71,5.066397652237711,15.705521472392636
20,79,902,coalition,45,64,4.501704158145876,9.368421052631579
20,79,903,algorithmic,626,0,4.938626081760438,
20,80,901,direct,110,71,4.324915824915825,15.731707317073168
20,80,902,coalition,192,64,4.769372459349594,7.15625
20,80,903,algorithmic,463,0,5.4121982436527025,
20,81,901,direct,85,71,4.5868512110726645,16.11111111111111
20,81,902,coalition,102,64,4.450852236319364,8.7
20,81,903,algorithmic,578,0,4.602806612841215,
20,82,901,direct,117,71,4.631183631183632,15.483870967741938
20,82,902,coalition,80,0,4.475708699902248,
20,82,903,algorithmic,568,64,5.188402654440819,6.25
20,83,901,direct,83,71,4.819277108433735,16.25668449197861
20,83,902,coalition,167,0,4.058022991450255,
20,83,903,algorithmic,515,64,5.718612740771507,11.0
20,84,901,direct,91,71,4.714285714285714,15.42483660130719
20,84,902,coalition,181,0,5.0898177996000555,
20,84,903,algorithmic,493,64,5.864998873112463,7.486486486486487
20,85,901,direct,90,71,4.544444444444444,15.652173913043475
20,85,902,coalition,152,0,4.663166067342269,
20,85,903,algorithmic,523,64,5.649893709250264,8.125
20,86,901,direct,124,71,4.491708314402545,15.625
20,86,902,coalition,153,0,4.529676424560434,
20,86,903,algorithmic,488,64,5.640368852459017,8.126760563380282
20,87,901,direct,57,71,4.143301108330076,16.391752577319586
20,87,902,coalition,166,0,4.6178662104353565,
20,87,903,algorithmic,542,64,5.64760147601476,9.225806451612904
20,88,901,direct,152,71,4.368421052631579,14.48818897637795
20,88,902,coalition,154,0,4.49686846429377,
20,88,903,algorithmic,459,64,5.828212649889353,8.36986301369863
20,89,901,direct,75,71,5.256096096096096,16.846846846846848
20,89,902,coalition,138,0,5.333529181355268,
20,89,903,algorithmic,552,64,5.698622535579057,7.25
20,90,901,direct,147,71,4.448979591836735,15.172413793103448
20,90,902,coalition,177,0,4.421890749540484,
20,90,903,algorithmic,441,64,5.565407772304324,10.152173913043478
20,91,901,direct,61,71,4.836065573770492,16.774193548387096
20,91,902,coalition,193,0,5.05450608225136,
20,91,903,algorithmic,511,64,5.250137527392751,5.3076923076923075
20,92,901,direct,117,71,4.803418803418803,14.65648854961832
20,92,902,coalition,192,0,4.789431596101886,
20,92,903,algorithmic,456,64,5.669931029864738,9.505154639175258
20,93,901,direct,98,71,4.448979591836735,16.25668449197861
20,93,902,coalition,236,64,5.5601587368153345,7.597014925373134
20,93,903,algorithmic,431,0,5.205032445376379,
20,94,901,direct,88,71,4.662954623033202,15.833333333333334
20,94,902,coalition,78,64,4.837454212454213,11.987261146496815
20,94,903,algorithmic,599,0,4.338966103948033,
20,95,901,direct,125,71,4.495943262411348,15.569620253164555
20,95,902,coalition,133,0,4.275340249357571,
20,95,903,algorithmic,507,64,5.310887743418394,6.36986301369863
20,96,901,direct,44,71,4.9772727272727275,16.41025641025641
20,96,902,coalition,179,0,4.801317862770377,
20,96,903,algorithmic,542,64,5.546929700066231,8.5
20,97,901,direct,124,71,4.387096774193548,13.859649122807017
20,97,902,coalition,147,0,4.613514566680615,
20,97,903,algorithmic,494,64,5.7460757156048015,8.409638554216867
20,98,901,direct,96,71,4.635416666666667,16.391752577319586
20,98,902,coalition,148,0,5.362500183308648,
20,98,903,algorithmic,521,64,5.787066901478125,8.710526315789474
20,99,901,direct,97,71,5.3164556962025316,15.783132530120483
20,99,902,coalition,194,0,5.218900396051124,
20,99,903,algorithmic,474,64,5.528722484876213,7.025316455696203
20,100,901,direct,98,71,4.811193938653306,15.808383233532934
20,100,902,coalition,223,0,4.897723529207581,
20,100,903,algorithmic,444,64,5.427078275880671,7.317073170731708
21,1,901,direct,97,46,3.680309052166068,13.668896321070235
21,1,902,coalition,107,38,3.5319917386899147,13.079470267247896
21,1,903,algorithmic,561,51,4.387199581422539,9.523678477238848
21,2,901,direct,101,46,3.3886179662742393,12.700551132884263
21,2,902,coalition,154,38,4.376537362704365,12.264202172096908
21,2,903,algorithmic,510,51,5.299887560658067,11.788118232367573
21,3,901,direct,73,47,3.828122087475017,13.406684154279606
21,3,902,coalition,130,29,4.523589500672108,12.594026912528099
21,3,903,algorithmic,562,59,5.503457767347181,10.72104747968809
21,4,901,direct,104,47,3.8114433035319113,16.134453781512605
21,4,902,coalition,148,29,4.3680412481603845,11.757575757575758
21,4,903,algorithmic,513,59,5.387008697964793,12.380585516178735
21,5,901,direct,88,78,3.7895488980716254,13.581623931623934
21,5,902,coalition,144,29,4.493176557239057,16.40909090909091
21,5,903,algorithmic,533,28,5.651840639035761,9.25
21,6,901,direct,62,78,4.452676355902162,15.333333333333334
21,6,902,coalition,115,29,3.5947777178465694,12.923076923076923
21,6,903,algorithmic,588,28,5.207206019735683,10.90566037735849
21,7,901,direct,109,78,4.502277538974787,14.46043165467626
21,7,902,coalition,164,29,4.500949005820148,17.04195804195804
21,7,903,algorithmic,492,28,5.596705204487271,11.25531914893617
21,8,901,direct,60,78,4.3414930555555555,15.86021505376344
21,8,902,coalition,151,29,3.8789690935533168,16.541666666666664
21,8,903,algorithmic,554,28,5.19357507472536,12.807692307692307
21,9,901,direct,112,78,5.0,14.379562043795621
21,9,902,coalition,148,29,4.170115884791903,11.254237288135595
21,9,903,algorithmic,505,28,5.192572083714377,10.863636363636363
21,10,901,direct,71,78,4.265670358026019,15.925925925925926
21,10,902,coalition,139,29,3.872212619514778,14.862595419847327
21,10,903,algorithmic,555,28,5.164891232066804,11.0
21,11,901,direct,128,78,4.8984375,14.797297297297296
21,11,902,coalition,157,57,4.1726558932402025,12.532934131736527
21,11,903,algorithmic,480,0,5.582329597561634,
21,12,901,direct,72,78,5.685054773082943,16.24390243902439
21,12,902,coalition,134,57,4.262985997528674,12.37190082644628
21,12,903,algorithmic,559,0,4.717381059426215,
21,13,901,direct,118,78,3.92478813559322,14.832214765100671
21,13,902,coalition,127,57,4.475717380964963,9.166666666666668
21,13,903,algorithmic,520,0,4.902011809499226,
21,14,901,direct,85,78,3.7383332814881634,16.05128205128205
21,14,902,coalition,147,57,4.008921601427456,9.978494623655914
21,14,903,algorithmic,533,0,5.018439274414304,
21,15,901,direct,120,78,4.586206896551724,15.246913580246915
21,15,902,coalition,158,57,4.370896930477899,14.241379310344827
21,15,903,algorithmic,487,0,5.324933211501222,
21,16,901,direct,104,78,4.78265143580742,16.091370558375637
21,16,902,coalition,98,57,5.052845902344049,11.716981132075471
21,16,903,algorithmic,563,0,4.8876855644100194,
21,17,901,direct,91,78,4.350779655127481,15.745856353591158
21,17,902,coalition,105,57,4.244942376749796,5.884057971014492
21,17,903,algorithmic,569,0,5.095222517199199,
21,18,901,direct,98,78,3.8523308989147496,15.416666666666666
21,18,902,coalition,123,57,4.2473867595818815,9.846153846153847
21,18,903,algorithmic,544,0,4.8428054122986985,
21,19,901,direct,68,78,4.742976855546688,15.600000000000003
21,19,902,coalition,167,57,4.560356700804297,9.91304347826087
21,19,903,algorithmic,530,0,4.860406453551673,
21,20,901,direct,107,78,4.398684045094505,14.689655172413792
21,20,902,coalition,166,57,5.066913393484251,15.488789237668161
21,20,903,algorithmic,492,0,5.326899795207941,
21,21,901,direct,106,78,4.90566037735849,15.815217391304346
21,21,902,coalition,141,57,4.743705777933345,15.477477477477478
21,21,903,algorithmic,518,0,5.0609605324646445,
21,22,901,direct,81,78,5.197365419565081,15.792349726775956
21,22,902,coalition,115,57,4.164932287954383,12.52
21,22,903,algorithmic,569,0,4.972369132013187,
21,23,901,direct,139,78,4.098321342925659,15.126582278481013
21,23,902,coalition,75,57,5.107510548523207,12.087719298245615
21,23,903,algorithmic,551,0,4.909975724995597,
21,24,901,direct,64,78,4.702290076335878,16.435185185185183
21,24,902,coalition,121,57,5.03902662993572,8.884057971014492
21,24,903,algorithmic,580,0,5.1159042616096535,
21,25,901,direct,91,78,4.805922890668653,14.539007092198581
21,25,902,coalition,127,57,4.92639371214552,8.0
21,25,903,algorithmic,547,0,4.924302707420932,
21,26,901,direct,78,78,4.392605789958775,15.416666666666666
21,26,902,coalition,109,57,5.173914444707045,9.862385321100918
21,26,903,algorithmic,578,0,4.952028213371465,
21,27,901,direct,117,78,4.094535094535095,15.032258064516128
21,27,902,coalition,136,57,4.522166637916164,8.222222222222221
21,27,903,algorithmic,512,0,5.18451017228739,
21,28,901,direct,58,78,4.233216086532206,16.030927835051546
21,28,902,coalition,97,57,4.769266792432777,10.716981132075471
21,28,903,algorithmic,610,0,5.169281626971853,
21,29,901,direct,103,78,4.340335203106379,14.2962962962963
21,29,902,coalition,112,57,4.221230158730159,7.328767123287671
21,29,903,algorithmic,550,0,5.6532320790499675,
21,30,901,direct,67,78,4.0755192736158685,15.722222222222221
21,30,902,coalition,156,57,4.953220390720391,10.707865168539326
21,30,903,algorithmic,542,0,5.047085729685547,
21,31,901,direct,100,78,4.8662264150943395,14.652777777777779
21,31,902,coalition,123,57,4.038860765966151,9.727272727272727
21,31,903,algorithmic,542,0,5.096410653214593,
21,32,901,direct,93,78,4.861056046134439,15.649717514124294
21,32,902,coalition,80,57,4.8144067796610175,7.884057971014492
21,32,903,algorithmic,592,0,5.063210549456345,
21,33,901,direct,99,78,3.9741532976827094,15.470588235294118
21,33,902,coalition,145,57,4.066835699797161,7.0
21,33,903,algorithmic,521,0,5.650417748673365,
21,34,901,direct,92,78,4.302606796347003,15.625
21,34,902,coalition,158,57,4.605694914380915,10.170731707317074
21,34,903,algorithmic,515,0,4.773817445397386,
21,35,901,direct,112,78,4.786048064085447,15.443786982248522
21,35,902,coalition,144,57,4.542924754373352,7.4324324324324325
21,35,903,algorithmic,509,0,4.93049159659519,
21,36,901,direct,118,78,3.902469316189363,15.925925925925926
21,36,902,coalition,130,57,4.696825396825397,9.563218390804597
21,36,903,algorithmic,517,0,4.852119242948297,
21,37,901,direct,114,78,4.525466893039049,16.05128205128205
21,37,902,coalition,118,57,4.819846910880263,10.488372093023255
21,37,903,algorithmic,533,0,4.885677329276033,
21,38,901,direct,132,78,4.200179131213614,15.968586387434556
21,38,902,coalition,160,57,4.733773018595414,11.285714285714285
21,38,903,algorithmic,473,0,4.842223471369023,
21,39,901,direct,84,78,4.928571428571429,16.315789473684212
21,39,902,coalition,74,57,4.155179102547524,9.954954954954955
21,39,903,algorithmic,607,0,4.779850744148845,
21,40,901,direct,67,78,4.985074626865671,15.217391304347826
21,40,902,coalition,144,57,4.495736449540797,7.0
21,40,903,algorithmic,554,0,5.260281391814903,
21,41,901,direct,84,78,4.4869047619047615,14.652777777777779
21,41,902,coalition,158,57,4.432383966244726,10.91304347826087
21,41,903,algorithmic,523,0,4.9751877407376615,
21,42,901,direct,69,78,4.703190174891573,15.217391304347826
21,42,902,coalition,109,57,4.062168784546128,11.285714285714285
21,42,903,algorithmic,587,0,4.753814790077149,
21,43,901,direct,124,78,4.862903225806452,14.726027397260276
21,43,902,coalition,130,57,4.83277133825079,10.08641975308642
21,43,903,algorithmic,511,0,4.774954686758027,
21,44,901,direct,76,78,4.781833616298812,16.16915422885572
21,44,902,coalition,91,57,4.6078452120820925,7.884057971014492
21,44,903,algorithmic,598,0,5.078817741749956,
21,45,901,direct,93,78,3.8886075522020223,14.967320261437909
21,45,902,coalition,104,57,3.943200357065903,9.846153846153847
21,45,903,algorithmic,568,0,5.15218671433904,
21,46,901,direct,94,78,4.552203133985048,15.470588235294118
21,46,902,coalition,118,57,4.9102691924227315,8.432432432432432
21,46,903,algorithmic,553,0,5.0360788602132605,
21,47,901,direct,121,78,4.521231119977202,15.497076023391811
21,47,902,coalition,162,57,4.543751353692874,9.08641975308642
21,47,903,algorithmic,482,0,4.679440429502558,
21,48,901,direct,92,78,4.797666533705624,16.11111111111111
21,48,902,coalition,174,57,4.343137160916345,14.431192660550458
21,48,903,algorithmic,499,0,5.13050677390366,
21,49,901,direct,76,78,3.9874141876430205,15.443786982248522
21,49,902,coalition,91,57,3.8941526700724025,11.130434782608695
21,49,903,algorithmic,598,0,5.007589400565989,
21,50,901,direct,101,78,4.663164275611234,14.967320261437909
21,50,902,coalition,116,57,4.628634212305611,8.222222222222221
21,50,903,algorithmic,548,0,5.261249755376603,
21,51,901,direct,85,78,4.117320506597237,15.674157303370785
21,51,902,coalition,94,57,4.416468374205672,9.978494623655914
21,51,903,algorithmic,586,0,4.996107407800679,
21,52,901,direct,109,78,4.759633027522935,15.246913580246915
21,52,902,coalition,69,57,4.706387546967258,7.884057971014492
21,52,903,algorithmic,587,0,5.214665580327384,
21,53,901,direct,100,78,4.5276,15.86021505376344
21,53,902,coalition,122,0,4.546007403490217,
21,53,903,algorithmic,543,57,5.133941662211132,8.0
21,54,901,direct,144,78,4.631944444444445,15.649717514124294
21,54,902,coalition,122,0,4.33097473803606,
21,54,903,algorithmic,499,57,5.489385550762542,10.328767123287669
21,55,901,direct,87,78,5.045977011494253,16.515837104072396
21,55,902,coalition,198,0,4.1733287752627,
21,55,903,algorithmic,480,57,5.322303921568627,7.328767123287671
21,56,901,direct,107,78,4.074766355140187,15.304878048780488
21,56,902,coalition,191,0,5.457923636827991,
21,56,903,algorithmic,467,57,5.429884577218363,8.666666666666666
21,57,901,direct,71,78,4.887323943661972,15.815217391304346
21,57,902,coalition,139,0,5.6648138367424385,
21,57,903,algorithmic,555,57,5.613121817469644,9.819672131147541
21,58,901,direct,106,78,4.80188679245283,14.797297297297296
21,58,902,coalition,141,0,4.467510063254744,
21,58,903,algorithmic,518,57,5.495930293227591,10.0
21,59,901,direct,105,78,4.895238095238096,15.792349726775956
21,59,902,coalition,170,0,4.713596914175507,
21,59,903,algorithmic,490,57,5.800334560053529,8.819672131147541
21,60,901,direct,112,78,4.625,15.76923076923077
21,60,902,coalition,186,0,5.1038402457757295,
21,60,903,algorithmic,467,57,5.332517589476904,9.533333333333333
21,61,901,direct,100,78,4.76,15.925925925925926
21,61,902,coalition,180,0,5.726504177870298,
21,61,903,algorithmic,485,57,5.3428571428571425,6.819672131147541
21,62,901,direct,97,78,4.463917525773196,15.649717514124294
21,62,902,coalition,189,57,5.215719116757936,6.967741935483871
21,62,903,algorithmic,479,0,5.564488163900782,
21,63,901,direct,72,78,4.900815969432392,15.57471264367816
21,63,902,coalition,88,57,5.1571796430170815,10.590551181102363
21,63,903,algorithmic,605,0,4.69965260469543,
21,64,901,direct,100,78,4.677115384615385,14.832214765100671
21,64,902,coalition,131,57,4.753932066191915,8.384615384615385
21,64,903,algorithmic,534,0,5.292095878151794,
21,65,901,direct,98,78,4.679839011771785,15.649717514124294
21,65,902,coalition,136,57,4.582976338364586,10.954954954954955
21,65,903,algorithmic,531,0,4.599478045732503,
21,66,901,direct,115,78,3.945468002240098,15.600000000000003
21,66,902,coalition,149,57,4.048657718120805,10.40983606557377
21,66,903,algorithmic,501,0,4.960175696616135,
21,67,901,direct,125,78,3.777318743735383,15.989583333333334
21,67,902,coalition,122,57,4.430077968812475,12.164383561643836
21,67,903,algorithmic,518,0,4.889497106827127,
21,68,901,direct,110,78,4.1657500581518825,16.18811881188119
21,68,902,coalition,107,57,4.206283276652773,8.631578947368421
21,68,903,algorithmic,548,0,5.34743193830578,
21,69,901,direct,75,78,4.203211474353587,15.88235294117647
21,69,902,coalition,108,57,4.380471380471381,8.32876712328767
21,69,903,algorithmic,582,0,4.980036165829969,
21,70,901,direct,136,78,4.530487804878049,14.934210526315791
21,70,902,coalition,125,57,4.631578947368421,6.967741935483871
21,70,903,algorithmic,504,0,5.23088171352851,
21,71,901,direct,75,78,4.6340331491712705,16.384976525821596
21,71,902,coalition,110,57,4.844715303372217,14.906077348066297
21,71,903,algorithmic,580,0,5.362246329951514,
21,72,901,direct,124,78,4.627993620756664,14.934210526315791
21,72,902,coalition,143,57,4.876245504653875,13.172413793103448
21,72,903,algorithmic,498,0,4.910527971110823,
21,73,901,direct,76,78,4.523869346733669,16.16915422885572
21,73,902,coalition,117,57,4.3835595889897245,11.042553191489361
21,73,903,algorithmic,572,0,4.894993229242277,
21,74,901,direct,112,78,4.675371593724194,14.967320261437909
21,74,902,coalition,71,0,4.220342798032671,
21,74,903,algorithmic,582,57,5.200650265127418,8.488372093023255
21,75,901,direct,55,78,4.827685950413223,15.925925925925926
21,75,902,coalition,186,0,4.070270679141648,
21,75,903,algorithmic,524,57,5.7364732383816355,11.636363636363637
21,76,901,direct,88,78,4.590909090909091,14.166666666666666
21,76,902,coalition,199,0,5.058716040093516,
21,76,903,algorithmic,478,57,5.56009889691898,9.764705882352942
21,77,901,direct,122,78,4.827868852459017,15.333333333333334
21,77,902,coalition,207,0,5.4513375723205595,
21,77,903,algorithmic,436,57,5.819224353628023,8.884057971014492
21,78,901,direct,64,78,4.84375,16.130653266331656
21,78,902,coalition,207,0,5.689009610403611,
21,78,903,algorithmic,494,57,5.3809736943828455,8.508474576271187
21,79,901,direct,127,78,4.669291338582677,14.539007092198581
21,79,902,coalition,154,0,5.072704183021875,
21,79,903,algorithmic,484,57,5.6219447863548435,9.328767123287669
21,80,901,direct,107,78,4.822429906542056,16.225490196078432
21,80,902,coalition,183,0,5.042430086788814,
21,80,903,algorithmic,475,57,5.5222291021671825,8.764705882352942
21,81,901,direct,111,78,4.63963963963964,15.815217391304346
21,81,902,coalition,179,0,4.77316296825322,
21,81,903,algorithmic,475,57,5.398810068649885,8.64179104477612
21,82,901,direct,89,78,4.617977528089888,15.904255319148938
21,82,902,coalition,161,0,4.758380688075415,
21,82,903,algorithmic,515,57,5.422722577979757,9.222222222222221
21,83,901,direct,47,78,5.085106382978723,15.361445783132531
21,83,902,coalition,176,0,5.498673376893152,
21,83,903,algorithmic,542,57,5.644622771528921,6.344827586206897
21,84,901,direct,91,78,4.527472527472527,13.79032258064516
21,84,902,coalition,205,0,4.582715003328693,
21,84,903,algorithmic,469,57,6.000275122085426,8.820512820512821
21,85,901,direct,94,78,4.680851063829787,15.416666666666666
21,85,902,coalition,163,0,5.507409768145965,
21,85,903,algorithmic,508,57,5.5421822272215975,8.515151515151516
21,86,901,direct,127,78,4.905511811023622,15.497076023391811
21,86,902,coalition,171,0,4.945399246087299,
21,86,903,algorithmic,467,57,5.456966828205418,8.967741935483872
21,87,901,direct,83,78,4.582565556343019,16.225490196078432
21,87,902,coalition,199,0,5.18001773573751,
21,87,903,algorithmic,483,57,5.510656436487638,8.764705882352942
21,88,901,direct,100,78,4.67,15.1875
21,88,902,coalition,211,0,5.218183718985225,
21,88,903,algorithmic,454,57,5.655837004405286,8.764705882352942
21,89,901,direct,72,78,5.194444444444445,15.649717514124294
21,89,902,coalition,176,0,5.8874229583975355,
21,89,903,algorithmic,517,57,5.472215847621546,10.666666666666666
21,90,901,direct,81,78,4.864197530864198,14.832214765100671
21,90,902,coalition,192,0,4.521856569046166,
21,90,903,algorithmic,492,57,5.5476346374202,9.727272727272727
21,91,901,direct,56,78,5.017857142857143,15.126582278481013
21,91,902,coalition,191,0,5.144083565715218,
21,91,903,algorithmic,518,57,5.673134255412736,8.384615384615385
21,92,901,direct,83,78,4.63855421686747,14.210526315789474
21,92,902,coalition,147,0,4.851043424888752,
21,92,903,algorithmic,535,57,5.688272082074344,7.25
21,93,901,direct,118,78,5.0508474576271185,15.1875
21,93,902,coalition,166,0,4.51179718875502,
21,93,903,algorithmic,481,57,5.600311850311851,12.222222222222221
21,94,901,direct,58,78,4.879310344827586,16.05128205128205
21,94,902,coalition,173,0,4.76542144767492,
21,94,903,algorithmic,534,57,5.52621722846442,7.641791044776119
21,95,901,direct,120,78,5.1016666666666675,14.2962962962963
21,95,902,coalition,210,0,5.3034920634920635,
21,95,903,algorithmic,435,57,5.589782886334611,7.533333333333333
21,96,901,direct,64,78,5.046875,16.091370558375637
21,96,902,coalition,175,0,4.9916726045969035,
21,96,903,algorithmic,526,57,5.332583814247939,8.884057971014492
21,97,901,direct,136,78,4.8088235294117645,14.539007092198581
21,97,902,coalition,118,0,4.986231841154846,
21,97,903,algorithmic,511,57,5.74559686888454,8.64179104477612
21,98,901,direct,77,78,4.87012987012987,16.384976525821596
21,98,902,coalition,153,0,4.913068826904784,
21,98,903,algorithmic,535,57,5.677767539818349,9.222222222222221
21,99,901,direct,98,78,5.030612244897959,15.0
21,99,902,coalition,139,0,4.674452645675667,
21,99,903,algorithmic,528,57,5.770046241637151,8.222222222222221
21,100,901,direct,120,78,4.25,15.600000000000003
21,100,902,coalition,198,0,5.183505383505383,
21,100,903,algorithmic,447,57,5.400319590923617,10.384615384615385
22,1,901,coalition,100,42,4.270275521579869,14.05128205128205
22,1,902,direct,107,42,3.5262177887127097,13.533524446567927
22,1,903,algorithmic,558,51,4.201452072419814,9.661998132586367
22,2,901,coalition,127,42,3.2748669884890336,10.846842283012496
22,2,902,direct,133,42,4.069392460556164,12.372586872586872
22,2,903,algorithmic,505,51,5.357581554590192,12.96573299544751
22,3,901,coalition,129,42,4.092870688394284,12.885681465568686
22,3,902,direct,116,42,3.541417863304077,12.88177339901478
22,3,903,algorithmic,520,51,5.5305214295686165,10.560765815760265
22,4,901,coalition,163,42,4.655703586161451,12.778711484593838
22,4,902,direct,163,42,4.109992713430962,12.626630269942371
22,4,903,algorithmic,439,51,5.684788054188348,10.936872309899568
22,5,901,coalition,121,42,4.121536217792902,13.180672268907564
22,5,902,direct,141,42,4.271003648177243,13.180672268907564
22,5,903,algorithmic,503,51,5.72155303473278,12.991239048811012
22,6,901,coalition,139,42,4.353182069728833,11.935574229691877
22,6,902,direct,125,66,4.124522396992985,11.691974691974693
22,6,903,algorithmic,501,27,5.26206879018902,11.8
22,7,901,coalition,153,42,3.8009065339241994,12.397370059134765
22,7,902,direct,129,66,4.282669738642091,13.548644338118024
22,7,903,algorithmic,483,27,5.144972405438147,9.901960784313726
22,8,901,coalition,126,42,3.7802359252381663,12.202855384344844
22,8,902,direct,134,66,4.730121511231349,13.22524211184005
22,8,903,algorithmic,505,27,5.374266566524324,10.347826086956522
22,9,901,coalition,103,42,3.1741008662021497,12.401136731352702
22,9,902,direct,150,66,4.660749482909851,13.703365311405515
22,9,903,algorithmic,512,27,5.257970876995656,9.09090909090909
22,10,901,coalition,161,42,4.325462070351507,11.011574074074074
22,10,902,direct,69,66,4.169178868791272,13.552501761804088
22,10,903,algorithmic,535,27,5.191150072045529,11.347826086956522
22,11,901,coalition,237,62,3.8785446683011395,10.877142762042467
22,11,902,direct,124,46,4.167644438467616,15.149253731343284
22,11,903,algorithmic,404,27,5.226988383878452,11.9375
22,12,901,coalition,102,62,3.6433195854526597,11.963112422400902
22,12,902,direct,85,46,4.804641814726373,17.337278106508876
22,12,903,algorithmic,578,27,4.720337681875105,11.272727272727273
22,13,901,coalition,143,62,3.9995696611081226,10.278024370246813
22,13,902,direct,118,46,4.687636477071852,16.53846153846154
22,13,903,algorithmic,504,27,5.087777922243303,11.8
22,14,901,coalition,118,62,3.803348471749612,11.469791333972108
22,14,902,direct,55,46,5.206139343634833,17.239263803680984
22,14,903,algorithmic,592,27,5.161976078602622,10.46808510638298
22,15,901,coalition,149,62,4.285761195384698,8.996472980974694
22,15,902,direct,117,46,4.369446392086792,15.5
22,15,903,algorithmic,499,27,5.151773417040322,11.43859649122807
22,16,901,coalition,119,45,4.310317408617193,13.510204081632653
22,16,902,direct,99,63,4.226798089231952,15.02922650541698
22,16,903,algorithmic,547,27,5.113743025817545,9.953488372093023
22,17,901,coalition,133,45,4.136512272190161,10.054054054054054
22,17,902,direct,133,63,4.8862855198018265,16.149068322981368
22,17,903,algorithmic,499,27,4.963710351905999,12.09433962264151
22,18,901,coalition,114,45,3.532834299929566,10.5
22,18,902,direct,56,63,4.4835048426150115,16.82051282051282
22,18,903,algorithmic,595,27,5.168760712935086,12.517241379310345
22,19,901,coalition,131,45,3.570082014586558,9.432835820895523
22,19,902,direct,127,63,4.420213296122795,14.745762711864407
22,19,903,algorithmic,507,27,5.316513183906861,11.43859649122807
22,20,901,coalition,122,45,3.8114754098360657,11.686274509803921
22,20,902,direct,75,63,3.721120448179272,16.71957671957672
22,20,903,algorithmic,568,27,5.112651398587603,11.185185185185185
22,21,901,coalition,137,45,4.095674748147486,9.761904761904763
22,21,902,direct,133,63,4.352568167406468,15.474452554744525
22,21,903,algorithmic,495,27,5.060975091315431,11.901960784313726
22,22,901,coalition,153,45,3.974904099619732,11.510204081632653
22,22,902,direct,111,63,4.5886203644688255,16.82051282051282
22,22,903,algorithmic,501,27,5.097300857836614,9.58333333333333
22,23,901,coalition,182,45,4.1623719308528315,12.766497461928935
22,23,902,direct,96,63,4.489911289770449,16.416184971098264
22,23,903,algorithmic,487,27,5.501527915708964,9.658536585365853
22,24,901,coalition,128,45,4.041738477119514,13.0
22,24,902,direct,94,63,4.51910271991236,16.075949367088608
22,24,903,algorithmic,543,27,5.094264318629906,12.737704918032787
22,25,901,coalition,106,45,3.9629814020994365,12.42276422764228
22,25,902,direct,90,63,4.674724270498519,16.025641025641026
22,25,903,algorithmic,569,27,4.8565225619590535,11.33333333333333
22,26,901,coalition,138,45,3.9977116704805495,11.319148936170212
22,26,902,direct,94,63,4.461973743775464,15.921052631578947
22,26,903,algorithmic,533,27,5.342405702892415,11.185185185185185
22,27,901,coalition,134,45,4.006560603575529,10.686274509803921
22,27,902,direct,117,63,4.4643561566638486,16.025641025641026
22,27,903,algorithmic,514,27,5.047648391891926,10.0
22,28,901,coalition,183,45,4.1196656482721075,8.972602739726028
22,28,902,direct,61,63,3.9995155393283657,16.536312849162012
22,28,903,algorithmic,521,27,5.044388613205467,10.222222222222221
22,29,901,coalition,85,45,3.6373671935734646,10.80952380952381
22,29,902,direct,142,63,5.123605066522482,14.959349593495935
22,29,903,algorithmic,538,27,5.112962017122774,8.658536585365853
22,30,901,coalition,104,45,3.815716089655898,8.413793103448276
22,30,902,direct,91,63,4.440439861096496,16.96078431372549
22,30,903,algorithmic,570,27,5.52501926191487,13.0
22,31,901,coalition,181,45,4.4751261701399425,8.903225806451612
22,31,902,direct,172,63,4.173277073242874,15.947712418300654
22,31,903,algorithmic,412,27,4.765638212840439,13.737704918032787
22,32,901,coalition,117,45,4.080481107630429,9.23076923076923
22,32,902,direct,84,63,4.404761904761905,17.350427350427353
22,32,903,algorithmic,564,27,4.9960447354064375,11.901960784313726
22,33,901,coalition,120,45,3.3312067302943444,8.666666666666666
22,33,902,direct,109,63,4.479805313594841,15.753424657534246
22,33,903,algorithmic,536,27,5.160871279609779,11.517241379310345
22,34,901,coalition,125,45,3.7206820850607127,9.714285714285715
22,34,902,direct,79,63,4.577191908046908,16.374269005847953
22,34,903,algorithmic,561,27,4.8213010910254,11.737704918032787
22,35,901,coalition,185,45,4.397672566479729,15.396449704142013
22,35,902,direct,82,63,5.317073170731708,15.602836879432624
22,35,903,algorithmic,498,27,5.530716091104946,11.176470588235293
22,36,901,coalition,92,45,3.6519966918714553,11.416666666666666
22,36,902,direct,146,63,4.719656636956392,15.694444444444445
22,36,903,algorithmic,527,27,4.955790169286478,10.347826086956522
22,37,901,coalition,117,45,3.949590484983284,12.11111111111111
22,37,902,direct,104,63,4.302933562478246,17.019230769230766
22,37,903,algorithmic,544,27,5.195472617780144,11.46808510638298
22,38,901,coalition,128,45,3.776201920566855,8.538461538461538
22,38,902,direct,145,63,4.78248018847719,16.265060240963855
22,38,903,algorithmic,492,27,5.176533315624144,10.953488372093023
22,39,901,coalition,131,45,4.431330411952124,10.432835820895523
22,39,902,direct,119,63,4.092989268508212,17.004830917874397
22,39,903,algorithmic,515,27,5.1294671322234775,11.157894736842106
22,40,901,coalition,129,45,3.8474844096486067,10.823529411764707
22,40,902,direct,76,63,4.8948480235362535,16.574585635359114
22,40,903,algorithmic,560,27,5.230094662174262,12.338028169014084
22,41,901,coalition,156,45,4.157566003570024,10.35897435897436
22,41,902,direct,124,63,4.7676673503636025,15.507246376811594
22,41,903,algorithmic,485,27,5.1299149639493145,12.185185185185185
22,42,901,coalition,101,45,3.9639213464864445,12.686274509803921
22,42,902,direct,134,63,4.621027924891671,16.666666666666664
22,42,903,algorithmic,530,27,4.948106942107336,12.09433962264151
22,43,901,coalition,129,45,4.480543781265514,8.280701754385966
22,43,902,direct,121,63,4.587468957374914,16.836734693877553
22,43,903,algorithmic,515,27,5.338789894052171,8.333333333333334
22,44,901,coalition,151,45,4.101683973598501,11.368421052631579
22,44,902,direct,128,63,4.344858050467066,16.612021857923498
22,44,903,algorithmic,486,27,5.082160950385833,12.09433962264151
22,45,901,coalition,154,45,3.88305196414756,11.883720930232556
22,45,902,direct,97,63,4.832505530280897,16.736842105263158
22,45,903,algorithmic,514,27,4.931508387501891,10.693877551020408
22,46,901,coalition,101,45,3.6034933682047448,9.5
22,46,902,direct,99,63,5.148760330578512,16.10062893081761
22,46,903,algorithmic,565,27,5.164245055328708,7.5
22,47,901,coalition,120,45,3.846421642120116,11.43037974683544
22,47,902,direct,74,63,5.598699965788573,16.149068322981368
22,47,903,algorithmic,571,27,5.4171395536575195,9.901960784313726
22,48,901,coalition,149,45,3.9760550971084125,11.054054054054054
22,48,902,direct,137,63,5.047712301940537,15.441176470588236
22,48,903,algorithmic,479,27,5.043535356102936,9.222222222222221
22,49,901,coalition,122,45,4.114154256337768,9.972602739726028
22,49,902,direct,90,63,4.567329979224549,16.884422110552762
22,49,903,algorithmic,553,27,5.029554639931775,9.347826086956522
22,50,901,coalition,121,45,3.791982044341448,11.11111111111111
22,50,902,direct,97,63,4.129918480214946,15.921052631578947
22,50,903,algorithmic,547,27,5.197043828155883,12.693877551020408
22,51,901,coalition,127,45,4.16805360736426,12.769230769230766
22,51,902,direct,136,63,4.488265757549887,16.10062893081761
22,51,903,algorithmic,502,27,5.291559714434253,15.873015873015872
22,52,901,coalition,96,45,3.785984848484848,15.426900584795321
22,52,902,direct,88,63,4.427957807742497,16.86868686868687
22,52,903,algorithmic,581,27,5.569559166261766,11.09090909090909
22,53,901,coalition,154,45,4.304482295819682,8.972602739726028
22,53,902,direct,93,63,4.405529953917051,15.866666666666667
22,53,903,algorithmic,518,27,5.183461151954303,10.46808510638298
22,54,901,coalition,172,45,3.9888557665732227,10.133333333333333
22,54,902,direct,135,63,4.230552268582828,16.0
22,54,903,algorithmic,458,27,5.234508061314654,13.43859649122807
22,55,901,coalition,106,45,3.7367990926387447,11.133333333333333
22,55,902,direct,93,63,4.784609646489456,16.85279187817259
22,55,903,algorithmic,566,27,5.121583768303109,12.46808510638298
22,56,901,coalition,118,0,3.950340008201203,
22,56,902,direct,72,63,4.927517361111111,16.0
22,56,903,algorithmic,575,72,5.360002475043314,9.834405637254902
22,57,901,coalition,136,0,4.67770806212346,
22,57,902,direct,125,63,4.28,15.373134328358208
22,57,903,algorithmic,504,72,5.801409618573798,9.839080459770114
22,58,901,coalition,170,0,4.92132047114746,
22,58,902,direct,93,63,4.880570409982175,16.684491978609625
22,58,903,algorithmic,502,72,5.907311928755566,8.234567901234568
22,59,901,coalition,179,0,5.3278068120382045,
22,59,902,direct,114,63,4.771929824561403,16.0
22,59,903,algorithmic,472,72,5.608734281027885,9.125
22,60,901,coalition,167,0,5.2738049271435985,
22,60,902,direct,123,63,4.478381374722838,16.477272727272727
22,60,903,algorithmic,475,72,5.805861244019139,8.744186046511627
22,61,901,coalition,149,0,5.025626424997761,
22,61,902,direct,76,63,4.655049786628735,16.64864864864865
22,61,903,algorithmic,540,72,5.532632632632633,8.012658227848101
22,62,901,coalition,146,0,4.7465753424657535,
22,62,902,direct,167,63,4.401197604790419,15.507246376811594
22,62,903,algorithmic,452,72,5.769238168526356,9.282608695652174
22,63,901,coalition,202,0,5.193645025270167,
22,63,902,direct,74,63,5.20606632833707,17.292576419213972
22,63,903,algorithmic,489,72,5.680642251810575,9.657894736842104
22,64,901,coalition,109,0,5.007900760868921,
22,64,902,direct,119,63,4.781512605042017,15.441176470588236
22,64,903,algorithmic,537,72,5.763692627889145,9.197802197802197
22,65,901,coalition,163,0,5.263592067137469,
22,65,902,direct,98,63,5.052204307137219,16.574585635359114
22,65,903,algorithmic,504,72,5.782798386389547,6.405405405405405
22,66,901,coalition,189,72,5.2029688418577305,7.234567901234568
22,66,902,direct,109,63,4.541284403669724,16.125
22,66,903,algorithmic,467,0,5.727783725910064,
22,67,901,coalition,95,72,4.61299808225016,10.538461538461538
22,67,902,direct,102,63,4.598793363499246,16.374269005847953
22,67,903,algorithmic,568,0,4.7101057763585565,
22,68,901,coalition,136,72,4.978808706850357,8.341463414634147
22,68,902,direct,111,63,3.9482597496114984,16.21951219512195
22,68,903,algorithmic,518,0,5.140681853508771,
22,69,901,coalition,100,72,4.414508670520231,9.779411764705882
22,69,902,direct,122,63,4.20843989769821,16.416184971098264
22,69,903,algorithmic,543,0,4.732643910592358,
22,70,901,coalition,109,72,4.974172317510969,8.44578313253012
22,70,902,direct,137,63,3.786337167474287,16.630434782608695
22,70,903,algorithmic,519,0,5.086217596938992,
22,71,901,coalition,162,72,4.609156895589056,10.603603603603602
22,71,902,direct,110,63,4.36533527588804,16.884422110552762
22,71,903,algorithmic,493,0,4.630733570268976,
22,72,901,coalition,80,72,4.737062705858868,9.879310344827587
22,72,902,direct,90,63,4.737434430138293,16.395348837209305
22,72,903,algorithmic,595,0,4.855299998099814,
22,73,901,coalition,102,72,4.73374613003096,10.425925925925926
22,73,902,direct,98,63,4.5805964770013965,15.921052631578947
22,73,903,algorithmic,565,0,5.130147513188997,
22,74,901,coalition,99,72,4.378787878787879,10.03921568627451
22,74,902,direct,161,63,4.468943043414903,16.125
22,74,903,algorithmic,505,0,4.878832299244885,
22,75,901,coalition,74,72,5.036480426614956,7.9318181818181825
22,75,902,direct,92,63,4.886137648664457,17.219730941704036
22,75,903,algorithmic,599,0,4.822283320013424,
22,76,901,coalition,136,72,4.348262032085562,8.647058823529411
22,76,902,direct,105,63,4.886042692939244,15.974025974025974
22,76,903,algorithmic,524,0,5.173127814384028,
22,77,901,coalition,100,72,4.74502994011976,10.180327868852459
22,77,902,direct,126,63,4.92512077294686,16.2874251497006
22,77,903,algorithmic,539,0,4.729477223924233,
22,78,901,coalition,125,72,4.788461366181411,7.445783132530121
22,78,902,direct,148,63,4.256745407221331,16.70212765957447
22,78,903,algorithmic,492,0,5.01745379080027,
22,79,901,coalition,161,72,4.384966408923818,7.64705882352941
22,79,902,direct,117,63,3.782466832887001,17.047619047619047
22,79,903,algorithmic,487,0,5.006423924806062,
22,80,901,coalition,71,72,4.948225666850264,10.892086330935252
22,80,902,direct,138,63,3.7730236405048148,16.536312849162012
22,80,903,algorithmic,556,0,4.67510809403642,
22,81,901,coalition,108,72,5.481481481481482,12.30188679245283
22,81,902,direct,69,63,4.642403725057482,16.9
22,81,903,algorithmic,588,0,5.280107283412967,
22,82,901,coalition,109,72,5.2402829329784995,12.234899328859061
22,82,902,direct,81,63,5.160493827160494,15.267175572519083
22,82,903,algorithmic,575,0,5.261554706951889,
22,83,901,coalition,115,72,4.525022803283673,7.125
22,83,902,direct,108,63,5.444444444444445,15.664335664335665
22,83,903,algorithmic,542,0,5.051234743116662,
22,84,901,coalition,114,72,4.7234262125903,7.341463414634147
22,84,902,direct,109,63,4.574726250369932,16.352941176470587
22,84,903,algorithmic,542,0,5.043326467420272,
22,85,901,coalition,114,72,4.897045244690674,7.197802197802198
22,85,902,direct,68,63,4.540143084260731,16.374269005847953
22,85,903,algorithmic,583,0,5.086361181693853,
22,86,901,coalition,127,72,4.764385221078134,8.604166666666668
22,86,902,direct,180,63,3.8564564564564567,15.23076923076923
22,86,903,algorithmic,458,0,5.177607150314574,
22,87,901,coalition,150,72,5.226666666666667,15.414141414141417
22,87,902,direct,113,63,4.418269582388649,17.43801652892562
22,87,903,algorithmic,502,0,5.4075598432715415,
22,88,901,coalition,97,72,4.7670103092783505,12.202702702702702
22,88,902,direct,134,63,4.696294484529778,16.457142857142856
22,88,903,algorithmic,534,0,4.623733876741147,
22,89,901,coalition,156,72,4.9322344322344325,9.02247191011236
22,89,902,direct,99,63,4.737000826888467,16.836734693877553
22,89,903,algorithmic,510,0,4.764126774305227,
22,90,901,coalition,111,72,4.6480360843509665,11.496124031007753
22,90,902,direct,125,63,4.7476468109557555,16.149068322981368
22,90,903,algorithmic,529,0,4.783861822839135,
22,91,901,coalition,97,72,4.551794475990959,7.7441860465116275
22,91,902,direct,96,63,4.715623836947366,16.684491978609625
22,91,903,algorithmic,572,0,4.89386614982599,
22,92,901,coalition,152,72,4.435792804796802,10.621212121212121
22,92,902,direct,95,63,4.413533834586466,16.075949367088608
22,92,903,algorithmic,518,0,4.729104212829348,
22,93,901,coalition,86,72,5.26458827225729,11.136986301369863
22,93,902,direct,83,63,4.991147030587595,16.05095541401274
22,93,903,algorithmic,596,0,5.052511971132245,
22,94,901,coalition,100,72,4.4286206896551725,9.9
22,94,902,direct,165,63,4.355876711325865,15.724137931034484
22,94,903,algorithmic,500,0,5.121192620250385,
22,95,901,coalition,107,72,4.197620321956442,9.02247191011236
22,95,902,direct,112,63,4.6337332094280645,17.26872246696035
22,95,903,algorithmic,546,0,4.877409991306573,
22,96,901,coalition,153,72,4.725715573585756,10.603603603603602
22,96,902,direct,135,63,4.186013599806703,16.436781609195403
22,96,903,algorithmic,477,0,4.515441812313727,
22,97,901,coalition,122,72,4.324421355460717,10.30188679245283
22,97,902,direct,100,63,4.577795503988397,16.85279187817259
22,97,903,algorithmic,543,0,4.712511220198456,
22,98,901,coalition,102,72,4.656236242338041,8.931818181818182
22,98,902,direct,111,63,5.320169910843486,16.17283950617284
22,98,903,algorithmic,552,0,5.063107609852372,
22,99,901,coalition,52,72,4.511227212094264,6.234567901234568
22,99,902,direct,132,63,5.050578034682081,16.416184971098264
22,99,903,algorithmic,581,0,5.0219297227445425,
22,100,901,coalition,169,72,4.731226743122064,6.779220779220779
22,100,902,direct,101,63,4.67261008223025,16.804123711340207
22,100,903,algorithmic,495,0,5.425165817183555,
23,1,901,direct,131,44,3.8848252341033622,13.016418364244451
23,1,902,algorithmic,553,45,4.213547872050899,10.840040040040039
23,1,903,coalition,81,46,3.8589812406237525,13.380861931074598
23,2,901,direct,144,65,4.104357872033575,10.475560409840329
23,2,902,algorithmic,463,45,5.477190106448975,11.661915771340496
23,2,903,coalition,158,25,4.403772963618124,14.428571428571429
23,3,901,direct,72,65,3.6127943550759816,12.923076923076923
23,3,902,algorithmic,499,45,5.0486062154761,11.665568475452197
23,3,903,coalition,194,25,4.190586954402586,14.108433734939759
23,4,901,direct,145,39,4.356218275909286,15.29411764705882
23,4,902,algorithmic,430,55,5.212866313583253,11.927017319818022
23,4,903,coalition,190,41,4.543999126276194,11.760559672515235
23,5,901,direct,117,61,3.973343190504573,14.425969432427982
23,5,902,algorithmic,562,33,5.661004761023024,8.794871794871796
23,5,903,coalition,86,41,4.560992480972922,17.26086956521739
23,6,901,direct,80,61,4.873167204735002,16.610169491525426
23,6,902,algorithmic,514,33,5.189191773098454,11.754098360655737
23,6,903,coalition,171,41,4.159562846688413,8.10344827586207
23,7,901,direct,60,61,4.869510268562402,15.714285714285714
23,7,902,algorithmic,538,33,5.455799961239626,9.181818181818182
23,7,903,coalition,167,41,3.8183707061165415,14.104265402843602
23,8,901,direct,129,61,4.954237351608434,15.0
23,8,902,algorithmic,516,33,5.653028217803243,9.88888888888889
23,8,903,coalition,120,41,4.178854669887278,16.067632850241544
23,9,901,direct,106,61,4.175634354290015,16.82539682539683
23,9,902,algorithmic,565,33,4.996617574493681,12.962264150943398
23,9,903,coalition,94,41,3.7027669982306675,9.846153846153847
23,10,901,direct,118,61,4.569990797947995,16.385542168674696
23,10,902,algorithmic,534,33,5.239934936252506,9.294117647058822
23,10,903,coalition,113,41,3.262030945228075,8.548387096774194
23,11,901,direct,123,61,4.67155534300441,16.629213483146067
23,11,902,algorithmic,526,33,5.054779015606471,8.043478260869566
23,11,903,coalition,116,41,3.931063962400822,8.156862745098039
23,12,901,direct,109,61,4.296047988708539,16.721311475409834
23,12,902,algorithmic,488,33,4.860081190489245,10.88888888888889
23,12,903,coalition,168,41,3.920863858363858,10.202898550724637
23,13,901,direct,125,61,4.233081525312294,16.449704142011832
23,13,902,algorithmic,502,33,5.1736924753320706,10.725490196078432
23,13,903,coalition,138,41,3.8188326977304947,9.444444444444445
23,14,901,direct,100,61,4.655316824138109,16.756756756756758
23,14,902,algorithmic,527,33,5.141356523997293,10.962264150943398
23,14,903,coalition,138,41,4.22168210739613,7.333333333333332
23,15,901,direct,118,61,4.773173530856278,16.25
23,15,902,algorithmic,502,33,5.097360999526436,10.725490196078432
23,15,903,coalition,145,41,4.031343300590287,11.736842105263158
23,16,901,direct,77,61,5.1547911547911545,16.629213483146067
23,16,902,algorithmic,555,33,4.956408215078121,7.380952380952381
23,16,903,coalition,133,41,4.12495013508784,10.0
23,17,901,direct,73,61,4.810277931744398,15.62043795620438
23,17,902,algorithmic,545,33,5.09807837359669,13.385964912280702
23,17,903,coalition,147,41,4.3095520963499,10.402298850574713
23,18,901,direct,121,61,4.46630132143015,15.488721804511279
23,18,902,algorithmic,470,33,5.49933067393709,11.838709677419356
23,18,903,coalition,174,41,4.26837236536524,14.860962566844922
23,19,901,direct,114,61,4.925985964549935,16.685082872928177
23,19,902,algorithmic,542,33,4.942995175617288,9.285714285714285
23,19,903,coalition,109,41,3.684753577869315,12.652173913043477
23,20,901,direct,77,61,5.042186001917545,16.551724137931032
23,20,902,algorithmic,539,33,5.017492460442475,7.727272727272727
23,20,903,coalition,149,41,3.726035950539662,12.454545454545453
23,21,901,direct,119,61,3.9433981216168545,15.62043795620438
23,21,902,algorithmic,515,33,5.089649112347716,10.754098360655737
23,21,903,coalition,131,41,3.6205701289979495,11.238095238095237
23,22,901,direct,94,61,4.217353810221471,16.64804469273743
23,22,902,algorithmic,536,33,5.010572748820827,8.191489361702128
23,22,903,coalition,135,41,3.865818314277431,12.363636363636363
23,23,901,direct,132,61,4.1244397362703715,16.103896103896105
23,23,902,algorithmic,478,33,5.211053215713042,11.181818181818182
23,23,903,coalition,155,41,4.026057813154587,10.520547945205479
23,24,901,direct,110,61,4.828299524167292,16.875
23,24,902,algorithmic,524,33,5.048420150936849,9.333333333333332
23,24,903,coalition,131,41,3.9624987766686237,13.694214876033056
23,25,901,direct,79,61,4.1726172450689445,16.470588235294116
23,25,902,algorithmic,529,33,4.985715350228393,11.181818181818182
23,25,903,coalition,157,41,4.041858110994984,12.454545454545453
23,26,901,direct,129,61,4.9813481289104,15.683453237410072
23,26,902,algorithmic,478,33,5.468537804889788,11.920634920634921
23,26,903,coalition,158,41,3.858078901617418,14.96954314720812
23,27,901,direct,90,61,4.839782690024236,16.82539682539683
23,27,902,algorithmic,551,33,5.196619849109394,10.043478260869566
23,27,903,coalition,124,41,3.879339039226837,13.521739130434783
23,28,901,direct,126,61,4.744770805518469,16.0
23,28,902,algorithmic,526,33,5.532312876822666,11.043478260869566
23,28,903,coalition,113,41,3.756624342695909,13.261682242990654
23,29,901,direct,84,61,4.550497976968565,16.774193548387096
23,29,902,algorithmic,529,33,5.367441502690066,11.920634920634921
23,29,903,coalition,152,41,3.599137985697958,7.666666666666666
23,30,901,direct,107,61,4.983060747663552,15.833333333333334
23,30,902,algorithmic,540,33,5.483558384773663,10.6
23,30,903,coalition,118,41,4.3296727871939735,14.916666666666664
23,31,901,direct,114,61,4.570397512769264,16.407185628742518
23,31,902,algorithmic,512,33,5.174477786409516,9.380952380952381
23,31,903,coalition,139,41,4.243663193342198,10.029850746268657
23,32,901,direct,96,61,4.5716139502741315,16.551724137931032
23,32,902,algorithmic,536,33,4.879507059194492,10.846153846153847
23,32,903,coalition,133,41,3.81016494379704,10.285714285714285
23,33,901,direct,69,61,4.500879617994471,16.153846153846153
23,33,902,algorithmic,563,33,5.488421856141238,8.6
23,33,903,coalition,133,41,3.988382360971348,9.285714285714285
23,34,901,direct,105,61,4.625818882466281,15.348837209302324
23,34,902,algorithmic,525,33,5.180570118444832,10.754098360655737
23,34,903,coalition,135,41,3.557419926418198,9.75
23,35,901,direct,132,61,4.363858363858364,16.363636363636363
23,35,902,algorithmic,468,33,5.103445272676042,9.725490196078432
23,35,903,coalition,165,41,3.729906552152541,10.871794871794872
23,36,901,direct,111,61,4.631674287924288,16.875
23,36,902,algorithmic,538,33,4.876663357553228,10.191489361702128
23,36,903,coalition,116,41,3.8810490034238203,12.959595959595958
23,37,901,direct,99,61,4.35094535094535,16.49122807017544
23,37,902,algorithmic,497,33,5.700444683395017,9.838709677419356
23,37,903,coalition,169,41,3.788686051884131,14.435897435897438
23,38,901,direct,85,61,5.119145911547654,16.22641509433962
23,38,902,algorithmic,513,33,4.8142752666386075,8.191489361702128
23,38,903,coalition,167,41,3.955001320227132,13.610169491525422
23,39,901,direct,126,61,4.531746031746032,15.862068965517242
23,39,902,algorithmic,471,33,5.096293325382603,9.333333333333332
23,39,903,coalition,168,41,4.129754567160864,16.067632850241544
23,40,901,direct,80,61,5.330871329611249,16.774193548387096
23,40,902,algorithmic,617,33,5.069910621773058,8.043478260869566
23,40,903,coalition,68,41,3.4415623367158927,11.521739130434783
23,41,901,direct,150,61,4.471111111111111,15.714285714285714
23,41,902,algorithmic,487,74,5.643231967667286,7.776738276738277
23,41,903,coalition,128,0,3.5223643543956045,
23,42,901,direct,97,61,4.592538046146293,17.142857142857142
23,42,902,algorithmic,494,74,5.74937343358396,5.759493670886076
23,42,903,coalition,174,0,4.806991471111942,
23,43,901,direct,133,61,4.324170298357359,16.178343949044585
23,43,902,algorithmic,440,74,5.7450636942675155,9.395833333333334
23,43,903,coalition,192,0,4.337951444179052,
23,44,901,direct,57,61,4.947368421052632,16.89119170984456
23,44,902,algorithmic,542,74,5.520017972200447,8.097560975609756
23,44,903,coalition,166,0,4.55763887091396,
23,45,901,direct,132,61,4.704545454545454,14.871794871794872
23,45,902,algorithmic,428,74,5.9227973480309934,7.888888888888889
23,45,903,coalition,205,0,4.678465707734,
23,46,901,direct,120,61,4.638715277777778,16.875
23,46,902,algorithmic,502,74,5.515085491367862,9.0
23,46,903,coalition,143,0,5.723120629370629,
23,47,901,direct,81,61,4.464883401920439,16.666666666666664
23,47,902,algorithmic,508,74,5.723972003499562,8.7
23,47,903,coalition,176,0,4.5517045454545455,
23,48,901,direct,71,61,4.361602237538707,15.74468085106383
23,48,902,algorithmic,516,74,5.898991148496345,7.097560975609756
23,48,903,coalition,178,0,5.335964968542824,
23,49,901,direct,91,61,5.1208791208791204,15.419847328244275
23,49,902,algorithmic,509,74,5.801661692586872,7.30952380952381
23,49,903,coalition,165,0,5.766295451791635,
23,50,901,direct,106,61,4.962264150943396,16.026490066225165
23,50,902,algorithmic,478,74,5.937030674166644,7.266666666666667
23,50,903,coalition,181,0,5.401934311465613,
23,51,901,direct,102,61,4.097802976612331,16.385542168674696
23,51,902,algorithmic,514,74,5.6028784398293565,8.150537634408602
23,51,903,coalition,149,0,4.681118933408455,
23,52,901,direct,67,61,5.104477611940299,16.296296296296298
23,52,902,algorithmic,521,74,6.070022037392478,6.759493670886076
23,52,903,coalition,177,0,5.210406286999293,
23,53,901,direct,54,61,4.79549114331723,15.275590551181102
23,53,902,algorithmic,537,74,5.801580668338246,8.065217391304348
23,53,903,coalition,174,0,4.833089360831395,
23,54,901,direct,137,61,4.357664233576642,14.736842105263158
23,54,902,algorithmic,443,74,5.843372539701399,8.987654320987655
23,54,903,coalition,185,0,5.066768522908874,
23,55,901,direct,63,61,4.984126984126984,16.95431472081218
23,55,902,algorithmic,533,74,5.695231473985962,6.704545454545454
23,55,903,coalition,169,0,5.077467826979737,
23,56,901,direct,78,61,4.551282051282051,15.121951219512194
23,56,902,algorithmic,511,74,5.638346618299842,7.987654320987653
23,56,903,coalition,176,0,5.5924967835536945,
23,57,901,direct,102,61,4.627450980392157,15.652173913043477
23,57,902,algorithmic,414,74,5.720191836448925,8.88888888888889
23,57,903,coalition,249,0,4.816386318219739,
23,58,901,direct,100,61,4.552345679012346,16.296296296296298
23,58,902,algorithmic,480,74,5.32363683127572,9.64102564102564
23,58,903,coalition,185,0,5.448160981494315,
23,59,901,direct,112,61,4.955357142857143,16.25
23,59,902,algorithmic,485,74,5.576417525773196,9.411764705882353
23,59,903,coalition,168,0,4.891172093837535,
23,60,901,direct,121,61,4.5446857582164135,16.511627906976745
23,60,902,algorithmic,520,74,5.545058139534883,9.266666666666667
23,60,903,coalition,124,0,5.46548512128032,
23,61,901,direct,158,61,4.6666899783201625,16.685082872928177
23,61,902,algorithmic,390,74,5.679628842612268,9.511627906976745
23,61,903,coalition,217,0,4.939894997427337,
23,62,901,direct,61,61,4.787035644457813,17.247706422018346
23,62,902,algorithmic,492,74,5.630566122174984,7.759493670886077
23,62,903,coalition,212,0,5.558677689572135,
23,63,901,direct,108,61,4.824074074074074,15.041322314049587
23,63,902,algorithmic,482,74,5.861715990535304,7.411764705882353
23,63,903,coalition,175,0,4.946637960969512,
23,64,901,direct,83,61,4.565741225772656,16.42857142857143
23,64,902,algorithmic,486,74,5.429183813443073,8.065217391304348
23,64,903,coalition,196,0,4.992302045041619,
23,65,901,direct,84,61,4.75,15.804195804195803
23,65,902,algorithmic,509,74,5.61543957025293,8.60919540229885
23,65,903,coalition,172,0,4.997702644855813,
23,66,901,direct,87,61,4.7701149425287355,15.833333333333334
23,66,902,algorithmic,443,74,5.4515926761976425,5.888888888888889
23,66,903,coalition,235,0,4.9460992907801415,
23,67,901,direct,132,61,4.840909090909091,15.918367346938776
23,67,902,algorithmic,505,74,5.872230080150872,7.64102564102564
23,67,903,coalition,128,0,5.203652374411303,
23,68,901,direct,100,61,4.767604166666667,16.875
23,68,902,algorithmic,475,0,5.666600877192982,
23,68,903,coalition,190,74,4.740834623323013,7.411764705882353
23,69,901,direct,111,61,4.458592067986872,16.25
23,69,902,algorithmic,516,0,4.409722324566144,
23,69,903,coalition,138,74,4.481345057034221,10.592592592592592
23,70,901,direct,78,61,4.389267778933713,16.49122807017544
23,70,902,algorithmic,593,0,5.126494735570158,
23,70,903,coalition,94,74,4.130023640661938,10.065040650406504
23,71,901,direct,80,61,4.310104790419162,15.652173913043477
23,71,902,algorithmic,567,0,5.416654898479854,
23,71,903,coalition,118,74,4.462662736428396,5.609195402298851
23,72,901,direct,80,61,4.692277486910995,15.714285714285714
23,72,902,algorithmic,591,0,5.269508785425876,
23,72,903,coalition,94,74,4.356227820302679,9.474226804123711
23,73,901,direct,65,61,4.6066060187317674,15.714285714285714
23,73,902,algorithmic,569,0,5.146667623828416,
23,73,903,coalition,131,74,5.4094874591057795,9.395833333333334
23,74,901,direct,125,61,5.0269803921568625,15.2
23,74,902,algorithmic,523,0,4.854333674699627,
23,74,903,coalition,117,74,4.752136752136752,9.596491228070175
23,75,901,direct,97,61,4.597424880116145,16.756756756756758
23,75,902,algorithmic,552,0,4.881892304203517,
23,75,903,coalition,116,74,4.877213420316869,8.7
23,76,901,direct,139,61,3.969915199339,16.178343949044585
23,76,902,algorithmic,483,0,4.726845813470961,
23,76,903,coalition,143,74,4.3678678009888205,10.302752293577981
23,77,901,direct,115,61,5.0658615136876,16.984924623115578
23,77,902,algorithmic,590,0,4.624621285044271,
23,77,903,coalition,60,74,4.557956448911223,11.671532846715328
23,78,901,direct,77,61,4.835703035114608,16.57142857142857
23,78,902,algorithmic,530,0,5.234213301917633,
23,78,903,coalition,158,74,4.593128390596744,9.065217391304348
23,79,901,direct,84,61,5.071016285302,15.62043795620438
23,79,902,algorithmic,584,0,5.1200031193723,
23,79,903,coalition,97,74,4.571826648280859,9.843137254901961
23,80,901,direct,126,61,4.909897292250233,15.833333333333334
23,80,902,algorithmic,499,0,4.9622209009353515,
23,80,903,coalition,140,74,4.9250992063492065,8.474226804123711
23,81,901,direct,104,61,4.5117381293551215,16.774193548387096
23,81,902,algorithmic,561,0,4.818158910336263,
23,81,903,coalition,100,74,4.6449250340754205,7.30952380952381
23,82,901,direct,47,61,4.818113349651666,16.34146341463415
23,82,902,algorithmic,570,0,5.0216786141964285,
23,82,903,coalition,148,74,4.545731707317073,10.539823008849558
23,83,901,direct,106,61,5.072184751984975,14.392523364485982
23,83,902,algorithmic,578,0,5.04392413663164,
23,83,903,coalition,81,74,4.805552031500355,10.469696969696969
23,84,901,direct,81,61,4.23043013806066,16.385542168674696
23,84,902,algorithmic,578,0,5.090933666344485,
23,84,903,coalition,106,74,4.8889520345533075,7.609195402298852
23,85,901,direct,91,61,4.265086868438824,15.74468085106383
23,85,902,algorithmic,520,0,5.099809415395413,
23,85,903,coalition,154,74,4.863042045319474,8.30952380952381
23,86,901,direct,73,61,4.859453261722286,16.026490066225165
23,86,902,algorithmic,573,0,4.723010697059053,
23,86,903,coalition,119,74,4.202738048861929,9.047619047619047
23,87,901,direct,126,61,3.5041638487753777,15.488721804511279
23,87,902,algorithmic,533,0,5.154645917482888,
23,87,903,coalition,106,74,4.305433394807774,12.930555555555555
23,88,901,direct,95,61,4.676488296675908,16.774193548387096
23,88,902,algorithmic,536,0,4.772951879428978,
23,88,903,coalition,134,74,5.205986198042048,10.760683760683762
23,89,901,direct,86,61,5.028199078755196,16.129032258064516
23,89,902,algorithmic,570,0,4.826097053121658,
23,89,903,coalition,109,74,4.603189921267047,11.34108527131783
23,90,901,direct,113,61,4.57841043669629,15.89041095890411
23,90,902,algorithmic,576,0,5.250124900056724,
23,90,903,coalition,76,74,4.388248017303533,6.987654320987653
23,91,901,direct,87,61,3.8923860217542234,16.53179190751445
23,91,902,algorithmic,556,0,5.238827036151794,
23,91,903,coalition,122,74,4.681228086799963,6.51948051948052
23,92,901,direct,118,61,3.9591374213870365,15.918367346938776
23,92,902,algorithmic,524,0,4.723617258786288,
23,92,903,coalition,123,74,4.937005696587579,10.966942148760332
23,93,901,direct,118,61,4.676518369678856,16.629213483146067
23,93,902,algorithmic,522,0,4.9661170010840685,
23,93,903,coalition,125,74,4.5886741573033705,8.704545454545455
23,94,901,direct,112,61,4.632159273310959,16.629213483146067
23,94,902,algorithmic,546,0,5.039248516776607,
23,94,903,coalition,107,74,4.3793314856005185,9.363636363636363
23,95,901,direct,135,61,3.780196283638811,16.511627906976745
23,95,902,algorithmic,524,0,4.895887935088098,
23,95,903,coalition,106,74,4.92869679684072,11.112903225806452
23,96,901,direct,143,61,4.440256921133586,16.923076923076923
23,96,902,algorithmic,516,0,4.843565309984757,
23,96,903,coalition,106,74,4.9927431059506535,7.097560975609756
23,97,901,direct,82,61,4.039719307807603,17.04433497536946
23,97,902,algorithmic,592,0,5.168174614331424,
23,97,903,coalition,91,74,3.920532669301142,7.888888888888889
23,98,901,direct,135,61,3.5306325712829776,15.774647887323944
23,98,902,algorithmic,485,0,5.47810293804762,
23,98,903,coalition,145,74,4.729286061194754,7.64102564102564
23,99,901,direct,127,61,4.662239732383487,16.923076923076923
23,99,902,algorithmic,496,0,4.469554725189196,
23,99,903,coalition,142,74,4.923549057222658,10.251968503937007
23,100,901,direct,121,61,3.8934310473054845,16.791443850267378
23,100,902,algorithmic,526,0,4.681165108337048,
23,100,903,coalition,118,74,4.532855977521979,7.6521739130434785
24,1,901,direct,111,44,4.240604370114084,13.743691091517178
24,1,902,algorithmic,525,47,4.153591471741334,10.237315875613747
24,1,903,coalition,129,44,4.371306594764634,12.6555863193236
24,2,901,direct,101,44,3.6260466578219286,11.2987012987013
24,2,902,algorithmic,501,47,5.173533332007082,12.282674772036476
24,2,903,coalition,163,44,3.342346688045076,12.209415584415583
24,3,901,direct,97,44,3.8647582580121864,11.286616161616163
24,3,902,algorithmic,529,47,5.200001835300164,11.14309095160159
24,3,903,coalition,139,44,4.529583886502236,13.223080317740513
24,4,901,direct,123,44,3.85838556058855,11.383116883116884
24,4,902,algorithmic,504,47,5.273133612419326,10.705902539464654
24,4,903,coalition,138,44,4.114012059313603,12.784510943601852
24,5,901,direct,135,72,3.78848444928889,10.419585318016251
24,5,902,algorithmic,516,19,5.307193950099118,13.666666666666664
24,5,903,coalition,114,44,4.031277425729325,12.727098867982846
24,6,901,direct,40,72,3.9417701362573574,12.942286947141316
24,6,902,algorithmic,583,19,5.147456394714292,10.609756097560975
24,6,903,coalition,142,44,3.362895345075425,11.954827644338247
24,7,901,direct,138,46,5.021347434390913,13.603603603603604
24,7,902,algorithmic,515,45,5.33772413189889,8.584304304304304
24,7,903,coalition,112,44,4.100820463320463,12.512694512694514
24,8,901,direct,53,46,3.7546042695160167,17.540983606557376
24,8,902,algorithmic,570,45,5.544667174526991,10.529411764705882
24,8,903,coalition,142,44,4.198407228764694,11.140436624307592
24,9,901,direct,162,71,3.873574724149437,13.236760464263412
24,9,902,algorithmic,461,45,5.399692680876229,10.542372881355933
24,9,903,coalition,142,19,4.190942987945341,15.675675675675677
24,10,901,direct,86,71,4.432763632718525,16.982758620689655
24,10,902,algorithmic,542,45,5.542184915383637,9.542372881355933
24,10,903,coalition,137,19,4.627631107432799,15.875
24,11,901,direct,84,71,4.413978494623656,15.512820512820513
24,11,902,algorithmic,524,45,5.603526684110284,10.567901234567902
24,11,903,coalition,157,19,4.132479510535808,12.135135135135135
24,12,901,direct,98,71,4.756559766763849,15.454545454545455
24,12,902,algorithmic,510,45,5.598039215686274,7.698113207547171
24,12,903,coalition,157,19,4.737384211750274,16.97142857142857
24,13,901,direct,100,71,4.759142857142857,15.833333333333334
24,13,902,algorithmic,487,45,5.401588931260389,9.80281690140845
24,13,903,coalition,178,19,4.424180852907708,17.97142857142857
24,14,901,direct,90,71,4.444444444444445,15.882352941176473
24,14,902,algorithmic,473,45,5.407627744543906,9.020408163265307
24,14,903,coalition,202,19,5.399748018019089,18.081632653061224
24,15,901,direct,132,71,4.7807286346612194,15.625
24,15,902,algorithmic,471,0,5.150590749692589,
24,15,903,coalition,162,64,5.2372295047856845,8.548016151685394
24,16,901,direct,56,71,4.200793650793651,16.534653465346537
24,16,902,algorithmic,622,0,4.797840376055763,
24,16,903,coalition,87,64,4.6202976619501035,7.823529411764706
24,17,901,direct,80,71,3.728787878787879,14.444444444444446
24,17,902,algorithmic,485,0,5.3983302836911085,
24,17,903,coalition,200,64,4.682301587301588,7.454545454545455
24,18,901,direct,111,71,4.2771669007410456,15.33333333333333
24,18,902,algorithmic,601,0,4.988272186828459,
24,18,903,coalition,53,64,4.634555324389602,11.75
24,19,901,direct,124,71,4.338862480251542,16.132596685082873
24,19,902,algorithmic,526,0,5.1809690476777535,
24,19,903,coalition,115,64,4.822772039394668,9.025316455696203
24,20,901,direct,114,71,4.384880741178789,16.391752577319586
24,20,902,algorithmic,500,0,4.936907679833198,
24,20,903,coalition,151,64,4.846947221619184,8.921348314606742
24,21,901,direct,98,71,3.7498866896773784,16.195652173913043
24,21,902,algorithmic,560,0,4.86462559398194,
24,21,903,coalition,107,64,4.384193417310037,9.225806451612904
24,22,901,direct,100,71,3.7536893988364572,15.833333333333334
24,22,902,algorithmic,549,0,5.221590822121198,
24,22,903,coalition,116,64,4.348932676518883,9.076923076923077
24,23,901,direct,82,71,4.626447744924376,15.882352941176473
24,23,902,algorithmic,585,0,5.24453608071239,
24,23,903,coalition,98,64,4.415027463499366,6.126760563380282
24,24,901,direct,88,71,4.375006416508392,15.394736842105264
24,24,902,algorithmic,568,0,5.224746047535473,
24,24,903,coalition,109,64,4.26892520491496,7.840909090909092
24,25,901,direct,83,71,4.5858783973101716,15.569620253164555
24,25,902,algorithmic,605,0,5.237747453392274,
24,25,903,coalition,77,64,4.591648857471642,7.0
24,26,901,direct,143,71,4.233487442789769,15.42483660130719
24,26,902,algorithmic,493,0,5.084536165205897,
24,26,903,coalition,129,64,3.9980746820692104,9.674418604651162
24,27,901,direct,64,71,3.967989232209738,16.71361502347418
24,27,902,algorithmic,564,0,4.9268600419688156,
24,27,903,coalition,137,64,4.6155717761557185,9.921348314606742
24,28,901,direct,154,71,4.745100354191264,14.776119402985072
24,28,902,algorithmic,507,0,4.791274397244546,
24,28,903,coalition,104,64,4.2646096440872565,11.272727272727273
24,29,901,direct,56,71,3.6487401472565075,16.875
24,29,902,algorithmic,602,0,5.000928388113732,
24,29,903,coalition,107,64,4.832693591455274,8.921348314606742
24,30,901,direct,121,71,4.397996602987691,14.444444444444446
24,30,902,algorithmic,505,0,5.0312860604454475,
24,30,903,coalition,139,64,4.181340641772296,7.222222222222222
24,31,901,direct,61,71,4.1657337234353955,16.335078534031414
24,31,902,algorithmic,564,0,4.867132585973199,
24,31,903,coalition,140,64,4.531038159911728,11.615384615384617
24,32,901,direct,90,71,4.377219178572708,14.65648854961832
24,32,902,algorithmic,524,0,4.905131854210337,
24,32,903,coalition,151,64,4.114654481349097,9.11214953271028
24,33,901,direct,102,71,3.547471372924919,15.625
24,33,902,algorithmic,547,0,5.029288543570994,
24,33,903,coalition,116,64,4.7668637205929745,8.923076923076923
24,34,901,direct,128,71,4.854879539106145,15.930232558139538
24,34,902,algorithmic,506,0,4.882276675794146,
24,34,903,coalition,131,64,4.804278359666252,8.588235294117647
24,35,901,direct,90,71,4.055686784896407,16.464646464646464
24,35,902,algorithmic,537,0,4.5401398800005035,
24,35,903,coalition,138,64,4.182799155457157,9.076923076923077
24,36,901,direct,97,71,4.045853208185875,15.625
24,36,902,algorithmic,520,0,5.509485026789131,
24,36,903,coalition,148,64,4.677364864864865,14.865671641791044
24,37,901,direct,79,71,5.062871198032275,15.808383233532934
24,37,902,algorithmic,607,0,4.992172679171972,
24,37,903,coalition,79,64,4.828924429621769,9.076923076923077
24,38,901,direct,112,71,3.9797051540009285,15.30201342281879
24,38,902,algorithmic,549,0,5.190206280143196,
24,38,903,coalition,104,64,4.777684563758389,7.923076923076923
24,39,901,direct,95,71,5.001890954932241,16.153846153846153
24,39,902,algorithmic,555,0,5.169945308310831,
24,39,903,coalition,115,64,4.8396588571543,7.126760563380282
24,40,901,direct,101,71,4.231950161308266,15.757575757575758
24,40,902,algorithmic,550,0,4.900259777496485,
24,40,903,coalition,114,64,3.9178628389154704,9.368421052631579
24,41,901,direct,98,71,4.124580209634105,15.906432748538013
24,41,902,algorithmic,556,0,4.833830835660336,
24,41,903,coalition,111,64,5.39855645118803,13.298507462686567
24,42,901,direct,66,71,4.39881574364333,15.833333333333334
24,42,902,algorithmic,582,0,5.090483384964366,
24,42,903,coalition,117,64,4.746336996336996,8.0
24,43,901,direct,101,71,4.282128212821282,14.852941176470587
24,43,902,algorithmic,560,0,5.143977591036414,
24,43,903,coalition,104,64,4.197995223730517,9.636363636363637
24,44,901,direct,91,71,4.249259722313615,15.906432748538013
24,44,902,algorithmic,559,0,5.423474778011358,
24,44,903,coalition,115,64,4.7071955250444955,7.36986301369863
24,45,901,direct,157,71,4.259394269593663,15.652173913043475
24,45,902,algorithmic,491,0,4.8300187138836215,
24,45,903,coalition,117,64,4.191756840022594,11.919354838709678
24,46,901,direct,116,71,4.495932283491148,16.916299559471366
24,46,902,algorithmic,577,0,5.27986951526402,
24,46,903,coalition,72,64,4.051089084679393,6.7105263157894735
24,47,901,direct,70,71,3.7876618259596984,16.236559139784944
24,47,902,algorithmic,541,0,5.289148746811861,
24,47,903,coalition,154,64,4.33249546152772,10.297872340425531
24,48,901,direct,96,71,4.6896121351766515,15.0
24,48,902,algorithmic,571,0,5.643623846917446,
24,48,903,coalition,98,64,5.028425655976676,15.096774193548388
24,49,901,direct,117,71,4.230899202413445,15.783132530120483
24,49,902,algorithmic,512,0,4.785419522986463,
24,49,903,coalition,136,64,5.367292700212615,10.56896551724138
24,50,901,direct,94,71,3.7252208452943156,16.25668449197861
24,50,902,algorithmic,554,0,4.922876761935283,
24,50,903,coalition,117,64,5.1078016803704065,11.056603773584905
24,51,901,direct,88,71,4.039141414141414,15.731707317073168
24,51,902,algorithmic,558,0,5.064360715291741,
24,51,903,coalition,119,64,4.739700758352122,11.166666666666668
24,52,901,direct,126,71,3.953509732810797,15.569620253164555
24,52,902,algorithmic,548,0,5.264757753521992,
24,52,903,coalition,91,64,4.731673389901238,9.674418604651162
24,53,901,direct,83,71,4.141967897306081,16.42857142857143
24,53,902,algorithmic,550,0,5.282438358863716,
24,53,903,coalition,132,64,4.540872547366053,9.762376237623762
24,54,901,direct,64,71,4.531886312217194,15.42483660130719
24,54,902,algorithmic,620,0,5.3508895700546555,
24,54,903,coalition,81,64,5.102564102564103,10.823529411764707
24,55,901,direct,143,71,4.188552188552189,14.776119402985072
24,55,902,algorithmic,459,0,4.9482591882032585,
24,55,903,coalition,163,64,4.53383389799469,11.166666666666668
24,56,901,direct,73,71,4.238462470975502,16.71361502347418
24,56,902,algorithmic,596,0,4.733587352640628,
24,56,903,coalition,96,64,4.020864060963619,11.153846153846153
24,57,901,direct,102,71,4.1737575533358,15.104895104895105
24,57,902,algorithmic,540,0,5.079539981641726,
24,57,903,coalition,123,64,4.343453294672806,8.025316455696203
24,58,901,direct,71,71,4.930607299712252,15.930232558139538
24,58,902,algorithmic,546,0,4.858508079400803,
24,58,903,coalition,148,64,4.415006623277441,9.7
24,59,901,direct,65,71,4.70258840685381,15.035460992907801
24,59,902,algorithmic,655,64,5.445782188287271,6.3076923076923075
24,59,903,coalition,45,0,2.9842395587076442,
24,60,901,direct,143,71,4.769230769230769,14.814814814814817
24,60,902,algorithmic,422,64,5.878357030015797,10.0
24,60,903,coalition,200,0,4.477407407407408,
24,61,901,direct,99,71,4.794612794612795,16.71361502347418
24,61,902,algorithmic,492,64,5.592818428184281,6.735294117647059
24,61,903,coalition,174,0,5.315753887762002,
24,62,901,direct,88,71,4.6022727272727275,15.857988165680476
24,62,902,algorithmic,512,64,5.546274038461538,8.126760563380282
24,62,903,coalition,165,0,5.141077918109337,
24,63,901,direct,75,71,4.653333333333333,15.569620253164555
24,63,902,algorithmic,522,64,5.588971337116252,8.025316455696203
24,63,903,coalition,168,0,4.9612718505123565,
24,64,901,direct,112,71,4.446428571428571,15.172413793103448
24,64,902,algorithmic,477,64,5.584327333188751,10.6
24,64,903,coalition,176,0,4.952468652037617,
24,65,901,direct,111,71,4.684684684684685,16.153846153846153
24,65,902,algorithmic,479,0,5.448805891394618,
24,65,903,coalition,175,64,4.8221524507238795,7.222222222222222
24,66,901,direct,105,71,4.831532613045218,16.132596685082873
24,66,902,algorithmic,527,0,4.724136688213183,
24,66,903,coalition,133,64,4.614473413674863,13.827814569536423
24,67,901,direct,72,71,5.124970163503998,16.0
24,67,902,algorithmic,559,0,4.837301918225156,
24,67,903,coalition,134,64,4.840115747791654,9.368421052631579
24,68,901,direct,117,71,4.914616686190291,15.070422535211268
24,68,902,algorithmic,528,0,5.139294129574472,
24,68,903,coalition,120,64,4.854272419627749,8.840909090909092
24,69,901,direct,85,71,4.403702102661302,16.25668449197861
24,69,902,algorithmic,531,0,4.7133647260231895,
24,69,903,coalition,149,64,4.210567944758595,8.758620689655173
24,70,901,direct,114,71,4.295060946997392,15.483870967741938
24,70,902,algorithmic,541,0,4.998864705945549,
24,70,903,coalition,110,64,4.549239196591601,9.076923076923077
24,71,901,direct,89,71,4.289775243325817,16.195652173913043
24,71,902,algorithmic,514,0,4.887191426848368,
24,71,903,coalition,162,64,4.581206814169452,11.793388429752067
24,72,901,direct,97,71,4.870999551770506,15.597484276729562
24,72,902,algorithmic,574,0,4.934283224351053,
24,72,903,coalition,94,64,3.9523439939337166,10.434782608695652
24,73,901,direct,114,71,3.9727047372753996,15.808383233532934
24,73,902,algorithmic,551,0,4.97623399044656,
24,73,903,coalition,100,64,4.947305389221557,8.571428571428571
24,74,901,direct,99,71,4.043688417921547,16.195652173913043
24,74,902,algorithmic,586,0,5.172992787298815,
24,74,903,coalition,80,64,4.447961956521739,9.368421052631579
24,75,901,direct,114,71,3.9423753367516885,15.857988165680476
24,75,902,algorithmic,518,0,5.349252974121256,
24,75,903,coalition,133,64,4.284068158562086,8.36986301369863
24,76,901,direct,51,71,4.572629051620648,16.195652173913043
24,76,902,algorithmic,533,0,4.673371129703503,
24,76,903,coalition,181,64,4.794071435924839,11.272727272727273
24,77,901,direct,117,71,5.14333753678016,14.214876033057852
24,77,902,algorithmic,579,0,5.024666880336734,
24,77,903,coalition,69,64,4.2053529528421,11.11214953271028
24,78,901,direct,61,71,4.248219903957609,16.25668449197861
24,78,902,algorithmic,541,0,4.942872236554959,
24,78,903,coalition,163,64,4.685968308126373,10.636363636363637
24,79,901,direct,144,71,4.516738592082742,14.65648854961832
24,79,902,algorithmic,544,0,4.773771365752423,
24,79,903,coalition,77,64,4.704173688906513,9.166666666666668
24,80,901,direct,55,71,3.9763078043451876,16.72897196261682
24,80,902,algorithmic,561,0,5.225126056458674,
24,80,903,coalition,149,64,4.720316126199585,5.597014925373134
24,81,901,direct,124,71,4.359403530127815,14.4
24,81,902,algorithmic,543,0,5.17466511250312,
24,81,903,coalition,98,64,4.533469387755102,7.818181818181818
24,82,901,direct,70,71,4.431410825199645,16.391752577319586
24,82,902,algorithmic,571,0,5.1851788160866485,
24,82,903,coalition,124,64,4.705656780142401,7.735294117647059
24,83,901,direct,91,71,5.257199853764143,15.0
24,83,902,algorithmic,562,0,5.050719009557081,
24,83,903,coalition,112,64,4.746811224489796,10.424778761061948
24,84,901,direct,134,71,4.455863539445629,15.652173913043475
24,84,902,algorithmic,538,0,4.9684908084013175,
24,84,903,coalition,93,64,3.828290923662593,6.7105263157894735
24,85,901,direct,78,71,4.044378698224852,16.568627450980394
24,85,902,algorithmic,606,0,5.006096650389021,
24,85,903,coalition,81,64,4.218228031953522,8.125
24,86,901,direct,103,71,4.564185544768069,15.27027027027027
24,86,902,algorithmic,575,0,5.185777777777777,
24,86,903,coalition,87,64,4.641503572538055,7.6
24,87,901,direct,110,71,4.536216500262743,15.953757225433527
24,87,902,algorithmic,517,0,5.156185641931552,
24,87,903,coalition,138,64,4.512691631063081,8.25
24,88,901,direct,88,71,4.474898236092266,16.11111111111111
24,88,902,algorithmic,494,0,4.4183757021541785,
24,88,903,coalition,183,64,4.390139466601419,12.227272727272727
24,89,901,direct,114,71,4.08371460232821,15.569620253164555
24,89,902,algorithmic,571,0,4.99900294320098,
24,89,903,coalition,80,64,4.361225172378306,11.961538461538462
24,90,901,direct,85,71,4.364970976735683,16.195652173913043
24,90,902,algorithmic,545,0,5.140073187460503,
24,90,903,coalition,135,64,4.389210950080516,10.0
24,91,901,direct,111,71,4.839411414632653,15.483870967741938
24,91,902,algorithmic,556,0,4.890117584389914,
24,91,903,coalition,98,64,4.486038794794555,11.424778761061948
24,92,901,direct,127,71,4.45910691622351,16.132596685082873
24,92,902,algorithmic,499,0,4.801706299684856,
24,92,903,coalition,139,64,4.316030048889066,9.674418604651162
24,93,901,direct,102,71,4.350644599042968,16.446700507614214
24,93,902,algorithmic,516,0,4.672351508385573,
24,93,903,coalition,147,64,4.421625110817308,10.076923076923077
24,94,901,direct,90,71,5.006349206349206,15.930232558139538
24,94,902,algorithmic,536,0,4.895854741454951,
24,94,903,coalition,139,64,4.939685460933578,9.297872340425531
24,95,901,direct,86,71,4.567580013815335,15.625
24,95,902,algorithmic,548,0,5.124450481088255,
24,95,903,coalition,131,64,4.039778739324315,6.818181818181818
24,96,901,direct,117,71,4.801832760595648,15.512820512820513
24,96,902,algorithmic,521,0,5.212869434777191,
24,96,903,coalition,127,64,4.855844942459116,6.597014925373134
24,97,901,direct,66,71,3.849171421504661,16.25668449197861
24,97,902,algorithmic,601,0,5.304732285481604,
24,97,903,coalition,98,64,3.980737749645313,7.7105263157894735
24,98,901,direct,107,71,4.629651129041621,14.852941176470587
24,98,902,algorithmic,499,0,5.370504935203385,
24,98,903,coalition,159,64,4.914816870144285,6.454545454545455
24,99,901,direct,79,71,4.431748203900103,16.045197740112993
24,99,902,algorithmic,554,0,5.004375723773488,
24,99,903,coalition,132,64,4.501787226363498,5.735294117647059
24,100,901,direct,75,71,3.9742124542124544,15.30201342281879
24,100,902,algorithmic,544,0,4.911978820955332,
24,100,903,coalition,146,64,4.931965356209173,7.5
25,1,901,algorithmic,576,45,4.257887087043689,10.233862433862434
25,1,902,coalition,100,53,3.285779582736104,13.233150021774577
25,1,903,direct,89,37,3.6756039740895625,14.174365000451957
25,2,901,algorithmic,473,45,5.296514224249842,10.871957671957672
25,2,902,coalition,148,53,3.806762514394093,11.499668983780206
25,2,903,direct,144,37,3.9913413742690063,13.065945945945945
25,3,901,algorithmic,578,45,5.045938213809168,12.159272087525427
25,3,902,coalition,101,53,3.8063787873097055,11.325638179800222
25,3,903,direct,86,37,3.929388225953074,13.945945945945946
25,4,901,algorithmic,555,45,5.349759932839614,12.802582728006458
25,4,902,coalition,121,53,4.222382709614012,11.07508149227963
25,4,903,direct,89,37,3.805106591801011,12.9951262738148
25,5,901,algorithmic,541,45,5.364981746674872,11.47804232804233
25,5,902,coalition,121,53,3.7623923492867264,10.815763642938734
25,5,903,direct,103,37,3.8355512638152987,13.065945945945945
25,6,901,algorithmic,470,45,5.150851421185007,11.75528653852961
25,6,902,coalition,165,53,4.279776114877929,12.255684199045982
25,6,903,direct,130,37,3.690792223973048,13.166828699202798
25,7,901,algorithmic,498,45,5.2004926342251645,9.276455026455027
25,7,902,coalition,158,53,4.083888461739392,12.234316475646272
25,7,903,direct,109,37,3.6138415941957462,13.588082057961577
25,8,901,algorithmic,573,60,5.2503463893832185,11.482340647857887
25,8,902,coalition,78,30,3.6377989826265686,10.583333333333332
25,8,903,direct,114,45,3.744320145976226,12.951021711366538
25,9,901,algorithmic,481,60,5.226233818745353,10.445446507515474
25,9,902,coalition,138,30,3.5143375245191426,12.972222222222221
25,9,903,direct,146,45,3.6746240565544905,17.21518987341772
25,10,901,algorithmic,545,60,5.35726728049601,9.982905982905981
25,10,902,coalition,140,30,3.477068708159159,11.084745762711865
25,10,903,direct,80,45,3.689769142494535,17.684210526315788
25,11,901,algorithmic,536,60,5.3787741360956245,10.24391672088484
25,11,902,coalition,137,30,4.562018756437731,12.972222222222221
25,11,903,direct,92,45,3.800727105906867,16.451612903225808
25,12,901,algorithmic,468,60,5.646238044182764,10.912745098039215
25,12,902,coalition,169,30,4.067407814341249,15.253012048192772
25,12,903,direct,128,45,3.611008371722183,16.764705882352942
25,13,901,algorithmic,541,60,5.29651511708856,11.162260536398467
25,13,902,coalition,113,30,4.2576880141193785,11.857142857142858
25,13,903,direct,111,45,4.317058948574586,17.441860465116278
25,14,901,algorithmic,561,60,5.652140026635577,10.783114160472651
25,14,902,coalition,120,30,3.4916213063746775,10.821428571428571
25,14,903,direct,84,45,3.1378211447626723,17.161290322580648
25,15,901,algorithmic,514,41,5.505222507797024,11.10344827586207
25,15,902,coalition,142,30,4.273591258992278,12.040816326530612
25,15,903,direct,109,64,4.1348476286668525,13.47838824728261
25,16,901,algorithmic,491,41,5.239052332751151,10.93939393939394
25,16,902,coalition,164,30,3.7115820412682816,12.081081081081079
25,16,903,direct,110,64,3.7838311996206735,16.337209302325583
25,17,901,algorithmic,524,41,5.229630753283239,11.548387096774194
25,17,902,coalition,168,30,3.982385493414937,12.375
25,17,903,direct,73,64,4.538558449854497,16.358381502890175
25,18,901,algorithmic,512,41,5.61534109995521,9.442622950819672
25,18,902,coalition,156,30,3.9766001432610993,17.527918781725887
25,18,903,direct,97,64,4.642210476738709,15.367647058823529
25,19,901,algorithmic,555,41,5.312803557469276,7.857142857142857
25,19,902,coalition,105,30,4.1227063798492365,12.947368421052632
25,19,903,direct,105,64,5.057142857142857,16.0625
25,20,901,algorithmic,506,41,5.369860696006646,9.727272727272727
25,20,902,coalition,127,30,4.546221749418365,9.409090909090908
25,20,903,direct,132,64,4.317400600304263,16.25
25,21,901,algorithmic,569,41,5.17931102289626,10.846153846153847
25,21,902,coalition,114,30,4.076023391812866,8.727272727272727
25,21,903,direct,82,64,4.967479674796747,16.76923076923077
25,22,901,algorithmic,514,41,5.778169770656018,9.117647058823529
25,22,902,coalition,153,30,3.791355312414852,15.972027972027972
25,22,903,direct,98,64,4.7899243613529325,15.655172413793103
25,23,901,algorithmic,624,41,5.35846342486532,8.307692307692308
25,23,902,coalition,87,30,4.049815751464927,12.419753086419753
25,23,903,direct,54,64,4.883854470810992,16.086956521739133
25,24,901,algorithmic,403,41,5.2192530381115985,11.444444444444445
25,24,902,coalition,181,30,3.91915757661614,10.62962962962963
25,24,903,direct,181,64,4.4278063546495625,14.615384615384617
25,25,901,algorithmic,540,41,5.027524120166134,8.727272727272727
25,25,902,coalition,154,30,4.1794555242500735,12.627906976744185
25,25,903,direct,71,64,4.858429264109246,17.418032786885245
25,26,901,algorithmic,475,41,5.123148789372935,10.75
25,26,902,coalition,111,30,3.305688548837558,14.156862745098039
25,26,903,direct,179,64,4.565506429698906,15.298507462686567
25,27,901,algorithmic,571,41,5.156660088836494,10.10344827586207
25,27,902,coalition,138,30,4.216951146622675,10.423076923076923
25,27,903,direct,56,64,4.798469387755103,17.39669421487603
25,28,901,algorithmic,541,41,5.429450385812132,9.220338983050848
25,28,902,coalition,120,30,3.7175939461342233,13.463414634146343
25,28,903,direct,104,64,4.853352394647852,14.705882352941178
25,29,901,algorithmic,521,41,5.312185252473864,9.548387096774194
25,29,902,coalition,128,30,3.962762867315812,13.419753086419753
25,29,903,direct,116,64,4.504877128922488,16.227544910179642
25,30,901,algorithmic,533,41,4.97309875712494,9.857142857142858
25,30,902,coalition,150,30,4.428683838193855,12.1
25,30,903,direct,82,64,4.295452789954722,16.480446927374302
25,31,901,algorithmic,497,41,5.198174176668917,12.117647058823529
25,31,902,coalition,131,30,3.952750075105812,10.727272727272727
25,31,903,direct,137,64,4.4401693401000175,15.655172413793103
25,32,901,algorithmic,508,41,5.1523353614889045,9.333333333333332
25,32,902,coalition,188,30,4.054166666666666,9.727272727272727
25,32,903,direct,69,64,4.589426877470356,16.85
25,33,901,algorithmic,472,41,5.363980743149688,11.202898550724637
25,33,902,coalition,184,30,4.097652883226699,16.663594470046085
25,33,903,direct,109,64,4.784932143914092,15.227272727272727
25,34,901,algorithmic,437,0,5.729995105538237,
25,34,902,coalition,214,71,4.813502588480865,10.978324676428795
25,34,903,direct,114,64,4.62429821688187,16.337209302325583
25,35,901,algorithmic,613,0,4.709869075742675,
25,35,902,coalition,66,71,4.25924499229584,9.577981651376147
25,35,903,direct,86,64,4.5,16.440677966101696
25,36,901,algorithmic,530,0,5.373620598893265,
25,36,902,coalition,147,71,4.284481577866045,8.41095890410959
25,36,903,direct,88,64,3.8033088235294117,15.771812080536913
25,37,901,algorithmic,549,0,4.906361353088184,
25,37,902,coalition,114,71,4.614419246149983,9.91304347826087
25,37,903,direct,102,64,4.7531851450257525,15.827814569536423
25,38,901,algorithmic,559,0,5.2424662367999755,
25,38,902,coalition,110,71,4.20495867768595,7.134831460674157
25,38,903,direct,96,64,4.418025362318841,16.18181818181818
25,39,901,algorithmic,578,0,5.0775848377008765,
25,39,902,coalition,100,71,4.7784905660377355,9.631578947368421
25,39,903,direct,87,64,3.8134704577535796,16.037735849056602
25,40,901,algorithmic,555,71,5.487403421521068,6.0256410256410255
25,40,902,coalition,83,0,3.732813607370659,
25,40,903,direct,127,64,4.955998147290412,15.8
25,41,901,algorithmic,474,71,5.766933155673995,9.457943925233645
25,41,902,coalition,203,0,4.013821211100584,
25,41,903,direct,88,64,4.651869158878505,16.684210526315788
25,42,901,algorithmic,491,71,5.5554686340891,6.54054054054054
25,42,902,coalition,169,0,5.466901714991374,
25,42,903,direct,105,64,4.285714285714286,15.827814569536423
25,43,901,algorithmic,481,71,5.571527571527572,8.708333333333332
25,43,902,coalition,193,0,4.263230940044411,
25,43,903,direct,91,64,4.351648351648351,16.25
25,44,901,algorithmic,514,71,5.832684824902723,6.0256410256410255
25,44,902,coalition,173,0,5.612703289003867,
25,44,903,direct,78,64,5.064102564102564,15.90909090909091
25,45,901,algorithmic,489,71,5.738009253216146,7.3580246913580245
25,45,902,coalition,167,0,4.76437825688261,
25,45,903,direct,109,64,4.706422018348624,15.53191489361702
25,46,901,algorithmic,486,71,5.5998181644176475,9.134831460674157
25,46,902,coalition,166,0,4.688758692989885,
25,46,903,direct,113,64,4.95575221238938,16.337209302325583
25,47,901,algorithmic,525,71,5.727619047619048,7.76470588235294
25,47,902,coalition,165,0,5.053313887538486,
25,47,903,direct,75,64,5.026666666666666,16.420454545454547
25,48,901,algorithmic,516,71,5.8983822042467144,6.54054054054054
25,48,902,coalition,137,0,4.892192096889018,
25,48,903,direct,112,64,4.830357142857143,15.434782608695652
25,49,901,algorithmic,501,71,5.611861990305104,8.708333333333332
25,49,902,coalition,207,0,4.4326834598573726,
25,49,903,direct,57,64,4.859649122807017,16.4
25,50,901,algorithmic,456,71,5.514619883040935,9.54054054054054
25,50,902,coalition,159,0,4.980848773301603,
25,50,903,direct,150,64,4.6,14.75
25,51,901,algorithmic,515,71,5.2337845845298325,9.137254901960784
25,51,902,coalition,160,0,3.869844310963822,
25,51,903,direct,90,64,4.521961398017736,17.04225352112676
25,52,901,algorithmic,496,71,5.9411764705882355,8.90909090909091
25,52,902,coalition,160,0,5.519752673796791,
25,52,903,direct,109,64,5.0,15.882352941176471
25,53,901,algorithmic,523,71,5.643114411490062,7.783505154639175
25,53,902,coalition,181,0,4.599121002555132,
25,53,903,direct,61,64,5.377049180327869,16.337209302325583
25,54,901,algorithmic,462,71,5.710236000558581,6.666666666666667
25,54,902,coalition,176,0,5.396016617790812,
25,54,903,direct,127,64,4.433070866141732,14.919354838709678
25,55,901,algorithmic,490,71,5.693233082706767,9.666666666666666
25,55,902,coalition,167,0,5.193402668347515,
25,55,903,direct,108,64,4.628654970760234,16.684210526315788
25,56,901,algorithmic,470,71,5.549944008958566,8.463414634146341
25,56,902,coalition,194,0,5.130996651800484,
25,56,903,direct,101,64,4.524752475247524,16.315789473684212
25,57,901,algorithmic,465,71,5.515919223708367,7.666666666666665
25,57,902,coalition,188,0,4.779882373291818,
25,57,903,direct,112,64,4.901785714285714,16.15853658536585
25,58,901,algorithmic,546,71,5.8074829931972785,8.666666666666666
25,58,902,coalition,158,0,5.34924653405666,
25,58,903,direct,61,64,5.131147540983607,16.4
25,59,901,algorithmic,453,71,5.698141422772912,8.566265060240964
25,59,902,coalition,174,0,4.940795439823812,
25,59,903,direct,138,64,4.594202898550725,14.919354838709678
25,60,901,algorithmic,519,71,5.84983560041795,8.764705882352942
25,60,902,coalition,164,0,4.4621369479717625,
25,60,903,direct,82,64,4.21277757553695,16.865671641791046
25,61,901,algorithmic,492,71,5.987314269694421,8.666666666666666
25,61,902,coalition,145,0,4.6440745144669044,
25,61,903,direct,128,64,4.7623922413793105,15.655172413793103
25,62,901,algorithmic,466,71,5.297552973956813,8.553191489361701
25,62,902,coalition,215,0,4.535642766656909,
25,62,903,direct,84,64,4.440476190476191,16.701570680628272
25,63,901,algorithmic,480,71,5.385303287981859,6.139240506329114
25,63,902,coalition,201,0,4.892806269179377,
25,63,903,direct,84,64,4.904761904761905,15.714285714285714
25,64,901,algorithmic,496,71,5.43891266183893,10.025641025641026
25,64,902,coalition,166,0,5.185328440922245,
25,64,903,direct,103,64,4.58252427184466,15.714285714285714
25,65,901,algorithmic,532,71,5.715667179998188,8.553191489361701
25,65,902,coalition,177,0,4.366553846109284,
25,65,903,direct,56,64,4.857142857142857,16.204819277108435
25,66,901,algorithmic,465,71,5.59613264660703,7.139240506329114
25,66,902,coalition,152,0,5.23510376835611,
25,66,903,direct,148,64,4.54054054054054,14.705882352941178
25,67,901,algorithmic,473,71,5.488061481117803,7.134831460674157
25,67,902,coalition,192,0,4.6602263499121355,
25,67,903,direct,100,64,4.869004739336493,17.014218009478675
25,68,901,algorithmic,546,71,5.554473134227735,5.909090909090909
25,68,902,coalition,121,0,4.96755518476352,
25,68,903,direct,98,64,5.163265306122449,16.134969325153374
25,69,901,algorithmic,464,71,5.76700042835725,9.203883495145632
25,69,902,coalition,209,0,3.990769644476516,
25,69,903,direct,92,64,4.739130434782608,16.086956521739133
25,70,901,algorithmic,478,71,5.879200971791065,5.909090909090909
25,70,902,coalition,209,0,4.920835145715529,
25,70,903,direct,78,64,4.511166253101737,15.935483870967742
25,71,901,algorithmic,557,71,5.841807046360315,8.045454545454545
25,71,902,coalition,153,0,5.234272217376097,
25,71,903,direct,55,64,5.3090909090909095,15.53191489361702
25,72,901,algorithmic,505,71,5.999093807685853,7.7894736842105265
25,72,902,coalition,183,0,5.514207162808383,
25,72,903,direct,77,64,5.1688311688311686,14.661016949152543
25,73,901,algorithmic,489,71,5.850131463628396,6.463414634146341
25,73,902,coalition,171,0,5.13089634655745,
25,73,903,direct,105,64,5.219047619047619,15.5
25,74,901,algorithmic,525,71,5.635283446712019,8.463414634146341
25,74,902,coalition,181,0,4.627479289788952,
25,74,903,direct,59,64,5.033898305084746,16.25
25,75,901,algorithmic,515,71,5.623746617857711,10.631578947368421
25,75,902,coalition,151,0,4.757749601449068,
25,75,903,direct,99,64,4.494949494949495,14.836065573770492
25,76,901,algorithmic,488,71,5.796726371179923,7.954022988505747
25,76,902,coalition,210,0,4.4778608931865636,
25,76,903,direct,67,64,4.925373134328358,16.11111111111111
25,77,901,algorithmic,521,71,5.671342093606969,9.631578947368421
25,77,902,coalition,167,0,4.835583892942859,
25,77,903,direct,77,64,4.51948051948052,15.153846153846153
25,78,901,algorithmic,489,71,5.700262927256793,7.76470588235294
25,78,902,coalition,176,0,4.975171886936593,
25,78,903,direct,100,64,4.1764705882352935,15.5
25,79,901,algorithmic,494,71,5.7142644246292935,8.708333333333332
25,79,902,coalition,197,0,4.884384115515971,
25,79,903,direct,74,64,4.9324324324324325,16.134969325153374
25,80,901,algorithmic,500,71,5.63941605839416,8.666666666666666
25,80,902,coalition,184,0,5.072093515286153,
25,80,903,direct,81,64,4.753086419753086,15.401459854014599
25,81,901,algorithmic,518,71,5.5589875589875595,9.137254901960784
25,81,902,coalition,180,0,4.348111837327524,
25,81,903,direct,67,64,5.045361428153352,15.625
25,82,901,algorithmic,510,71,5.933182503770739,5.666666666666667
25,82,902,coalition,153,0,5.6463884699178815,
25,82,903,direct,102,64,4.892156862745098,15.153846153846153
25,83,901,algorithmic,540,71,5.709988776655443,8.358024691358025
25,83,902,coalition,171,0,4.57046750808934,
25,83,903,direct,54,64,4.7407407407407405,16.18181818181818
25,84,901,algorithmic,433,71,5.649829257219557,7.666666666666665
25,84,902,coalition,197,0,4.88784762896438,
25,84,903,direct,135,64,4.029629629629629,14.615384615384617
25,85,901,algorithmic,566,71,5.743405789342185,9.0
25,85,902,coalition,129,0,5.364575992482969,
25,85,903,direct,70,64,4.397691197691198,16.818181818181817
25,86,901,algorithmic,453,71,5.994406546166742,10.693693693693694
25,86,902,coalition,224,0,4.606410149408269,
25,86,903,direct,88,64,4.688677313677314,15.263157894736842
25,87,901,algorithmic,506,71,5.434638640944429,6.410958904109589
25,87,902,coalition,175,0,5.485226474514327,
25,87,903,direct,84,64,5.011904761904762,15.827814569536423
25,88,901,algorithmic,521,71,5.659250264405187,9.566265060240964
25,88,902,coalition,167,0,5.392883276967089,
25,88,903,direct,77,64,4.883116883116883,15.714285714285714
25,89,901,algorithmic,495,71,5.658874458874459,8.222222222222221
25,89,902,coalition,164,0,4.671215640727835,
25,89,903,direct,106,64,4.886792452830188,15.5
25,90,901,algorithmic,517,71,5.611516143431037,8.045454545454545
25,90,902,coalition,184,0,4.799993275954814,
25,90,903,direct,64,64,4.90625,16.272189349112427
25,91,901,algorithmic,476,0,5.719661880500232,
25,91,902,coalition,156,71,5.796147677053189,5.277777777777778
25,91,903,direct,133,64,5.037593984962406,15.039370078740157
25,92,901,algorithmic,572,0,4.764748680321481,
25,92,902,coalition,95,71,4.29624060150376,9.553191489361701
25,92,903,direct,98,64,4.797635940776889,16.785714285714285
25,93,901,algorithmic,516,0,4.982604330017986,
25,93,902,coalition,143,71,4.491942839768926,9.631578947368421
25,93,903,direct,106,64,4.292536752426222,16.086956521739133
25,94,901,algorithmic,539,0,4.580128623617051,
25,94,902,coalition,142,71,4.958274300636164,11.035460992907801
25,94,903,direct,84,64,4.9678318135764945,16.272189349112427
25,95,901,algorithmic,563,0,4.983046976765522,
25,95,902,coalition,62,71,4.3908272986614,10.859649122807017
25,95,903,direct,140,64,4.559688135432921,15.714285714285714
25,96,901,algorithmic,534,0,5.202551753210412,
25,96,902,coalition,92,71,4.6305954165774255,8.666666666666666
25,96,903,direct,139,64,3.884374989931924,16.896551724137932
25,97,901,algorithmic,527,0,5.059542555562746,
25,97,902,coalition,154,71,4.782306802108782,7.25
25,97,903,direct,84,64,4.245441310004016,16.88118811881188
25,98,901,algorithmic,563,0,4.693810388132793,
25,98,902,coalition,94,71,4.8748009842234765,11.35483870967742
25,98,903,direct,108,64,4.595197584708914,15.714285714285714
25,99,901,algorithmic,547,0,5.385984555826828,
25,99,902,coalition,94,71,4.557757262902976,10.518518518518519
25,99,903,direct,124,64,4.362684675233849,16.315789473684212
25,100,901,algorithmic,591,0,5.295152828978203,
25,100,902,coalition,76,71,4.691457922882072,10.39622641509434
25,100,903,direct,98,64,4.08570625254662,16.63101604278075
26,1,901,algorithmic,501,39,4.200102070708684,12.666666666666666
26,1,902,coalition,156,37,4.053003475637746,13.527485091527394
26,1,903,direct,108,59,3.457142580970373,12.87375999093022
26,2,901,algorithmic,503,39,5.01233992762377,11.857415537316282
26,2,902,coalition,114,37,3.600788129773021,12.503760836308006
26,2,903,direct,148,59,3.9830702096327095,10.573820706555033
26,3,901,algorithmic,512,39,5.470511047258709,11.083916083916083
26,3,902,coalition,175,37,4.223960744756861,12.55135135135135
26,3,903,direct,78,59,3.235243475035023,11.62514398551917
26,4,901,algorithmic,545,39,5.4023292938202285,12.20094191522763
26,4,902,coalition,114,37,3.9277237210673746,13.048187524016909
26,4,903,direct,106,59,3.701745908056507,9.989531405782651
26,5,901,algorithmic,517,39,5.3569667520132205,12.175853151462908
26,5,902,coalition,121,37,4.074247236553223,12.404914004914005
26,5,903,direct,127,59,3.9313599927773155,10.717651922281934
26,6,901,algorithmic,532,74,5.18234626664539,9.973082505732334
26,6,902,coalition,105,37,3.960938591472624,12.53699923763618
26,6,903,direct,128,24,3.5982347636567757,16.864864864864863
26,7,901,algorithmic,521,74,5.693219116761599,9.843493617687166
26,7,902,coalition,116,18,3.6503563042727234,14.446808510638299
26,7,903,direct,128,43,4.053614108490487,14.364598864243328
26,8,901,algorithmic,507,74,5.366075504443853,9.983783783783784
26,8,902,coalition,151,18,4.4050865379264295,13.53623188405797
26,8,903,direct,107,43,3.8635348679560364,17.529411764705884
26,9,901,algorithmic,481,74,5.870090276130545,9.424000924000923
26,9,902,coalition,160,18,4.104657371897305,16.98809523809524
26,9,903,direct,124,43,4.010384425057515,17.181208053691275
26,10,901,algorithmic,512,74,5.536033476131752,8.603372603372604
26,10,902,coalition,146,18,4.543869846934905,12.34375
26,10,903,direct,107,43,4.179333798168952,17.46987951807229
26,11,901,algorithmic,469,74,5.684541547098077,10.158319765548681
26,11,902,coalition,168,18,4.057323019468778,15.957055214723928
26,11,903,direct,128,43,4.172420366348252,17.181208053691275
26,12,901,algorithmic,473,74,5.402487925059745,10.135774287801315
26,12,902,coalition,191,18,4.502603234586604,16.08108108108108
26,12,903,direct,101,43,3.895402099828425,17.529411764705884
26,13,901,algorithmic,474,74,5.983233011714025,10.577524893314367
26,13,902,coalition,169,18,5.281132601437802,16.182692307692307
26,13,903,direct,122,43,4.226140662616072,17.062937062937063
26,14,901,algorithmic,524,74,5.489423500978664,8.447635135135135
26,14,902,coalition,156,18,4.163387147208941,13.411214953271028
26,14,903,direct,85,43,3.672907760941093,17.4390243902439
26,15,901,algorithmic,553,74,5.620662260452974,9.720233747260774
26,15,902,coalition,108,18,3.8628916568473253,13.63888888888889
26,15,903,direct,104,43,4.133674932113784,16.69291338582677
26,16,901,algorithmic,538,74,5.972054794520548,8.633402633402632
26,16,902,coalition,127,18,4.5169783913997055,16.64
26,16,903,direct,100,43,4.068451001053741,17.123287671232877
26,17,901,algorithmic,491,74,5.055042822239378,8.959650688424272
26,17,902,coalition,156,18,4.044238520138733,14.152173913043478
26,17,903,direct,118,43,3.809343918238928,17.04225352112676
26,18,901,algorithmic,482,74,5.838531048377425,11.315921690921693
26,18,902,coalition,208,18,4.5001739109832295,16.017341040462426
26,18,903,direct,75,43,2.9280876685934487,17.375
26,19,901,algorithmic,465,74,5.303412829703152,9.960254372019078
26,19,902,coalition,168,18,4.3469534822476,14.229166666666666
26,19,903,direct,132,43,4.057575757575758,16.41025641025641
26,20,901,algorithmic,596,74,5.254246121348644,10.16617969320672
26,20,902,coalition,99,18,3.703694289901186,11.571428571428571
26,20,903,direct,70,43,3.6160253849909023,17.586206896551722
26,21,901,algorithmic,494,74,5.8575613695607895,10.690853897375638
26,21,902,coalition,174,18,4.208442833181111,13.21311475409836
26,21,903,direct,97,43,3.8045520504915706,16.25
26,22,901,algorithmic,517,74,5.742542474471312,9.736164736164737
26,22,902,coalition,118,18,4.244341717148954,16.109947643979055
26,22,903,direct,130,43,3.5849573606174605,16.97841726618705
26,23,901,algorithmic,427,18,5.592505854800937,13.046511627906977
26,23,902,coalition,227,74,4.441262848751835,9.36036036036036
26,23,903,direct,111,43,4.132097213492562,17.558139534883722
26,24,901,algorithmic,585,18,4.768574939947489,9.928571428571429
26,24,902,coalition,99,74,5.163108206245461,11.632352941176471
26,24,903,direct,81,43,4.274486749432284,17.254901960784313
26,25,901,algorithmic,518,18,5.04103710132395,10.79245283018868
26,25,902,coalition,140,74,4.717541033900905,9.047619047619047
26,25,903,direct,107,43,3.0754442115893084,16.585365853658537
26,26,901,algorithmic,509,18,4.91121079230293,11.666666666666666
26,26,902,coalition,148,74,5.058111471902945,9.474226804123711
26,26,903,direct,108,43,3.460220224320486,17.181208053691275
26,27,901,algorithmic,516,18,4.737914248547053,14.90909090909091
26,27,902,coalition,78,74,4.426495726495726,12.290322580645162
26,27,903,direct,171,43,3.8802725066582053,17.2
26,28,901,algorithmic,541,18,5.322092187191365,12.046511627906977
26,28,902,coalition,127,74,4.682081993271968,7.135135135135135
26,28,903,direct,97,43,3.8528272504998866,18.028169014084508
26,29,901,algorithmic,594,18,5.275356578108061,11.64102564102564
26,29,902,coalition,70,74,4.785714285714286,10.596491228070175
26,29,903,direct,101,43,4.123637997446673,16.97841726618705
26,30,901,algorithmic,521,18,5.2388945640058475,12.118644067796609
26,30,902,coalition,111,74,5.108108108108108,10.23404255319149
26,30,903,direct,133,43,3.848183930253511,17.062937062937063
26,31,901,algorithmic,579,18,4.920412517649392,11.6875
26,31,902,coalition,122,74,5.157845433255269,10.706896551724139
26,31,903,direct,64,43,3.669693808229814,17.6
26,32,901,algorithmic,557,92,5.177721697538743,7.436984039625757
26,32,902,coalition,65,0,5.076923076923077,
26,32,903,direct,143,43,3.6571937979775426,16.037735849056602
26,33,901,algorithmic,508,92,5.976005533092147,9.270037329819939
26,33,902,coalition,191,0,4.007682599305635,
26,33,903,direct,66,43,3.8863636363636362,17.72972972972973
26,34,901,algorithmic,479,92,6.081148998685533,8.571640316205533
26,34,902,coalition,199,0,5.016158232238634,
26,34,903,direct,87,43,3.93730407523511,16.11111111111111
26,35,901,algorithmic,485,74,6.24192439862543,8.395833333333334
26,35,902,coalition,206,0,4.898260517799352,
26,35,903,direct,74,61,4.923423423423423,13.737704918032787
26,36,901,algorithmic,488,74,5.5397908000978715,6.204819277108434
26,36,902,coalition,167,0,4.685986774876788,
26,36,903,direct,110,61,4.963636363636364,15.522388059701493
26,37,901,algorithmic,500,74,5.586941176470588,7.704545454545454
26,37,902,coalition,179,0,4.2072416574552625,
26,37,903,direct,86,61,4.844080338266385,16.470588235294116
26,38,901,algorithmic,496,74,5.698519664162616,7.511627906976744
26,38,902,coalition,204,0,5.24559932287665,
26,38,903,direct,65,61,4.7731761707550175,15.89041095890411
26,39,901,algorithmic,486,74,5.900164609053498,8.797752808988765
26,39,902,coalition,183,0,4.8649524160373305,
26,39,903,direct,96,61,4.75,15.2
26,40,901,algorithmic,504,74,5.7997557997558,9.88888888888889
26,40,902,coalition,180,0,5.148670465337132,
26,40,903,direct,81,61,5.2592592592592595,16.153846153846153
26,41,901,algorithmic,548,74,5.937024382668116,7.978021978021978
26,41,902,coalition,166,0,5.154888433791279,
26,41,903,direct,51,61,4.647058823529412,15.74468085106383
26,42,901,algorithmic,494,74,5.900226137068243,7.30952380952381
26,42,902,coalition,177,0,5.096685062786757,
26,42,903,direct,94,61,4.75531914893617,14.594594594594595
26,43,901,algorithmic,497,74,5.292064072748177,8.978021978021978
26,43,902,coalition,166,0,4.754606838944188,
26,43,903,direct,102,61,4.361452273216979,16.103896103896105
26,44,901,algorithmic,503,74,5.575927153130599,7.150537634408602
26,44,902,coalition,191,0,4.880077397670147,
26,44,903,direct,71,61,5.154929577464789,16.296296296296298
26,45,901,algorithmic,507,74,5.735730310010991,7.30952380952381
26,45,902,coalition,174,0,5.054421171820488,
26,45,903,direct,84,61,5.011904761904762,15.419847328244275
26,46,901,algorithmic,498,74,5.897367246764837,10.88888888888889
26,46,902,coalition,180,0,4.886111111111111,
26,46,903,direct,87,61,5.103448275862069,15.833333333333334
26,47,901,algorithmic,500,74,5.778054421768707,8.474226804123711
26,47,902,coalition,173,0,4.658147962122696,
26,47,903,direct,92,61,4.554347826086956,15.918367346938776
26,48,901,algorithmic,485,74,5.494465545306565,5.6410256410256405
26,48,902,coalition,191,0,5.280302548558266,
26,48,903,direct,89,61,4.820224719101123,16.05263157894737
26,49,901,algorithmic,475,74,5.577534440127163,7.987654320987653
26,49,902,coalition,185,0,5.0405631582365364,
26,49,903,direct,105,61,4.635410674336849,15.973154362416107
26,50,901,algorithmic,449,74,5.810150502800838,6.875
26,50,902,coalition,222,0,5.411309036309036,
26,50,903,direct,94,61,4.968085106382978,16.363636363636363
26,51,901,algorithmic,503,74,5.327799437143374,5.987654320987654
26,51,902,coalition,180,0,5.04829333903408,
26,51,903,direct,82,61,5.073170731707317,16.103896103896105
26,52,901,algorithmic,501,74,5.907059121194231,8.978021978021978
26,52,902,coalition,153,0,4.753275813756344,
26,52,903,direct,111,61,4.510675975464707,15.774647887323944
26,53,901,algorithmic,565,74,5.5990891683486,8.395833333333334
26,53,902,coalition,151,0,4.642161419000039,
26,53,903,direct,49,61,4.434523809523809,16.49122807017544
26,54,901,algorithmic,486,74,5.972760221995696,8.23404255319149
26,54,902,coalition,207,0,4.848788404288324,
26,54,903,direct,72,61,4.805555555555555,14.495412844036696
26,55,901,algorithmic,490,74,5.735745207173778,8.097560975609756
26,55,902,coalition,188,0,5.470947146608797,
26,55,903,direct,87,61,4.862068965517241,15.454545454545453
26,56,901,algorithmic,543,74,5.812104584006715,7.797752808988763
26,56,902,coalition,122,0,4.248259849159778,
26,56,903,direct,100,61,4.71685393258427,15.918367346938776
26,57,901,algorithmic,548,74,5.915374087591241,8.7
26,57,902,coalition,161,0,4.691459627329193,
26,57,903,direct,56,61,4.75,16.25
26,58,901,algorithmic,491,0,5.832537397289135,
26,58,902,coalition,175,74,5.204780670889045,6.309523809523809
26,58,903,direct,99,61,4.747474747474747,14.827586206896552
26,59,901,algorithmic,578,0,4.616637417392745,
26,59,902,coalition,94,74,4.8426798841420515,11.895104895104895
26,59,903,direct,93,61,4.441033645508151,16.22641509433962
26,60,901,algorithmic,576,0,5.088268232919188,
26,60,902,coalition,90,74,5.133769063180828,7.704545454545454
26,60,903,direct,99,61,5.092300247988871,16.07843137254902
26,61,901,algorithmic,545,0,5.022079097564889,
26,61,902,coalition,131,74,4.943780306303712,9.150537634408602
26,61,903,direct,89,61,3.995383763566865,16.22641509433962
26,62,901,algorithmic,508,0,4.5632821331642,
26,62,902,coalition,156,74,4.989975907761143,10.966942148760332
26,62,903,direct,101,61,4.321008596570815,15.973154362416107
26,63,901,algorithmic,575,0,4.682000115071278,
26,63,902,coalition,108,74,4.498562226823096,11.511278195488721
26,63,903,direct,82,61,4.46684730251446,16.273291925465838
26,64,901,algorithmic,490,0,4.70970516929236,
26,64,902,coalition,169,74,4.552583341429465,10.539823008849558
26,64,903,direct,106,61,4.449494423016783,15.774647887323944
26,65,901,algorithmic,556,0,4.9650102102344285,
26,65,902,coalition,118,74,4.340431061688975,8.912621359223301
26,65,903,direct,91,61,4.749341567523386,16.385542168674696
26,66,901,algorithmic,559,0,5.090257079011826,
26,66,902,coalition,122,74,4.427145212786215,8.31578947368421
26,66,903,direct,84,61,4.268012964348043,16.026490066225165
26,67,901,algorithmic,564,0,5.0596361134924965,
26,67,902,coalition,103,74,4.417340884573894,6.309523809523809
26,67,903,direct,98,61,5.034798534798535,15.833333333333334
26,68,901,algorithmic,589,0,5.226689538352731,
26,68,902,coalition,72,74,4.648206751054852,7.704545454545454
26,68,903,direct,104,61,4.503059440559441,16.20253164556962
26,69,901,algorithmic,511,0,5.173940749949521,
26,69,902,coalition,153,74,4.486848397895744,6.987654320987653
26,69,903,direct,101,61,4.505862318780238,16.34146341463415
26,70,901,algorithmic,569,0,4.870110978138873,
26,70,902,coalition,125,74,5.144910679931842,8.978021978021978
26,70,903,direct,71,61,4.643847695639013,16.273291925465838
26,71,901,algorithmic,513,0,5.0293524171165505,
26,71,902,coalition,125,74,4.556043488318298,9.065217391304348
26,71,903,direct,127,61,4.770380975105384,15.419847328244275
26,72,901,algorithmic,595,0,5.324457011654244,
26,72,902,coalition,82,74,4.271749054388939,6.6410256410256405
26,72,903,direct,88,61,4.425748122940636,16.791443850267378
26,73,901,algorithmic,487,0,4.892158511704149,
26,73,902,coalition,158,74,4.9692952446117005,11.065040650406504
26,73,903,direct,120,61,4.384002098085498,15.945945945945947
26,74,901,algorithmic,579,0,4.871965594627171,
26,74,902,coalition,95,74,4.523399407609934,10.596491228070175
26,74,903,direct,91,61,4.756008402624944,16.666666666666664
26,75,901,algorithmic,577,0,4.983044505316591,
26,75,902,coalition,88,74,4.198675496688742,7.704545454545454
26,75,903,direct,100,61,4.5616666666666665,16.026490066225165
26,76,901,algorithmic,562,0,5.274626445038792,
26,76,902,coalition,86,74,4.372093023255814,7.065217391304348
26,76,903,direct,117,61,4.772999946912991,16.25
26,77,901,algorithmic,563,0,5.127201478384225,
26,77,902,coalition,106,74,4.921330348576911,10.474226804123711
26,77,903,direct,96,61,3.883937178258606,16.610169491525426
26,78,901,algorithmic,537,0,5.053453497307224,
26,78,902,coalition,136,74,4.532711161387631,8.60919540229885
26,78,903,direct,92,61,4.337461775128766,16.153846153846153
26,79,901,algorithmic,560,0,4.765815300130492,
26,79,902,coalition,128,74,4.655324835526316,10.966942148760332
26,79,903,direct,77,61,5.245696886845213,16.05263157894737
26,80,901,algorithmic,595,0,5.00747348694889,
26,80,902,coalition,87,74,4.594680761808877,12.01639344262295
26,80,903,direct,83,61,4.5531379248336625,15.62043795620438
26,81,901,algorithmic,479,0,4.861166195978305,
26,81,902,coalition,182,74,4.734112041804349,10.24074074074074
26,81,903,direct,104,61,4.053098477377324,15.804195804195803
26,82,901,algorithmic,603,0,5.050722465273284,
26,82,902,coalition,101,74,4.60060324540345,11.71014492753623
26,82,903,direct,61,61,3.8990823108096913,16.34146341463415
26,83,901,algorithmic,484,0,4.952877090438944,
26,83,902,coalition,149,74,4.870264573742304,7.30952380952381
26,83,903,direct,132,61,4.310257749912923,15.041322314049587
26,84,901,algorithmic,590,0,4.735151836158193,
26,84,902,coalition,80,74,4.462369791666666,10.296875
26,84,903,direct,95,61,3.5115131578947367,16.875
26,85,901,algorithmic,513,0,5.296500497361059,
26,85,902,coalition,147,74,4.3914856265086675,8.097560975609756
26,85,903,direct,105,61,4.531977952471311,16.129032258064516
26,86,901,algorithmic,530,0,4.637000024858925,
26,86,902,coalition,134,74,5.169832654907282,11.465838509316772
26,86,903,direct,101,61,4.579445522191971,16.363636363636363
26,87,901,algorithmic,570,74,5.2248206478116295,6.411764705882353
26,87,902,coalition,117,0,4.3056455085440595,
26,87,903,direct,78,61,3.9848082674169634,16.273291925465838
26,88,901,algorithmic,525,74,5.763588681849551,8.474226804123711
26,88,902,coalition,173,0,4.13946328188626,
26,88,903,direct,67,61,4.240498538236651,15.652173913043477
26,89,901,algorithmic,468,74,5.689060502052628,8.519480519480519
26,89,902,coalition,171,0,4.4986380290980374,
26,89,903,direct,126,61,4.420634920634921,15.275590551181102
26,90,901,algorithmic,540,74,5.73068498606133,9.11320754716981
26,90,902,coalition,175,0,4.752375155783556,
26,90,903,direct,50,61,4.8032258064516125,16.774193548387096
26,91,901,algorithmic,466,74,5.548966055403824,7.64102564102564
26,91,902,coalition,155,0,4.886923828859312,
26,91,903,direct,144,61,4.611111111111111,14.545454545454545
26,92,901,algorithmic,586,74,5.568911865087332,8.511627906976745
26,92,902,coalition,133,0,4.595255237958097,
26,92,903,direct,46,61,4.891304347826087,17.058823529411764
26,93,901,algorithmic,469,74,6.151989379249306,7.888888888888889
26,93,902,coalition,167,0,5.097139055222888,
26,93,903,direct,129,61,5.023255813953488,14.339622641509434
26,94,901,algorithmic,527,74,5.646145196429827,7.394736842105263
26,94,902,coalition,166,0,5.188474868563645,
26,94,903,direct,72,61,4.564373897707231,16.82539682539683
26,95,901,algorithmic,471,74,5.802258251302837,7.888888888888889
26,95,902,coalition,207,0,5.0851754257551365,
26,95,903,direct,87,61,5.068965517241379,15.454545454545453
26,96,901,algorithmic,499,74,5.641037176393604,5.51948051948052
26,96,902,coalition,184,0,5.541633056384609,
26,96,903,direct,82,61,4.865853658536586,15.918367346938776
26,97,901,algorithmic,545,74,5.468975319808761,6.511627906976744
26,97,902,coalition,145,0,4.882062866372251,
26,97,903,direct,75,61,4.778604651162791,15.774647887323944
26,98,901,algorithmic,462,74,5.690716690716691,7.551020408163266
26,98,902,coalition,212,0,4.444455140546785,
26,98,903,direct,91,61,5.21978021978022,15.555555555555555
26,99,901,algorithmic,448,74,5.716030037842951,8.797752808988765
26,99,902,coalition,212,0,5.186645948780443,
26,99,903,direct,105,61,4.819047619047619,16.026490066225165
26,100,901,algorithmic,543,74,5.576259835928345,8.797752808988765
26,100,902,coalition,141,0,4.481385695346967,
26,100,903,direct,81,61,5.037037037037037,16.363636363636363
27,1,901,coalition,123,43,3.70935647026611,13.745403053497979
27,1,902,direct,100,44,2.913931024070202,13.561872909698996
27,1,903,algorithmic,542,48,4.424879473071732,9.277919089147288
27,2,901,coalition,114,24,4.228094274146906,15.454545454545455
27,2,902,direct,181,64,3.8398953716633275,11.188155594405595
27,2,903,algorithmic,470,47,5.474478004265238,10.946277127128191
27,3,901,coalition,137,24,3.9344554124080653,13.012987012987013
27,3,902,direct,67,64,4.49306491757632,17.418032786885245
27,3,903,algorithmic,561,47,5.3345992152756345,12.235294117647058
27,4,901,coalition,124,24,3.9281797806771794,10.166666666666668
27,4,902,direct,107,64,4.359813084112149,15.153846153846153
27,4,903,algorithmic,534,47,5.358182080092193,10.580645161290322
27,5,901,coalition,100,24,3.5687504255433513,12.666666666666666
27,5,902,direct,97,64,4.651588470439722,16.294117647058822
27,5,903,algorithmic,568,47,5.22788199786957,9.134328358208956
27,6,901,coalition,156,24,4.0305111403582465,12.106382978723403
27,6,902,direct,79,64,4.548626119172583,16.0625
27,6,903,algorithmic,530,47,5.567433002712203,9.134328358208956
27,7,901,coalition,171,24,4.346029269229156,11.805555555555555
27,7,902,direct,99,64,4.683200722306868,15.56338028169014
27,7,903,algorithmic,495,47,4.900837419225963,10.030303030303031
27,8,901,coalition,156,24,4.561049372332305,15.814432989690722
27,8,902,direct,119,64,5.072078315862427,16.11111111111111
27,8,903,algorithmic,490,47,5.555191912580229,11.030303030303031
27,9,901,coalition,189,24,4.467789368166395,14.526881720430106
27,9,902,direct,62,64,4.4151256547241875,16.53846153846154
27,9,903,algorithmic,514,47,5.389483807765785,10.068965517241379
27,10,901,coalition,95,24,3.5646293091218615,13.195121951219512
27,10,902,direct,135,64,4.432268071108385,14.96
27,10,903,algorithmic,535,47,5.201062487366189,9.428571428571429
27,11,901,coalition,150,24,4.553199580551276,16.050847457627118
27,11,902,direct,97,64,5.051196924689848,16.818181818181817
27,11,903,algorithmic,518,47,5.628547433632179,10.8125
27,12,901,coalition,150,24,4.591037817824625,11.166666666666666
27,12,902,direct,85,64,4.623529411764705,16.0625
27,12,903,algorithmic,530,47,5.219816773912095,5.980392156862745
27,13,901,coalition,123,24,3.7729558685994604,9.523809523809524
27,13,902,direct,118,64,5.180415401195258,15.743243243243244
27,13,903,algorithmic,524,47,5.492425529203538,8.866666666666667
27,14,901,coalition,143,24,3.9389764808339316,13.229508196721312
27,14,902,direct,95,64,4.446334632526193,16.519337016574585
27,14,903,algorithmic,527,47,5.287789905069097,10.8125
27,15,901,coalition,145,24,4.176572862166043,13.166666666666666
27,15,902,direct,102,64,4.6655557449455305,16.0126582278481
27,15,903,algorithmic,518,47,5.157546858172144,11.783783783783782
27,16,901,coalition,154,24,4.678067297400793,11.74074074074074
27,16,902,direct,76,64,4.640977443609023,16.18181818181818
27,16,903,algorithmic,535,47,5.320591765451579,7.320754716981132
27,17,901,coalition,121,24,3.4118231467002684,11.35632183908046
27,17,902,direct,86,64,4.734438419499515,15.467625899280577
27,17,903,algorithmic,558,47,5.649921464762542,10.783783783783784
27,18,901,coalition,120,24,4.084882614621102,11.933333333333332
27,18,902,direct,118,64,4.801774542145377,15.771812080536913
27,18,903,algorithmic,527,47,5.505061362063769,9.068965517241379
27,19,901,coalition,142,24,3.9504968388756683,15.391608391608392
27,19,902,direct,83,64,4.677310641166063,16.519337016574585
27,19,903,algorithmic,540,47,5.4963448051845845,9.52112676056338
27,20,901,coalition,123,24,4.338630606255063,13.415730337078651
27,20,902,direct,104,64,4.913461538461538,15.684931506849315
27,20,903,algorithmic,538,47,5.017034274222178,9.698412698412698
27,21,901,coalition,138,24,4.077565938652389,10.74074074074074
27,21,902,direct,103,64,4.308551669104935,16.227544910179642
27,21,903,algorithmic,524,47,5.579487074858613,9.580645161290322
27,22,901,coalition,191,24,4.249919561610669,15.571428571428571
27,22,902,direct,105,64,4.4860592324934165,16.204819277108435
27,22,903,algorithmic,469,47,5.253839365194958,9.61111111111111
27,23,901,coalition,157,24,4.380970161849976,16.925233644859816
27,23,902,direct,133,64,4.7687208675895345,16.25
27,23,903,algorithmic,475,47,5.4160775771203715,7.636363636363637
27,24,901,coalition,205,71,4.364780709031581,11.086742678291973
27,24,902,direct,103,64,4.629879136120468,16.785714285714285
27,24,903,algorithmic,457,0,5.33238065466887,
27,25,901,coalition,83,71,5.232544636376833,10.172413793103448
27,25,902,direct,82,64,4.975609756097561,16.204819277108435
27,25,903,algorithmic,600,0,4.511187697498458,
27,26,901,coalition,205,71,4.874852817493692,10.96551724137931
27,26,902,direct,92,64,4.37646127916434,15.655172413793103
27,26,903,algorithmic,468,0,4.788116730138366,
27,27,901,coalition,85,71,4.1820113851992415,9.65648854961832
27,27,902,direct,122,64,4.81289592286924,15.935483870967742
27,27,903,algorithmic,558,0,4.964323040719289,
27,28,901,coalition,130,0,4.81101871101871,
27,28,902,direct,100,64,3.4244371382653545,16.594594594594597
27,28,903,algorithmic,535,71,5.540296315508349,6.566265060240964
27,29,901,coalition,209,0,4.751881097053845,
27,29,902,direct,91,64,4.825793838063777,16.134969325153374
27,29,903,algorithmic,465,71,5.815924533280559,11.333333333333332
27,30,901,coalition,205,0,5.685735402808573,
27,30,902,direct,83,64,4.7311844781724295,15.90909090909091
27,30,903,algorithmic,477,71,5.625200795012115,6.666666666666667
27,31,901,coalition,143,0,5.364407337175121,
27,31,902,direct,120,64,4.93527397260274,15.684931506849315
27,31,903,algorithmic,502,71,5.8219450963270205,6.566265060240964
27,32,901,coalition,192,0,4.59719903190987,
27,32,902,direct,114,64,4.526411657559199,16.557377049180328
27,32,903,algorithmic,459,71,5.420991225877114,9.358024691358025
27,33,901,coalition,197,0,4.838124782291086,
27,33,902,direct,122,64,4.927479855515421,16.440677966101696
27,33,903,algorithmic,446,71,5.728610878873097,7.134831460674157
27,34,901,coalition,195,0,5.335135135135134,
27,34,902,direct,92,64,5.260869565217392,16.594594594594597
27,34,903,algorithmic,478,71,5.57158204229334,6.54054054054054
27,35,901,coalition,218,0,5.060253832834988,
27,35,902,direct,105,64,4.685714285714286,15.935483870967742
27,35,903,algorithmic,442,71,5.930448109764998,9.954022988505747
27,36,901,coalition,157,0,4.865240762869495,
27,36,902,direct,96,64,5.118551587301588,16.25
27,36,903,algorithmic,512,71,5.508928571428571,7.566265060240964
27,37,901,coalition,179,0,5.021545599322778,
27,37,902,direct,100,64,4.579496855345912,16.037735849056602
27,37,903,algorithmic,486,71,5.721575174055957,7.8604651162790695
27,38,901,coalition,99,0,4.677319355457915,
27,38,902,direct,95,64,4.894736842105263,16.134969325153374
27,38,903,algorithmic,571,71,5.5208492258764625,7.463414634146341
27,39,901,coalition,160,0,4.949275483011325,
27,39,902,direct,49,64,4.489795918367347,16.0126582278481
27,39,903,algorithmic,556,71,5.718081231217558,8.789473684210526
27,40,901,coalition,215,0,4.990690208667736,
27,40,902,direct,83,64,5.144578313253012,14.375
27,40,903,algorithmic,467,71,5.846742122973387,7.134831460674157
27,41,901,coalition,175,0,5.481495308344623,
27,41,902,direct,90,64,4.780365296803653,15.684931506849315
27,41,903,algorithmic,500,71,5.775698630136986,8.025641025641026
27,42,901,coalition,193,0,5.0966314599121825,
27,42,902,direct,112,64,5.026785714285714,15.882352941176471
27,42,903,algorithmic,460,71,5.743464052287582,6.139240506329114
27,43,901,coalition,238,0,4.685391193514443,
27,43,902,direct,74,64,4.9324324324324325,16.4
27,43,903,algorithmic,453,71,5.456638284452853,6.3580246913580245
27,44,901,coalition,217,0,5.380019164572968,
27,44,902,direct,128,64,4.716069799270073,15.401459854014599
27,44,903,algorithmic,420,71,5.636583246437261,8.025641025641026
27,45,901,coalition,214,71,5.536892581308927,5.7894736842105265
27,45,902,direct,84,64,4.488095238095238,16.701570680628272
27,45,903,algorithmic,467,0,5.370774801843112,
27,46,901,coalition,90,71,4.684542705971277,9.91304347826087
27,46,902,direct,132,64,4.511363636363637,15.714285714285714
27,46,903,algorithmic,543,0,4.395673634975649,
27,47,901,coalition,150,71,4.536068376068377,7.666666666666667
27,47,902,direct,123,64,4.315705128205128,16.76923076923077
27,47,903,algorithmic,492,0,5.187004898895142,
27,48,901,coalition,153,71,4.243500789041586,10.203883495145632
27,48,902,direct,99,64,4.739353456362254,16.612903225806452
27,48,903,algorithmic,513,0,4.830908271732772,
27,49,901,coalition,119,71,3.9718962157193056,9.444444444444445
27,49,902,direct,63,64,5.012954658694569,16.11111111111111
27,49,903,algorithmic,583,0,4.771916740047152,
27,50,901,coalition,51,71,4.4070961718020545,10.636363636363637
27,50,902,direct,151,64,4.592277234661341,15.0
27,50,903,algorithmic,563,0,5.102752980195254,
27,51,901,coalition,140,71,4.565287049399199,9.045454545454545
27,51,902,direct,101,64,4.954408949815967,17.056074766355138
27,51,903,algorithmic,524,0,5.137427648363233,
27,52,901,coalition,167,71,4.112221549931496,9.308943089430894
27,52,902,direct,100,64,4.728664343786295,16.15853658536585
27,52,903,algorithmic,498,0,4.685077126158525,
27,53,901,coalition,76,71,4.433302474560246,9.577981651376147
27,53,902,direct,119,64,3.4905585435486826,16.134969325153374
27,53,903,algorithmic,570,0,5.174662974704897,
27,54,901,coalition,130,71,5.137447168216399,8.045454545454545
27,54,902,direct,124,64,3.5577424122497034,16.53846153846154
27,54,903,algorithmic,511,0,5.241151082785804,
27,55,901,coalition,62,71,4.26464550629636,6.7894736842105265
27,55,902,direct,98,64,4.706736330895994,16.63101604278075
27,55,903,algorithmic,605,0,5.214370512173393,
27,56,901,coalition,182,71,4.381987577639752,8.139240506329113
27,56,902,direct,125,64,4.088751364577451,16.086956521739133
27,56,903,algorithmic,458,0,5.065190588168023,
27,57,901,coalition,146,71,4.387045287365894,11.067796610169491
27,57,902,direct,103,64,4.369269151261946,16.648936170212764
27,57,903,algorithmic,516,0,4.534053311452065,
27,58,901,coalition,85,71,3.980305535868966,8.391304347826086
27,58,902,direct,89,64,4.515236977874043,16.204819277108435
27,58,903,algorithmic,591,0,5.078399836543424,
27,59,901,coalition,126,71,4.335839598997493,8.463414634146341
27,59,902,direct,153,64,4.496310352097828,15.855263157894736
27,59,903,algorithmic,486,0,5.040580964509262,
27,60,901,coalition,114,71,5.255685510071475,8.764705882352942
27,60,902,direct,70,64,4.0377389050858445,17.083333333333336
27,60,903,algorithmic,581,0,4.985354287058101,
27,61,901,coalition,102,71,4.757997936016512,9.553191489361701
27,61,902,direct,107,64,4.301605038602195,15.263157894736842
27,61,903,algorithmic,556,0,5.232034463475522,
27,62,901,coalition,73,0,4.572643966793471,
27,62,902,direct,79,64,4.487194583455991,16.294117647058822
27,62,903,algorithmic,613,71,5.09864767045338,7.463414634146341
27,63,901,coalition,200,0,3.896676598049838,
27,63,902,direct,104,64,5.355769230769231,15.56338028169014
27,63,903,algorithmic,461,71,5.870917478842688,10.26923076923077
27,64,901,coalition,120,0,5.36640772509036,
27,64,902,direct,109,64,4.770642201834862,16.227544910179642
27,64,903,algorithmic,536,71,5.530018321565824,8.54054054054054
27,65,901,coalition,173,0,4.027479771252672,
27,65,902,direct,105,64,4.961904761904762,16.337209302325583
27,65,903,algorithmic,487,71,5.750775989685306,8.577981651376147
27,66,901,coalition,160,0,5.513045634920635,
27,66,902,direct,88,64,5.045454545454546,16.25
27,66,903,algorithmic,517,71,5.766325872708851,7.277777777777777
27,67,901,coalition,146,0,4.4699524371120125,
27,67,902,direct,116,64,4.689655172413793,15.827814569536423
27,67,903,algorithmic,503,71,5.8818084868273806,9.857142857142858
27,68,901,coalition,162,0,5.089045044662674,
27,68,902,direct,112,64,4.705357142857143,16.480446927374302
27,68,903,algorithmic,491,71,5.501029707927044,8.025641025641026
27,69,901,coalition,228,0,4.758285498692969,
27,69,902,direct,43,64,4.289822455613904,16.4
27,69,903,algorithmic,494,71,5.458415268941585,10.473118279569892
27,70,901,coalition,191,0,5.147598990251235,
27,70,902,direct,92,64,5.260869565217392,14.056603773584905
27,70,903,algorithmic,482,71,6.020707742895169,7.566265060240964
27,71,901,coalition,185,0,5.01913498351086,
27,71,902,direct,102,64,4.928842504743833,15.935483870967742
27,71,903,algorithmic,478,71,5.880888109056553,10.391304347826086
27,72,901,coalition,182,0,5.426447046928974,
27,72,902,direct,103,64,5.378640776699029,16.18181818181818
27,72,903,algorithmic,480,71,5.7928030303030305,8.566265060240964
27,73,901,coalition,171,0,4.7003162287954705,
27,73,902,direct,129,64,4.534883720930233,16.204819277108435
27,73,903,algorithmic,465,71,5.539448115040808,8.764705882352942
27,74,901,coalition,157,0,4.518296490570751,
27,74,902,direct,104,64,5.105769230769231,16.71875
27,74,903,algorithmic,504,71,5.389550264550265,6.764705882352941
27,75,901,coalition,151,0,3.8911965875332544,
27,75,902,direct,102,64,4.823529411764706,16.227544910179642
27,75,903,algorithmic,512,71,5.68375748502994,8.391304347826086
27,76,901,coalition,141,0,4.597698235039856,
27,76,902,direct,104,64,4.6826923076923075,16.18181818181818
27,76,903,algorithmic,520,71,5.558682983682984,8.134831460674157
27,77,901,coalition,125,0,4.600063872255489,
27,77,902,direct,61,64,4.557377049180328,16.227544910179642
27,77,903,algorithmic,579,71,5.6737406016981575,7.666666666666665
27,78,901,coalition,199,0,4.351417529071504,
27,78,902,direct,121,64,5.008264462809917,14.919354838709678
27,78,903,algorithmic,445,71,5.805364262413918,11.631578947368421
27,79,901,coalition,161,0,5.41195099796234,
27,79,902,direct,55,64,4.182608695652174,16.57608695652174
27,79,903,algorithmic,549,71,5.714421477785698,6.909090909090909
27,80,901,coalition,192,0,4.892736199033422,
27,80,902,direct,110,64,4.5195685670261945,14.661016949152543
27,80,903,algorithmic,463,71,5.703957242742614,9.566265060240964
27,81,901,coalition,211,0,4.409344869996265,
27,81,902,direct,50,64,4.96,16.358381502890175
27,81,903,algorithmic,504,71,5.485812918616387,9.631578947368421
27,82,901,coalition,139,0,5.658041346004123,
27,82,902,direct,165,64,4.351515151515152,14.424778761061948
27,82,903,algorithmic,461,71,5.885339680955215,9.566265060240964
27,83,901,coalition,203,0,4.7445049405122,
27,83,902,direct,56,64,5.0131578947368425,17.236842105263158
27,83,903,algorithmic,506,71,5.867970321059566,8.222222222222221
27,84,901,coalition,180,0,4.8466542172424525,
27,84,902,direct,116,64,4.836206896551724,14.705882352941178
27,84,903,algorithmic,469,71,5.618533980756482,6.666666666666666
27,85,901,coalition,198,0,5.589530167742458,
27,85,902,direct,93,64,5.408602150537634,16.480446927374302
27,85,903,algorithmic,474,71,5.720894326190981,8.025641025641026
27,86,901,coalition,160,0,5.385578853877047,
27,86,902,direct,152,64,5.024966261808367,15.961538461538462
27,86,903,algorithmic,453,71,5.540329427746647,8.566265060240964
27,87,901,coalition,171,0,5.55201958384333,
27,87,902,direct,117,64,4.42814549791294,17.069767441860463
27,87,903,algorithmic,477,71,5.585003169031252,7.140845070422535
27,88,901,coalition,183,0,5.439194256937748,
27,88,902,direct,70,64,5.085714285714285,16.5
27,88,903,algorithmic,512,71,5.535807291666667,5.764705882352941
27,89,901,coalition,194,0,5.116386326641345,
27,89,902,direct,141,64,4.787234042553192,15.263157894736842
27,89,903,algorithmic,430,71,5.540758873929009,7.7894736842105265
27,90,901,coalition,130,0,4.823039215686275,
27,90,902,direct,63,64,4.723622782446311,16.911764705882355
27,90,903,algorithmic,572,71,5.582716303304539,8.25
27,91,901,coalition,158,0,4.505267085737248,
27,91,902,direct,85,64,4.976470588235294,15.0
27,91,903,algorithmic,522,71,5.9316296122535865,9.857142857142858
27,92,901,coalition,152,71,4.996907851368698,5.463414634146341
27,92,902,direct,56,64,4.482142857142857,15.743243243243244
27,92,903,algorithmic,557,0,5.8186714542190305,
27,93,901,coalition,132,71,5.228098610451552,9.553191489361701
27,93,902,direct,92,64,4.4220524872698785,14.705882352941178
27,93,903,algorithmic,541,0,5.264768426782405,
27,94,901,coalition,68,71,4.103908730531497,9.333333333333332
27,94,902,direct,76,64,5.05353090487317,15.935483870967742
27,94,903,algorithmic,621,0,5.098852864871963,
27,95,901,coalition,128,71,4.734206384892087,7.25
27,95,902,direct,85,64,4.77459505541347,15.467625899280577
27,95,903,algorithmic,552,0,5.358871645594678,
27,96,901,coalition,86,71,4.853236957888121,9.708333333333332
27,96,902,direct,120,64,5.070707070707071,15.743243243243244
27,96,903,algorithmic,559,0,4.904329093282581,
27,97,901,coalition,105,71,4.462243039292219,10.783505154639176
27,97,902,direct,94,64,4.382062014255945,16.557377049180328
27,97,903,algorithmic,566,0,5.117886949437623,
27,98,901,coalition,97,71,4.582966708253989,11.166666666666668
27,98,902,direct,130,64,4.289336926343296,15.987261146496815
27,98,903,algorithmic,538,0,5.207579042793212,
27,99,901,coalition,92,71,4.926165803108808,7.8604651162790695
27,99,902,direct,75,64,4.498599484967888,16.735751295336787
27,99,903,algorithmic,598,0,5.078336824580267,
27,100,901,coalition,137,71,4.4045276631757115,5.7894736842105265
27,100,902,direct,133,64,3.9994148010929096,15.434782608695652
27,100,903,algorithmic,495,0,5.306798470337752,
28,1,901,algorithmic,511,53,4.3938517205185965,9.522416256933175
28,1,902,coalition,122,37,3.786000966626199,13.284642502033806
28,1,903,direct,132,45,3.8634670059155183,13.306205871423261
28,2,901,algorithmic,489,53,5.295153989360156,11.253668763102725
28,2,902,coalition,125,37,2.5373030303030304,12.761354210114398
28,2,903,direct,151,45,3.2093209276142085,13.055555555555555
28,3,901,algorithmic,544,24,5.495483196254523,9.88888888888889
28,3,902,coalition,155,37,4.567573427040468,12.788589410549617
28,3,903,direct,66,74,3.8688314878440155,11.154885654885655
28,4,901,algorithmic,495,37,5.254736905382881,8.656001979742987
28,4,902,coalition,131,44,3.8632603942969133,11.852254322196693
28,4,903,direct,139,54,5.216731326980301,14.74820143884892
28,5,901,algorithmic,598,37,5.3774850212256515,10.571428571428571
28,5,902,coalition,107,44,3.828151136381075,11.512725779967159
28,5,903,direct,60,54,4.504980842911877,17.239583333333336
28,6,901,algorithmic,516,37,5.184018279706169,11.571428571428571
28,6,902,coalition,91,27,3.9654631083202516,15.133333333333333
28,6,903,direct,158,71,4.713223199599514,13.86794322255718
28,7,901,algorithmic,556,37,5.315873245161393,11.898305084745763
28,7,902,coalition,115,27,4.399691010872798,12.486486486486488
28,7,903,direct,94,71,4.774353968922838,16.92982456140351
28,8,901,algorithmic,476,37,5.500721720966539,11.285714285714285
28,8,902,coalition,140,27,3.8134178113383395,17.156028368794324
28,8,903,direct,149,71,4.5173497072683135,15.731707317073168
28,9,901,algorithmic,550,37,5.106182768868533,10.20754716981132
28,9,902,coalition,132,27,4.580755315252882,13.73913043478261
28,9,903,direct,83,71,4.9553354280393735,16.80365296803653
28,10,901,algorithmic,450,37,5.41678515944587,12.285714285714285
28,10,902,coalition,176,27,3.985244356660961,15.354430379746836
28,10,903,direct,139,71,4.059229459321598,15.42483660130719
28,11,901,algorithmic,574,37,5.121494535743511,10.333333333333332
28,11,902,coalition,84,27,4.074638478885483,11.829268292682928
28,11,903,direct,107,71,4.454877854946845,16.650717703349283
28,12,901,algorithmic,488,37,5.277740337962144,11.898305084745763
28,12,902,coalition,166,27,4.311006738819685,11.9375
28,12,903,direct,111,71,4.668177277817108,16.045197740112993
28,13,901,algorithmic,467,37,5.160137878214277,10.454545454545455
28,13,902,coalition,181,27,4.537309120323223,12.06060606060606
28,13,903,direct,117,71,4.947916666666667,16.132596685082873
28,14,901,algorithmic,556,37,5.173041033742242,10.285714285714285
28,14,902,coalition,131,27,3.8708879804524168,11.904761904761905
28,14,903,direct,78,71,5.013377926421405,16.25668449197861
28,15,901,algorithmic,493,37,5.671188339280483,8.571428571428571
28,15,902,coalition,187,27,4.367015909166527,17.343949044585987
28,15,903,direct,85,71,5.139303109778943,15.27027027027027
28,16,901,algorithmic,556,37,5.1065713875968735,7.0
28,16,902,coalition,117,27,5.5153989833680885,14.194444444444445
28,16,903,direct,92,71,5.134510869565218,15.483870967741938
28,17,901,algorithmic,504,37,5.545937956321554,11.705882352941178
28,17,902,coalition,223,27,3.9810582518750985,11.904761904761905
28,17,903,direct,38,71,4.524120616225879,15.679012345679013
28,18,901,algorithmic,496,37,5.269188324713396,8.653061224489797
28,18,902,coalition,153,27,5.025238564859232,11.438356164383562
28,18,903,direct,116,71,4.43934500401227,13.518518518518519
28,19,901,algorithmic,533,37,5.191180980853038,10.545454545454545
28,19,902,coalition,152,27,3.5787249768123517,9.357142857142858
28,19,903,direct,80,71,5.149790502793296,16.236559139784944
28,20,901,algorithmic,508,37,5.190437325952233,8.0
28,20,902,coalition,143,27,4.153248998192819,10.357142857142858
28,20,903,direct,114,71,5.034890597279716,15.33333333333333
28,21,901,algorithmic,483,37,5.280224453859973,10.929577464788732
28,21,902,coalition,178,27,3.9127534718025068,10.829268292682928
28,21,903,direct,104,71,4.1203026299721355,16.195652173913043
28,22,901,algorithmic,495,37,5.3849550269428565,10.333333333333332
28,22,902,coalition,147,27,4.369662807651796,16.725490196078432
28,22,903,direct,123,71,4.272547370504132,15.977011494252876
28,23,901,algorithmic,511,37,5.339407676345233,8.68421052631579
28,23,902,coalition,157,27,3.8773515945434482,12.941176470588236
28,23,903,direct,97,71,4.848070471857177,16.373056994818654
28,24,901,algorithmic,491,37,4.722001444092692,10.545454545454545
28,24,902,coalition,133,27,3.840689451302565,13.475728155339807
28,24,903,direct,141,71,4.441355454504749,15.808383233532934
28,25,901,algorithmic,553,37,5.249248194733016,8.20754716981132
28,25,902,coalition,154,27,4.444615609732304,12.338028169014084
28,25,903,direct,58,71,5.051724137931035,16.682464454976305
28,26,901,algorithmic,475,37,4.946415999935737,13.285714285714285
28,26,902,coalition,189,27,4.278432592172671,9.666666666666666
28,26,903,direct,101,71,4.738004569687738,14.53125
28,27,901,algorithmic,467,37,5.510787159955398,9.454545454545455
28,27,902,coalition,217,27,4.711323763955343,15.790697674418604
28,27,903,direct,81,71,4.28366350846971,15.906432748538013
28,28,901,algorithmic,506,37,5.050630113400053,8.5
28,28,902,coalition,148,27,4.88677336276674,12.904761904761905
28,28,903,direct,111,71,5.015158015158015,15.364238410596025
28,29,901,algorithmic,516,37,5.193262233288683,8.0
28,29,902,coalition,154,27,3.850576362102367,12.790123456790123
28,29,903,direct,95,71,4.602419842710224,16.132596685082873
28,30,901,algorithmic,538,37,5.049735270924862,8.0
28,30,902,coalition,99,27,4.005968778696052,12.636363636363637
28,30,903,direct,128,71,4.864701704545454,15.757575757575758
28,31,901,algorithmic,542,37,5.306638538600495,11.782608695652174
28,31,902,coalition,110,27,3.437170279873837,11.338028169014084
28,31,903,direct,113,71,4.707964601769912,16.464646464646464
28,32,901,algorithmic,505,37,5.17014156092562,9.941176470588236
28,32,902,coalition,147,27,4.141366382618622,12.357142857142858
28,32,903,direct,113,71,4.730906521900796,16.174863387978142
28,33,901,algorithmic,477,0,5.472863440026493,
28,33,902,coalition,178,64,4.008877785077002,12.063457962190846
28,33,903,direct,110,71,4.790909090909091,16.174863387978142
28,34,901,algorithmic,594,0,4.825889346194728,
28,34,902,coalition,76,64,4.595320424158598,11.661016949152543
28,34,903,direct,95,71,5.087835772002621,16.11111111111111
28,35,901,algorithmic,491,0,5.035606204346285,
28,35,902,coalition,148,64,4.687551187551188,8.025316455696203
28,35,903,direct,126,71,4.961052802779421,15.757575757575758
28,36,901,algorithmic,593,0,4.8034473408778,
28,36,902,coalition,60,64,5.515560821484993,11.96
28,36,903,direct,112,71,4.400896656902436,16.42857142857143
28,37,901,algorithmic,529,0,5.231839487982412,
28,37,902,coalition,170,64,4.5769877181641885,10.225806451612904
28,37,903,direct,66,71,4.906011332840602,16.153846153846153
28,38,901,algorithmic,498,0,4.952188191532513,
28,38,902,coalition,125,64,4.399514768997728,11.827814569536423
28,38,903,direct,142,71,4.887999485987351,14.852941176470587
28,39,901,algorithmic,522,0,4.752733748323618,
28,39,902,coalition,151,64,4.406481877806461,11.0
28,39,903,direct,92,71,4.315916872861003,16.69811320754717
28,40,901,algorithmic,510,0,5.061259861046068,
28,40,902,coalition,121,64,4.6157096310027494,8.125
28,40,903,direct,134,71,4.5992467568698565,15.679012345679013
28,41,901,algorithmic,587,0,4.995733628040771,
28,41,902,coalition,114,64,4.762746593679425,10.220183486238533
28,41,903,direct,64,71,4.800271739130435,16.568627450980394
28,42,901,algorithmic,532,0,5.058330821764989,
28,42,902,coalition,119,64,4.233789038003261,7.840909090909092
28,42,903,direct,114,71,4.468566125122771,14.776119402985072
28,43,901,algorithmic,498,0,4.692774442250608,
28,43,902,coalition,143,64,4.008817269686835,11.153846153846153
28,43,903,direct,124,71,3.662442396313364,16.195652173913043
28,44,901,algorithmic,473,0,4.676936769519629,
28,44,902,coalition,169,64,4.172911241419053,10.7
28,44,903,direct,123,71,4.5093665599852875,16.391752577319586
28,45,901,algorithmic,590,0,4.868972707740179,
28,45,902,coalition,90,64,4.413372243066722,9.297872340425531
28,45,903,direct,85,71,4.327789046653144,16.373056994818654
28,46,901,algorithmic,518,0,5.180855254045821,
28,46,902,coalition,133,64,4.699005578462285,10.705882352941178
28,46,903,direct,114,71,3.9964535521811064,15.483870967741938
28,47,901,algorithmic,560,0,5.4710724584865,
28,47,902,coalition,126,64,4.386811453359812,7.818181818181818
28,47,903,direct,79,71,4.020693808118134,16.195652173913043
28,48,901,algorithmic,461,0,4.893779187796639,
28,48,902,coalition,171,64,4.505367113201015,9.588235294117647
28,48,903,direct,133,71,3.7916593537999996,15.30201342281879
28,49,901,algorithmic,578,0,4.710029192027812,
28,49,902,coalition,81,64,5.2346895335401085,10.521739130434781
28,49,903,direct,106,71,4.580749728114725,16.551724137931032
28,50,901,algorithmic,552,0,5.032383457335503,
28,50,902,coalition,143,64,4.523521932612842,9.588235294117647
28,50,903,direct,70,71,4.496825396825397,16.022727272727273
28,51,901,algorithmic,574,0,5.004547022309285,
28,51,902,coalition,91,64,5.021193092621664,8.921348314606742
28,51,903,direct,100,71,4.97,15.0
28,52,901,algorithmic,466,0,5.009850284523834,
28,52,902,coalition,158,64,4.746090841399851,9.409638554216867
28,52,903,direct,141,71,4.202826617818249,15.882352941176473
28,53,901,algorithmic,581,0,4.527693721693046,
28,53,902,coalition,95,64,5.036268396108755,9.11214953271028
28,53,903,direct,89,71,4.687597270369642,16.682464454976305
28,54,901,algorithmic,460,0,5.300416606050695,
28,54,902,coalition,157,64,4.513640187477467,9.883495145631068
28,54,903,direct,148,71,4.07038492356722,15.597484276729562
28,55,901,algorithmic,548,0,4.842024462512644,
28,55,902,coalition,118,64,4.613456128694816,10.571428571428571
28,55,903,direct,99,71,4.259433366188996,16.788990825688074
28,56,901,algorithmic,581,0,5.204393747563963,
28,56,902,coalition,75,64,4.4559368836291915,8.6
28,56,903,direct,109,71,4.82502914491358,15.857988165680476
28,57,901,algorithmic,547,0,5.116235931238531,
28,57,902,coalition,146,64,3.928101323945818,7.36986301369863
28,57,903,direct,72,71,4.561795491143317,16.089385474860336
28,58,901,algorithmic,559,0,5.255836318299302,
28,58,902,coalition,83,64,4.08133971291866,9.225806451612904
28,58,903,direct,123,71,4.671295756019761,15.070422535211268
28,59,901,algorithmic,541,0,4.901712946439344,
28,59,902,coalition,109,64,4.4445976137281935,8.505154639175258
28,59,903,direct,115,71,4.644353843414403,16.373056994818654
28,60,901,algorithmic,519,0,5.1281199297389515,
28,60,902,coalition,156,64,4.298163548163548,7.317073170731708
28,60,903,direct,90,71,4.305160974928417,16.216216216216218
28,61,901,algorithmic,566,0,4.896244591194814,
28,61,902,coalition,106,64,4.810103816662359,8.025316455696203
28,61,903,direct,93,71,4.556203049049934,15.625
28,62,901,algorithmic,527,0,4.936409293280379,
28,62,902,coalition,113,64,4.841468049296921,7.674418604651162
28,62,903,direct,125,71,4.902816568047338,15.705521472392636
28,63,901,algorithmic,533,0,5.025108771200078,
28,63,902,coalition,143,64,4.34319526627219,7.222222222222222
28,63,903,direct,89,71,4.558821674926544,16.41025641025641
28,64,901,algorithmic,555,0,5.057272986820523,
28,64,902,coalition,94,64,4.9611975279290235,12.227272727272727
28,64,903,direct,116,71,3.5344066713333535,15.597484276729562
28,65,901,algorithmic,538,0,5.1691063499222265,
28,65,902,coalition,107,64,4.295873986354795,8.317073170731707
28,65,903,direct,120,71,5.062845010615711,16.236559139784944
28,66,901,algorithmic,558,0,5.089950524635435,
28,66,902,coalition,103,64,4.327542156361779,7.0
28,66,903,direct,104,71,4.242106964243187,16.315789473684212
28,67,901,algorithmic,579,0,4.890450013980046,
28,67,902,coalition,102,64,4.636015325670498,8.758620689655173
28,67,903,direct,84,71,4.155452681003159,15.977011494252876
28,68,901,algorithmic,549,0,5.131688088725963,
28,68,902,coalition,111,64,4.801801801801802,9.758620689655173
28,68,903,direct,105,71,4.46984126984127,15.454545454545455
28,69,901,algorithmic,516,0,4.8247298277771415,
28,69,902,coalition,139,64,5.0110996916752315,9.4375
28,69,903,direct,110,71,4.8090909090909095,16.0
28,70,901,algorithmic,554,0,4.94953586426536,
28,70,902,coalition,83,64,4.718206157965194,10.225806451612904
28,70,903,direct,128,71,3.98952330968984,16.11111111111111
28,71,901,algorithmic,459,0,4.632667439006413,
28,71,902,coalition,196,64,4.761286332714905,10.7
28,71,903,direct,110,71,4.108725360705435,16.464646464646464
28,72,901,algorithmic,503,0,4.6808821033473125,
28,72,902,coalition,140,64,4.706897714040571,10.5
28,72,903,direct,122,71,3.8984235992432716,16.11111111111111
28,73,901,algorithmic,564,0,4.73544966559494,
28,73,902,coalition,149,64,4.421071029082774,8.921348314606742
28,73,903,direct,52,71,3.5374194770746494,16.354166666666664
28,74,901,algorithmic,501,0,4.775223238627497,
28,74,902,coalition,171,64,4.627398737073636,12.56338028169014
28,74,903,direct,93,71,4.143311073582906,14.262295081967213
28,75,901,algorithmic,561,0,4.5262918729503365,
28,75,902,coalition,120,64,4.586451942740286,10.771812080536913
28,75,903,direct,84,71,5.06439757110898,15.705521472392636
28,76,901,algorithmic,431,0,4.467166032653842,
28,76,902,coalition,172,64,4.8004379341588646,10.96
28,76,903,direct,162,71,4.613715172367267,15.454545454545455
28,77,901,algorithmic,587,0,4.805160604504923,
28,77,902,coalition,85,64,4.1100750938673345,8.225806451612904
28,77,903,direct,93,71,4.946918956444907,16.982758620689655
28,78,901,algorithmic,543,64,5.467079390002482,6.0
28,78,902,coalition,115,0,5.3329421178981065,
28,78,903,direct,107,71,4.574093042644158,15.705521472392636
28,79,901,algorithmic,513,64,5.48328762899087,7.758620689655173
28,79,902,coalition,169,0,4.220985686075827,
28,79,903,direct,83,71,4.56585664692669,16.045197740112993
28,80,901,algorithmic,470,64,5.569962453066333,6.126760563380282
28,80,902,coalition,184,0,4.836095501683016,
28,80,903,direct,111,71,4.612612612612613,15.42483660130719
28,81,901,algorithmic,538,64,5.41971492534248,9.6
28,81,902,coalition,159,0,4.744522047326176,
28,81,903,direct,68,71,5.117647058823529,16.132596685082873
28,82,901,algorithmic,518,64,5.911756476973869,9.152173913043478
28,82,902,coalition,170,0,4.588917306052856,
28,82,903,direct,77,71,4.48051948051948,14.92753623188406
28,83,901,algorithmic,541,0,5.731839501049959,
28,83,902,coalition,111,64,5.992523135380278,7.0
28,83,903,direct,113,71,4.761061946902655,15.238095238095239
28,84,901,algorithmic,579,0,5.241324078347425,
28,84,902,coalition,101,64,5.175458529459504,9.5
28,84,903,direct,85,71,4.718850163016026,16.174863387978142
28,85,901,algorithmic,516,0,5.092216412904285,
28,85,902,coalition,125,64,4.813419354838709,9.409638554216867
28,85,903,direct,124,71,4.694110035736968,15.483870967741938
28,86,901,algorithmic,587,64,5.064104179373429,7.126760563380282
28,86,902,coalition,80,0,4.497036082474226,
28,86,903,direct,98,71,4.779418150238819,16.391752577319586
28,87,901,algorithmic,468,64,5.835266585266585,11.056603773584905
28,87,902,coalition,177,0,3.877434632311511,
28,87,903,direct,120,71,4.95,15.833333333333334
28,88,901,algorithmic,571,64,5.812978154668634,8.15625
28,88,902,coalition,111,0,5.760075865339023,
28,88,903,direct,83,71,4.795180722891566,16.315789473684212
28,89,901,algorithmic,382,64,5.635287273722753,11.505154639175258
28,89,902,coalition,247,0,4.715898647116929,
28,89,903,direct,136,71,4.375,15.42483660130719
28,90,901,algorithmic,443,64,5.610971092945276,6.869565217391305
28,90,902,coalition,239,0,5.496804082014727,
28,90,903,direct,83,71,4.966428822084454,16.601941747572816
28,91,901,algorithmic,448,64,5.5766077264239025,10.317073170731707
28,91,902,coalition,194,0,5.34135905640439,
28,91,903,direct,123,71,4.739837398373984,15.42483660130719
28,92,901,algorithmic,441,0,5.3821155405167245,
28,92,902,coalition,205,64,5.64390243902439,9.25
28,92,903,direct,119,71,4.899159663865547,16.373056994818654
28,93,901,algorithmic,514,0,4.54219150531464,
28,93,902,coalition,108,64,4.633243248776693,13.655172413793103
28,93,903,direct,143,71,4.840726437741363,16.296296296296298
28,94,901,algorithmic,534,0,4.867581458848953,
28,94,902,coalition,148,64,4.68018018018018,10.166666666666668
28,94,903,direct,83,71,4.890626834824679,16.71361502347418
28,95,901,algorithmic,516,64,5.216839162844115,6.923076923076923
28,95,902,coalition,144,0,4.170319690101774,
28,95,903,direct,105,71,4.275545833839672,15.42483660130719
28,96,901,algorithmic,425,64,5.539563025210084,10.7
28,96,902,coalition,222,0,4.247232947232947,
28,96,903,direct,118,71,4.872881355932203,16.0
28,97,901,algorithmic,418,64,5.324060877532323,7.735294117647059
28,97,902,coalition,246,0,4.926200942234704,
28,97,903,direct,101,71,3.9702970297029703,16.27659574468085
28,98,901,algorithmic,494,64,5.375440964083624,8.025316455696203
28,98,902,coalition,168,0,5.2294951513805605,
28,98,903,direct,103,71,4.466019417475728,15.906432748538013
28,99,901,algorithmic,506,64,5.765621787109598,8.025316455696203
28,99,902,coalition,155,0,4.385668327523089,
28,99,903,direct,104,71,4.514228546020454,15.953757225433527
28,100,901,algorithmic,485,64,5.682711221708733,7.7105263157894735
28,100,902,coalition,179,0,4.922031045635665,
28,100,903,direct,101,71,4.7227722772277225,15.977011494252876
29,1,901,algorithmic,501,39,4.178847197331967,10.654097536450477
29,1,902,coalition,128,46,4.0207503360876125,13.32764022367047
29,1,903,direct,136,50,3.749358568149,13.361204013377925
29,2,901,algorithmic,514,64,4.798078241916662,11.58206597378109
29,2,902,coalition,130,46,4.331540744835543,12.092150456563626
29,2,903,direct,121,25,3.4158206101038107,17.35135135135135
29,3,901,algorithmic,621,64,5.714814598472769,9.144396551724139
29,3,902,coalition,77,46,2.871267469655289,11.086391869000565
29,3,903,direct,67,25,3.9864288053685892,18.344827586206897
29,4,901,algorithmic,479,64,5.342294961618005,10.412118924360081
29,4,902,coalition,181,46,3.952181457594297,10.884752453533636
29,4,903,direct,105,25,3.5849958469704557,17.362637362637365
29,5,901,algorithmic,589,64,5.627520876492993,8.637686965811966
29,5,902,coalition,101,46,4.657167548407444,12.880249111912452
29,5,903,direct,75,25,3.391075719917045,18.13953488372093
29,6,901,algorithmic,510,64,5.388069273708484,11.071913992869874
29,6,902,coalition,144,46,3.782500614977784,10.873734365693865
29,6,903,direct,111,25,3.429321822132669,17.575757575757578
29,7,901,algorithmic,487,64,5.433264887063655,9.889052672955975
29,7,902,coalition,148,46,4.312134236662539,12.279503105590061
29,7,903,direct,130,25,3.47997557997558,18.22222222222222
29,8,901,algorithmic,569,64,5.357862531396684,10.972222222222221
29,8,902,coalition,126,46,4.034455798334407,12.634883982879026
29,8,903,direct,70,25,3.6788161300004383,17.441558441558442
29,9,901,algorithmic,409,64,5.641007071185476,10.246223651479445
29,9,902,coalition,183,46,4.028664009577188,11.744649347153048
29,9,903,direct,173,25,3.815009762606374,16.4468085106383
29,10,901,algorithmic,492,64,5.22067227547855,9.979696327683616
29,10,902,coalition,134,46,4.002798827085653,12.919100821106474
29,10,903,direct,139,25,4.799105808154156,17.78172588832487
29,11,901,algorithmic,537,64,5.423063118239333,8.733104674796747
29,11,902,coalition,138,46,3.9712192235330623,12.507813132539876
29,11,903,direct,90,25,3.8425836867272944,18.52760736196319
29,12,901,algorithmic,504,41,5.588744173731231,10.982456140350877
29,12,902,coalition,140,46,3.960949504909815,12.157282014730338
29,12,903,direct,121,48,4.0196283962853885,13.313230994152045
29,13,901,algorithmic,566,41,5.263228639169644,7.1568627450980395
29,13,902,coalition,139,46,4.251500639143466,12.054054054054053
29,13,903,direct,60,48,4.619643556600079,17.202380952380953
29,14,901,algorithmic,547,41,5.6110987715491465,10.594594594594595
29,14,902,coalition,133,46,3.772118158492974,12.554347826086957
29,14,903,direct,85,48,4.847058823529411,15.607476635514018
29,15,901,algorithmic,569,41,5.569254473261704,10.452830188679245
29,15,902,coalition,107,46,3.7156725731635727,11.526762588601821
29,15,903,direct,89,48,4.6834995581365995,16.439393939393938
29,16,901,algorithmic,440,41,5.217595266987492,10.333333333333332
29,16,902,coalition,162,46,4.585935608811425,11.89586225006565
29,16,903,direct,163,48,3.8559923140850216,16.544117647058822
29,17,901,algorithmic,585,41,5.269510736177403,8.666666666666666
29,17,902,coalition,71,46,3.955510842834787,12.596666093830555
29,17,903,direct,109,48,4.410659676714722,17.761904761904763
29,18,901,algorithmic,563,65,5.449372334041899,8.989062219831451
29,18,902,coalition,132,22,3.2066822066822067,15.120689655172413
29,18,903,direct,70,48,4.482454327281913,16.98717948717949
29,19,901,algorithmic,508,65,5.638101374206052,5.447761194029851
29,19,902,coalition,164,22,4.647874878998672,11.25
29,19,903,direct,93,48,4.100343363151713,15.982905982905983
29,20,901,algorithmic,566,65,5.6267907187244335,8.688311688311689
29,20,902,coalition,103,0,4.60138968876833,
29,20,903,direct,96,70,4.534625604668708,14.045742434904996
29,21,901,algorithmic,535,65,5.8955536675162845,7.688311688311688
29,21,902,coalition,172,0,4.906196516661633,
29,21,903,direct,58,70,4.4655172413793105,15.818181818181818
29,22,901,algorithmic,462,65,5.796212973378327,6.794871794871795
29,22,902,coalition,230,0,5.04694739244551,
29,22,903,direct,73,70,4.890410958904109,14.566929133858267
29,23,901,algorithmic,471,65,5.689124129063126,7.153846153846154
29,23,902,coalition,214,0,5.815716730288272,
29,23,903,direct,80,70,5.1375,15.140845070422536
29,24,901,algorithmic,507,65,5.678739261083091,8.466666666666667
29,24,902,coalition,149,0,4.8369592961278025,
29,24,903,direct,109,70,4.623853211009174,15.369127516778525
29,25,901,algorithmic,510,65,5.699867812293457,8.688311688311689
29,25,902,coalition,166,0,4.841418497571198,
29,25,903,direct,89,70,4.685393258426966,16.123595505617978
29,26,901,algorithmic,495,65,5.744022503516174,8.11111111111111
29,26,902,coalition,168,0,4.923707387314982,
29,26,903,direct,102,70,4.862745098039215,15.632911392405061
29,27,901,algorithmic,477,65,5.575502347763188,6.985915492957746
29,27,902,coalition,206,0,5.121119323674974,
29,27,903,direct,82,70,4.462273570104122,15.964912280701752
29,28,901,algorithmic,509,65,5.339075449849725,5.303030303030303
29,28,902,coalition,177,0,5.602153536714093,
29,28,903,direct,79,70,4.544303797468355,15.430463576158942
29,29,901,algorithmic,486,65,5.723056389723056,5.857142857142858
29,29,902,coalition,187,0,4.926372514607809,
29,29,903,direct,92,70,4.858695652173913,15.337837837837839
29,30,901,algorithmic,458,65,5.4892728308334915,9.11111111111111
29,30,902,coalition,208,0,5.282167409884801,
29,30,903,direct,99,70,5.161616161616162,15.714285714285714
29,31,901,algorithmic,506,65,5.8392621870882735,7.111111111111111
29,31,902,coalition,205,0,5.49159891598916,
29,31,903,direct,54,70,4.9413580246913575,15.892857142857142
29,32,901,algorithmic,468,65,5.800413452852477,7.111111111111111
29,32,902,coalition,200,0,5.314336043360433,
29,32,903,direct,97,70,5.443298969072165,14.390243902439025
29,33,901,algorithmic,508,65,5.591072953230244,7.688311688311688
29,33,902,coalition,154,0,5.317912567795215,
29,33,903,direct,103,70,4.883495145631068,15.843373493975903
29,34,901,algorithmic,483,65,5.632288506909337,9.11111111111111
29,34,902,coalition,155,0,4.601717095940652,
29,34,903,direct,127,70,4.2199230910089724,15.988372093023255
29,35,901,algorithmic,544,65,5.6853991596638656,7.578947368421053
29,35,902,coalition,123,0,4.704505165352406,
29,35,903,direct,98,70,4.839650145772595,16.479591836734695
29,36,901,algorithmic,449,65,5.4599575903871544,7.688311688311688
29,36,902,coalition,212,0,4.77339782576479,
29,36,903,direct,104,70,4.605769230769231,15.868263473053892
29,37,901,algorithmic,489,65,5.562135773136164,8.588235294117647
29,37,902,coalition,193,0,5.5754977422997705,
29,37,903,direct,83,70,4.409638554216867,16.01156069364162
29,38,901,algorithmic,454,65,5.900939021562717,8.688311688311689
29,38,902,coalition,186,0,5.2322962832300695,
29,38,903,direct,125,70,4.718315789473684,15.460526315789473
29,39,901,algorithmic,468,65,5.406731870649396,6.588235294117647
29,39,902,coalition,217,0,4.799001210061677,
29,39,903,direct,80,70,4.9375,16.443298969072167
29,40,901,algorithmic,377,65,5.629216883556157,7.098765432098766
29,40,902,coalition,240,0,4.977193981826718,
29,40,903,direct,148,70,4.75,15.369127516778525
29,41,901,algorithmic,528,65,5.31989247311828,6.985915492957746
29,41,902,coalition,183,0,5.289860793529021,
29,41,903,direct,54,70,4.528673835125448,16.820276497695854
29,42,901,algorithmic,461,65,5.467312135160397,8.232876712328768
29,42,902,coalition,182,0,4.291840913290963,
29,42,903,direct,122,70,4.491803278688525,14.390243902439025
29,43,901,algorithmic,513,65,5.412285804680404,8.72463768115942
29,43,902,coalition,173,0,4.855147026250818,
29,43,903,direct,79,70,4.763735171316854,16.387434554973822
29,44,901,algorithmic,501,65,5.560338781895668,8.89873417721519
29,44,902,coalition,144,0,4.9250270840460715,
29,44,903,direct,120,70,4.558333333333334,15.337837837837839
29,45,901,algorithmic,479,65,5.6160983530503366,7.72463768115942
29,45,902,coalition,193,0,4.939601011238767,
29,45,903,direct,93,70,4.838709677419355,16.349206349206348
29,46,901,algorithmic,498,65,5.554068124349249,6.303030303030303
29,46,902,coalition,190,0,5.85351172544155,
29,46,903,direct,77,70,4.290363957030624,15.740740740740739
29,47,901,algorithmic,476,65,5.37481293887418,5.985915492957746
29,47,902,coalition,175,0,5.024722582067749,
29,47,903,direct,114,70,4.324561403508772,15.273972602739725
29,48,901,algorithmic,488,0,5.752788228970706,
29,48,902,coalition,180,65,5.788204448860187,6.303030303030303
29,48,903,direct,97,70,5.020618556701031,16.229508196721312
29,49,901,algorithmic,546,0,4.790821200657266,
29,49,902,coalition,141,65,4.789651805688047,11.181818181818182
29,49,903,direct,78,70,4.103194619588062,15.843373493975903
29,50,901,algorithmic,524,0,5.36588247289234,
29,50,902,coalition,148,65,4.632961358571114,14.878048780487804
29,50,903,direct,93,70,4.528455284552845,15.306122448979593
29,51,901,algorithmic,493,0,5.047633875739363,
29,51,902,coalition,162,65,4.187766907368585,8.289156626506024
29,51,903,direct,110,70,4.835748725159197,15.740740740740739
29,52,901,algorithmic,561,0,5.084622633177257,
29,52,902,coalition,111,65,4.419142730014338,8.098765432098766
29,52,903,direct,93,70,4.186872157785977,16.145251396648046
29,53,901,algorithmic,563,0,4.931633570473121,
29,53,902,coalition,105,65,4.766019988242211,10.52991452991453
29,53,903,direct,97,70,4.405498281786941,15.740740740740739
29,54,901,algorithmic,539,0,5.619214957711803,
29,54,902,coalition,100,65,4.1390732159406864,9.098765432098766
29,54,903,direct,126,70,3.73347920692856,15.843373493975903
29,55,901,algorithmic,537,0,5.728042899251511,
29,55,902,coalition,137,65,5.171252105558675,15.097560975609756
29,55,903,direct,91,70,4.636194324749671,16.46153846153846
29,56,901,algorithmic,551,0,4.954552329098608,
29,56,902,coalition,102,65,4.582107843137255,12.879999999999999
29,56,903,direct,112,70,3.871165378464819,15.6875
29,57,901,algorithmic,571,0,5.257315011943605,
29,57,902,coalition,115,65,3.7188241797359987,8.558139534883722
29,57,903,direct,79,70,4.009203726888715,16.187845303867405
29,58,901,algorithmic,492,0,5.068713787291099,
29,58,902,coalition,137,65,4.537384099427896,8.098765432098766
29,58,903,direct,136,70,4.651741702267499,15.337837837837839
29,59,901,algorithmic,588,0,5.028392922964712,
29,59,902,coalition,119,65,5.129476617731184,9.558139534883722
29,59,903,direct,58,70,3.9023686698823443,16.634146341463413
29,60,901,algorithmic,542,0,5.162798354201395,
29,60,902,coalition,127,65,4.463078926157853,9.78640776699029
29,60,903,direct,96,70,4.499976236581959,14.566929133858267
29,61,901,algorithmic,481,0,4.653140206805128,
29,61,902,coalition,221,65,5.188125599890306,9.727272727272727
29,61,903,direct,63,70,4.003091876128526,15.818181818181818
29,62,901,algorithmic,589,0,4.748609513408867,
29,62,902,coalition,60,65,4.6781499202551835,11.36231884057971
29,62,903,direct,116,70,4.2885793945132695,14.772727272727275
29,63,901,algorithmic,488,0,5.176883972373572,
29,63,902,coalition,168,65,4.7400257400257395,8.098765432098766
29,63,903,direct,109,70,3.4551779756475423,16.27027027027027
29,64,901,algorithmic,529,0,4.94211019621043,
29,64,902,coalition,136,65,4.3978401269457805,7.967032967032967
29,64,903,direct,100,70,4.819655172413793,16.123595505617978
29,65,901,algorithmic,559,0,4.756888875623971,
29,65,902,coalition,136,65,4.727691002436478,9.402061855670103
29,65,903,direct,70,70,4.140684830633284,15.917159763313608
29,66,901,algorithmic,569,0,4.988074215495794,
29,66,902,coalition,98,65,4.66798194097783,8.88888888888889
29,66,903,direct,98,70,4.066609977324263,15.035971223021582
29,67,901,algorithmic,559,0,5.108064433685617,
29,67,902,coalition,111,65,4.374332416248584,9.46938775510204
29,67,903,direct,95,70,3.7153927654100243,15.868263473053892
29,68,901,algorithmic,529,0,5.0975170648276835,
29,68,902,coalition,125,65,3.9430243902439024,7.8888888888888875
29,68,903,direct,111,70,3.8878878878878878,15.792682926829269
29,69,901,algorithmic,566,0,4.83043421359599,
29,69,902,coalition,119,65,4.675203414699213,8.043478260869566
29,69,903,direct,80,70,4.031679894179894,16.166666666666668
29,70,901,algorithmic,588,0,5.061180688677407,
29,70,902,coalition,96,65,4.612625838926174,7.578947368421053
29,70,903,direct,81,70,4.366524994940296,15.369127516778525
29,71,901,algorithmic,533,0,5.097539260649017,
29,71,902,coalition,104,65,4.6071714743589745,11.074074074074073
29,71,903,direct,128,70,4.740632233796296,15.4
29,72,901,algorithmic,528,0,4.974675027102058,
29,72,902,coalition,161,65,4.911057161774443,9.0
29,72,903,direct,76,70,4.860432330827068,16.49746192893401
29,73,901,algorithmic,610,0,4.768381383078952,
29,73,902,coalition,92,65,4.339996668332501,11.151515151515152
29,73,903,direct,63,70,4.215808882475549,15.241379310344831
29,74,901,algorithmic,587,0,5.353899711132509,
29,74,902,coalition,126,65,4.536315536315537,8.043478260869566
29,74,903,direct,52,70,4.617335562987737,14.772727272727275
29,75,901,algorithmic,493,0,4.838647440432318,
29,75,902,coalition,173,65,4.540790542256372,8.289156626506024
29,75,903,direct,99,70,4.679957469431153,14.297520661157025
29,76,901,algorithmic,547,0,5.252640023449733,
29,76,902,coalition,108,65,4.861951086107204,15.29957805907173
29,76,903,direct,110,70,4.284004602991945,15.892857142857142
29,77,901,algorithmic,544,0,4.914483783990064,
29,77,902,coalition,170,65,4.578047978968123,8.578947368421053
29,77,903,direct,51,70,4.385544915640675,16.145251396648046
29,78,901,algorithmic,517,0,4.804867278155056,
29,78,902,coalition,132,65,4.30050505050505,12.328467153284672
29,78,903,direct,116,70,4.714846044131219,14.25
29,79,901,algorithmic,612,0,5.100324163699513,
29,79,902,coalition,93,65,4.862130728490175,7.8888888888888875
29,79,903,direct,60,70,4.16993575207861,16.27027027027027
29,80,901,algorithmic,532,65,5.407521012166547,5.985915492957746
29,80,902,coalition,142,0,4.522382356152418,
29,80,903,direct,91,70,4.190150210424724,14.651162790697676
29,81,901,algorithmic,514,65,5.439931906614786,8.89873417721519
29,81,902,coalition,179,0,4.633141220564316,
29,81,903,direct,72,70,4.555555555555555,15.6875
29,82,901,algorithmic,522,65,5.661843428167712,6.588235294117647
29,82,902,coalition,150,0,5.472237519121124,
29,82,903,direct,93,70,4.795698924731183,15.106382978723403
29,83,901,algorithmic,495,0,5.73146277590722,
29,83,902,coalition,152,65,5.468659448922606,6.351351351351351
29,83,903,direct,118,70,4.838983050847458,15.740740740740739
29,84,901,algorithmic,607,0,4.916848178041123,
29,84,902,coalition,81,65,4.4978592509456705,8.967032967032967
29,84,903,direct,77,70,4.797672420667073,16.310160427807485
29,85,901,algorithmic,509,0,5.516369547999547,
29,85,902,coalition,180,65,4.353881278538813,6.111111111111111
29,85,903,direct,76,70,4.2345735027223235,15.273972602739725
29,86,901,algorithmic,543,0,4.87073447697852,
29,86,902,coalition,113,65,4.772332751366953,10.434782608695652
29,86,903,direct,109,70,4.193693723148953,15.241379310344831
29,87,901,algorithmic,501,0,4.748894447708772,
29,87,902,coalition,185,65,4.425265715153356,10.118279569892472
29,87,903,direct,79,70,4.041965704899729,16.123595505617978
29,88,901,algorithmic,595,0,4.881055252359537,
29,88,902,coalition,64,65,5.10933090469988,11.482758620689655
29,88,903,direct,106,70,5.071304084261575,15.337837837837839
29,89,901,algorithmic,533,0,5.047178322548532,
29,89,902,coalition,104,65,4.480769230769231,10.46938775510204
29,89,903,direct,128,70,4.8203125,16.057142857142857
29,90,901,algorithmic,496,0,4.689802451476206,
29,90,902,coalition,177,65,4.50201024514885,10.336283185840708
29,90,903,direct,92,70,5.201345755693581,16.49746192893401
29,91,901,algorithmic,525,0,5.266035411458468,
29,91,902,coalition,168,65,5.045548654244307,16.344398340248965
29,91,903,direct,72,70,4.548852907571111,15.714285714285714
29,92,901,algorithmic,571,0,4.6997393440985595,
29,92,902,coalition,121,65,4.667071906283538,11.114503816793892
29,92,903,direct,73,70,4.546156703097787,15.106382978723403
29,93,901,algorithmic,593,0,5.467366494822971,
29,93,902,coalition,85,65,4.3434201392776375,6.794871794871795
29,93,903,direct,87,70,4.588381484933209,15.140845070422536
29,94,901,algorithmic,525,0,5.477150061299462,
29,94,902,coalition,114,65,4.084570400359874,7.72463768115942
29,94,903,direct,126,70,4.741078086715671,15.576923076923078
29,95,901,algorithmic,615,0,5.130653273740018,
29,95,902,coalition,76,65,4.3063427800269904,7.588235294117647
29,95,903,direct,74,70,4.839700076811775,16.46153846153846
29,96,901,algorithmic,577,0,5.229226019163831,
29,96,902,coalition,103,65,4.60038020232195,8.470588235294118
29,96,903,direct,85,70,4.808403361344538,15.174825174825177
29,97,901,algorithmic,482,0,4.929513662226659,
29,97,902,coalition,177,65,4.796610169491525,10.181818181818182
29,97,903,direct,106,70,4.593738766035682,15.51948051948052
29,98,901,algorithmic,575,0,4.747396100553104,
29,98,902,coalition,102,65,4.159832397689366,7.195121951219512
29,98,903,direct,88,70,4.947991324028669,16.057142857142857
29,99,901,algorithmic,561,0,4.932120952086915,
29,99,902,coalition,127,65,4.997040974973669,8.380952380952381
29,99,903,direct,77,70,4.613675481145361,15.605095541401274
29,100,901,algorithmic,616,0,5.228079261866509,
29,100,902,coalition,56,65,4.671722113502936,7.470588235294118
29,100,903,direct,93,70,4.928897145752407,15.273972602739725
30,1,901,direct,86,45,3.66852066177438,13.528428093645484
30,1,902,coalition,76,45,4.207772036820361,13.16684899821836
30,1,903,algorithmic,603,45,4.283080632428974,9.166013071895426
30,2,901,direct,143,45,3.5174215529294974,12.393162393162392
30,2,902,coalition,117,45,3.539688147036023,11.243727598566307
30,2,903,algorithmic,505,45,5.498158997411537,11.219663586827766
30,3,901,direct,117,69,4.097975681095886,11.552429667519181
30,3,902,coalition,125,45,3.9406515392397745,12.060961582700715
30,3,903,algorithmic,523,21,5.180087261742869,10.594594594594595
30,4,901,direct,103,69,4.192225806390871,12.672150411280848
30,4,902,coalition,141,45,4.192266390267575,12.315143545912775
30,4,903,algorithmic,521,21,5.001975316260604,12.74468085106383
30,5,901,direct,122,69,4.066133141338059,12.820493262140861
30,5,902,coalition,138,45,3.6020759031342555,12.254534534534534
30,5,903,algorithmic,505,21,4.710583684257473,11.833333333333334
30,6,901,direct,100,69,4.318061803291005,13.218154080854308
30,6,902,coalition,136,45,4.111332239428215,12.205246366536688
30,6,903,algorithmic,529,21,4.920402297097281,10.594594594594595
30,7,901,direct,123,69,3.8184843709574996,12.749482401656316
30,7,902,coalition,163,45,4.4086843326287575,12.366241651487552
30,7,903,algorithmic,479,21,4.8678538426561975,11.07843137254902
30,8,901,direct,124,50,4.542048764699536,16.43979057591623
30,8,902,coalition,170,45,3.99565800049725,12.907370246500681
30,8,903,algorithmic,471,40,4.64298493210587,9.146062685722372
30,9,901,direct,95,50,4.3266157127462925,17.167630057803468
30,9,902,coalition,134,45,4.54774399873101,12.811927013796172
30,9,903,algorithmic,536,40,5.33011495844285,8.930232558139535
30,10,901,direct,93,74,4.173377247584979,14.02515015015015
30,10,902,coalition,99,21,3.6517323960292973,15.52808988764045
30,10,903,algorithmic,573,40,5.296086825795095,9.90909090909091
30,11,901,direct,125,74,4.345882352941176,15.602409638554217
30,11,902,coalition,154,21,3.7134711496865997,11.652173913043477
30,11,903,algorithmic,486,40,4.985170069942236,8.875
30,12,901,direct,107,74,4.834998388656139,16.313131313131315
30,12,902,coalition,178,21,4.360613105091989,14.85057471264368
30,12,903,algorithmic,480,40,5.370999506559851,9.777777777777779
30,13,901,direct,102,74,4.622012968560283,15.944444444444445
30,13,902,coalition,173,21,4.341424328141829,13.826086956521738
30,13,903,algorithmic,490,40,4.879065723786221,8.702127659574469
30,14,901,direct,102,74,4.536963067411102,15.828571428571427
30,14,902,coalition,142,21,4.574276071847867,12.435897435897434
30,14,903,algorithmic,521,40,5.0552190209234125,11.157894736842106
30,15,901,direct,109,74,4.6097470996553565,15.828571428571427
30,15,902,coalition,141,21,4.159368081353897,14.765432098765432
30,15,903,algorithmic,515,40,5.602252016232598,10.875
30,16,901,direct,103,74,4.756473240347395,15.989010989010989
30,16,902,coalition,129,21,4.530860582546778,13.872340425531915
30,16,903,algorithmic,533,40,5.115548456971953,11.352941176470589
30,17,901,direct,158,74,4.704528077478549,15.852272727272727
30,17,902,coalition,168,21,4.688923493798508,16.65771812080537
30,17,903,algorithmic,439,40,5.458872638880589,9.389830508474576
30,18,901,direct,132,74,4.6504963980786025,16.83982683982684
30,18,902,coalition,143,21,4.351890617721919,15.936170212765958
30,18,903,algorithmic,490,40,5.39418046854,9.521739130434783
30,19,901,direct,66,74,4.6859081613682845,16.4390243902439
30,19,902,coalition,125,21,4.01548592156114,14.773006134969327
30,19,903,algorithmic,574,40,5.524981738990345,9.275862068965516
30,20,901,direct,120,74,4.139655172413793,14.74820143884892
30,20,902,coalition,173,21,4.046162134649935,11.551724137931034
30,20,903,algorithmic,472,40,5.260984257596844,10.352941176470589
30,21,901,direct,100,74,4.439481865284974,16.21761658031088
30,21,902,coalition,133,21,4.228779740925292,15.963730569948186
30,21,903,algorithmic,532,40,5.249493552534186,9.641509433962264
30,22,901,direct,77,74,4.80035650623886,15.78034682080925
30,22,902,coalition,163,21,4.46727981593006,15.692810457516341
30,22,903,algorithmic,525,40,5.713257665301188,7.875
30,23,901,direct,116,74,4.886578373576678,15.133333333333331
30,23,902,coalition,98,21,4.521110739377718,12.959183673469388
30,23,903,algorithmic,551,40,5.307690651161539,10.2
30,24,901,direct,129,74,4.782945736434108,16.13756613756614
30,24,902,coalition,149,21,3.9417528886617568,17.305084745762713
30,24,903,algorithmic,487,40,5.358069192788854,10.275862068965516
30,25,901,direct,104,74,4.972107390400027,16.386138613861387
30,25,902,coalition,139,21,4.289436316668149,14.468354430379748
30,25,903,algorithmic,522,40,5.240278090787701,7.875
30,26,901,direct,104,74,5.099080267558529,15.875706214689266
30,26,902,coalition,148,21,3.8963430939350157,12.826086956521738
30,26,903,algorithmic,513,40,5.35158233820899,8.275862068965516
30,27,901,direct,95,74,4.336177432614438,15.875706214689266
30,27,902,coalition,127,21,4.1168892663050665,13.647058823529411
30,27,903,algorithmic,543,40,5.464074779957243,8.702127659574469
30,28,901,direct,70,74,4.505002878894504,15.654761904761905
30,28,902,coalition,148,21,4.189544224026983,12.96969696969697
30,28,903,algorithmic,547,40,5.436988057646192,8.275862068965516
30,29,901,direct,114,74,4.591905901116427,14.895104895104893
30,29,902,coalition,136,21,4.737455296804036,14.727272727272727
30,29,903,algorithmic,515,40,5.365214882205173,8.040816326530612
30,30,901,direct,90,74,4.621794871794871,16.096256684491976
30,30,902,coalition,138,21,4.43768635456615,12.226415094339622
30,30,903,algorithmic,537,40,5.2340365277325445,8.035714285714285
30,31,901,direct,113,74,4.833241816203824,15.521472392638037
30,31,902,coalition,179,21,4.1626767842635815,15.734177215189876
30,31,903,algorithmic,473,40,6.002861683178672,9.777777777777779
30,32,901,direct,137,74,4.714118035432638,16.0752688172043
30,32,902,coalition,101,21,3.8354125573037123,15.99497487437186
30,32,903,algorithmic,527,40,5.248849888995282,7.2
30,33,901,direct,68,74,4.772555578705312,16.523809523809526
30,33,902,coalition,164,21,4.058226388049005,11.833333333333334
30,33,903,algorithmic,533,40,5.241744582099349,10.777777777777779
30,34,901,direct,107,74,4.209772450223486,14.822695035460992
30,34,902,coalition,204,21,4.715010493814419,15.91304347826087
30,34,903,algorithmic,454,40,5.672562795366774,9.275862068965516
30,35,901,direct,142,74,5.026984019501625,15.944444444444445
30,35,902,coalition,134,21,4.066995474753891,15.461538461538462
30,35,903,algorithmic,489,40,4.788138185377449,7.702127659574468
30,36,901,direct,107,74,4.528462192013594,16.6046511627907
30,36,902,coalition,131,21,4.002130303568258,15.7012987012987
30,36,903,algorithmic,527,40,5.377047470423756,10.90909090909091
30,37,901,direct,140,74,4.359471249868601,15.944444444444445
30,37,902,coalition,112,21,4.847379420459295,16.675496688741724
30,37,903,algorithmic,513,40,5.463206089789104,9.487804878048781
30,38,901,direct,79,74,4.371194562850829,16.572769953051644
30,38,902,coalition,169,21,4.343907969342273,15.484848484848484
30,38,903,algorithmic,517,40,5.318004740240281,9.275862068965516
30,39,901,direct,150,74,4.6103703703703705,15.197368421052632
30,39,902,coalition,126,21,5.111273554256011,14.198198198198197
30,39,903,algorithmic,489,40,5.151308557508106,8.875
30,40,901,direct,50,74,4.015368979231109,16.72645739910314
30,40,902,coalition,115,21,3.8252370330234697,10.0
30,40,903,algorithmic,600,40,5.31850359358683,10.70967741935484
30,41,901,direct,99,74,4.274971941638609,14.065040650406504
30,41,902,coalition,103,21,3.503528185457438,11.555555555555555
30,41,903,algorithmic,563,40,5.538809224681945,8.702127659574469
30,42,901,direct,93,74,4.754523996852872,15.755813953488373
30,42,902,coalition,141,21,3.872463417733682,11.721311475409836
30,42,903,algorithmic,531,40,5.330731071999878,10.60655737704918
30,43,901,direct,115,74,4.83523629489603,15.602409638554217
30,43,902,coalition,146,21,4.315166585182809,13.333333333333334
30,43,903,algorithmic,504,40,5.209366867054138,11.641509433962264
30,44,901,direct,84,74,4.8318990246701095,16.117021276595743
30,44,902,coalition,190,21,4.268893408253158,13.058823529411764
30,44,903,algorithmic,491,40,5.109662266162397,9.157894736842106
30,45,901,direct,95,74,4.821052631578947,15.350318471337578
30,45,902,coalition,189,21,4.55553797259696,16.047619047619047
30,45,903,algorithmic,481,40,5.270707257968404,6.521739130434783
30,46,901,direct,99,74,4.267103644552412,15.654761904761905
30,46,902,coalition,146,21,4.252284871698973,11.368421052631579
30,46,903,algorithmic,520,40,5.158148430516851,9.641509433962264
30,47,901,direct,121,74,4.72528129045106,15.755813953488373
30,47,902,coalition,173,21,4.305865694168262,16.795180722891565
30,47,903,algorithmic,471,40,5.304827664977791,11.389830508474576
30,48,901,direct,69,74,4.418085519247058,16.237113402061855
30,48,902,coalition,124,21,4.661876737100799,14.130841121495326
30,48,903,algorithmic,572,40,5.326495897690997,6.136363636363637
30,49,901,direct,80,74,5.137391707920792,14.859154929577466
30,49,902,coalition,123,21,3.8460885296040606,13.019801980198022
30,49,903,algorithmic,562,40,5.46592711342459,11.70967741935484
30,50,901,direct,81,74,4.421307087973755,15.22875816993464
30,50,902,coalition,128,21,4.490694838161271,11.825396825396826
30,50,903,algorithmic,556,40,5.516999399246543,9.521739130434783
30,51,901,direct,114,74,4.57728781412992,15.259740259740258
30,51,902,coalition,170,21,4.498385932361591,16.64864864864865
30,51,903,algorithmic,481,40,5.688582783177377,10.275862068965516
30,52,901,direct,129,74,4.75698268395044,16.096256684491976
30,52,902,coalition,157,21,4.386259596332362,13.701149425287353
30,52,903,algorithmic,479,40,4.990492297971159,7.7142857142857135
30,53,901,direct,92,74,4.703205600589536,16.386138613861387
30,53,902,coalition,177,21,4.503202477117725,9.918367346938776
30,53,903,algorithmic,496,40,5.125255586755269,9.70967741935484
30,54,901,direct,133,74,5.02560970955307,15.575757575757578
30,54,902,coalition,154,21,4.005897316945225,13.98477157360406
30,54,903,algorithmic,478,40,5.488393481788125,8.040816326530612
30,55,901,direct,61,74,4.333434795842936,16.45631067961165
30,55,902,coalition,128,21,4.157375849593522,13.435897435897434
30,55,903,algorithmic,576,40,5.246654663084191,8.641509433962264
30,56,901,direct,138,74,4.43292205248727,14.552238805970147
30,56,902,coalition,159,21,4.509863989588011,15.64864864864865
30,56,903,algorithmic,468,40,5.591472643711449,8.5
30,57,901,direct,76,74,4.692436779815248,16.540284360189574
30,57,902,coalition,145,21,4.443185024025359,15.88268156424581
30,57,903,algorithmic,544,40,5.3869599913094,8.2
30,58,901,direct,118,74,4.777349768875193,15.100671140939598
30,58,902,coalition,152,21,4.372294563437269,16.78787878787879
30,58,903,algorithmic,495,40,5.689913164592847,9.5
30,59,901,direct,98,74,5.064665401044138,16.17801047120419
30,59,902,coalition,164,21,4.679480123181123,12.825396825396828
30,59,903,algorithmic,503,40,5.146233480241971,9.702127659574469
30,60,901,direct,115,74,4.735701447209396,15.730994152046783
30,60,902,coalition,152,21,4.440473000684239,10.551724137931034
30,60,903,algorithmic,498,40,5.170072330142264,11.60655737704918
30,61,901,direct,83,74,4.3576632109834685,16.117021276595743
30,61,902,coalition,142,21,4.435109549364253,14.837209302325581
30,61,903,algorithmic,540,40,5.495089064819396,7.521739130434783
30,62,901,direct,98,74,4.547996976568405,15.320512820512821
30,62,902,coalition,157,21,4.188633023027927,16.76543209876543
30,62,903,algorithmic,510,40,5.364996368917938,9.5
30,63,901,direct,85,74,4.836625795129232,15.730994152046783
30,63,902,coalition,150,21,4.534856022534197,13.774193548387096
30,63,903,algorithmic,530,40,5.344869788523045,7.702127659574468
30,64,901,direct,98,74,4.917722644613401,15.379746835443038
30,64,902,coalition,139,21,4.2997462874640044,14.530864197530864
30,64,903,algorithmic,528,40,5.32565447224792,9.60655737704918
30,65,901,direct,90,74,4.165174129353233,15.730994152046783
30,65,902,coalition,165,21,4.37719362077943,12.014925373134329
30,65,903,algorithmic,510,40,5.234365492991198,6.136363636363637
30,66,901,direct,89,74,4.746887336774977,15.521472392638037
30,66,902,coalition,112,21,3.7684137516939424,11.619047619047619
30,66,903,algorithmic,564,40,5.670055481666237,8.157894736842106
30,67,901,direct,107,74,4.537383177570093,15.493827160493828
30,67,902,coalition,135,21,4.447168007428897,13.484848484848484
30,67,903,algorithmic,523,40,5.671687128347422,10.641509433962264
30,68,901,direct,91,74,4.7245657568238215,15.944444444444445
30,68,902,coalition,152,21,3.610306601418156,13.709677419354838
30,68,903,algorithmic,522,40,5.673182823164284,10.264705882352942
30,69,901,direct,108,74,5.071059431524548,15.548780487804876
30,69,902,coalition,163,21,4.35177980614162,15.837209302325581
30,69,903,algorithmic,494,40,5.415562472873575,7.777777777777777
30,70,901,direct,72,74,4.452403142087442,15.966850828729282
30,70,902,coalition,144,21,4.30401010221436,13.101449275362322
30,70,903,algorithmic,549,40,5.4472127463568105,8.040816326530612
30,71,901,direct,113,74,4.308057580235435,14.965517241379308
30,71,902,coalition,186,21,4.668669472726826,12.435897435897434
30,71,903,algorithmic,466,40,5.226747482494008,11.035714285714285
30,72,901,direct,101,74,4.623762376237623,16.0752688172043
30,72,902,coalition,169,21,5.2637568250567845,16.029126213592235
30,72,903,algorithmic,495,40,5.415692576669715,8.2
30,73,901,direct,98,74,4.446064139941691,15.804597701149424
30,73,902,coalition,104,21,4.11814765694076,10.959183673469388
30,73,903,algorithmic,563,40,5.046543800754618,8.2
30,74,901,direct,112,74,4.5606843048481425,15.730994152046783
30,74,902,coalition,134,21,3.8660581802765623,13.387096774193548
30,74,903,algorithmic,519,40,5.57371423358155,10.80952380952381
30,75,901,direct,84,74,4.633116883116883,16.054054054054056
30,75,902,coalition,125,21,4.416727272727273,15.7012987012987
30,75,903,algorithmic,556,40,5.7284172661870505,9.5
30,76,901,direct,151,74,4.434117378396894,15.350318471337578
30,76,902,coalition,104,21,3.5664065575672685,15.620689655172415
30,76,903,algorithmic,510,40,5.53527947528671,9.641509433962264
30,77,901,direct,96,74,5.041696668586789,16.74107142857143
30,77,902,coalition,163,21,4.407134375618445,13.849462365591396
30,77,903,algorithmic,506,40,4.989043915411377,5.875
30,78,901,direct,75,74,4.58159536974165,15.680473372781064
30,78,902,coalition,134,21,3.7187825493126496,14.90710382513661
30,78,903,algorithmic,556,40,5.413284369109621,9.157894736842106
30,79,901,direct,89,74,4.938304392236977,15.067567567567568
30,79,902,coalition,160,21,4.49375,13.333333333333334
30,79,903,algorithmic,516,40,5.4181465821000705,8.875
30,80,901,direct,102,74,4.64297385620915,15.493827160493828
30,80,902,coalition,138,21,3.8033893106356875,11.428571428571429
30,80,903,algorithmic,525,40,5.554115226337448,10.035714285714285
30,81,901,direct,118,74,4.243402703282557,15.828571428571427
30,81,902,coalition,154,21,4.4286512763908785,13.734177215189876
30,81,903,algorithmic,493,40,5.429999743240814,10.5
30,82,901,direct,77,74,4.5788608478692,16.17801047120419
30,82,902,coalition,120,21,4.523032780543161,11.10144927536232
30,82,903,algorithmic,568,40,5.135929334573182,8.035714285714285
30,83,901,direct,69,74,5.036231884057971,15.133333333333331
30,83,902,coalition,169,21,4.004170188785573,13.571428571428571
30,83,903,algorithmic,527,40,5.847248576850095,10.035714285714285
30,84,901,direct,130,74,4.51965811965812,14.859154929577466
30,84,902,coalition,179,21,4.249962843479249,15.941798941798941
30,84,903,algorithmic,456,40,5.405485544848036,7.777777777777777
30,85,901,direct,61,74,4.56623358052247,16.40394088669951
30,85,902,coalition,109,21,4.919128297053916,12.226415094339622
30,85,903,algorithmic,595,40,5.355208017694086,7.930232558139535
30,86,901,direct,179,74,4.751981291412238,14.552238805970147
30,86,902,coalition,150,21,4.005882975515105,17.449612403100772
30,86,903,algorithmic,436,40,5.904072553808724,10.60655737704918
30,87,901,direct,82,74,4.416957026713124,17.103174603174605
30,87,902,coalition,118,21,4.3352774664274945,16.823529411764707
30,87,903,algorithmic,565,40,5.356441337596986,9.521739130434783
30,88,901,direct,59,74,4.245656116980433,15.290322580645162
30,88,902,coalition,86,21,3.2708065732789304,10.774193548387096
30,88,903,algorithmic,620,40,5.507164293577903,9.80952380952381
30,89,901,direct,114,74,3.91458508389988,14.469696969696969
30,89,902,coalition,189,21,3.994913309378718,9.226415094339622
30,89,903,algorithmic,462,40,5.411658857627983,8.5
30,90,901,direct,93,74,4.579976333796368,16.096256684491976
30,90,902,coalition,150,21,4.0204925091633745,17.04306220095694
30,90,903,algorithmic,522,40,5.312761435212594,8.275862068965516
30,91,901,direct,79,74,5.063291139240507,15.602409638554217
30,91,902,coalition,143,61,4.833180319878908,9.701742832278855
30,91,903,algorithmic,543,0,5.723973567327484,
30,92,901,direct,94,74,4.744576040247353,15.197368421052632
30,92,902,coalition,64,61,4.2681954077002855,10.339622641509434
30,92,903,algorithmic,607,0,5.199415600200404,
30,93,901,direct,77,74,3.888936004986359,15.62874251497006
30,93,902,coalition,167,61,4.826239736096668,9.682926829268293
30,93,903,algorithmic,521,0,5.27787237191737,
30,94,901,direct,114,74,4.1021831584607735,15.133333333333331
30,94,902,coalition,121,61,4.266280749020036,11.774647887323944
30,94,903,algorithmic,530,0,4.791692197347775,
30,95,901,direct,114,74,4.557187166812057,16.096256684491976
30,95,902,coalition,108,61,4.890869479104773,7.176470588235295
30,95,903,algorithmic,543,0,5.019429704279158,
30,96,901,direct,132,74,4.41505968778696,16.096256684491976
30,96,902,coalition,115,0,4.610927691234597,
30,96,903,algorithmic,518,61,5.011081951208001,9.207792207792208
30,97,901,direct,64,74,4.671875,16.4390243902439
30,97,902,coalition,176,0,4.6025411181902385,
30,97,903,algorithmic,525,61,5.786202090592335,9.405063291139241
30,98,901,direct,94,74,4.223404255319149,14.671532846715326
30,98,902,coalition,169,0,4.897229957992109,
30,98,903,algorithmic,502,61,5.522130456277082,7.304347826086957
30,99,901,direct,112,74,5.0625,15.62874251497006
30,99,902,coalition,205,0,4.822958960128523,
30,99,903,algorithmic,448,61,5.227157292557742,10.0
30,100,901,direct,128,74,4.640625,16.054054054054056
30,100,902,coalition,224,0,5.055222602739726,
30,100,903,algorithmic,413,61,5.467312348668281,8.780821917808218
31,1,901,direct,95,39,4.053337206254295,13.729096989966555
31,1,902,algorithmic,557,44,4.618843181640777,12.211652124964816
31,1,903,coalition,113,52,3.8654352650519312,13.371237458193981
31,2,901,direct,140,39,3.884278540684566,12.245421245421245
31,2,902,algorithmic,488,44,5.207559931163536,14.340073529411766
31,2,903,coalition,137,52,3.9019157655800525,12.140900562851783
31,3,901,direct,161,44,4.434649160944606,12.302349336057203
31,3,902,algorithmic,520,44,5.351629165510664,10.231283422459894
31,3,903,coalition,84,47,3.4113589016768553,12.882569264652775
31,4,901,direct,134,67,4.7091690866932305,14.681186826050741
31,4,902,algorithmic,469,21,5.316969650470215,11.833333333333334
31,4,903,coalition,162,47,3.8217092155000647,9.698412698412698
31,5,901,direct,119,67,4.747790171524782,16.7
31,5,902,algorithmic,456,21,4.850229107100931,13.348837209302324
31,5,903,coalition,190,47,4.248754825346013,8.177215189873419
31,6,901,direct,83,67,4.600331697840376,16.43243243243243
31,6,902,algorithmic,534,21,5.14995469538798,11.74468085106383
31,6,903,coalition,148,47,4.352502524210158,10.053763440860216
31,7,901,direct,141,67,4.68214055448098,15.570469798657717
31,7,902,algorithmic,517,21,5.109677809304599,12.0
31,7,903,coalition,107,47,3.7470427832141695,11.818181818181818
31,8,901,direct,130,67,4.32914508055173,16.81159420289855
31,8,902,algorithmic,518,21,4.843726134433722,14.363636363636363
31,8,903,coalition,117,47,4.144315695040333,10.320987654320987
31,9,901,direct,112,67,4.33165389293316,16.632653061224488
31,9,902,algorithmic,539,21,5.08741598167272,12.363636363636363
31,9,903,coalition,114,47,3.932016021249842,10.783783783783784
31,10,901,direct,138,67,4.540374282119336,16.29213483146067
31,10,902,algorithmic,483,21,5.058982198885829,9.555555555555555
31,10,903,coalition,144,47,3.580030170620058,10.257731958762886
31,11,901,direct,113,67,3.944073064255931,16.764705882352942
31,11,902,algorithmic,508,21,4.945465051856103,12.296296296296296
31,11,903,coalition,144,47,3.85046869625043,11.445544554455445
31,12,901,direct,73,67,4.40086517664023,16.312849162011172
31,12,902,algorithmic,559,21,5.098695870063911,13.07843137254902
31,12,903,coalition,133,47,4.1594797221880135,9.025974025974026
31,13,901,direct,137,67,4.4303100968680225,15.251798561151078
31,13,902,algorithmic,488,21,4.876238221442623,11.551724137931034
31,13,903,coalition,140,47,3.7179108517132686,12.945054945054947
31,14,901,direct,124,67,4.587661561939303,16.748768472906406
31,14,902,algorithmic,525,21,4.923510795988151,12.121951219512194
31,14,903,coalition,116,47,4.222168937758683,9.61111111111111
31,15,901,direct,94,67,4.669063872075312,16.526315789473685
31,15,902,algorithmic,555,21,5.312430180438437,14.551724137931032
31,15,903,coalition,116,47,3.742112139467001,9.235294117647058
31,16,901,direct,116,67,4.373137505321413,15.875
31,16,902,algorithmic,477,21,5.712076506975179,16.721311475409834
31,16,903,coalition,172,47,4.48097359893252,15.160493827160494
31,17,901,direct,98,67,4.838037075723194,16.373626373626372
31,17,902,algorithmic,501,21,4.4902201558285535,10.721311475409836
31,17,903,coalition,166,47,4.079496140742782,12.576923076923077
31,18,901,direct,116,67,4.514331810896627,15.975609756097564
31,18,902,algorithmic,539,21,4.980261198966356,14.363636363636363
31,18,903,coalition,110,47,3.8123419274111656,9.71264367816092
31,19,901,direct,119,67,4.109766983716564,16.373626373626372
31,19,902,algorithmic,527,68,5.162686052677369,9.817048853439681
31,19,903,coalition,119,0,4.1627420198848775,
31,20,901,direct,88,67,4.782862407862408,16.43243243243243
31,20,902,algorithmic,538,68,5.739274590575706,9.795698924731182
31,20,903,coalition,139,0,4.678402003767518,
31,21,901,direct,117,67,4.735042735042735,15.714285714285715
31,21,902,algorithmic,505,68,5.6002057348592,6.563380281690141
31,21,903,coalition,143,0,4.767336376811409,
31,22,901,direct,81,67,4.633812318693921,16.393442622950822
31,22,902,algorithmic,480,68,5.490038706739527,8.947368421052632
31,22,903,coalition,204,0,4.405200561674195,
31,23,901,direct,131,67,4.595419847328245,15.510204081632653
31,23,902,algorithmic,475,68,5.555488721804511,8.147058823529411
31,23,903,coalition,159,0,5.452573482223078,
31,24,901,direct,89,67,4.817477411776316,16.649746192893403
31,24,902,algorithmic,503,68,5.5608380175798,8.47191011235955
31,24,903,coalition,173,0,4.263121993901509,
31,25,901,direct,88,67,4.75,15.741935483870968
31,25,902,algorithmic,550,68,5.72533724340176,7.821917808219178
31,25,903,coalition,127,0,5.594208092525774,
31,26,901,direct,134,67,5.038007636237418,15.714285714285715
31,26,902,algorithmic,475,68,5.666848940533152,7.209302325581396
31,26,903,coalition,156,0,4.410666852527318,
31,27,901,direct,99,67,5.025757575757576,16.7
31,27,902,algorithmic,481,68,5.615488565488566,7.47191011235955
31,27,903,coalition,185,0,4.715730337078652,
31,28,901,direct,112,67,4.712662337662338,16.0
31,28,902,algorithmic,472,68,5.614727786337956,7.147058823529412
31,28,903,coalition,181,0,5.618951950443663,
31,29,901,direct,98,67,4.573836276083467,16.29213483146067
31,29,902,algorithmic,478,68,5.588876874618025,7.829268292682927
31,29,903,coalition,189,0,5.250357784476721,
31,30,901,direct,136,67,4.772058823529412,15.975609756097564
31,30,902,algorithmic,477,68,5.393235158766682,8.945945945945946
31,30,903,coalition,152,0,5.458793758456788,
31,31,901,direct,128,67,4.828898514851485,16.73267326732673
31,31,902,algorithmic,459,68,5.447162363295154,8.947368421052632
31,31,903,coalition,178,0,4.75923204384306,
31,32,901,direct,87,67,4.788956037445195,16.597938144329895
31,32,902,algorithmic,501,68,5.804411794966768,8.2987012987013
31,32,903,coalition,177,0,5.23150831345834,
31,33,901,direct,96,67,4.885416666666667,15.686274509803923
31,33,902,algorithmic,509,68,5.742940791247737,9.717391304347826
31,33,903,coalition,160,0,5.044250852514919,
31,34,901,direct,131,67,4.722247769704774,15.925925925925924
31,34,902,algorithmic,500,68,5.359456790123457,6.927710843373494
31,34,903,coalition,134,0,4.429371438212773,
31,35,901,direct,116,67,4.555137405916332,16.649746192893403
31,35,902,algorithmic,507,68,5.628951030747205,7.184210526315789
31,35,903,coalition,142,0,5.1666660395178985,
31,36,901,direct,120,67,5.182967032967032,16.373626373626372
31,36,902,algorithmic,490,68,5.486005830903791,8.41025641025641
31,36,903,coalition,155,0,4.374004490133522,
31,37,901,direct,88,67,4.818181818181818,16.451612903225808
31,37,902,algorithmic,485,68,5.9059971178361605,7.945945945945945
31,37,903,coalition,192,0,5.135463588588588,
31,38,901,direct,102,67,5.519607843137255,15.714285714285715
31,38,902,algorithmic,514,68,5.3622467027136285,9.209302325581396
31,38,903,coalition,149,0,4.716211367842396,
31,39,901,direct,90,67,4.588888888888889,16.07142857142857
31,39,902,algorithmic,505,68,5.764733616218765,6.829268292682927
31,39,903,coalition,170,0,4.944903327184532,
31,40,901,direct,149,67,4.953020134228188,15.769230769230768
31,40,902,algorithmic,440,68,5.4795454545454545,7.821917808219178
31,40,903,coalition,176,0,4.940745042628604,
31,41,901,direct,107,67,4.696153010215171,16.930232558139537
31,41,902,algorithmic,486,68,5.605129677481099,8.2987012987013
31,41,903,coalition,172,0,4.975472877582126,
31,42,901,direct,88,67,5.034090909090909,16.184971098265898
31,42,902,algorithmic,451,68,5.626020532407111,7.829268292682927
31,42,903,coalition,226,0,4.906555010611235,
31,43,901,direct,89,67,4.550561797752809,15.714285714285715
31,43,902,algorithmic,492,68,5.719512195121951,6.563380281690141
31,43,903,coalition,184,0,5.515396728195259,
31,44,901,direct,99,67,4.693711306614532,15.741935483870968
31,44,902,algorithmic,476,68,5.815126050420168,7.184210526315789
31,44,903,coalition,190,0,4.5846662496649095,
31,45,901,direct,114,67,4.459805814376452,16.0
31,45,902,algorithmic,480,68,5.583270202020202,9.947368421052632
31,45,903,coalition,171,0,4.8256806290047285,
31,46,901,direct,87,67,5.126436781609195,16.333333333333332
31,46,902,algorithmic,498,68,5.633757251227131,5.821917808219178
31,46,903,coalition,180,0,5.089806358870286,
31,47,901,direct,126,67,4.734335839598997,15.686274509803923
31,47,902,algorithmic,465,68,5.509476199459222,9.947368421052632
31,47,903,coalition,174,0,4.3457804981238315,
31,48,901,direct,104,67,4.636217948717949,16.5625
31,48,902,algorithmic,478,0,5.337844316596932,
31,48,903,coalition,183,68,4.798485883424408,6.066666666666666
31,49,901,direct,108,67,4.836431291104189,16.11764705882353
31,49,902,algorithmic,562,0,4.801781120204093,
31,49,903,coalition,95,68,4.631752321981424,9.738317757009346
31,50,901,direct,108,67,5.223925074499787,16.20689655172414
31,50,902,algorithmic,541,0,4.981444890616922,
31,50,903,coalition,116,68,4.619445545426521,9.298850574712644
31,51,901,direct,127,67,4.365783345454469,16.20689655172414
31,51,902,algorithmic,511,0,4.762806855124204,
31,51,903,coalition,127,68,5.215313603040999,11.552845528455284
31,52,901,direct,133,67,4.387508444781589,16.580310880829018
31,52,902,algorithmic,546,0,5.173821228208938,
31,52,903,coalition,86,68,4.025334688193708,8.41025641025641
31,53,901,direct,89,67,4.114103601653712,16.683417085427138
31,53,902,algorithmic,536,0,5.366571664291608,
31,53,903,coalition,140,68,4.477111749222302,6.147058823529412
31,54,901,direct,98,67,4.208567484965,15.741935483870968
31,54,902,algorithmic,538,0,4.991942998889579,
31,54,903,coalition,129,68,4.718926108338679,6.728395061728395
31,55,901,direct,158,67,4.3280333436245755,15.975609756097564
31,55,902,algorithmic,499,0,5.422581349857505,
31,55,903,coalition,108,68,4.884146341463414,14.581632653061224
31,56,901,direct,75,67,5.056380952380953,17.05357142857143
31,56,902,algorithmic,551,0,4.737784693288956,
31,56,903,coalition,139,68,4.705742548818089,11.806201550387598
31,57,901,direct,111,67,4.6083804806339295,15.319148936170212
31,57,902,algorithmic,551,0,4.500103863235517,
31,57,903,coalition,103,68,4.548440404875026,10.12280701754386
31,58,901,direct,107,67,4.24113694292114,16.271186440677965
31,58,902,algorithmic,542,0,4.754057240110152,
31,58,903,coalition,116,68,5.12809273329437,11.462809917355372
31,59,901,direct,103,67,4.490954427290572,16.184971098265898
31,59,902,algorithmic,604,0,4.904723678482773,
31,59,903,coalition,58,68,4.567071955351803,9.020833333333332
31,60,901,direct,117,67,4.169534213321195,16.09467455621302
31,60,902,algorithmic,505,0,5.225079629180162,
31,60,903,coalition,143,68,4.758720569371457,9.023809523809524
31,61,901,direct,85,67,4.792221150755384,16.393442622950822
31,61,902,algorithmic,603,0,4.931443128021007,
31,61,903,coalition,77,68,4.740685543964233,8.298850574712644
31,62,901,direct,110,67,4.621212121212121,15.629139072847682
31,62,902,algorithmic,514,0,5.3125630706757505,
31,62,903,coalition,141,68,4.4800619980273355,6.821917808219178
31,63,901,direct,128,67,4.966052502185315,16.25
31,63,902,algorithmic,530,0,5.010467560624793,
31,63,903,coalition,107,68,4.29275047382524,7.728395061728395
31,64,901,direct,79,67,4.346672546540249,16.597938144329895
31,64,902,algorithmic,572,0,5.1829076540239,
31,64,903,coalition,114,68,4.562383711381783,8.117647058823529
31,65,901,direct,106,67,4.509173355571771,15.448275862068966
31,65,902,algorithmic,536,0,5.160493833090319,
31,65,903,coalition,123,68,4.818334735071489,5.945945945945946
31,66,901,direct,90,67,4.75672514619883,16.162790697674417
31,66,902,algorithmic,577,0,5.477041770417232,
31,66,903,coalition,98,68,4.276515624609697,7.728395061728395
31,67,901,direct,148,67,4.879047754047754,15.769230769230768
31,67,902,algorithmic,546,0,5.2270742078434385,
31,67,903,coalition,71,68,4.754604550379199,8.625
31,68,901,direct,107,67,4.115464169391416,16.91588785046729
31,68,902,algorithmic,500,0,5.132862047947989,
31,68,903,coalition,158,68,4.686560984265941,11.020833333333332
31,69,901,direct,121,67,5.180716253443526,16.184971098265898
31,69,902,algorithmic,495,0,4.907488602480644,
31,69,903,coalition,149,68,4.24023655886169,9.717391304347826
31,70,901,direct,89,67,3.5939279197706164,16.470588235294116
31,70,902,algorithmic,540,0,4.905768640300231,
31,70,903,coalition,136,68,4.739976174664756,9.637362637362637
31,71,901,direct,125,67,4.91716048742546,15.741935483870968
31,71,902,algorithmic,537,0,4.881519783699964,
31,71,903,coalition,103,68,4.622084331642957,8.947368421052632
31,72,901,direct,75,67,4.346666666666667,16.544502617801047
31,72,902,algorithmic,586,0,4.987361950612105,
31,72,903,coalition,104,68,4.292287555376561,7.184210526315789
31,73,901,direct,149,67,4.264099846932768,15.319148936170212
31,73,902,algorithmic,510,0,5.288467797222162,
31,73,903,coalition,106,68,4.700388063695972,7.6944444444444455
31,74,901,direct,131,67,4.311729984716073,16.930232558139537
31,74,902,algorithmic,475,0,4.723261615525573,
31,74,903,coalition,159,68,4.634342547901126,12.472972972972972
31,75,901,direct,97,67,4.846671887453301,16.649746192893403
31,75,902,algorithmic,546,0,4.839378169709242,
31,75,903,coalition,122,68,4.51004255770402,10.070796460176991
31,76,901,direct,147,67,3.8799049967913657,15.950920245398775
31,76,902,algorithmic,525,0,5.024932004807636,
31,76,903,coalition,93,68,4.39079094927106,9.16326530612245
31,77,901,direct,102,67,4.3344016864108,16.901408450704224
31,77,902,algorithmic,571,0,5.0063363784041615,
31,77,903,coalition,92,68,4.682792406613594,7.298701298701299
31,78,901,direct,124,67,4.363450781866292,16.07142857142857
31,78,902,algorithmic,526,0,5.186505418013335,
31,78,903,coalition,115,68,5.070289855072464,11.366336633663366
31,79,901,direct,110,67,5.15934065934066,16.526315789473685
31,79,902,algorithmic,554,0,4.827123000503201,
31,79,903,coalition,101,68,4.600312662845232,10.557692307692308
31,80,901,direct,135,67,4.795767195767196,16.25
31,80,902,algorithmic,508,0,5.025378884091102,
31,80,903,coalition,122,68,4.633196721311475,7.795698924731181
31,81,901,direct,77,67,5.124785267642411,16.71641791044776
31,81,902,algorithmic,573,0,4.755745773197781,
31,81,903,coalition,115,68,4.6869565217391305,9.431372549019608
31,82,901,direct,104,67,4.588857723473108,15.384615384615383
31,82,902,algorithmic,557,0,4.9422315167378,
31,82,903,coalition,104,68,4.377487896718666,10.232323232323232
31,83,901,direct,127,67,4.359341411991485,16.11764705882353
31,83,902,algorithmic,500,0,5.027170563325148,
31,83,903,coalition,138,68,4.499573742540495,11.224137931034484
31,84,901,direct,101,67,4.607264479765302,16.580310880829018
31,84,902,algorithmic,566,0,5.096778318155763,
31,84,903,coalition,98,68,5.2420854857803105,10.416666666666666
31,85,901,direct,144,67,4.138215488215488,16.047904191616766
31,85,902,algorithmic,464,68,5.3810178232875945,7.066666666666666
31,85,903,coalition,157,0,4.679316526183302,
31,86,901,direct,91,67,4.557997557997558,16.857142857142858
31,86,902,algorithmic,502,68,5.5339594004932655,9.555555555555555
31,86,903,coalition,172,0,4.360280546327058,
31,87,901,direct,78,67,4.8076923076923075,15.796178343949045
31,87,902,algorithmic,534,68,5.842076385409957,9.728395061728396
31,87,903,coalition,153,0,5.185989522542261,
31,88,901,direct,155,67,4.541935483870968,15.416666666666664
31,88,902,algorithmic,386,68,5.680447610823259,8.117647058823529
31,88,903,coalition,224,0,4.818886408730159,
31,89,901,direct,97,67,4.720669869851192,17.013574660633484
31,89,902,algorithmic,518,68,5.541754747637101,8.2987012987013
31,89,903,coalition,150,0,5.59496581849523,
31,90,901,direct,127,67,4.41645331143423,15.950920245398775
31,90,902,algorithmic,433,68,5.44688930135026,8.637362637362637
31,90,903,coalition,205,0,4.641731932589332,
31,91,901,direct,111,67,4.502310600756196,16.580310880829018
31,91,902,algorithmic,489,68,5.548481091791432,7.428571428571429
31,91,903,coalition,165,0,5.394015656191822,
31,92,901,direct,98,67,4.553211114954457,16.271186440677965
31,92,902,algorithmic,494,68,5.629062878839863,8.117647058823529
31,92,903,coalition,173,0,4.935599751804317,
31,93,901,direct,155,67,4.7612903225806456,15.975609756097564
31,93,902,algorithmic,436,68,5.59607854106064,9.829268292682926
31,93,903,coalition,174,0,5.231917577796468,
31,94,901,direct,129,67,4.933564839173594,17.013574660633484
31,94,902,algorithmic,461,0,5.604018413639443,
31,94,903,coalition,175,68,5.371801643734417,6.428571428571429
31,95,901,direct,114,67,4.2462881793025335,16.615384615384613
31,95,902,algorithmic,533,0,4.887050751284079,
31,95,903,coalition,118,68,4.720816676902963,12.273504273504273
31,96,901,direct,126,67,4.734663234663235,16.333333333333332
31,96,902,algorithmic,523,0,4.921368825425771,
31,96,903,coalition,116,68,4.565134099616858,8.366336633663366
31,97,901,direct,95,67,4.7141213689962616,16.5625
31,97,902,algorithmic,554,0,4.976321382019016,
31,97,903,coalition,116,68,4.819324712643678,7.728395061728395
31,98,901,direct,114,67,4.746716518071134,15.900621118012422
31,98,902,algorithmic,526,0,5.038269797463922,
31,98,903,coalition,125,68,4.1601862675219765,9.47191011235955
31,99,901,direct,121,67,4.619490358126722,16.333333333333332
31,99,902,algorithmic,534,0,5.0174720919239295,
31,99,903,coalition,110,68,4.2681818181818185,8.495145631067961
31,100,901,direct,105,67,4.1669533966642645,16.470588235294116
31,100,902,algorithmic,559,0,5.317362683039864,
31,100,903,coalition,101,68,4.5420438354902295,7.518987341772152
32,1,901,algorithmic,572,50,4.524650934349931,10.115576923076922
32,1,902,direct,86,38,4.440590080630526,13.762541806020067
32,1,903,coalition,107,47,3.9828959980829137,13.844517184942719
32,2,901,algorithmic,497,50,5.349537796251075,11.988461538461538
32,2,902,direct,104,66,2.867552790346908,11.184712983493473
32,2,903,coalition,164,19,3.654006614009413,11.993464052287582
32,3,901,algorithmic,507,22,5.338681952245903,11.0
32,3,902,direct,85,94,4.2008007173092565,12.300881685233092
32,3,903,coalition,173,19,4.336866879588376,13.631578947368421
32,4,901,algorithmic,470,22,5.518239746267929,12.181818181818182
32,4,902,direct,93,77,4.559252378539661,14.775280898876405
32,4,903,coalition,202,36,4.331533479837778,11.257611558849867
32,5,901,algorithmic,497,22,4.984588155363027,10.823529411764707
32,5,902,direct,115,77,4.8215740231150255,15.502958579881655
32,5,903,coalition,153,36,4.124422049665393,13.195652173913043
32,6,901,algorithmic,487,22,4.8080206798162495,11.615384615384617
32,6,902,direct,116,77,4.884446074834924,16.020942408376964
32,6,903,coalition,162,36,4.233269817633563,10.0
32,7,901,algorithmic,551,22,5.131492310550576,10.227272727272727
32,7,902,direct,103,77,4.756828150411512,16.041666666666664
32,7,903,coalition,111,36,3.604749737046691,11.5
32,8,901,algorithmic,503,22,4.82979923993464,10.911764705882353
32,8,902,direct,80,77,4.718503223207091,15.754189944134076
32,8,903,coalition,182,36,3.8683271225733376,13.568627450980392
32,9,901,algorithmic,550,22,4.989796865385637,11.882352941176471
32,9,902,direct,101,77,4.379559357655309,15.12820512820513
32,9,903,coalition,114,36,3.9360800739258743,12.69811320754717
32,10,901,algorithmic,486,22,5.312804544457111,12.865671641791044
32,10,902,direct,86,77,4.252926486655221,15.706214689265536
32,10,903,coalition,193,36,4.071617308688258,14.651006711409398
32,11,901,algorithmic,525,22,5.108935572897918,10.116279069767442
32,11,902,direct,108,77,4.457388389673371,15.30864197530864
32,11,903,coalition,132,36,4.179824675880708,13.154471544715447
32,12,901,algorithmic,537,22,5.0114958502147875,13.116279069767442
32,12,902,direct,82,77,4.608106643138164,15.869565217391305
32,12,903,coalition,146,36,4.523602918130109,13.391752577319586
32,13,901,algorithmic,480,22,5.302036272932839,9.878048780487806
32,13,902,direct,122,77,4.76265736799203,15.189873417721518
32,13,903,coalition,163,36,4.03716342544513,16.066298342541437
32,14,901,algorithmic,503,22,4.814883162481782,10.53191489361702
32,14,902,direct,107,77,4.817989631429575,16.16161616161616
32,14,903,coalition,155,36,3.917686126883107,12.92982456140351
32,15,901,algorithmic,525,22,4.991884984077036,12.333333333333332
32,15,902,direct,84,77,4.951754385964912,15.846994535519128
32,15,903,coalition,156,36,4.428829008207783,10.852941176470587
32,16,901,algorithmic,512,22,5.344296531705778,12.225806451612904
32,16,902,direct,121,77,4.866662133677841,15.25
32,16,903,coalition,132,36,4.007279719590773,10.833333333333334
32,17,901,algorithmic,539,22,5.240692003137511,11.8
32,17,902,direct,97,77,4.216397092454761,16.14213197969543
32,17,903,coalition,129,36,3.9343054417666847,11.569620253164556
32,18,901,algorithmic,560,22,5.149942701753152,14.440677966101696
32,18,902,direct,95,77,3.99204107830552,15.606936416184974
32,18,903,coalition,110,36,4.3309813251503195,11.13888888888889
32,19,901,algorithmic,472,22,4.990481270214763,13.0377358490566
32,19,902,direct,126,77,4.671660304665231,15.555555555555555
32,19,903,coalition,167,36,4.18002666492968,11.454545454545453
32,20,901,algorithmic,581,22,5.001206967961632,11.823529411764707
32,20,902,direct,80,77,4.270146362462333,16.237623762376238
32,20,903,coalition,104,36,4.309512342636979,12.195652173913043
32,21,901,algorithmic,490,22,5.217953625125164,14.111111111111112
32,21,902,direct,148,77,4.667703674897919,15.12820512820513
32,21,903,coalition,127,36,3.8371006405051613,12.930232558139537
32,22,901,algorithmic,562,22,5.284614253349669,9.615384615384617
32,22,902,direct,73,77,4.690068493150685,16.607142857142858
32,22,903,coalition,130,36,3.6192020052596976,10.262295081967213
32,23,901,algorithmic,516,22,5.336144422413613,12.714285714285715
32,23,902,direct,98,77,4.461603613777527,14.899328859060404
32,23,903,coalition,151,36,3.844396465033573,9.927536231884059
32,24,901,algorithmic,586,22,5.152394349662456,9.8
32,24,902,direct,86,77,4.872543135783946,15.632183908045977
32,24,903,coalition,93,36,3.955766064245019,9.512820512820513
32,25,901,algorithmic,532,22,5.253272069061543,13.379310344827587
32,25,902,direct,112,77,4.411060652709359,15.30864197530864
32,25,903,coalition,121,36,4.468886003891228,9.0
32,26,901,algorithmic,481,22,5.032740236943662,10.625
32,26,902,direct,109,77,4.927758748300256,15.957446808510637
32,26,903,coalition,175,36,4.134526537292494,13.73170731707317
32,27,901,algorithmic,517,22,5.336527187591017,11.324324324324325
32,27,902,direct,90,77,4.794594594594594,15.891891891891891
32,27,903,coalition,158,36,4.338913054102927,15.333333333333334
32,28,901,algorithmic,598,22,5.244794985192893,13.8
32,28,902,direct,73,77,5.158066576762012,15.421686746987952
32,28,903,coalition,94,36,3.910159478172861,11.394736842105264
32,29,901,algorithmic,517,22,5.500769981092368,12.71875
32,29,902,direct,105,77,4.5718715393134,14.899328859060404
32,29,903,coalition,143,36,3.474348218895199,13.286821705426355
32,30,901,algorithmic,541,22,4.992058706477823,12.75
32,30,902,direct,91,77,4.252572180460827,15.801104972375692
32,30,903,coalition,133,36,4.15558201481729,9.776119402985074
32,31,901,algorithmic,555,22,5.099593521036711,14.625
32,31,902,direct,65,77,4.215463439514073,15.449101796407184
32,31,903,coalition,145,36,4.166682890376882,9.569620253164556
32,32,901,algorithmic,474,22,5.576832151300237,10.961538461538462
32,32,902,direct,112,77,4.696428571428571,14.609929078014186
32,32,903,coalition,179,36,4.058453492305864,15.055555555555555
32,33,901,algorithmic,549,22,4.808829220606486,11.0
32,33,902,direct,89,77,4.542093385630086,15.957446808510637
32,33,903,coalition,127,36,3.9113106859852897,11.512820512820513
32,34,901,algorithmic,531,22,5.290573273828328,13.769230769230772
32,34,902,direct,83,77,4.981258366800535,15.393939393939396
32,34,903,coalition,151,36,3.8030225844795384,10.783132530120483
32,35,901,algorithmic,473,22,5.260353681902465,10.615384615384617
32,35,902,direct,134,77,4.5452575830524795,15.22012578616352
32,35,903,coalition,158,36,4.179114210493981,17.118279569892472
32,36,901,algorithmic,566,22,4.809246391954641,10.615384615384617
32,36,902,direct,105,77,4.489433609327572,16.38095238095238
32,36,903,coalition,94,36,3.393621261331547,12.286821705426355
32,37,901,algorithmic,481,22,5.019444514320615,9.625
32,37,902,direct,109,77,4.729486547530588,15.801104972375692
32,37,903,coalition,175,36,3.81028523705512,10.96551724137931
32,38,901,algorithmic,564,22,4.979899162080013,13.227272727272727
32,38,902,direct,91,77,4.866562009419152,15.891891891891891
32,38,903,coalition,110,36,4.06023166023166,12.354166666666666
32,39,901,algorithmic,459,22,5.169399831774879,10.4375
32,39,902,direct,130,77,4.455702917771884,15.449101796407184
32,39,903,coalition,176,36,3.8591443191203796,8.26923076923077
32,40,901,algorithmic,535,22,5.408410827928242,13.0377358490566
32,40,902,direct,128,77,3.9755998222748814,16.310679611650485
32,40,903,coalition,102,36,4.078002147919069,17.34123222748815
32,41,901,algorithmic,547,22,5.358266553528896,10.75
32,41,902,direct,80,77,4.902919708029197,16.274509803921568
32,41,903,coalition,138,36,3.7583602466692803,14.11111111111111
32,42,901,algorithmic,586,22,5.127317880790294,12.96153846153846
32,42,902,direct,73,77,4.6438356164383565,15.12820512820513
32,42,903,coalition,106,36,3.689790850440867,14.92982456140351
32,43,901,algorithmic,499,22,5.211963642113703,12.55737704918033
32,43,902,direct,130,77,4.588052373158757,14.899328859060404
32,43,903,coalition,136,36,4.026285108420954,11.262295081967213
32,44,901,algorithmic,481,22,4.528556867896141,11.434782608695652
32,44,902,direct,141,77,4.588012292030743,16.310679611650485
32,44,903,coalition,143,36,4.622430756242491,13.195652173913043
32,45,901,algorithmic,539,22,5.037464839308157,11.324324324324325
32,45,902,direct,85,77,4.291392874656205,16.497695852534562
32,45,903,coalition,141,36,4.142931738969464,13.067415730337078
32,46,901,algorithmic,535,22,5.117309601983455,9.961538461538462
32,46,902,direct,73,77,4.606332024140244,15.279503105590061
32,46,903,coalition,157,36,3.99023767702804,9.568627450980392
32,47,901,algorithmic,533,22,4.849182710158819,9.8
32,47,902,direct,108,77,4.705877371273713,14.899328859060404
32,47,903,coalition,124,36,3.6750893050443816,12.73170731707317
32,48,901,algorithmic,515,22,5.103708066330117,14.625
32,48,902,direct,123,77,4.722260015873333,15.869565217391305
32,48,903,coalition,127,36,3.644966830950889,10.394736842105264
32,49,901,algorithmic,563,22,4.890411375917522,12.75
32,49,902,direct,56,77,4.70436507936508,16.180904522613066
32,49,903,coalition,146,36,3.9641529565636406,8.927536231884059
32,50,901,algorithmic,464,22,5.237225741411063,10.379310344827587
32,50,902,direct,139,77,4.633623872677935,14.242424242424244
32,50,903,coalition,162,36,4.418467519190409,11.394736842105264
32,51,901,algorithmic,536,22,4.740165810244092,9.225806451612904
32,51,902,direct,102,77,4.593917139376531,16.46511627906977
32,51,903,coalition,127,36,4.305789235589804,13.568627450980392
32,52,901,algorithmic,460,22,4.557320489855908,11.8
32,52,902,direct,104,77,4.872863247863248,15.730337078651687
32,52,903,coalition,201,36,3.6561723219110442,11.512820512820513
32,53,901,algorithmic,523,22,4.805678474093576,9.75
32,53,902,direct,102,77,4.5452208774520315,15.777777777777779
32,53,903,coalition,140,36,4.275934893731503,11.569620253164556
32,54,901,algorithmic,506,22,5.243092520571758,11.8
32,54,902,direct,100,77,4.553483146067416,15.730337078651687
32,54,903,coalition,159,36,4.199709258305824,17.0
32,55,901,algorithmic,560,22,4.862620603917881,9.823529411764707
32,55,902,direct,87,77,4.761938618319706,15.681818181818185
32,55,903,coalition,118,36,4.541135613777225,12.783132530120483
32,56,901,algorithmic,539,22,4.945991424506729,14.71875
32,56,902,direct,100,77,5.003636363636364,15.337423312883434
32,56,903,coalition,126,36,4.167990432369267,13.464646464646465
32,57,901,algorithmic,501,22,5.087058801651356,9.823529411764707
32,57,902,direct,92,77,4.274616864704294,15.681818181818185
32,57,903,coalition,172,36,4.314086516810971,12.0
32,58,901,algorithmic,533,22,5.305170351034614,10.625
32,58,902,direct,92,77,4.7093572778827975,15.476190476190478
32,58,903,coalition,140,36,4.003830227743271,16.309178743961354
32,59,901,algorithmic,494,22,5.149716653497232,8.225806451612904
32,59,902,direct,144,77,4.898412698412699,15.476190476190478
32,59,903,coalition,127,36,4.516189508569493,13.070422535211268
32,60,901,algorithmic,613,22,4.904381671961306,13.111111111111112
32,60,902,direct,51,77,4.730936819172113,16.545454545454547
32,60,903,coalition,101,36,3.877337733773378,9.859649122807017
32,61,901,algorithmic,487,22,5.175786930575016,10.333333333333332
32,61,902,direct,153,77,4.8765859284890425,14.015748031496063
32,61,903,coalition,125,36,3.65511563995677,13.067415730337078
32,62,901,algorithmic,590,22,5.237790776143186,10.615384615384617
32,62,902,direct,86,77,4.3027990011887765,16.68122270742358
32,62,903,coalition,89,36,4.221343030650719,13.568627450980392
32,63,901,algorithmic,500,22,5.122362160340654,11.882352941176471
32,63,902,direct,118,77,4.975396391470749,15.30864197530864
32,63,903,coalition,147,36,4.014291021067925,11.615384615384617
32,64,901,algorithmic,489,22,4.6119620497868725,9.166666666666668
32,64,902,direct,153,77,4.653738418444301,16.082474226804123
32,64,903,coalition,123,36,4.299045826076251,13.982758620689655
32,65,901,algorithmic,507,22,5.018058168233531,13.769230769230772
32,65,902,direct,95,77,4.917832272606527,16.68122270742358
32,65,903,coalition,163,36,4.2230222026032775,10.454545454545453
32,66,901,algorithmic,471,22,5.3287768774907756,11.440677966101696
32,66,902,direct,155,77,4.622561780796077,15.555555555555555
32,66,903,coalition,139,36,4.143845348666327,15.232323232323232
32,67,901,algorithmic,594,22,5.174729133749624,9.324324324324325
32,67,902,direct,75,77,4.375780938359648,16.70995670995671
32,67,903,coalition,96,36,3.8284049135342237,12.195652173913043
32,68,901,algorithmic,469,22,4.872810753227586,11.181818181818182
32,68,902,direct,136,77,4.76585092052088,14.966887417218544
32,68,903,coalition,160,36,4.050953566553764,12.333333333333332
32,69,901,algorithmic,590,22,5.121749884269871,10.324324324324325
32,69,902,direct,73,77,4.866218934712085,16.41509433962264
32,69,903,coalition,102,36,4.053721013765409,12.022727272727273
32,70,901,algorithmic,476,22,5.507195750608776,13.379310344827587
32,70,902,direct,134,77,4.111450049024948,14.899328859060404
32,70,903,coalition,155,36,4.0007792804940605,10.137254901960784
32,71,901,algorithmic,480,22,4.746600877192983,12.4375
32,71,902,direct,117,77,4.585863697705803,16.38095238095238
32,71,903,coalition,168,36,4.178075396825396,11.394736842105264
32,72,901,algorithmic,513,22,5.2697927595476095,11.227272727272727
32,72,902,direct,104,77,4.341773310662894,16.06217616580311
32,72,903,coalition,148,36,3.9475987894783677,16.275862068965516
32,73,901,algorithmic,557,22,5.4736635567197425,9.0
32,73,902,direct,100,77,4.650327868852459,15.777777777777779
32,73,903,coalition,108,36,4.4889361127976795,16.08743169398907
32,74,901,algorithmic,521,22,5.123000354457717,11.714285714285715
32,74,902,direct,132,77,4.7145949288806435,15.681818181818185
32,74,903,coalition,112,36,3.3808992346938775,12.428571428571429
32,75,901,algorithmic,543,22,5.123324756605684,13.714285714285715
32,75,902,direct,62,77,4.440321069594892,16.346153846153847
32,75,903,coalition,160,36,4.36518225078493,11.35483870967742
32,76,901,algorithmic,537,22,5.298460064964236,13.714285714285715
32,76,902,direct,122,77,4.584489281210592,14.492753623188406
32,76,903,coalition,106,36,4.387205630027616,12.930232558139537
32,77,901,algorithmic,537,22,5.710087122662898,10.166666666666668
32,77,902,direct,83,77,4.894386054857729,16.16161616161616
32,77,903,coalition,145,36,4.119572837694627,15.5177304964539
32,78,901,algorithmic,541,22,4.974018005260705,10.324324324324325
32,78,902,direct,103,77,4.768320255353105,15.22012578616352
32,78,903,coalition,121,36,3.9705553050321485,11.205479452054794
32,79,901,algorithmic,599,22,5.3088604029711375,8.75
32,79,902,direct,39,77,4.111845921800673,15.754189944134076
32,79,903,coalition,127,36,3.8696625373482805,11.882352941176471
32,80,901,algorithmic,526,22,5.3232136527265315,14.53191489361702
32,80,902,direct,107,77,4.447073639557235,13.391304347826084
32,80,903,coalition,132,36,4.335239536904662,11.27659574468085
32,81,901,algorithmic,491,22,5.028469094241966,14.769230769230772
32,81,902,direct,143,77,3.9027594879236083,15.846994535519128
32,81,903,coalition,131,36,4.046299899455058,11.195652173913043
32,82,901,algorithmic,505,22,5.233735811277118,12.0377358490566
32,82,902,direct,98,77,4.52003934103762,16.529680365296805
32,82,903,coalition,162,36,3.9078440127421095,15.891566265060241
32,83,901,algorithmic,522,22,5.327918625241126,11.878048780487804
32,83,902,direct,107,77,4.406708098107121,15.632183908045977
32,83,903,coalition,136,36,4.390853798752256,16.223350253807105
32,84,901,algorithmic,506,22,5.346382915383821,12.714285714285715
32,84,902,direct,101,77,4.5917429102703196,15.846994535519128
32,84,903,coalition,158,36,4.056660750384841,11.625
32,85,901,algorithmic,504,22,5.1507050873172355,12.116279069767442
32,85,902,direct,96,77,4.093368260243718,15.706214689265536
32,85,903,coalition,165,36,4.145429068120182,11.569620253164556
32,86,901,algorithmic,521,22,5.379073003318536,13.714285714285715
32,86,902,direct,89,77,4.499675077538314,15.58139534883721
32,86,903,coalition,155,36,4.0926377512745535,10.927536231884059
32,87,901,algorithmic,486,22,5.231228792144972,10.333333333333332
32,87,902,direct,136,77,4.43046955624355,15.393939393939396
32,87,903,coalition,143,36,4.131885658201448,7.708333333333333
32,88,901,algorithmic,508,22,5.050452314452296,12.227272727272727
32,88,902,direct,100,77,4.337699763113991,16.41509433962264
32,88,903,coalition,157,36,4.1578819799370486,10.956521739130434
32,89,901,algorithmic,558,22,5.380152329749104,11.882352941176471
32,89,902,direct,88,77,4.224431818181818,15.681818181818185
32,89,903,coalition,119,36,4.2770019772614924,16.177083333333336
32,90,901,algorithmic,558,22,4.985872992974034,12.8
32,90,902,direct,88,77,5.006818181818182,15.365853658536587
32,90,903,coalition,119,36,3.983138976211327,10.067796610169491
32,91,901,algorithmic,507,22,5.342839350756451,13.315789473684212
32,91,902,direct,118,77,4.734465434864238,15.365853658536587
32,91,903,coalition,140,36,3.9832184595159106,10.852941176470587
32,92,901,algorithmic,482,22,5.442471537958555,14.116279069767442
32,92,902,direct,137,77,4.9416058394160585,16.082474226804123
32,92,903,coalition,146,36,4.135166776845623,16.0
32,93,901,algorithmic,521,22,4.9268998091870975,12.882352941176471
32,93,902,direct,109,77,4.777039671867531,16.431924882629108
32,93,903,coalition,135,36,4.218622254840081,11.205479452054794
32,94,901,algorithmic,510,22,4.907661796147657,14.227272727272727
32,94,902,direct,103,77,4.735008566533409,15.891891891891891
32,94,903,coalition,152,36,4.386683122751234,8.96551724137931
32,95,901,algorithmic,513,22,5.03202725354785,13.0377358490566
32,95,902,direct,123,77,4.610756054084605,15.754189944134076
32,95,903,coalition,129,36,4.379745194969629,11.927536231884059
32,96,901,algorithmic,495,22,4.71164189181103,10.4375
32,96,902,direct,107,77,4.241648304333511,16.180904522613066
32,96,903,coalition,163,36,4.047157548177819,10.679012345679013
32,97,901,algorithmic,531,22,4.820738043067871,14.0
32,97,902,direct,114,77,4.5863391108873905,15.846994535519128
32,97,903,coalition,120,36,4.089414046791096,11.601941747572816
32,98,901,algorithmic,538,22,5.245842300919586,9.75
32,98,902,direct,105,77,5.03963133640553,16.0
32,98,903,coalition,122,36,4.116431016727435,8.0
32,99,901,algorithmic,479,22,5.088135032505734,13.96153846153846
32,99,902,direct,133,77,4.266338382486753,15.801104972375692
32,99,903,coalition,153,36,3.5277063402501985,11.852941176470587
32,100,901,algorithmic,561,22,5.110011021999465,10.823529411764707
32,100,902,direct,108,77,4.930622952179504,16.363636363636363
32,100,903,coalition,96,36,3.760042706892387,10.96551724137931
33,1,901,coalition,158,35,4.033105719320877,14.148590539894888
33,1,902,algorithmic,454,56,4.37925979402708,9.484593837535014
33,1,903,direct,153,44,4.427830904587336,13.652782000608086
33,2,901,coalition,133,35,3.844187477988391,13.853641456582631
33,2,902,algorithmic,526,21,5.019847106092787,11.736842105263158
33,2,903,direct,106,79,4.293850945131734,11.07308526052138
33,3,901,coalition,154,35,3.9221979093274735,12.506990283824674
33,3,902,algorithmic,482,42,5.388205845585468,9.156296851574213
33,3,903,direct,129,58,3.6569310633972534,15.76086956521739
33,4,901,coalition,129,35,4.216098350828842,13.191489361702128
33,4,902,algorithmic,531,42,5.308096592806294,9.678571428571429
33,4,903,direct,105,58,4.425025329280648,16.935483870967744
33,5,901,coalition,153,35,4.096342131330661,11.915571136430032
33,5,902,algorithmic,514,42,5.2950934624124075,9.807017543859649
33,5,903,direct,98,58,4.46968209305033,16.48148148148148
33,6,901,coalition,157,35,4.121368509299231,12.909090909090908
33,6,902,algorithmic,493,42,5.507338376393189,10.166666666666666
33,6,903,direct,115,58,5.103464310625435,16.32258064516129
33,7,901,coalition,95,15,4.48751774049526,16.219895287958117
33,7,902,algorithmic,554,42,5.419562044776495,8.27659574468085
33,7,903,direct,116,78,4.955194636161942,14.614532754067637
33,8,901,coalition,159,15,4.302846633366714,12.956521739130434
33,8,902,algorithmic,500,42,5.462809298730394,8.407407407407408
33,8,903,direct,106,78,4.768662838392125,16.010362694300518
33,9,901,coalition,153,15,4.796277881494692,16.190751445086704
33,9,902,algorithmic,509,42,5.544272832221007,8.264150943396226
33,9,903,direct,103,78,4.690611145406589,15.792349726775956
33,10,901,coalition,143,15,4.701181054474468,14.910447761194028
33,10,902,algorithmic,489,42,5.211284052168532,8.63265306122449
33,10,903,direct,133,78,4.609258421771652,15.722222222222221
33,11,901,coalition,124,15,3.393845462227585,17.10828025477707
33,11,902,algorithmic,560,42,5.405985961263486,8.807017543859649
33,11,903,direct,81,78,5.018074793021714,16.333333333333332
33,12,901,coalition,153,15,3.5226220377513204,14.292682926829269
33,12,902,algorithmic,546,42,5.712798819098402,6.931034482758621
33,12,903,direct,66,78,4.660818149683473,15.126582278481013
33,13,901,coalition,120,15,4.3027928990503845,11.586206896551724
33,13,902,algorithmic,508,42,5.543569883903607,9.407407407407408
33,13,903,direct,137,78,4.6987076271150965,14.615384615384615
33,14,901,coalition,169,15,4.104058043026035,16.955223880597018
33,14,902,algorithmic,516,42,5.558802380187737,9.492063492063492
33,14,903,direct,80,78,4.686007462686567,16.401869158878505
33,15,901,coalition,110,15,5.408964343233947,14.133333333333333
33,15,902,algorithmic,523,42,5.548378833849661,6.88888888888889
33,15,903,direct,132,78,5.218951813214108,15.095541401273882
33,16,901,coalition,191,15,3.9996287768090184,13.870967741935484
33,16,902,algorithmic,481,42,5.497433736822531,10.692307692307693
33,16,903,direct,93,78,4.72216441207076,16.315789473684212
33,17,901,coalition,161,15,5.0974166124562235,17.31707317073171
33,17,902,algorithmic,478,42,5.3719977428669194,7.799999999999999
33,17,903,direct,126,78,5.014905149051491,15.470588235294118
33,18,901,coalition,92,15,4.632219604483472,13.777777777777779
33,18,902,algorithmic,608,42,5.49775570391496,8.88888888888889
33,18,903,direct,65,78,4.4778830365037265,16.20689655172414
33,19,901,coalition,127,15,4.072283450617039,15.679245283018869
33,19,902,algorithmic,525,42,5.929807271300761,9.492063492063492
33,19,903,direct,113,78,4.781766572048756,14.577464788732394
33,20,901,coalition,122,15,3.917169974115617,12.358490566037736
33,20,902,algorithmic,510,42,5.437006826225598,8.27659574468085
33,20,903,direct,133,78,4.712222886443432,15.94736842105263
33,21,901,coalition,147,15,4.389295126917762,13.970588235294118
33,21,902,algorithmic,502,42,5.391568181057283,9.931034482758621
33,21,903,direct,116,78,4.6772312373225144,16.333333333333332
33,22,901,coalition,146,15,4.600211975762436,12.333333333333334
33,22,902,algorithmic,489,42,5.203312017343945,9.115384615384615
33,22,903,direct,130,78,4.742737697085523,16.010362694300518
33,23,901,coalition,123,15,3.7460233297985153,10.108108108108109
33,23,902,algorithmic,585,42,5.226228234923887,9.166666666666666
33,23,903,direct,57,78,4.926209103840683,16.280193236714975
33,24,901,coalition,174,15,4.474995147594522,10.54385964912281
33,24,902,algorithmic,483,42,5.664951300982507,7.799999999999999
33,24,903,direct,108,78,4.750362829214155,14.253731343283581
33,25,901,coalition,174,15,4.03467130875711,15.25531914893617
33,25,902,algorithmic,498,42,5.431166875668286,7.807017543859649
33,25,903,direct,93,78,4.677533745138412,15.837837837837839
33,26,901,coalition,116,15,4.4433235509904625,15.25531914893617
33,26,902,algorithmic,537,42,5.519645133698314,7.276595744680851
33,26,903,direct,112,78,4.7287234042553195,15.470588235294118
33,27,901,coalition,107,15,4.13223643903631,12.142857142857142
33,27,902,algorithmic,547,42,5.4468800692357755,9.931034482758621
33,27,903,direct,111,78,4.598894027465456,15.925925925925926
33,28,901,coalition,121,15,4.404838471704886,12.586206896551724
33,28,902,algorithmic,545,42,5.471173564622067,8.264150943396226
33,28,903,direct,99,78,4.623297178650797,15.904255319148938
33,29,901,coalition,137,15,4.234653100346532,13.108108108108109
33,29,902,algorithmic,491,42,5.247606104530749,10.8
33,29,903,direct,137,78,4.792179040354223,15.625
33,30,901,coalition,134,15,4.315869491257383,11.666666666666668
33,30,902,algorithmic,540,42,5.265777704423492,11.387096774193548
33,30,903,direct,91,78,4.474201295393349,16.401869158878505
33,31,901,coalition,205,15,4.117660651806993,10.846153846153847
33,31,902,algorithmic,477,42,5.456803268124023,8.115384615384615
33,31,903,direct,83,78,4.262943666558124,15.416666666666666
33,32,901,coalition,148,15,4.675135254565215,15.360730593607306
33,32,902,algorithmic,516,42,5.358643278114049,9.387096774193548
33,32,903,direct,101,78,4.431845924318459,15.1875
33,33,901,coalition,188,57,4.407780815442781,10.752336682161243
33,33,902,algorithmic,470,0,5.480889136805943,
33,33,903,direct,107,78,5.318449290411906,15.674157303370785
33,34,901,coalition,119,57,4.792731062489144,13.241610738255034
33,34,902,algorithmic,533,0,4.614827660998629,
33,34,903,direct,113,78,4.961742142841147,15.815217391304346
33,35,901,coalition,108,57,4.428849902534113,9.08641975308642
33,35,902,algorithmic,520,0,4.996308613413877,
33,35,903,direct,137,78,4.471617811763797,15.94736842105263
33,36,901,coalition,137,57,4.316763696322413,8.727272727272727
33,36,902,algorithmic,493,0,4.871316696384861,
33,36,903,direct,135,78,4.554561878952123,16.401869158878505
33,37,901,coalition,108,57,4.10664124873725,11.455445544554456
33,37,902,algorithmic,528,0,4.8386313586144025,
33,37,903,direct,129,78,4.366798713032835,16.367924528301888
33,38,901,coalition,78,57,4.135424446104058,7.884057971014492
33,38,902,algorithmic,591,0,5.0347400692842434,
33,38,903,direct,96,78,4.186298741021391,16.262135922330096
33,39,901,coalition,144,57,4.669717405266538,8.727272727272727
33,39,902,algorithmic,507,0,5.044050255892334,
33,39,903,direct,114,78,5.004189578423671,15.549132947976878
33,40,901,coalition,78,57,3.956567995704121,8.64179104477612
33,40,902,algorithmic,563,0,5.115996214143773,
33,40,903,direct,124,78,5.063709677419355,15.968586387434556
33,41,901,coalition,139,57,4.53172984000859,9.112676056338028
33,41,902,algorithmic,510,0,5.078009290745939,
33,41,903,direct,116,78,4.756061847150841,16.16915422885572
33,42,901,coalition,120,57,4.889198884017537,8.820512820512821
33,42,902,algorithmic,507,0,4.58478864647427,
33,42,903,direct,138,78,4.748049052396879,16.010362694300518
33,43,901,coalition,133,57,4.146262855871179,12.0
33,43,902,algorithmic,496,0,4.758024099166025,
33,43,903,direct,136,78,4.416494094995293,16.41860465116279
33,44,901,coalition,100,57,4.053429465682987,7.884057971014492
33,44,902,algorithmic,544,0,5.346790175551748,
33,44,903,direct,121,78,4.575859195577505,16.384976525821596
33,45,901,coalition,95,57,3.9422647527910684,6.384615384615385
33,45,902,algorithmic,559,0,5.311082477450992,
33,45,903,direct,111,78,4.103603603603603,16.11111111111111
33,46,901,coalition,99,57,4.347732645604986,7.25
33,46,902,algorithmic,526,0,5.179143800920541,
33,46,903,direct,140,78,4.379659413434248,15.904255319148938
33,47,901,coalition,62,0,4.6748178980228925,
33,47,902,algorithmic,619,57,5.419331220909352,6.344827586206897
33,47,903,direct,84,78,4.773864384463463,16.451612903225808
33,48,901,coalition,155,0,4.044591107366754,
33,48,902,algorithmic,551,57,5.62355288521153,9.25301204819277
33,48,903,direct,59,78,4.527670002042067,15.217391304347826
33,49,901,coalition,157,0,5.169862146483895,
33,49,902,algorithmic,483,57,5.66313481914505,8.344827586206897
33,49,903,direct,125,78,5.056,14.338235294117645
33,50,901,coalition,167,0,5.018711092666153,
33,50,902,algorithmic,493,57,5.604060811760689,9.533333333333333
33,50,903,direct,105,78,4.79047619047619,16.18811881188119
33,51,901,coalition,173,0,4.534162648837271,
33,51,902,algorithmic,464,57,5.582820197044335,8.967741935483872
33,51,903,direct,128,78,4.7890625,15.76923076923077
33,52,901,coalition,188,0,5.402925531914893,
33,52,902,algorithmic,469,57,5.272869103957564,9.25
33,52,903,direct,108,78,4.907407407407407,16.24390243902439
33,53,901,coalition,178,0,5.9786382440646575,
33,53,902,algorithmic,471,57,5.680954840190509,6.819672131147541
33,53,903,direct,116,78,4.982758620689655,15.837837837837839
33,54,901,coalition,110,0,4.817051342439943,
33,54,902,algorithmic,535,57,5.411805723693768,9.0
33,54,903,direct,120,78,5.008333333333334,16.010362694300518
33,55,901,coalition,128,0,5.557816530748107,
33,55,902,algorithmic,548,57,5.762319834006447,6.819672131147541
33,55,903,direct,89,78,5.089887640449438,16.091370558375637
33,56,901,coalition,171,0,5.251908217665986,
33,56,902,algorithmic,486,57,5.65513907481779,7.111111111111111
33,56,903,direct,108,78,4.648148148148148,15.361445783132531
33,57,901,coalition,156,0,5.068612657322334,
33,57,902,algorithmic,484,57,5.615702479338843,7.967741935483871
33,57,903,direct,125,78,5.09427027027027,15.837837837837839
33,58,901,coalition,142,0,4.636579523735306,
33,58,902,algorithmic,539,57,5.564209482172707,8.764705882352942
33,58,903,direct,84,78,4.586134453781513,16.18811881188119
33,59,901,coalition,169,0,4.869528464846191,
33,59,902,algorithmic,487,57,5.675755991174258,7.666666666666667
33,59,903,direct,109,78,4.660550458715596,15.217391304347826
33,60,901,coalition,155,0,5.0881581685744015,
33,60,902,algorithmic,527,57,5.574646507926793,8.533333333333333
33,60,903,direct,83,78,5.048192771084337,15.86021505376344
33,61,901,coalition,159,0,5.34493602255476,
33,61,902,algorithmic,498,57,5.8531626506024095,8.344827586206897
33,61,903,direct,108,78,4.601851851851852,15.1875
33,62,901,coalition,160,0,5.049686293436293,
33,62,902,algorithmic,481,57,5.556104961510367,8.0
33,62,903,direct,124,78,4.388809316228671,15.837837837837839
33,63,901,coalition,176,0,5.2935606060606055,
33,63,902,algorithmic,491,57,5.499407240781835,9.111111111111109
33,63,903,direct,98,78,4.587724642095644,16.16915422885572
33,64,901,coalition,147,0,4.1634897822307995,
33,64,902,algorithmic,523,57,5.603933351543294,8.112676056338028
33,64,903,direct,95,78,4.419866567828021,15.600000000000003
33,65,901,coalition,201,0,4.432508841032451,
33,65,902,algorithmic,403,57,5.79006290034047,9.884057971014492
33,65,903,direct,161,78,4.860031778130868,15.523255813953488
33,66,901,coalition,159,0,5.241495340274474,
33,66,902,algorithmic,568,57,5.467644099893478,7.111111111111111
33,66,903,direct,38,78,4.631578947368421,16.764705882352942
33,67,901,coalition,163,0,4.201823516574117,
33,67,902,algorithmic,450,57,5.786666666666667,9.515151515151516
33,67,903,direct,152,78,4.953947368421052,13.304347826086959
33,68,901,coalition,180,0,5.500835869613162,
33,68,902,algorithmic,513,57,5.599998297539092,8.515151515151516
33,68,903,direct,72,78,4.985521150368312,16.637554585152838
33,69,901,coalition,179,0,4.761439501375144,
33,69,902,algorithmic,463,57,5.462637888297795,8.764705882352942
33,69,903,direct,123,78,4.682926829268292,14.832214765100671
33,70,901,coalition,157,0,5.266029723991507,
33,70,902,algorithmic,504,57,5.6611111111111105,9.111111111111109
33,70,903,direct,104,78,4.625,16.15
33,71,901,coalition,176,0,4.526299800716125,
33,71,902,algorithmic,485,57,5.538212678703651,6.967741935483871
33,71,903,direct,104,78,4.884615384615385,15.745856353591158
33,72,901,coalition,183,0,4.393760511178478,
33,72,902,algorithmic,544,57,5.90106028599285,6.764705882352941
33,72,903,direct,38,78,5.052631578947368,15.745856353591158
33,73,901,coalition,148,0,4.9851003790072985,
33,73,902,algorithmic,438,57,5.616537621600159,8.112676056338028
33,73,903,direct,179,78,4.865921787709497,13.304347826086959
33,74,901,coalition,148,0,5.48613570727986,
33,74,902,algorithmic,486,57,5.519418724279835,6.967741935483871
33,74,903,direct,131,78,4.771469465648855,16.9921875
33,75,901,coalition,188,0,5.031310444874275,
33,75,902,algorithmic,509,57,5.474459724950884,8.515151515151516
33,75,903,direct,68,78,5.073529411764706,16.298076923076923
33,76,901,coalition,156,0,5.045300878972278,
33,76,902,algorithmic,477,57,5.95293862502711,9.764705882352942
33,76,903,direct,132,78,4.909090909090909,14.689655172413792
33,77,901,coalition,183,0,4.852014537087876,
33,77,902,algorithmic,508,57,5.6283200843913646,7.515151515151516
33,77,903,direct,74,78,4.498642182852709,16.315789473684212
33,78,901,coalition,172,0,4.791775758509163,
33,78,902,algorithmic,467,57,5.707843498730803,9.0
33,78,903,direct,126,78,4.436507936507937,14.90066225165563
33,79,901,coalition,145,0,4.769644980465432,
33,79,902,algorithmic,506,57,5.53115325454156,7.666666666666667
33,79,903,direct,114,78,4.969298245614035,16.20689655172414
33,80,901,coalition,217,0,4.49417328154028,
33,80,902,algorithmic,448,57,5.692443436798803,10.631578947368421
33,80,903,direct,100,78,5.17,15.968586387434556
33,81,901,coalition,227,0,5.487269469125663,
33,81,902,algorithmic,422,57,5.639207968511527,7.666666666666667
33,81,903,direct,116,78,4.749707773232028,15.649717514124294
33,82,901,coalition,204,0,4.468720874247423,
33,82,902,algorithmic,485,57,5.148827519897441,8.884057971014492
33,82,903,direct,76,78,4.842105263157895,16.010362694300518
33,83,901,coalition,113,0,5.14748485578355,
33,83,902,algorithmic,561,57,5.653874383978191,7.641791044776119
33,83,903,direct,91,78,4.4228309004428406,14.967320261437909
33,84,901,coalition,171,0,4.469433387390044,
33,84,902,algorithmic,523,57,5.733084820926458,9.764705882352942
33,84,903,direct,71,78,4.383595691797846,15.416666666666666
33,85,901,coalition,155,0,4.507906914358528,
33,85,902,algorithmic,539,57,5.684901970616256,6.384615384615385
33,85,903,direct,71,78,4.633802816901408,14.797297297297296
33,86,901,coalition,189,0,4.88493956141015,
33,86,902,algorithmic,461,57,5.373864102714428,7.764705882352941
33,86,903,direct,115,78,5.057544757033249,14.797297297297296
33,87,901,coalition,170,0,4.96602508650519,
33,87,902,algorithmic,518,57,5.3301158301158305,6.764705882352941
33,87,903,direct,77,78,4.675324675324675,15.989583333333334
33,88,901,coalition,120,0,5.712265512265513,
33,88,902,algorithmic,456,57,5.54647983595352,7.111111111111111
33,88,903,direct,189,78,4.746031746031746,15.0
33,89,901,coalition,154,0,5.828190606386095,
33,89,902,algorithmic,528,57,5.606530530872636,7.175438596491228
33,89,903,direct,83,78,4.975903614457831,17.105263157894736
33,90,901,coalition,204,0,4.782685835528241,
33,90,902,algorithmic,425,57,5.654411764705882,8.64179104477612
33,90,903,direct,136,78,4.639705882352941,15.1875
33,91,901,coalition,176,0,5.454029160299037,
33,91,902,algorithmic,521,57,5.416317482630911,8.967741935483872
33,91,903,direct,68,78,4.4411764705882355,16.384976525821596
33,92,901,coalition,173,57,5.0541658361570665,6.25
33,92,902,algorithmic,470,0,5.618268525311812,
33,92,903,direct,122,78,5.360655737704918,14.689655172413792
33,93,901,coalition,112,57,5.361704616344355,10.4
33,93,902,algorithmic,534,0,4.3415850658029855,
33,93,903,direct,119,78,5.117647058823529,16.130653266331656
33,94,901,coalition,113,57,4.035037023659021,11.166666666666668
33,94,902,algorithmic,524,0,5.038279911201122,
33,94,903,direct,128,78,5.0283203125,16.07142857142857
33,95,901,coalition,106,57,4.498488714372463,7.666666666666667
33,95,902,algorithmic,571,0,5.148643521896727,
33,95,903,direct,88,78,4.518491124260355,16.24390243902439
33,96,901,coalition,133,57,4.694463431305537,11.042553191489361
33,96,902,algorithmic,516,0,4.962346817451551,
33,96,903,direct,116,78,4.873970816010434,15.333333333333334
33,97,901,coalition,109,57,4.5650369605781504,11.862385321100918
33,97,902,algorithmic,568,0,4.9484418261349346,
33,97,903,direct,88,78,4.55070362868528,16.010362694300518
33,98,901,coalition,89,57,4.45658835546476,10.636363636363637
33,98,902,algorithmic,531,0,4.784283513097073,
33,98,903,direct,145,78,4.4526645768025075,15.333333333333334
33,99,901,coalition,133,57,4.908961593172119,10.08641975308642
33,99,902,algorithmic,565,0,5.058666783964313,
33,99,903,direct,67,78,4.313280341587084,16.53153153153153
33,100,901,coalition,125,57,4.548,10.862385321100918
33,100,902,algorithmic,507,0,4.757957619107937,
33,100,903,direct,133,78,4.683255758443728,14.652777777777779
34,1,901,direct,89,44,3.9498096722646765,13.607327455153541
34,1,902,algorithmic,566,45,4.287064692642674,9.676413255360623
34,1,903,coalition,110,46,4.057901671173982,13.26174075184564
34,2,901,direct,170,44,4.033115919453964,11.56060606060606
34,2,902,algorithmic,490,45,5.311053324555629,14.25069098949696
34,2,903,coalition,105,46,4.614070201985465,12.011500701262271
34,3,901,direct,93,69,4.3924504600328484,11.545490220279095
34,3,902,algorithmic,503,20,5.597504220229448,12.581395348837209
34,3,903,coalition,169,46,4.718091236285194,11.956521739130435
34,4,901,direct,97,46,4.600716189742108,15.776397515527949
34,4,902,algorithmic,565,43,4.9541185691049225,9.155592469545958
34,4,903,coalition,103,46,3.745723532131299,12.315928484355954
34,5,901,direct,117,46,3.699344554589778,16.83098591549296
34,5,902,algorithmic,488,43,5.426716485892221,12.473684210526315
34,5,903,coalition,160,46,4.327866299861759,11.697301087904172
34,6,901,direct,93,46,3.5723004844343014,17.22222222222222
34,6,902,algorithmic,529,43,5.356330653323257,8.075471698113208
34,6,903,coalition,143,46,4.3728475395909046,12.387693464166343
34,7,901,direct,92,46,4.979417206290472,16.73913043478261
34,7,902,algorithmic,535,43,5.686816464505866,8.881355932203391
34,7,903,coalition,138,46,4.280107872497217,12.606382978723403
34,8,901,direct,76,46,3.8885789920535454,16.715328467153284
34,8,902,algorithmic,566,43,5.377588788678114,6.222222222222222
34,8,903,coalition,123,46,4.25342974462013,12.412687099073413
34,9,901,direct,102,46,4.685183256038871,16.280991735537192
34,9,902,algorithmic,532,43,5.741698056633122,7.7586206896551735
34,9,903,coalition,131,46,3.7897543720726854,12.443064182194618
34,10,901,direct,189,46,4.3851085086912756,16.93877551020408
34,10,902,algorithmic,505,43,5.142507209904664,11.166666666666668
34,10,903,coalition,71,46,2.480637795024113,12.144268774703555
34,11,901,direct,121,46,4.210193568187298,18.076923076923077
34,11,902,algorithmic,498,43,5.168992859146578,11.114754098360656
34,11,903,coalition,146,46,4.210846044441373,10.967316341829086
34,12,901,direct,95,46,4.639669894789962,17.289156626506024
34,12,902,algorithmic,546,43,5.234223991068122,8.631578947368421
34,12,903,coalition,124,46,4.025057786323562,12.558815160482585
34,13,901,direct,83,70,3.9484002402146947,14.253469387755102
34,13,902,algorithmic,546,43,5.365695026303649,10.881355932203391
34,13,903,coalition,136,22,4.279032829659795,13.337278106508876
34,14,901,direct,96,70,4.48328025477707,15.460526315789473
34,14,902,algorithmic,554,43,5.548705903852275,9.363636363636363
34,14,903,coalition,115,22,3.9586576900194648,14.662420382165605
34,15,901,direct,117,70,4.956929780459193,15.818181818181818
34,15,902,algorithmic,490,43,5.3984230055658635,11.636363636363637
34,15,903,coalition,158,22,4.22747015952526,12.818181818181815
34,16,901,direct,51,70,4.638369114009316,16.29032258064516
34,16,902,algorithmic,502,43,5.214739904950838,6.075471698113208
34,16,903,coalition,212,22,4.685742791659698,11.865671641791044
34,17,901,direct,131,70,5.075598407629605,14.25
34,17,902,algorithmic,514,43,5.1292713454334,8.764705882352942
34,17,903,coalition,120,22,3.871283556340991,11.384615384615385
34,18,901,direct,119,70,4.173073484713034,16.55
34,18,902,algorithmic,498,43,5.586437950383092,9.333333333333332
34,18,903,coalition,148,22,4.133410005750431,16.51063829787234
34,19,901,direct,113,70,4.610619469026549,16.329787234042552
34,19,902,algorithmic,496,43,5.568517420491974,8.075471698113208
34,19,903,coalition,156,22,4.4425261696164755,16.757396449704142
34,20,901,direct,111,70,4.602663289449045,16.208791208791208
34,20,902,algorithmic,483,43,4.986843825767448,12.114754098360656
34,20,903,coalition,171,22,4.16074428131871,11.612903225806452
34,21,901,direct,84,70,4.577746449456976,16.166666666666668
34,21,902,algorithmic,516,43,5.2679015651208125,9.538461538461538
34,21,903,coalition,165,22,3.9562224812224818,11.31578947368421
34,22,901,direct,123,70,4.454784394485933,15.490196078431373
34,22,902,algorithmic,506,43,5.1055958062599425,12.114754098360656
34,22,903,coalition,136,22,3.948293465414494,12.613636363636363
34,23,901,direct,83,70,4.451122049617943,16.40625
34,23,902,algorithmic,519,43,5.239464461766199,10.225806451612904
34,23,903,coalition,163,22,4.197649133620985,11.0
34,24,901,direct,135,70,4.822222222222222,15.460526315789473
34,24,902,algorithmic,493,43,5.458415529077566,11.0
34,24,903,coalition,137,22,4.451627720523142,16.858695652173914
34,25,901,direct,90,70,4.47559085518877,16.61764705882353
34,25,902,algorithmic,541,43,5.054461209833145,7.764705882352941
34,25,903,coalition,134,22,4.276384273717044,13.083333333333336
34,26,901,direct,73,70,4.671811687115353,15.660377358490567
34,26,902,algorithmic,552,43,5.699154442356829,12.683544303797468
34,26,903,coalition,140,22,3.8607317763966216,14.64516129032258
34,27,901,direct,131,70,4.420368877720355,15.140845070422536
34,27,902,algorithmic,539,43,5.766018227620137,9.923076923076923
34,27,903,coalition,95,22,4.42647392894597,13.695652173913043
34,28,901,direct,53,70,4.665661165986475,16.55
34,28,902,algorithmic,603,43,5.314497118494374,8.636363636363637
34,28,903,coalition,109,22,2.9741642939997894,10.11111111111111
34,29,901,direct,134,70,4.772781392184378,14.344262295081968
34,29,902,algorithmic,547,43,5.731303520196739,9.758620689655173
34,29,903,coalition,84,22,3.614826053915935,11.11111111111111
34,30,901,direct,115,70,4.40208605374732,16.600985221674875
34,30,902,algorithmic,500,43,5.378296308067164,10.114754098360656
34,30,903,coalition,150,22,3.5735296598383086,12.612903225806452
34,31,901,direct,99,70,4.536948431685274,16.25
34,31,902,algorithmic,546,43,5.217966646456349,10.73134328358209
34,31,903,coalition,120,22,3.5640233393166385,11.083333333333334
34,32,901,direct,98,70,4.803779246028486,15.892857142857142
34,32,902,algorithmic,496,43,5.264475396810674,8.73134328358209
34,32,903,coalition,171,22,3.7660555626743726,12.162162162162161
34,33,901,direct,127,70,4.505875060901819,15.868263473053892
34,33,902,algorithmic,482,43,5.628777714280981,10.683544303797468
34,33,903,coalition,156,22,3.988192270117344,16.90625
34,34,901,direct,83,70,4.912220309810671,16.479591836734695
34,34,902,algorithmic,555,43,5.107551305756689,6.0638297872340425
34,34,903,coalition,127,22,4.297162052363361,12.911764705882353
34,35,901,direct,125,70,4.576,15.460526315789473
34,35,902,algorithmic,487,43,5.477063684239735,9.631578947368421
34,35,903,coalition,153,22,4.795121747134131,15.581081081081079
34,36,901,direct,116,70,4.694510503369005,16.443298969072167
34,36,902,algorithmic,516,43,5.11228743084204,10.631578947368421
34,36,903,coalition,133,22,4.409132969569132,11.71875
34,37,901,direct,92,70,4.0876577840112205,16.27027027027027
34,37,902,algorithmic,585,43,5.25912924622602,8.075471698113208
34,37,903,coalition,88,22,3.7871389828937,11.612903225806452
34,38,901,direct,117,70,4.485441334065188,15.714285714285714
34,38,902,algorithmic,549,43,5.2565222356152015,10.08450704225352
34,38,903,coalition,99,22,3.200702905956365,11.625
34,39,901,direct,113,70,4.879056047197641,16.29032258064516
34,39,902,algorithmic,523,43,5.584236243892076,9.363636363636363
34,39,903,coalition,129,22,3.594633506861564,13.111111111111112
34,40,901,direct,133,70,4.279699248120301,16.208791208791208
34,40,902,algorithmic,517,43,5.131468531468531,11.636363636363637
34,40,903,coalition,115,22,3.7088557818992602,11.181818181818182
34,41,901,direct,81,70,4.4980154878232925,16.584158415841586
34,41,902,algorithmic,541,43,5.4229231012695704,9.333333333333332
34,41,903,coalition,143,22,3.6693927311283163,12.882352941176471
34,42,901,direct,100,70,4.9,15.4
34,42,902,algorithmic,510,43,5.610776343057548,9.631578947368421
34,42,903,coalition,155,22,4.19798473366737,15.71951219512195
34,43,901,direct,70,70,5.332142857142857,15.917159763313608
34,43,902,algorithmic,536,43,5.277387078083118,7.6000000000000005
34,43,903,coalition,159,22,4.597495441181944,12.162162162162161
34,44,901,direct,139,70,3.952633441680718,15.035971223021582
34,44,902,algorithmic,475,43,5.456194340472402,12.172413793103448
34,44,903,coalition,151,22,3.7897557724544275,12.55737704918033
34,45,901,direct,60,70,4.6712656529517,16.682692307692307
34,45,902,algorithmic,543,43,5.591863594882996,11.075471698113208
34,45,903,coalition,162,22,4.391797376183803,14.779069767441861
34,46,901,direct,141,70,4.594233228694338,14.651162790697676
34,46,902,algorithmic,482,43,5.686050466429273,10.881355932203391
34,46,903,coalition,142,22,4.411969806002996,14.852459016393443
34,47,901,direct,114,70,4.636709360312848,16.714285714285715
34,47,902,algorithmic,485,43,5.398730841397339,9.758620689655173
34,47,903,coalition,166,22,4.100222765400506,14.71165644171779
34,48,901,direct,85,70,4.833217993079584,16.229508196721312
34,48,902,algorithmic,524,43,5.676357716156166,9.225806451612904
34,48,903,coalition,156,22,4.411322094364057,17.87700534759358
34,49,901,direct,129,70,4.751937984496124,15.51948051948052
34,49,902,algorithmic,507,43,5.664574741497819,7.428571428571429
34,49,903,coalition,129,22,5.00356967956495,15.813559322033898
34,50,901,direct,103,70,4.769296686266466,16.515151515151516
34,50,902,algorithmic,542,43,5.140487038673204,8.631578947368421
34,50,903,coalition,120,22,3.8383643452064504,12.04225352112676
34,51,901,direct,178,70,4.192697648473796,15.988372093023255
34,51,902,algorithmic,466,0,5.378904195503719,
34,51,903,coalition,121,65,4.115462143649431,10.975260573692825
34,52,901,direct,117,70,4.670853662756497,17.206477732793523
34,52,902,algorithmic,538,0,4.61157556828078,
34,52,903,coalition,110,65,4.937872653662127,12.576271186440678
34,53,901,direct,83,70,4.831325301204819,16.29032258064516
34,53,902,algorithmic,571,0,4.973000449665004,
34,53,903,coalition,111,65,4.639155284316575,10.043478260869566
34,54,901,direct,124,70,5.412442396313364,15.460526315789473
34,54,902,algorithmic,513,0,4.7410066519682665,
34,54,903,coalition,128,65,4.452919407894737,10.46938775510204
34,55,901,direct,84,70,4.9399668355634265,16.424870466321245
34,55,902,algorithmic,574,0,5.064331464829817,
34,55,903,coalition,107,65,4.820679083337369,11.710743801652892
34,56,901,direct,128,70,4.674936038011696,15.490196078431373
34,56,902,algorithmic,457,0,5.376839576093019,
34,56,903,coalition,180,65,4.434713144517066,14.257309941520468
34,57,901,direct,112,70,4.768076697892272,16.49746192893401
34,57,902,algorithmic,526,0,4.650715985054127,
34,57,903,coalition,127,65,4.353228923067649,11.754098360655737
34,58,901,direct,88,70,4.6605782960495,16.187845303867405
34,58,902,algorithmic,582,0,5.388271475201918,
34,58,903,coalition,95,65,4.5015993021227105,6.447761194029851
34,59,901,direct,84,70,4.290555975224284,15.605095541401274
34,59,902,algorithmic,566,0,5.03902160356338,
34,59,903,coalition,115,65,4.190916643589033,9.6
34,60,901,direct,137,70,4.3128274715616515,15.490196078431373
34,60,902,algorithmic,501,0,4.937074887235633,
34,60,903,coalition,127,65,4.600380834748598,9.191489361702128
34,61,901,direct,76,70,3.9251219301318763,16.650485436893206
34,61,902,algorithmic,538,0,4.936677827188826,
34,61,903,coalition,151,65,4.368546261171478,13.167664670658683
34,62,901,direct,124,70,4.87181249093786,15.241379310344831
34,62,902,algorithmic,565,0,4.985091907049738,
34,62,903,coalition,76,65,4.918013759338201,11.6218487394958
34,63,901,direct,58,70,3.807961703436723,16.424870466321245
34,63,902,algorithmic,555,0,5.130412609032735,
34,63,903,coalition,152,65,5.078845104990456,10.263157894736842
34,64,901,direct,150,70,4.640620532813515,14.566929133858267
34,64,902,algorithmic,505,0,4.777390360945198,
34,64,903,coalition,110,65,4.54921922638458,10.263157894736842
34,65,901,direct,111,70,4.181527421484762,16.84931506849315
34,65,902,algorithmic,504,0,4.952298813858281,
34,65,903,coalition,150,65,5.004414003044141,10.402061855670103
34,66,901,direct,143,70,4.47291026730279,16.166666666666668
34,66,902,algorithmic,516,0,4.673277548359053,
34,66,903,coalition,106,65,3.9814553576676657,10.6
34,67,901,direct,78,70,4.453996983408748,16.745283018867923
34,67,902,algorithmic,590,0,5.142745083908519,
34,67,903,coalition,97,65,4.830772223302859,7.985915492957745
34,68,901,direct,133,70,4.901134824639238,15.306122448979593
34,68,902,algorithmic,493,0,4.894405738307317,
34,68,903,coalition,139,65,4.9523809523809526,9.043478260869566
34,69,901,direct,45,70,4.835249042145594,16.584158415841586
34,69,902,algorithmic,600,0,4.716315523010525,
34,69,903,coalition,120,65,4.270165341657319,9.78640776699029
34,70,901,direct,141,70,4.600524205982115,13.947368421052632
34,70,902,algorithmic,483,0,5.178247216253385,
34,70,903,coalition,141,65,4.429175389908629,8.727272727272727
34,71,901,direct,83,70,4.08342312338786,16.714285714285715
34,71,902,algorithmic,571,0,4.724354015285629,
34,71,903,coalition,111,65,4.33033033033033,12.25925925925926
34,72,901,direct,99,70,4.257441240492088,15.460526315789473
34,72,902,algorithmic,592,0,5.1579824575754545,
34,72,903,coalition,74,65,5.075391180654338,12.576271186440678
34,73,901,direct,125,70,4.6709565217391305,15.892857142857142
34,73,902,algorithmic,517,0,5.336631813042544,
34,73,903,coalition,123,65,4.800813008130081,8.11111111111111
34,74,901,direct,94,70,4.185968391224962,16.443298969072167
34,74,902,algorithmic,531,0,4.945095197441252,
34,74,903,coalition,140,65,4.384708560087578,8.380952380952381
34,75,901,direct,124,70,4.1421943569579485,15.766871165644174
34,75,902,algorithmic,547,0,4.891235910784303,
34,75,903,coalition,94,65,4.479951933782258,10.402061855670103
34,76,901,direct,126,70,4.458509142053446,16.424870466321245
34,76,902,algorithmic,568,65,5.167754893118058,7.447761194029851
34,76,903,coalition,71,0,5.0384587316645995,
34,77,901,direct,93,70,4.881720430107527,16.46153846153846
34,77,902,algorithmic,476,65,5.792187488651468,9.808988764044944
34,77,903,coalition,196,0,4.10217751750657,
34,78,901,direct,124,70,5.104838709677419,15.740740740740739
34,78,902,algorithmic,482,65,5.600481532708366,7.232876712328768
34,78,903,coalition,159,0,5.456472094851234,
34,79,901,direct,94,70,4.376309116966156,16.424870466321245
34,79,902,algorithmic,472,65,5.763107051901291,9.578947368421053
34,79,903,coalition,199,0,5.15612011516541,
34,80,901,direct,87,70,4.874903039277907,15.766871165644174
34,80,902,algorithmic,505,65,5.704197290894734,9.89873417721519
34,80,903,coalition,173,0,5.422919656456082,
34,81,901,direct,81,70,4.926242481798037,15.576923076923078
34,81,902,algorithmic,505,65,5.6799187611068795,6.447761194029851
34,81,903,coalition,179,0,5.307968109602396,
34,82,901,direct,118,70,4.313559322033898,15.4
34,82,902,algorithmic,408,65,5.709967320261438,8.88888888888889
34,82,903,coalition,239,0,4.596466759646677,
34,83,901,direct,90,70,4.63903743315508,16.310160427807485
34,83,902,algorithmic,487,65,5.523822596053542,8.0
34,83,903,coalition,188,0,5.780179770167255,
34,84,901,direct,106,70,4.286697519876587,15.660377358490567
34,84,902,algorithmic,443,65,5.637988557150361,9.289156626506024
34,84,903,coalition,216,0,4.870183038232595,
34,85,901,direct,46,70,4.8478260869565215,16.057142857142857
34,85,902,algorithmic,529,65,5.608695652173913,6.578947368421053
34,85,903,coalition,190,0,5.35983379501385,
34,86,901,direct,134,70,4.522388059701493,14.0
34,86,902,algorithmic,433,65,6.189276031730094,8.466666666666667
34,86,903,coalition,198,0,5.296515883472405,
34,87,901,direct,70,70,4.991625615763547,16.600985221674875
34,87,902,algorithmic,525,65,5.558029556650246,7.794871794871795
34,87,903,coalition,170,0,4.9287356321839075,
34,88,901,direct,128,70,5.046875,15.035971223021582
34,88,902,algorithmic,453,65,5.906697158829227,9.380952380952381
34,88,903,coalition,184,0,5.043403786287739,
34,89,901,direct,106,70,4.276793410592855,16.49746192893401
34,89,902,algorithmic,451,65,5.54156021024908,8.578947368421053
34,89,903,coalition,208,0,4.922895815779198,
34,90,901,direct,99,70,5.08080808080808,16.057142857142857
34,90,902,algorithmic,483,0,5.46583850931677,
34,90,903,coalition,183,65,5.4223263075722095,5.857142857142858
34,91,901,direct,87,70,4.392421302960136,15.892857142857142
34,91,902,algorithmic,580,0,4.753807080125998,
34,91,903,coalition,98,65,4.684031507339778,10.482758620689655
34,92,901,direct,105,70,4.276636034530771,15.576923076923078
34,92,902,algorithmic,535,0,5.280173060924003,
34,92,903,coalition,125,65,4.237948717948718,10.263157894736842
34,93,901,direct,73,70,4.652170761759803,16.03448275862069
34,93,902,algorithmic,595,0,4.954968718683278,
34,93,903,coalition,97,65,4.306671406564759,12.385964912280702
34,94,901,direct,139,70,4.8536529013164245,15.140845070422536
34,94,902,algorithmic,547,0,5.3178209939142755,
34,94,903,coalition,79,65,5.002674273489036,9.88888888888889
34,95,901,direct,89,70,3.7944050331690784,16.682692307692307
34,95,902,algorithmic,545,0,5.244107727135249,
34,95,903,coalition,131,65,5.032442748091603,9.967032967032967
34,96,901,direct,63,70,4.597883597883598,15.632911392405061
34,96,902,algorithmic,578,0,5.475756646664623,
34,96,903,coalition,124,65,4.715394038383013,14.717948717948717
34,97,901,direct,116,70,4.531272927366104,14.772727272727275
34,97,902,algorithmic,496,0,5.033632187710109,
34,97,903,coalition,153,65,4.649226937712545,11.018691588785046
34,98,901,direct,120,70,4.099829162898201,16.27027027027027
34,98,902,algorithmic,540,0,4.83163180192122,
34,98,903,coalition,105,65,4.469641596830537,11.018691588785046
34,99,901,direct,71,70,4.676056338028169,16.349206349206348
34,99,902,algorithmic,599,0,4.882329999191436,
34,99,903,coalition,95,65,4.281481481481482,7.111111111111111
34,100,901,direct,79,70,4.223462231582604,15.071428571428571
34,100,902,algorithmic,547,0,5.263645039265059,
34,100,903,coalition,139,65,5.151079136690647,11.181818181818182
35,1,901,coalition,138,46,3.8147697712915103,12.77669526440793
35,1,902,algorithmic,516,43,4.264791625256741,10.245243128964058
35,1,903,direct,111,46,3.342797342797343,13.494983277591974
35,2,901,coalition,125,46,4.008058608058608,12.464557838836297
35,2,902,algorithmic,510,43,5.016654297783504,11.950166112956811
35,2,903,direct,130,46,3.798465784196562,12.767558528428095
35,3,901,coalition,143,21,4.5365010188539605,15.352941176470589
35,3,902,algorithmic,486,63,5.429330177429912,10.921075323068678
35,3,903,direct,136,51,3.952261567341635,12.588857765328353
35,4,901,coalition,114,21,4.462894611338961,13.014925373134329
35,4,902,algorithmic,553,63,5.418437339564306,11.254417713434107
35,4,903,direct,98,51,4.192940911679426,17.311827956989248
35,5,901,coalition,195,68,4.370266010235653,12.076706447820717
35,5,902,algorithmic,404,16,5.618523318648928,11.59090909090909
35,5,903,direct,166,51,4.01989526922093,16.62162162162162
35,6,901,coalition,52,68,5.035627487440465,14.104651162790697
35,6,902,algorithmic,634,16,4.945580780574937,10.444444444444445
35,6,903,direct,79,51,3.960627023844569,17.685185185185183
35,7,901,coalition,180,68,4.738312731335987,8.2987012987013
35,7,902,algorithmic,475,16,5.458612539004216,14.972972972972972
35,7,903,direct,110,51,4.2005265005265,16.124031007751938
35,8,901,coalition,93,68,4.3869988246049365,10.232323232323232
35,8,902,algorithmic,566,16,4.550416586647292,15.115384615384617
35,8,903,direct,106,51,3.6486301406857513,16.875
35,9,901,coalition,104,68,4.683825894005659,9.092783505154639
35,9,902,algorithmic,570,16,5.212415306704509,12.73913043478261
35,9,903,direct,91,51,3.6085885203993677,16.794871794871796
35,10,901,coalition,55,68,5.020889748549323,8.795698924731182
35,10,902,algorithmic,580,16,5.286213394585083,11.59090909090909
35,10,903,direct,130,51,3.0689295989805325,16.45390070921986
35,11,901,coalition,129,68,4.116858237547892,7.6944444444444455
35,11,902,algorithmic,536,16,5.497296645189354,13.413793103448276
35,11,903,direct,100,51,3.905095157339363,17.22222222222222
35,12,901,coalition,76,68,4.449288619675653,8.637362637362637
35,12,902,algorithmic,577,16,5.1225414842646835,14.540983606557376
35,12,903,direct,112,51,3.641656403148541,16.666666666666664
35,13,901,coalition,108,68,4.928326474622771,9.386363636363637
35,13,902,algorithmic,555,16,5.408614208614209,13.59090909090909
35,13,903,direct,102,51,3.706877726485569,16.91358024691358
35,14,901,coalition,143,68,4.955741626794259,9.619047619047619
35,14,902,algorithmic,467,16,4.958131946568777,12.714285714285714
35,14,903,direct,155,51,4.387875333495028,16.710526315789473
35,15,901,coalition,129,68,4.393296059206439,7.637362637362636
35,15,902,algorithmic,556,16,5.029331988710827,10.444444444444445
35,15,903,direct,80,51,3.957017034456059,17.5609756097561
35,16,901,coalition,89,68,4.809287626271787,7.184210526315789
35,16,902,algorithmic,546,16,5.612077228453333,15.169811320754716
35,16,903,direct,130,51,3.902794254971869,16.153846153846153
35,17,901,coalition,116,68,4.4382183908045985,7.147058823529412
35,17,902,algorithmic,544,16,5.5212339743589745,11.153846153846153
35,17,903,direct,105,51,3.4593406593406595,17.22222222222222
35,18,901,coalition,111,68,4.60156931124673,8.020833333333332
35,18,902,algorithmic,552,16,5.365406582029803,11.058823529411764
35,18,903,direct,102,51,3.405891868054653,16.774193548387096
35,19,901,coalition,116,68,5.309777676950999,9.47191011235955
35,19,902,algorithmic,534,16,5.262104454736133,15.222222222222221
35,19,903,direct,115,51,3.5410410899419205,16.710526315789473
35,20,901,coalition,107,68,4.2464959074427435,9.16326530612245
35,20,902,algorithmic,527,16,5.060228870164478,13.115384615384617
35,20,903,direct,131,51,3.3865235776671856,16.96969696969697
35,21,901,coalition,150,68,4.871565377532228,9.963963963963964
35,21,902,algorithmic,491,16,4.990114390996491,11.341463414634147
35,21,903,direct,124,51,3.1837350367421062,17.23756906077348
35,22,901,coalition,126,68,4.8003210924711,8.557692307692308
35,22,902,algorithmic,539,16,4.819280626299764,10.827586206896552
35,22,903,direct,100,51,3.8485317018909897,17.126436781609193
35,23,901,coalition,136,68,4.356667174641878,6.066666666666666
35,23,902,algorithmic,486,16,5.139131609060605,15.222222222222221
35,23,903,direct,143,51,4.405839986150867,16.666666666666664
35,24,901,coalition,138,68,4.666704212660509,13.699507389162562
35,24,902,algorithmic,570,16,5.498653458731696,14.052631578947368
35,24,903,direct,57,51,3.7510200182852778,17.409326424870464
35,25,901,coalition,89,68,4.293957669328722,9.795698924731182
35,25,902,algorithmic,559,16,5.215228633130122,11.619047619047619
35,25,903,direct,117,51,3.9856259368454494,15.327102803738317
35,26,901,coalition,138,68,4.854973846772857,7.184210526315789
35,26,902,algorithmic,504,16,4.943542739083237,13.272727272727273
35,26,903,direct,123,51,4.01264047605511,17.005988023952096
35,27,901,coalition,115,68,4.538549335229467,10.679245283018869
35,27,902,algorithmic,500,16,4.853321781506614,11.511627906976745
35,27,903,direct,150,51,3.6869320664439336,17.109826589595375
35,28,901,coalition,120,68,4.734583333333333,10.682539682539684
35,28,902,algorithmic,578,0,5.027717889569101,
35,28,903,direct,67,67,4.206896459310857,15.034679543459175
35,29,901,coalition,123,68,4.7870896754080325,8.209302325581396
35,29,902,algorithmic,507,0,4.956926574665017,
35,29,903,direct,135,67,4.414830475295592,15.037593984962406
35,30,901,coalition,110,68,4.8969696969696965,8.795698924731182
35,30,902,algorithmic,527,0,4.885444620917538,
35,30,903,direct,128,67,4.519051535087719,16.71641791044776
35,31,901,coalition,92,0,4.539556252801434,
35,31,902,algorithmic,579,68,5.123897242617258,6.563380281690141
35,31,903,direct,94,67,4.734265617274082,16.597938144329895
35,32,901,coalition,150,0,4.326895604395604,
35,32,902,algorithmic,533,68,5.713649155722327,8.637362637362637
35,32,903,direct,82,67,4.6051829268292686,15.875
35,33,901,coalition,201,0,5.1517042675381415,
35,33,902,algorithmic,490,68,5.678736900165472,6.2898550724637685
35,33,903,direct,74,67,4.594594594594595,15.54054054054054
35,34,901,coalition,202,0,4.600827275418572,
35,34,902,algorithmic,472,68,5.544642857142857,9.209302325581396
35,34,903,direct,91,67,4.628418093534373,15.285714285714285
35,35,901,coalition,166,0,5.16513859662586,
35,35,902,algorithmic,541,68,5.649928770735957,7.184210526315789
35,35,903,direct,58,67,4.812159709618875,15.796178343949045
35,36,901,coalition,201,0,4.830303432780481,
35,36,902,algorithmic,479,68,6.020944171324668,8.298850574712644
35,36,903,direct,85,67,5.298444895199459,14.677419354838708
35,37,901,coalition,124,0,5.13013694779568,
35,37,902,algorithmic,556,68,5.6583210252989655,8.18421052631579
35,37,903,direct,85,67,4.648916408668731,15.629139072847682
35,38,901,coalition,150,0,4.987719183495489,
35,38,902,algorithmic,517,68,5.7314486274610275,10.728395061728396
35,38,903,direct,98,67,4.612244897959184,15.629139072847682
35,39,901,coalition,159,0,5.427589284469174,
35,39,902,algorithmic,516,68,5.730289279636983,8.2987012987013
35,39,903,direct,90,67,4.861183261183261,15.975609756097564
35,40,901,coalition,178,0,4.769703325814589,
35,40,902,algorithmic,519,68,5.520354725557038,7.829268292682927
35,40,903,direct,68,67,5.029411764705882,15.769230769230768
35,41,901,coalition,149,0,4.8502571254249105,
35,41,902,algorithmic,488,68,5.782786885245901,9.2987012987013
35,41,903,direct,128,67,4.546875,15.074626865671643
35,42,901,coalition,209,68,5.487254769497804,6.2898550724637685
35,42,902,algorithmic,465,0,5.671211617337324,
35,42,903,direct,91,67,4.310751104565537,16.597938144329895
35,43,901,coalition,90,68,4.912325507451511,12.416666666666666
35,43,902,algorithmic,565,0,4.666069670761823,
35,43,903,direct,110,67,4.595783926218709,15.796178343949045
35,44,901,coalition,105,68,4.364285714285714,7.947368421052632
35,44,902,algorithmic,555,0,5.129149867265858,
35,44,903,direct,105,67,4.584435611321297,16.25
35,45,901,coalition,115,68,4.244693972883,7.829268292682927
35,45,902,algorithmic,569,0,5.260644885049673,
35,45,903,direct,81,67,3.530191942746301,16.140350877192983
35,46,901,coalition,105,68,4.414642047295108,8.066666666666666
35,46,902,algorithmic,514,0,5.222130121129565,
35,46,903,direct,146,67,3.9643183300717544,15.510204081632653
35,47,901,coalition,102,68,4.778764335923049,12.508196721311474
35,47,902,algorithmic,575,0,4.978182256601147,
35,47,903,direct,88,67,4.2439130704174515,16.88679245283019
35,48,901,coalition,124,68,4.787075827398408,10.092783505154639
35,48,902,algorithmic,542,0,5.148964855663985,
35,48,903,direct,99,67,4.553465478921466,15.714285714285715
35,49,901,coalition,145,68,4.11976562884669,9.3
35,49,902,algorithmic,501,0,4.769534134966621,
35,49,903,direct,119,67,4.737128778212855,16.0
35,50,901,coalition,135,0,3.9509509509509506,
35,50,902,algorithmic,528,68,4.7822874863333915,8.092783505154639
35,50,903,direct,102,67,3.9453299312333376,16.43243243243243
35,51,901,coalition,146,0,4.398830794974333,
35,51,902,algorithmic,527,68,5.590516851902051,10.717391304347826
35,51,903,direct,92,67,4.804347826086956,16.07142857142857
35,52,901,coalition,198,68,5.339790308144738,6.0
35,52,902,algorithmic,466,0,5.690117889933177,
35,52,903,direct,101,67,4.346534653465347,15.822784810126583
35,53,901,coalition,120,68,5.159152449817346,9.369747899159664
35,53,902,algorithmic,548,0,4.376708139586803,
35,53,903,direct,97,67,4.943007197043377,16.047904191616766
35,54,901,coalition,111,68,4.863925274968219,7.927710843373495
35,54,902,algorithmic,557,0,5.125410691620946,
35,54,903,direct,97,67,4.116213683223992,15.950920245398775
35,55,901,coalition,159,68,4.635953235328163,7.428571428571429
35,55,902,algorithmic,507,0,5.073545066991202,
35,55,903,direct,99,67,4.203609124957439,15.950920245398775
35,56,901,coalition,65,68,4.06946386946387,7.298701298701299
35,56,902,algorithmic,593,0,5.0082909325548375,
35,56,903,direct,107,67,4.70970143081631,16.0
35,57,901,coalition,149,68,5.165341195639524,8.386363636363637
35,57,902,algorithmic,513,0,5.023571755140562,
35,57,903,direct,103,67,4.4945572227125625,16.184971098265898
35,58,901,coalition,113,68,4.97847829502016,9.64
35,58,902,algorithmic,510,0,4.250062196783162,
35,58,903,direct,142,67,4.412363067292644,16.09467455621302
35,59,901,coalition,158,68,4.939629990262902,7.47191011235955
35,59,902,algorithmic,551,0,4.846017856361664,
35,59,903,direct,56,67,3.7876984126984126,16.826923076923077
35,60,901,coalition,106,68,4.844279478984087,9.366336633663366
35,60,902,algorithmic,502,0,5.224622173536013,
35,60,903,direct,157,67,4.436551680645771,14.59016393442623
35,61,901,coalition,90,0,4.587842551071251,
35,61,902,algorithmic,611,68,5.328060952913631,5.147058823529412
35,61,903,direct,64,67,4.831689520205293,17.04035874439462
35,62,901,coalition,180,0,4.413505192537451,
35,62,902,algorithmic,445,68,5.76542783059637,8.795698924731182
35,62,903,direct,140,67,4.821428571428571,14.923076923076923
35,63,901,coalition,190,68,5.2974376633859865,5.2898550724637685
35,63,902,algorithmic,517,0,5.6081951512647645,
35,63,903,direct,58,67,5.327586206896552,16.796116504854368
35,64,901,coalition,94,68,4.510115529751715,14.17142857142857
35,64,902,algorithmic,569,0,4.732624565032744,
35,64,903,direct,102,67,5.021338652192394,14.677419354838708
35,65,901,coalition,145,68,4.738834154351396,7.518987341772152
35,65,902,algorithmic,509,0,5.026437702094537,
35,65,903,direct,111,67,5.072072072072072,16.07142857142857
35,66,901,coalition,54,68,3.915463486084955,10.619047619047619
35,66,902,algorithmic,578,0,5.185629676163624,
35,66,903,direct,133,67,4.28420106870951,16.271186440677965
35,67,901,coalition,183,68,4.7458879094928195,7.6944444444444455
35,67,902,algorithmic,519,0,5.295072064800898,
35,67,903,direct,63,67,3.809159415220021,16.683417085427138
35,68,901,coalition,72,68,4.125861326442721,10.12280701754386
35,68,902,algorithmic,584,0,4.835646926331439,
35,68,903,direct,109,67,4.334311926605505,14.883720930232558
35,69,901,coalition,174,68,5.298029556650246,8.872340425531915
35,69,902,algorithmic,467,0,4.622753681488204,
35,69,903,direct,124,67,4.326932002784869,16.228571428571428
35,70,901,coalition,104,68,4.4033400809716605,12.41095890410959
35,70,902,algorithmic,544,0,4.531398497660994,
35,70,903,direct,117,67,4.783877717487677,16.526315789473685
35,71,901,coalition,91,0,4.923797513961449,
35,71,902,algorithmic,565,68,5.455650635850228,6.428571428571429
35,71,903,direct,109,67,4.49863190085305,16.393442622950822
35,72,901,coalition,193,0,4.160588864215807,
35,72,902,algorithmic,479,68,5.811929615269907,8.555555555555555
35,72,903,direct,93,67,4.89247311827957,16.228571428571428
35,73,901,coalition,168,0,4.979063057590828,
35,73,902,algorithmic,501,68,5.491658193047866,8.56338028169014
35,73,903,direct,96,67,4.552083333333333,15.849056603773585
35,74,901,coalition,152,0,4.926169590643275,
35,74,902,algorithmic,501,68,5.651881422340504,9.117647058823529
35,74,903,direct,112,67,5.041005291005291,15.925925925925924
35,75,901,coalition,133,0,5.694415569945871,
35,75,902,algorithmic,503,68,5.729398887573436,7.2898550724637685
35,75,903,direct,129,67,4.5462938768399965,16.29213483146067
35,76,901,coalition,174,0,5.0691646553715515,
35,76,902,algorithmic,515,68,5.577495643515061,6.945945945945946
35,76,903,direct,76,67,5.0131578947368425,16.615384615384613
35,77,901,coalition,214,0,4.395637004210564,
35,77,902,algorithmic,461,68,5.655555895023067,8.728395061728396
35,77,903,direct,90,67,4.555555555555555,15.35211267605634
35,78,901,coalition,196,0,5.032008807519012,
35,78,902,algorithmic,478,68,5.398616028323141,7.298701298701299
35,78,903,direct,91,67,4.421292992721564,15.769230769230768
35,79,901,coalition,187,0,5.437142441331957,
35,79,902,algorithmic,433,68,5.577676115385181,10.2987012987013
35,79,903,direct,145,67,4.8790687458818365,15.796178343949045
35,80,901,coalition,183,0,4.8759392180260805,
35,80,902,algorithmic,464,68,5.418011521490439,6.410256410256411
35,80,903,direct,118,67,4.876455940236164,16.872037914691944
35,81,901,coalition,153,0,4.64218783016737,
35,81,902,algorithmic,492,68,5.3723047013078835,8.41025641025641
35,81,903,direct,120,67,4.891666666666667,16.413043478260867
35,82,901,coalition,169,0,5.0733418773121,
35,82,902,algorithmic,506,68,5.6683879467890685,6.428571428571429
35,82,903,direct,90,67,4.7555555555555555,16.451612903225808
35,83,901,coalition,140,0,5.092216117216117,
35,83,902,algorithmic,520,68,5.588560157790927,8.625
35,83,903,direct,105,67,5.0285714285714285,15.769230769230768
35,84,901,coalition,182,0,4.907933336504765,
35,84,902,algorithmic,522,68,5.7931818691044334,8.2987012987013
35,84,903,direct,61,67,5.311475409836065,16.140350877192983
35,85,901,coalition,168,0,5.012443757030371,
35,85,902,algorithmic,476,68,5.791173162178257,9.625
35,85,903,direct,121,67,4.909090909090909,14.803149606299211
35,86,901,coalition,166,0,5.369150811390358,
35,86,902,algorithmic,485,68,5.511946634323833,10.41025641025641
35,86,903,direct,114,67,4.87719298245614,16.470588235294116
35,87,901,coalition,209,0,4.655630496467529,
35,87,902,algorithmic,441,68,5.457042076089695,9.927710843373493
35,87,903,direct,115,67,4.426086956521739,16.333333333333332
35,88,901,coalition,198,0,5.227742497249801,
35,88,902,algorithmic,467,68,5.392560956854022,7.821917808219178
35,88,903,direct,100,67,5.3,16.353591160220994
35,89,901,coalition,195,68,5.277846047056221,5.728395061728395
35,89,902,algorithmic,462,0,5.559901945444114,
35,89,903,direct,108,67,4.537037037037037,16.02409638554217
35,90,901,coalition,103,68,4.821066010387677,11.214285714285715
35,90,902,algorithmic,542,0,4.850336161579944,
35,90,903,direct,120,67,4.987277353689567,16.20689655172414
35,91,901,coalition,112,0,4.653225806451613,
35,91,902,algorithmic,546,68,5.2459431249753825,6.625
35,91,903,direct,107,67,4.521455130137674,16.451612903225808
35,92,901,coalition,221,0,4.039806362740739,
35,92,902,algorithmic,460,68,5.755202312138729,9.020833333333332
35,92,903,direct,84,67,5.357142857142857,16.184971098265898
35,93,901,coalition,163,0,5.5459538416593634,
35,93,902,algorithmic,491,68,5.528852681602172,8.428571428571429
35,93,903,direct,111,67,4.846846846846847,15.600000000000001
35,94,901,coalition,179,0,4.777751475554714,
35,94,902,algorithmic,481,68,5.4775127148008504,7.625
35,94,903,direct,105,67,4.718375033629271,16.271186440677965
35,95,901,coalition,149,0,5.025814974136638,
35,95,902,algorithmic,488,68,5.632909117054933,6.821917808219178
35,95,903,direct,128,67,4.59375,16.140350877192983
35,96,901,coalition,158,0,4.873296545552842,
35,96,902,algorithmic,497,68,5.413926860129851,8.428571428571429
35,96,903,direct,110,67,4.2099343955014055,16.597938144329895
35,97,901,coalition,206,0,5.01646856623316,
35,97,902,algorithmic,494,68,5.447299411115201,8.927710843373493
35,97,903,direct,65,67,4.9354958294717335,16.25
35,98,901,coalition,203,0,5.635200574921554,
35,98,902,algorithmic,463,68,5.841013634939738,7.6944444444444455
35,98,903,direct,99,67,5.565656565656566,14.961832061068701
35,99,901,coalition,160,0,5.219791666666667,
35,99,902,algorithmic,508,68,5.715342400381771,7.625
35,99,903,direct,97,67,4.8653545766947826,16.0
35,100,901,coalition,200,0,5.340096169789422,
35,100,902,algorithmic,458,68,5.6221501861923,6.945945945945946
35,100,903,direct,107,67,5.02803738317757,15.950920245398775
36,1,901,coalition,133,48,3.531518604174967,13.679905239687848
36,1,902,direct,197,42,4.3627701616312375,13.628762541806022
36,1,903,algorithmic,435,45,4.0915196248029835,10.451679586563307
36,2,901,coalition,94,48,3.6483221951968265,12.00637306610408
36,2,902,direct,136,42,3.4749674026205937,12.80112044817927
36,2,903,algorithmic,535,45,4.79303878655449,11.734816965005646
36,3,901,coalition,114,48,3.851493860789323,12.028846153846153
36,3,902,direct,135,42,4.251047221368173,12.397901533494755
36,3,903,algorithmic,516,45,5.129841471745127,10.691891891891892
36,4,901,coalition,163,48,4.295408440269669,11.647826086956522
36,4,902,direct,170,42,4.183091879077618,12.575216450216452
36,4,903,algorithmic,432,45,4.97832779137127,12.52749529190207
36,5,901,coalition,123,48,4.058521539853178,12.761904761904765
36,5,902,direct,106,64,3.8097573823412936,11.289160510175636
36,5,903,algorithmic,536,23,5.08218021829467,13.11111111111111
36,6,901,coalition,150,48,4.096241301030851,12.528186274509801
36,6,902,direct,69,64,4.355157715260017,12.678439349112427
36,6,903,algorithmic,546,23,5.1393946927883585,11.849056603773585
36,7,901,coalition,127,48,3.739998409289748,12.864213197969542
36,7,902,direct,115,64,4.458700147951968,11.633522727272727
36,7,903,algorithmic,523,23,5.288634518060613,9.925925925925926
36,8,901,coalition,115,21,4.125666446353822,14.298850574712647
36,8,902,direct,151,91,3.977503940500741,11.196000958724026
36,8,903,algorithmic,499,23,5.039971046772534,12.686274509803921
36,9,901,coalition,110,21,4.632186350909152,12.348837209302324
36,9,902,direct,110,68,4.47979797979798,16.265560165975103
36,9,903,algorithmic,545,46,4.999070991116262,9.94985325371926
36,10,901,coalition,146,21,3.970074117508527,15.461538461538462
36,10,902,direct,75,68,4.8933333333333335,16.214689265536723
36,10,903,algorithmic,544,46,5.50619615512437,11.155844155844159
36,11,901,coalition,157,21,4.367402736605716,13.2972972972973
36,11,902,direct,107,68,4.582868985413744,15.281690140845072
36,11,903,algorithmic,501,46,5.397332586124525,8.241379310344827
36,12,901,coalition,108,21,4.319917121622738,15.870056497175142
36,12,902,direct,115,68,4.789683124539425,16.149425287356323
36,12,903,algorithmic,542,46,5.662718190595115,12.661971830985918
36,13,901,coalition,194,21,4.196020554831766,17.4375
36,13,902,direct,87,68,4.637212643678161,16.318681318681318
36,13,903,algorithmic,484,46,5.609062102670057,9.5
36,14,901,coalition,142,21,5.123640739936646,18.06542056074766
36,14,902,direct,113,68,4.94706806715739,15.649350649350648
36,14,903,algorithmic,510,46,5.694167624568944,10.5
36,15,901,coalition,151,21,4.474664433787521,13.428571428571429
36,15,902,direct,106,68,4.7756813417190775,16.27777777777778
36,15,903,algorithmic,508,46,5.404928550597842,10.241379310344827
36,16,901,coalition,122,21,4.035313137446573,14.830409356725145
36,16,902,direct,89,68,4.698600433668441,16.127167630057805
36,16,903,algorithmic,554,46,5.613574900503277,9.96875
36,17,901,coalition,188,21,4.057536738290521,12.2972972972973
36,17,902,direct,62,68,4.785895845868586,15.705128205128203
36,17,903,algorithmic,515,46,5.543024142066943,9.283582089552239
36,18,901,coalition,145,21,4.087257532708969,10.96969696969697
36,18,902,direct,115,68,4.453681612505141,14.806201550387598
36,18,903,algorithmic,505,46,5.467396654692303,9.382352941176471
36,19,901,coalition,142,21,4.275638763141243,14.787878787878785
36,19,902,direct,87,68,4.703239289446186,16.318681318681318
36,19,903,algorithmic,536,46,5.439470976784409,9.661971830985916
36,20,901,coalition,173,21,4.621469303550229,15.765432098765432
36,20,902,direct,103,68,5.236965120460266,15.649350649350648
36,20,903,algorithmic,489,46,5.73311653884251,7.857142857142856
36,21,901,coalition,122,21,4.673129193918288,12.130841121495326
36,21,902,direct,141,68,4.5507215809297925,16.058823529411764
36,21,903,algorithmic,502,46,5.1006903575471005,9.964285714285714
36,22,901,coalition,146,21,3.5985549031882016,10.153846153846153
36,22,902,direct,62,68,4.155826645518442,16.778846153846153
36,22,903,algorithmic,557,46,5.447433530891189,9.835616438356164
36,23,901,coalition,144,21,4.341731925371669,12.701149425287353
36,23,902,direct,119,68,4.536387217953238,14.806201550387598
36,23,903,algorithmic,502,46,5.589281242453367,9.62295081967213
36,24,901,coalition,175,21,4.183632624419407,16.78048780487805
36,24,902,direct,96,68,4.614964430894309,16.397849462365592
36,24,903,algorithmic,494,46,5.383437865983727,10.91891891891892
36,25,901,coalition,147,21,5.156801075786615,14.916666666666666
36,25,902,direct,103,68,4.6081749382608574,15.88957055214724
36,25,903,algorithmic,515,46,5.324664157392433,7.625
36,26,901,coalition,187,21,4.389757353561311,15.802395209580839
36,26,902,direct,113,68,4.74993376079699,16.058823529411764
36,26,903,algorithmic,465,46,5.718318202305067,10.661971830985916
36,27,901,coalition,104,21,3.8069617580487147,14.130841121495326
36,27,902,direct,99,68,4.557068267213195,16.27777777777778
36,27,903,algorithmic,562,46,5.146270511156324,10.818181818181818
36,28,901,coalition,105,21,3.48296637088091,10.238095238095237
36,28,902,direct,131,68,4.211770499876877,15.963855421686747
36,28,903,algorithmic,529,46,5.409631574655228,10.835616438356164
36,29,901,coalition,175,21,3.6774198155893076,15.400000000000002
36,29,902,direct,92,68,4.51925340360123,16.616161616161616
36,29,903,algorithmic,498,46,5.654997363190135,9.372881355932204
36,30,901,coalition,135,21,4.166449561211343,16.974358974358974
36,30,902,direct,54,68,4.628205128205129,15.78616352201258
36,30,903,algorithmic,576,46,5.69260334354674,9.835616438356164
36,31,901,coalition,152,21,4.143204669231062,12.647058823529411
36,31,902,direct,124,68,4.645161290322581,14.462809917355372
36,31,903,algorithmic,489,46,5.34745664518733,8.857142857142858
36,32,901,coalition,151,21,4.397809552050819,16.837209302325583
36,32,902,direct,69,68,4.699191102123357,16.49214659685864
36,32,903,algorithmic,545,46,5.735579194765068,9.96875
36,33,901,coalition,87,21,3.2813970077019623,11.774193548387096
36,33,902,direct,154,68,4.839113913816799,15.073529411764707
36,33,903,algorithmic,524,46,5.385748908098861,9.283582089552239
36,34,901,coalition,128,21,4.449044730235848,10.652173913043477
36,34,902,direct,103,68,4.36221849500452,16.968325791855204
36,34,903,algorithmic,534,46,5.385436900932566,10.741935483870968
36,35,901,coalition,157,21,3.9729426654608315,12.435897435897434
36,35,902,direct,103,68,4.746563591223786,16.058823529411764
36,35,903,algorithmic,505,46,5.384996191926885,10.661971830985916
36,36,901,coalition,172,21,3.918184552828662,12.551724137931032
36,36,902,direct,90,68,4.534586661471524,16.058823529411764
36,36,903,algorithmic,503,46,5.422575011648403,9.078947368421051
36,37,901,coalition,97,21,3.7258390945845803,12.2972972972973
36,37,902,direct,145,68,4.863146551724138,15.732484076433122
36,37,903,algorithmic,523,46,5.453089014392844,8.964285714285714
36,38,901,coalition,164,21,4.301179966152776,14.290598290598293
36,38,902,direct,116,68,4.5105475201441365,16.839622641509436
36,38,903,algorithmic,485,46,5.455494541119906,12.661971830985918
36,39,901,coalition,204,21,4.673309410684554,11.555555555555555
36,39,902,direct,87,68,4.898425787106447,16.338797814207652
36,39,903,algorithmic,474,46,5.002073991537122,7.372881355932202
36,40,901,coalition,208,21,4.249715128621379,17.107142857142858
36,40,902,direct,113,68,5.045353982300885,15.649350649350648
36,40,903,algorithmic,444,46,5.275542588042588,9.96875
36,41,901,coalition,158,21,4.486125651681948,16.12280701754386
36,41,902,direct,103,68,4.922330097087379,16.27777777777778
36,41,903,algorithmic,504,46,5.206592871066555,9.571428571428571
36,42,901,coalition,160,21,4.452814390665514,17.876404494382022
36,42,902,direct,76,68,5.0131578947368425,16.058823529411764
36,42,903,algorithmic,529,46,5.694568934389669,9.076923076923077
36,43,901,coalition,170,21,4.899582194045862,14.468354430379748
36,43,902,direct,93,68,4.813620071684588,15.314685314685315
36,43,903,algorithmic,502,46,5.187687919356183,7.176470588235294
36,44,901,coalition,175,21,4.8533297529538135,10.555555555555555
36,44,902,direct,72,68,4.1345029239766085,15.8125
36,44,903,algorithmic,518,46,5.373585992007045,11.57142857142857
36,45,901,coalition,119,21,4.929134797250389,14.5
36,45,902,direct,117,68,4.770381328073635,15.179856115107912
36,45,903,algorithmic,529,46,5.259668868075527,8.964285714285714
36,46,901,coalition,145,21,3.5575054199518945,15.56115107913669
36,46,902,direct,136,68,4.823370715192552,16.358695652173914
36,46,903,algorithmic,484,46,5.352549006429064,9.0
36,47,901,coalition,119,21,4.551197139410563,13.014925373134329
36,47,902,direct,108,68,4.825044368147816,16.699507389162562
36,47,903,algorithmic,538,46,5.335058695836208,7.509433962264151
36,48,901,coalition,122,21,3.8126192594997876,14.56115107913669
36,48,902,direct,76,68,4.414983501920268,16.17142857142857
36,48,903,algorithmic,567,46,5.593516660594427,9.181818181818182
36,49,901,coalition,199,21,4.02093037544945,15.591549295774646
36,49,902,direct,101,68,4.6598800725142935,15.314685314685315
36,49,903,algorithmic,465,46,5.445844175512508,8.857142857142858
36,50,901,coalition,109,21,4.500529632488914,14.148148148148147
36,50,902,direct,95,68,4.93859649122807,16.011904761904763
36,50,903,algorithmic,561,46,5.015130197644299,7.857142857142856
36,51,901,coalition,148,21,4.268409882750968,11.07843137254902
36,51,902,direct,89,68,4.900182910896263,15.864197530864196
36,51,903,algorithmic,528,46,5.48062466510369,8.5
36,52,901,coalition,176,21,4.248078744172495,15.80952380952381
36,52,902,direct,78,68,4.394230769230769,15.705128205128203
36,52,903,algorithmic,511,46,5.709054643986151,9.96875
36,53,901,coalition,185,21,4.764280458835813,12.727272727272727
36,53,902,direct,69,68,4.770374552983248,15.379310344827585
36,53,903,algorithmic,511,46,5.514344519101925,10.105263157894736
36,54,901,coalition,138,21,3.879816189466242,13.113207547169813
36,54,902,direct,138,68,4.57015946697613,15.073529411764707
36,54,903,algorithmic,489,46,5.2374465578201335,11.0
36,55,901,coalition,207,21,4.126400415190128,15.734177215189876
36,55,902,direct,55,68,4.151668584579977,16.731707317073173
36,55,903,algorithmic,503,46,5.416927272425957,8.62295081967213
36,56,901,coalition,133,67,4.791528661903986,11.337332024368513
36,56,902,direct,159,68,4.672955974842767,14.508196721311474
36,56,903,algorithmic,473,0,5.600906677032645,
36,57,901,coalition,154,67,4.664339396095522,11.803149606299211
36,57,902,direct,40,68,4.231658291457286,17.035398230088497
36,57,903,algorithmic,571,0,4.864790258797592,
36,58,901,coalition,107,67,4.975440491031372,9.761904761904763
36,58,902,direct,95,68,5.156459330143541,13.738317757009346
36,58,903,algorithmic,563,0,4.7997127483108795,
36,59,901,coalition,129,0,5.023351516891569,
36,59,902,direct,88,68,5.061153441933789,15.864197530864196
36,59,903,algorithmic,548,67,5.091064137003127,5.2
36,60,901,coalition,180,0,4.487719578409454,
36,60,902,direct,139,68,4.35251798561151,15.677419354838708
36,60,903,algorithmic,446,67,5.786923188196152,10.465346534653465
36,61,901,coalition,189,67,5.269099769732948,5.434782608695652
36,61,902,direct,79,68,4.344230060218753,16.74757281553398
36,61,903,algorithmic,497,0,5.521087691195718,
36,62,901,coalition,70,67,4.69901001496489,10.052631578947368
36,62,902,direct,114,68,4.6193670450636395,15.410958904109592
36,62,903,algorithmic,581,0,5.128395486546527,
36,63,901,coalition,149,67,5.4075790722681605,9.048192771084338
36,63,902,direct,86,68,4.6888731851471155,16.29834254143646
36,63,903,algorithmic,530,0,4.87812919745772,
36,64,901,coalition,64,67,4.901041666666667,10.333333333333332
36,64,902,direct,125,68,4.746377260981912,15.620915032679738
36,64,903,algorithmic,576,0,4.961792097329887,
36,65,901,coalition,170,67,4.609313725490196,9.903225806451612
36,65,902,direct,100,68,4.3848480148883375,16.510416666666664
36,65,903,algorithmic,495,0,4.951545646706937,
36,66,901,coalition,127,67,4.064055793391197,11.54054054054054
36,66,902,direct,126,68,4.4154051145576565,15.98802395209581
36,66,903,algorithmic,512,0,4.482991242913566,
36,67,901,coalition,98,67,4.330072961827218,9.054054054054054
36,67,902,direct,116,68,4.1935858495622655,16.528497409326427
36,67,903,algorithmic,551,0,4.793056684756186,
36,68,901,coalition,108,67,4.727281926735479,7.048192771084337
36,68,902,direct,80,68,4.675762195121951,16.338797814207652
36,68,903,algorithmic,577,0,5.048892157933622,
36,69,901,coalition,93,67,4.245039209603011,7.294117647058823
36,69,902,direct,136,68,4.360209601081812,15.442176870748298
36,69,903,algorithmic,536,0,5.569567198984586,
36,70,901,coalition,136,67,4.614713126629963,10.88888888888889
36,70,902,direct,102,68,4.600406303874354,16.699507389162562
36,70,903,algorithmic,527,0,4.799107881190081,
36,71,901,coalition,103,67,4.528627666006677,8.235294117647058
36,71,902,direct,99,68,4.691069106910692,16.035502958579883
36,71,903,algorithmic,563,0,4.9021088717951615,
36,72,901,coalition,111,0,4.345055899272767,
36,72,902,direct,129,68,4.173053785593389,15.963855421686747
36,72,903,algorithmic,525,67,5.318827951694362,7.428571428571429
36,73,901,coalition,193,0,4.677466426985302,
36,73,902,direct,123,68,4.61606105856977,16.581632653061224
36,73,903,algorithmic,449,67,5.733012135812008,10.4
36,74,901,coalition,166,0,5.459786514478969,
36,74,902,direct,89,68,4.98876404494382,16.473684210526315
36,74,903,algorithmic,510,67,5.565944272445821,7.833333333333332
36,75,901,coalition,172,0,4.186531007751938,
36,75,902,direct,82,68,5.134146341463414,15.705128205128203
36,75,903,algorithmic,511,67,5.3986652616789605,7.75
36,76,901,coalition,182,0,4.797992586583191,
36,76,902,direct,118,68,4.779661016949152,15.503355704697988
36,76,903,algorithmic,465,67,5.58809266074908,6.851851851851851
36,77,901,coalition,198,67,4.949516502148081,7.315789473684211
36,77,902,direct,101,68,4.445544554455446,16.37837837837838
36,77,903,algorithmic,466,0,5.468043150446584,
36,78,901,coalition,115,67,4.476792772444947,11.634146341463415
36,78,902,direct,106,68,4.468839336763865,16.011904761904763
36,78,903,algorithmic,544,0,4.717525043554007,
36,79,901,coalition,125,67,3.9824277456647397,9.0
36,79,902,direct,94,68,4.263996494865191,16.127167630057805
36,79,903,algorithmic,546,0,4.752593008924245,
36,80,901,coalition,126,67,5.1560189293108545,12.479452054794521
36,80,902,direct,126,68,4.262005512238604,15.838509316770185
36,80,903,algorithmic,513,0,4.593242877215987,
36,81,901,coalition,105,67,4.915348198865039,9.944954128440367
36,81,902,direct,89,68,4.927317415730337,16.528497409326427
36,81,903,algorithmic,571,0,4.904504416835032,
36,82,901,coalition,125,67,4.511179487179487,8.195876288659793
36,82,902,direct,89,68,4.2282015901176155,15.705128205128203
36,82,903,algorithmic,551,0,5.063119188430736,
36,83,901,coalition,135,67,4.643684710351377,8.5
36,83,902,direct,160,68,3.701422342382748,15.705128205128203
36,83,903,algorithmic,470,0,5.153441214572439,
36,84,901,coalition,119,67,5.0339466182948955,9.831775700934578
36,84,902,direct,66,68,3.663787406778061,17.048458149779737
36,84,903,algorithmic,580,0,4.746194696714799,
36,85,901,coalition,111,67,4.919799498746866,10.719999999999999
36,85,902,direct,139,68,4.699918335601788,14.962406015037594
36,85,903,algorithmic,515,0,4.688607185768147,
36,86,901,coalition,144,67,5.0520496224379725,9.714285714285715
36,86,902,direct,86,68,2.950823056853802,16.74757281553398
36,86,903,algorithmic,535,0,4.886915148195692,
36,87,901,coalition,121,67,3.808080808080808,8.831775700934578
36,87,902,direct,88,68,4.800324675324675,15.620915032679738
36,87,903,algorithmic,556,0,4.937452174442022,
36,88,901,coalition,123,67,4.327563598216627,7.851851851851851
36,88,902,direct,96,68,4.497437611408199,15.677419354838708
36,88,903,algorithmic,546,0,4.952437692791899,
36,89,901,coalition,136,67,4.608579935041501,12.570469798657719
36,89,902,direct,104,68,4.854568716145898,15.88957055214724
36,89,903,algorithmic,525,0,4.7178033647622115,
36,90,901,coalition,110,67,4.9001463304225155,7.75
36,90,902,direct,112,68,4.736297736916549,16.08187134502924
36,90,903,algorithmic,543,0,5.099535617514451,
36,91,901,coalition,120,67,5.153351955307262,8.048192771084338
36,91,902,direct,114,68,4.310534002036856,16.256983240223462
36,91,903,algorithmic,531,0,4.816307009838022,
36,92,901,coalition,107,67,4.728197449269375,8.413793103448276
36,92,902,direct,98,68,4.390694876393272,16.29834254143646
36,92,903,algorithmic,560,0,4.786018644762707,
36,93,901,coalition,128,67,4.4222047972499565,10.592233009708739
36,93,902,direct,93,68,4.434250742381426,15.939393939393941
36,93,903,algorithmic,544,0,5.06785992920093,
36,94,901,coalition,94,67,4.974884843167361,9.951219512195122
36,94,902,direct,109,68,4.417951385604843,15.8125
36,94,903,algorithmic,562,0,5.24024607238955,
36,95,901,coalition,108,67,4.901936026936027,9.97872340425532
36,95,902,direct,81,68,4.445117546624639,16.193181818181817
36,95,903,algorithmic,576,0,5.1153655487722975,
36,96,901,coalition,116,0,5.209226467847158,
36,96,902,direct,100,68,4.712988505747126,15.472972972972972
36,96,903,algorithmic,549,67,5.162630484722338,7.951219512195122
36,97,901,coalition,175,0,4.057557224640202,
36,97,902,direct,110,68,4.866133866133866,15.98802395209581
36,97,903,algorithmic,480,67,5.82375249500998,7.747252747252746
36,98,901,coalition,177,0,5.180104118475241,
36,98,902,direct,95,68,4.484210526315789,16.214689265536723
36,98,903,algorithmic,493,67,5.4143890168574735,8.048192771084338
36,99,901,coalition,204,0,5.255906560154926,
36,99,902,direct,135,68,4.940740740740741,15.864197530864196
36,99,903,algorithmic,426,67,5.431055468614154,8.2
36,100,901,coalition,212,0,4.855755201744201,
36,100,902,direct,63,68,4.655036932264655,16.683168316831683
36,100,903,algorithmic,490,67,5.452252980400081,7.6455696202531644
37,1,901,direct,81,51,3.5926075768291756,13.26893566791265
37,1,902,coalition,176,40,4.464610621671456,12.709030100334449
37,1,903,algorithmic,508,44,3.9871750980960154,9.694281524926687
37,2,901,direct,141,51,4.017960537166767,10.889088459811406
37,2,902,coalition,128,40,3.6450975174929408,13.386046511627907
37,2,903,algorithmic,496,44,5.4521325942172565,11.749277782793174
37,3,901,direct,92,51,3.7175442934665965,12.088081305820756
37,3,902,coalition,137,40,4.6848714813903,12.915306465720246
37,3,903,algorithmic,536,44,5.111565874496327,8.48605805958747
37,4,901,direct,124,51,4.181880329996292,11.302402651201325
37,4,902,coalition,135,40,4.491212595437948,13.38409090909091
37,4,903,algorithmic,506,44,5.388524844055682,13.347701149425289
37,5,901,direct,105,51,4.3216749850896194,11.949966193373902
37,5,902,coalition,158,40,4.070179893406517,12.386781609195403
37,5,903,algorithmic,502,44,5.1428767687869215,11.180200155809912
37,6,901,direct,86,51,3.993019401126051,11.538899430740038
37,6,902,coalition,117,40,3.421140227030423,13.02030456852792
37,6,903,algorithmic,562,44,5.308484851389478,11.829313543599257
37,7,901,direct,124,24,4.014112519584869,16.323529411764707
37,7,902,coalition,142,40,3.5199390649591855,12.076923076923077
37,7,903,algorithmic,499,71,5.4641077025846565,8.91098078155718
37,8,901,direct,106,24,4.024602150470003,18.435374149659864
37,8,902,coalition,144,40,3.4547178217511685,11.838121546961327
37,8,903,algorithmic,515,71,5.357378761191759,9.808022045315372
37,9,901,direct,81,24,4.104245601979326,18.217054263565892
37,9,902,coalition,122,40,4.6405854457328495,13.023637056805185
37,9,903,algorithmic,562,71,5.7431377417308065,9.970367660508506
37,10,901,direct,141,24,3.9783032262218203,17.78846153846154
37,10,902,coalition,178,40,4.041362594415843,12.577639751552795
37,10,903,algorithmic,446,71,5.900623260537474,11.188732394366196
37,11,901,direct,130,41,4.868180941748856,13.374182034503272
37,11,902,coalition,110,40,4.646701458927132,13.798767419910055
37,11,903,algorithmic,525,54,5.836169270927543,8.311475409836065
37,12,901,direct,79,41,4.565939933999717,17.647058823529413
37,12,902,coalition,179,40,4.117653222205542,12.81258104879991
37,12,903,algorithmic,507,54,5.434423982727961,8.73972602739726
37,13,901,direct,140,41,4.842797118847539,16.63865546218487
37,13,902,coalition,116,40,4.028398209096377,12.537568226686796
37,13,903,algorithmic,509,54,5.112627867798458,9.451612903225806
37,14,901,direct,94,41,4.2971097384275145,17.77777777777778
37,14,902,coalition,89,40,3.1225645362651524,11.76774193548387
37,14,903,algorithmic,582,54,5.582812942640013,9.933333333333334
37,15,901,direct,144,41,4.472792288557214,17.01492537313433
37,15,902,coalition,86,40,3.456883460603957,11.590773809523808
37,15,903,algorithmic,535,54,5.296627177862357,8.71875
37,16,901,direct,71,41,4.830215742616232,17.82608695652174
37,16,902,coalition,103,40,3.55863447162986,12.174153846153846
37,16,903,algorithmic,591,54,5.5182370450854235,10.291139240506327
37,17,901,direct,91,41,4.3421680463933985,16.396396396396398
37,17,902,coalition,125,40,4.173608108108108,10.99552609776305
37,17,903,algorithmic,549,54,5.49738548359978,7.71875
37,18,901,direct,93,41,4.851748638146318,16.946564885496183
37,18,902,coalition,142,40,3.9829031503831747,12.621951219512194
37,18,903,algorithmic,530,54,5.936340163632084,9.83783783783784
37,19,901,direct,127,41,4.191108143378648,16.992481203007518
37,19,902,coalition,83,40,3.9999304324847267,12.215044623884403
37,19,903,algorithmic,555,54,5.436500228183857,7.587301587301588
37,20,901,direct,110,41,4.344863156868654,17.604790419161677
37,20,902,coalition,209,40,4.158931983682827,11.467465321563683
37,20,903,algorithmic,446,54,5.545021533000365,9.205128205128204
37,21,901,direct,134,41,5.002615952495587,17.333333333333332
37,21,902,coalition,89,40,4.623999378656864,12.108672659968272
37,21,903,algorithmic,542,54,5.219932898958815,9.535714285714286
37,22,901,direct,97,41,4.546857946501519,17.701149425287355
37,22,902,coalition,128,16,3.9997022459165157,13.953125
37,22,903,algorithmic,540,78,5.652123187322808,10.820182616935137
37,23,901,direct,91,41,4.3536876214344735,17.080291970802918
37,23,902,coalition,125,16,4.749387780103109,11.321428571428571
37,23,903,algorithmic,549,78,5.543467156007541,8.833333333333334
37,24,901,direct,119,41,4.4680864712297135,16.946564885496183
37,24,902,coalition,138,16,4.191260314215955,9.65625
37,24,903,algorithmic,508,78,5.538171158948643,10.376237623762377
37,25,901,direct,69,41,4.303684758927726,17.48427672955975
37,25,902,coalition,174,16,5.040539424762892,14.019607843137255
37,25,903,algorithmic,522,78,5.810440506716676,7.375
37,26,901,direct,96,41,4.448208722741433,16.3302752293578
37,26,902,coalition,206,16,4.755959125918785,11.598130841121495
37,26,903,algorithmic,463,78,5.515445325293123,7.8085106382978715
37,27,901,direct,66,41,4.531657068421775,17.058823529411764
37,27,902,coalition,138,16,4.605184492972216,15.321266968325792
37,27,903,algorithmic,561,78,5.8314338487348865,7.444444444444444
37,28,901,direct,106,41,3.8303759856856,16.22641509433962
37,28,902,coalition,212,16,4.785565288177689,9.875
37,28,903,algorithmic,447,78,5.65595191687751,10.142857142857142
37,29,901,direct,92,41,4.860007880013889,17.26027397260274
37,29,902,coalition,180,94,4.945807327634921,7.2806972571135615
37,29,903,algorithmic,493,0,5.282841008402429,
37,30,901,direct,81,41,4.688130971845984,16.96969696969697
37,30,902,coalition,71,94,4.6536491677336755,10.202353436720824
37,30,903,algorithmic,613,0,4.994652289087117,
37,31,901,direct,102,57,4.619374256455253,14.346159694741793
37,31,902,coalition,125,78,4.4084628099173555,7.25
37,31,903,algorithmic,538,0,5.260038523531876,
37,32,901,direct,95,57,4.420846653451717,16.455696202531644
37,32,902,coalition,134,78,4.901095786888344,11.900662251655628
37,32,903,algorithmic,536,0,4.742753172082648,
37,33,901,direct,122,57,4.60655737704918,16.29139072847682
37,33,902,coalition,111,78,4.1173557663623885,8.142857142857142
37,33,903,algorithmic,532,0,4.899429065384072,
37,34,901,direct,57,57,4.51418230012037,16.853932584269664
37,34,902,coalition,144,78,4.199594257178527,7.609756097560975
37,34,903,algorithmic,564,0,5.327885937772608,
37,35,901,direct,103,57,5.1302113078241005,15.044247787610619
37,35,902,coalition,144,78,4.536967146740702,7.149425287356323
37,35,903,algorithmic,518,0,4.853564659044922,
37,36,901,direct,64,57,4.6525735294117645,16.47798742138365
37,36,902,coalition,94,78,4.535917538432474,8.061855670103093
37,36,903,algorithmic,607,0,4.899739639859235,
37,37,901,direct,117,57,4.470019472058019,15.333333333333332
37,37,902,coalition,95,78,5.1421052631578945,11.577464788732394
37,37,903,algorithmic,553,0,5.034692163641409,
37,38,901,direct,106,57,4.415010639997768,16.763005780346823
37,38,902,coalition,102,78,5.209905927688995,9.142857142857142
37,38,903,algorithmic,557,0,4.92528345702782,
37,39,901,direct,100,57,4.891213814118842,16.54320987654321
37,39,902,coalition,149,78,4.905045985582898,9.0
37,39,903,algorithmic,516,0,4.896111264945443,
37,40,901,direct,121,57,4.467636948731076,16.41025641025641
37,40,902,coalition,134,78,4.707022240736413,8.596153846153847
37,40,903,algorithmic,510,0,4.738683111093314,
37,41,901,direct,91,57,4.6237695953335765,16.836158192090394
37,41,902,coalition,152,78,4.712229052428646,6.941176470588235
37,41,903,algorithmic,522,0,5.042381951492583,
37,42,901,direct,95,57,4.765800965295335,16.19047619047619
37,42,902,coalition,104,78,4.451767119343538,9.735849056603774
37,42,903,algorithmic,566,0,5.129080907327696,
37,43,901,direct,93,57,4.645161290322581,16.29139072847682
37,43,902,coalition,154,78,4.764126601874946,8.630434782608695
37,43,903,algorithmic,518,0,4.733601172089559,
37,44,901,direct,101,57,4.187121018796369,16.241610738255034
37,44,902,coalition,140,78,4.977051711471654,11.967320261437909
37,44,903,algorithmic,524,0,4.497546033675988,
37,45,901,direct,62,57,3.7967745561207655,16.43312101910828
37,45,902,coalition,173,78,4.69400979345385,10.739837398373984
37,45,903,algorithmic,530,0,4.715586573129919,
37,46,901,direct,123,57,4.496114859020931,15.254237288135593
37,46,902,coalition,103,78,4.3253974000329105,8.808510638297872
37,46,903,algorithmic,539,0,5.104242272590117,
37,47,901,direct,78,57,4.522370243040634,16.87150837988827
37,47,902,coalition,151,78,4.910244552147693,11.84
37,47,903,algorithmic,536,0,4.716938213958142,
37,48,901,direct,85,57,4.8693498452012385,15.82089552238806
37,48,902,coalition,130,78,4.5582875098193245,9.80373831775701
37,48,903,algorithmic,550,0,4.86563251799848,
37,49,901,direct,98,57,4.758355516119491,16.02836879432624
37,49,902,coalition,116,78,4.920579603815114,9.450980392156863
37,49,903,algorithmic,551,0,4.968145661705739,
37,50,901,direct,117,57,4.735414344109997,16.363636363636363
37,50,902,coalition,75,78,4.347878787878788,8.630434782608695
37,50,903,algorithmic,573,0,4.980415180418954,
37,51,901,direct,92,57,4.610099770873107,16.763005780346823
37,51,902,coalition,98,78,4.9188981951161965,9.87037037037037
37,51,903,algorithmic,575,0,5.341998445052902,
37,52,901,direct,111,57,4.043275408504683,16.216216216216218
37,52,902,coalition,110,78,4.775429975429975,8.348314606741573
37,52,903,algorithmic,544,0,5.09575732168057,
37,53,901,direct,88,57,4.815459989112683,16.646706586826348
37,53,902,coalition,106,78,4.759010281324144,8.142857142857142
37,53,903,algorithmic,571,0,4.96418450441629,
37,54,901,direct,99,57,4.623040514433957,16.11111111111111
37,54,902,coalition,115,78,4.596780708006653,6.941176470588235
37,54,903,algorithmic,551,0,5.239998532809929,
37,55,901,direct,83,57,4.010791285442521,16.387096774193548
37,55,902,coalition,137,78,4.291264421944902,12.210526315789473
37,55,903,algorithmic,545,0,4.722987208699464,
37,56,901,direct,124,57,4.991935483870968,15.971223021582734
37,56,902,coalition,117,78,4.3538092602840806,11.689655172413794
37,56,903,algorithmic,524,0,4.534267507186006,
37,57,901,direct,75,57,4.825567010309278,16.88888888888889
37,57,902,coalition,114,78,5.065789473684211,9.3
37,57,903,algorithmic,576,0,5.023572331996945,
37,58,901,direct,102,57,4.932963761420798,15.725190839694656
37,58,902,coalition,162,78,4.228726141645955,9.304347826086957
37,58,903,algorithmic,501,0,4.8429991236416345,
37,59,901,direct,74,57,4.372558346023735,16.455696202531644
37,59,902,coalition,81,78,4.308954524144398,8.666666666666666
37,59,903,algorithmic,610,0,5.203456568298404,
37,60,901,direct,69,57,2.591879165902281,15.692307692307692
37,60,902,coalition,151,78,4.3005603667855326,8.87037037037037
37,60,903,algorithmic,545,0,5.234109819779312,
37,61,901,direct,115,57,4.12731433326399,15.52
37,61,902,coalition,125,78,4.412143157894737,9.615384615384617
37,61,903,algorithmic,525,0,4.800783777625883,
37,62,901,direct,75,57,4.735533553355335,16.72514619883041
37,62,902,coalition,126,78,4.85978835978836,9.0
37,62,903,algorithmic,564,0,4.863334737729092,
37,63,901,direct,112,57,4.806386347642506,15.725190839694656
37,63,902,coalition,86,78,4.6050062133854075,7.185840707964601
37,63,903,algorithmic,567,0,4.791904645056943,
37,64,901,direct,148,57,4.182220728616434,16.666666666666664
37,64,902,coalition,167,78,4.645851154833191,8.630434782608695
37,64,903,algorithmic,450,0,4.558323722304784,
37,65,901,direct,86,57,4.4333060711894365,17.254901960784313
37,65,902,coalition,135,78,4.456330583235115,10.761904761904763
37,65,903,algorithmic,544,0,4.500167460909147,
37,66,901,direct,98,57,3.781334909727909,16.056338028169016
37,66,902,coalition,149,78,4.658263879847402,7.735849056603774
37,66,903,algorithmic,518,0,5.12691190488161,
37,67,901,direct,118,57,4.036413048216584,16.363636363636363
37,67,902,coalition,125,78,4.6934025974025975,9.524271844660195
37,67,903,algorithmic,522,0,4.986387326988635,
37,68,901,direct,120,57,4.178372599504624,16.781609195402297
37,68,902,coalition,98,78,4.992258972554539,12.095541401273884
37,68,903,algorithmic,547,0,4.840196671067975,
37,69,901,direct,117,57,4.542010767010767,16.818181818181817
37,69,902,coalition,107,0,4.44233220050977,
37,69,903,algorithmic,541,78,5.141044750289043,7.046511627906976
37,70,901,direct,71,57,4.935357811609542,16.763005780346823
37,70,902,coalition,185,0,4.603957714940374,
37,70,903,algorithmic,509,78,5.877602007790409,7.444444444444444
37,71,901,direct,91,57,4.6923076923076925,15.590551181102363
37,71,902,coalition,138,0,5.2584181298971995,
37,71,903,algorithmic,536,78,5.522931601833354,8.72289156626506
37,72,901,direct,138,57,4.748151434486838,16.19047619047619
37,72,902,coalition,155,0,4.492339142787845,
37,72,903,algorithmic,472,78,5.85761847111726,8.894736842105264
37,73,901,direct,98,57,4.820744792762466,17.11340206185567
37,73,902,coalition,146,0,5.413006637480581,
37,73,903,algorithmic,521,78,5.759700813265528,6.128205128205128
37,74,901,direct,116,57,4.7155172413793105,16.363636363636363
37,74,902,coalition,185,0,4.522990522990523,
37,74,903,algorithmic,464,78,5.535294446932378,8.142857142857142
37,75,901,direct,116,57,5.0785886126704085,16.74418604651163
37,75,902,coalition,160,0,5.007613088485536,
37,75,903,algorithmic,489,78,5.688519522518666,7.609756097560975
37,76,901,direct,57,57,4.59751121991024,16.74418604651163
37,76,902,coalition,160,0,5.343241279069767,
37,76,903,algorithmic,548,78,5.751782379901545,8.046511627906977
37,77,901,direct,123,57,4.495575221238938,15.044247787610619
37,77,902,coalition,167,0,5.143262148269832,
37,77,903,algorithmic,475,78,5.932836516068933,8.25
37,78,901,direct,58,57,4.587555384319014,16.87150837988827
37,78,902,coalition,117,0,5.416349360223597,
37,78,903,algorithmic,590,78,5.772720386327053,7.046511627906976
37,79,901,direct,105,57,4.59047619047619,15.087719298245615
37,79,902,coalition,166,0,4.34834992142483,
37,79,903,algorithmic,494,78,5.663967611336032,7.630434782608695
37,80,901,direct,113,57,4.814159292035399,16.52173913043478
37,80,902,coalition,130,0,5.163831820353559,
37,80,903,algorithmic,522,78,5.630196806358725,6.833333333333333
37,81,901,direct,90,57,4.866863905325443,16.68639053254438
37,81,902,coalition,212,78,4.721265490677682,6.25
37,81,903,algorithmic,463,0,5.8865004409114725,
37,82,901,direct,75,57,4.223893374343202,16.164383561643838
37,82,902,coalition,67,78,4.872997434027191,11.296296296296298
37,82,903,algorithmic,623,0,4.901438292634549,
37,83,901,direct,141,57,4.653129042330167,15.725190839694656
37,83,902,coalition,77,78,4.683057400614652,9.735849056603774
37,83,903,algorithmic,547,0,5.317637929749717,
37,84,901,direct,63,57,4.808355665498523,17.15736040609137
37,84,902,coalition,178,78,4.5940797353561855,8.222222222222221
37,84,903,algorithmic,524,0,4.955063158641646,
37,85,901,direct,107,57,4.548392696970574,15.294117647058822
37,85,902,coalition,106,78,4.310924369747899,10.93421052631579
37,85,903,algorithmic,552,0,4.490347912620425,
37,86,901,direct,106,57,4.060218718392953,16.56441717791411
37,86,902,coalition,140,78,4.500087642418931,8.894736842105264
37,86,903,algorithmic,519,0,4.725551687617084,
37,87,901,direct,56,57,5.0,16.54320987654321
37,87,902,coalition,144,78,4.770833333333333,12.615384615384617
37,87,903,algorithmic,565,0,4.789462395799821,
37,88,901,direct,83,57,5.278614457831325,15.0
37,88,902,coalition,113,78,5.049146649810367,11.1875
37,88,903,algorithmic,569,0,4.84429228633457,
37,89,901,direct,88,57,4.824760765550239,15.971223021582734
37,89,902,coalition,120,78,4.97332134292566,10.450980392156863
37,89,903,algorithmic,557,0,5.128946410713307,
37,90,901,direct,112,57,4.609467167426104,16.11111111111111
37,90,902,coalition,123,78,5.0772357723577235,10.253731343283583
37,90,903,algorithmic,530,0,4.710705046742153,
37,91,901,direct,92,57,4.149123422159888,16.666666666666664
37,91,902,coalition,77,78,4.181725417439703,9.79032258064516
37,91,903,algorithmic,596,0,4.668192326725018,
37,92,901,direct,107,57,3.9975725209370068,16.216216216216218
37,92,902,coalition,141,78,5.451025493578685,8.979166666666666
37,92,903,algorithmic,517,0,4.903674250627828,
37,93,901,direct,87,57,4.632324941823567,16.56441717791411
37,93,902,coalition,115,78,5.000160042678047,14.46788990825688
37,93,903,algorithmic,563,0,5.582934354218675,
37,94,901,direct,100,57,4.58826486013986,16.083916083916083
37,94,902,coalition,125,78,4.51255944055944,10.735849056603774
37,94,903,algorithmic,540,0,5.110276186514394,
37,95,901,direct,96,57,4.124659486444596,16.41025641025641
37,95,902,coalition,85,78,4.417194570135747,7.894736842105263
37,95,903,algorithmic,584,0,4.885665659142587,
37,96,901,direct,120,57,4.568727954144621,16.315789473684212
37,96,902,coalition,142,78,4.380281690140845,10.125
37,96,903,algorithmic,503,0,5.105888478651898,
37,97,901,direct,94,57,4.269013658572613,16.818181818181817
37,97,902,coalition,97,78,4.4334085452748075,8.937007874015748
37,97,903,algorithmic,574,0,4.895954488704206,
37,98,901,direct,101,57,4.02253328781154,16.266666666666666
37,98,902,coalition,143,78,5.055944055944056,9.142857142857142
37,98,903,algorithmic,521,0,4.997488724790333,
37,99,901,direct,91,57,4.259803890377139,16.43312101910828
37,99,902,coalition,116,78,4.417292294790648,8.063063063063062
37,99,903,algorithmic,558,0,4.8564347263751415,
37,100,901,direct,125,57,3.916378555567305,16.19047619047619
37,100,902,coalition,126,0,4.751523604754016,
37,100,903,algorithmic,514,78,5.433220980979234,6.538461538461538
38,1,901,direct,141,48,4.070000773301692,13.42809364548495
38,1,902,coalition,139,42,4.299301663164126,13.343048256091736
38,1,903,algorithmic,485,45,4.438009861048856,11.528246820929748
38,2,901,direct,109,48,3.840025234308475,11.666666666666666
38,2,902,coalition,146,42,4.020911486979877,12.785369220151827
38,2,903,algorithmic,510,45,4.9713488478956185,12.140979689366787
38,3,901,direct,90,48,3.227345970964173,11.32051282051282
38,3,902,coalition,145,42,4.2245420966076175,12.90543637602461
38,3,903,algorithmic,530,45,5.102470794448262,10.860987230798552
38,4,901,direct,108,48,3.7760175924747807,10.902676399026765
38,4,902,coalition,129,42,4.633389013417971,11.890464374335343
38,4,903,algorithmic,528,45,5.586940054490679,11.81316740264954
38,5,901,direct,94,46,3.2230005248496103,12.572931276297336
38,5,902,coalition,182,42,4.096730172631501,12.786683904330962
38,5,903,algorithmic,489,47,5.3542462917091855,9.868320423570937
38,6,901,direct,93,46,4.137275401198444,16.762589928057555
38,6,902,coalition,132,42,4.221261924321897,13.121469337837052
38,6,903,algorithmic,540,47,5.262660576797429,8.698412698412698
38,7,901,direct,90,46,5.333333333333333,16.73913043478261
38,7,902,coalition,146,42,4.1128710795499535,12.601104459124691
38,7,903,algorithmic,529,47,5.681098411588375,9.030303030303031
38,8,901,direct,104,46,4.792761704526411,16.666666666666664
38,8,902,coalition,141,42,3.9368627170045607,12.664629488158901
38,8,903,algorithmic,520,47,5.52219708396179,9.235294117647058
38,9,901,direct,102,46,4.902405841140545,16.97986577181208
38,9,902,coalition,156,42,4.035395496230231,12.896926381888788
38,9,903,algorithmic,507,47,5.477471473602641,10.134328358208956
38,10,901,direct,119,46,4.288342971483233,16.93877551020408
38,10,902,coalition,126,42,4.331045530572232,12.378065009682123
38,10,903,algorithmic,520,47,5.316633468333419,10.8125
38,11,901,direct,105,46,4.399767711962834,17.25609756097561
38,11,902,coalition,147,42,3.5747779317326747,12.541190910105255
38,11,903,algorithmic,513,47,5.486747106334298,9.580645161290322
38,12,901,direct,84,46,4.994427558257345,17.0
38,12,902,coalition,185,42,4.047974271305159,12.916360968451944
38,12,903,algorithmic,496,47,5.093953880986755,9.428571428571429
38,13,901,direct,162,46,4.650531348501674,16.511627906976745
38,13,902,coalition,142,42,3.789219957680098,13.185840707964601
38,13,903,algorithmic,461,47,5.198581189842793,10.134328358208956
38,14,901,direct,79,46,4.844906240839007,17.82608695652174
38,14,902,coalition,111,42,3.566633231592248,12.418729786996767
38,14,903,algorithmic,575,47,5.529422665716322,9.8125
38,15,901,direct,95,70,4.364819944598338,13.900921658986176
38,15,902,coalition,177,18,3.7580823299363777,14.302631578947366
38,15,903,algorithmic,493,47,5.3437737837363155,10.428571428571429
38,16,901,direct,124,70,5.209677419354839,15.792682926829269
38,16,902,coalition,118,18,4.029836968135788,16.123711340206185
38,16,903,algorithmic,523,47,5.61812496424229,8.785714285714286
38,17,901,direct,109,70,4.452433480879161,16.424870466321245
38,17,902,coalition,146,18,4.01955335222423,15.0
38,17,903,algorithmic,510,47,5.510984017705426,10.102564102564102
38,18,901,direct,92,70,4.739130434782608,16.123595505617978
38,18,902,coalition,203,18,4.649621819227069,15.957055214723928
38,18,903,algorithmic,470,47,5.4186774103184225,7.8125
38,19,901,direct,105,70,4.847619047619047,15.714285714285714
38,19,902,coalition,119,18,4.609426379247351,14.53448275862069
38,19,903,algorithmic,541,47,5.360180353446197,9.636363636363637
38,20,901,direct,107,70,4.657469793079303,16.03448275862069
38,20,902,coalition,164,18,4.511186695031251,13.46268656716418
38,20,903,algorithmic,494,47,5.398820040683984,10.866666666666667
38,21,901,direct,107,70,4.723142564197673,16.079545454545453
38,21,902,coalition,170,18,4.4874766280193645,11.53061224489796
38,21,903,algorithmic,488,47,5.148430792993026,9.785714285714286
38,22,901,direct,93,70,4.275257317003048,16.079545454545453
38,22,902,coalition,123,18,3.37628074141704,15.09090909090909
38,22,903,algorithmic,549,47,5.315666306264185,9.333333333333332
38,23,901,direct,116,70,4.462415617588031,15.740740740740739
38,23,902,coalition,147,18,4.226837420138785,13.901234567901234
38,23,903,algorithmic,502,47,5.6344814744549145,9.459016393442623
38,24,901,direct,90,70,4.864655596362914,16.27027027027027
38,24,902,coalition,150,18,4.213521268757997,12.3015873015873
38,24,903,algorithmic,525,47,5.4321768259050485,8.235294117647058
38,25,901,direct,92,70,4.939639116415997,15.660377358490567
38,25,902,coalition,210,18,4.247799143509072,12.384615384615385
38,25,903,algorithmic,463,47,5.500216787363997,8.698412698412698
38,26,901,direct,89,70,4.686185220016829,15.714285714285714
38,26,902,coalition,155,18,4.766372679905497,17.251101321585903
38,26,903,algorithmic,521,47,5.688102932899434,8.923076923076923
38,27,901,direct,96,70,5.197432170542636,15.632911392405061
38,27,902,coalition,136,65,5.39075258581848,8.758272826125083
38,27,903,algorithmic,533,0,5.5096838011245985,
38,28,901,direct,112,70,4.667912513842746,15.818181818181818
38,28,902,coalition,113,65,4.97579780101904,12.03875968992248
38,28,903,algorithmic,540,0,4.771086184845875,
38,29,901,direct,130,70,4.585671453271868,16.187845303867405
38,29,902,coalition,118,65,4.74836695706183,8.289156626506024
38,29,903,algorithmic,517,0,5.225170827920227,
38,30,901,direct,117,70,4.0625383254706335,16.532663316582916
38,30,902,coalition,59,65,4.472191465803594,7.588235294117647
38,30,903,algorithmic,589,0,5.258334696122607,
38,31,901,direct,117,70,4.670894219281316,16.29032258064516
38,31,902,coalition,99,65,4.949712175518627,10.118279569892472
38,31,903,algorithmic,549,0,5.3259317539411954,
38,32,901,direct,91,70,4.1166236435429715,16.29032258064516
38,32,902,coalition,143,65,4.532521242198661,9.018691588785046
38,32,903,algorithmic,531,0,4.885849893505479,
38,33,901,direct,101,70,4.200170482886798,15.6875
38,33,902,coalition,103,65,4.481209840063787,10.285714285714285
38,33,903,algorithmic,561,0,5.002161426713856,
38,34,901,direct,110,70,4.508546543277082,15.941176470588237
38,34,902,coalition,83,65,4.712969525159462,6.985915492957746
38,34,903,algorithmic,572,0,5.316894851498387,
38,35,901,direct,121,70,4.869061674256479,16.145251396648046
38,35,902,coalition,146,65,4.455728170199739,7.303030303030303
38,35,903,algorithmic,498,0,5.010601188348089,
38,36,901,direct,93,70,4.344490257902822,16.36842105263158
38,36,902,coalition,75,65,4.2484210526315795,6.72463768115942
38,36,903,algorithmic,597,0,4.953117810183459,
38,37,901,direct,183,70,3.3610087705209737,15.740740740740739
38,37,902,coalition,99,65,3.9824167601945377,10.46938775510204
38,37,903,algorithmic,483,0,5.605771140987334,
38,38,901,direct,97,70,4.48569122059888,17.261904761904763
38,38,902,coalition,147,65,4.2796674225245654,9.333333333333332
38,38,903,algorithmic,521,0,4.7228386302886145,
38,39,901,direct,111,70,4.827173944915051,15.843373493975903
38,39,902,coalition,85,65,4.263164506366699,8.380952380952381
38,39,903,algorithmic,569,0,5.126158931889086,
38,40,901,direct,116,70,4.432770192085165,16.166666666666668
38,40,902,coalition,119,0,4.535014005602241,
38,40,903,algorithmic,530,65,5.334661483997776,6.72463768115942
38,41,901,direct,73,70,4.318030359126249,16.27027027027027
38,41,902,coalition,115,0,4.177255516385951,
38,41,903,algorithmic,577,65,5.852171061876434,9.88888888888889
38,42,901,direct,135,70,4.933333333333334,15.140845070422536
38,42,902,coalition,150,0,4.785742525327403,
38,42,903,algorithmic,480,65,5.813849765258216,7.578947368421053
38,43,901,direct,114,70,4.935844513243894,16.61764705882353
38,43,902,coalition,177,0,4.397822405798478,
38,43,903,algorithmic,474,65,5.662240423595599,9.380952380952381
38,44,901,direct,77,70,3.800865800865801,16.229508196721312
38,44,902,coalition,153,0,4.969891781849352,
38,44,903,algorithmic,535,65,5.539328941320668,7.466666666666667
38,45,901,direct,126,70,4.507936507936508,15.273972602739725
38,45,902,coalition,176,0,4.37069949614234,
38,45,903,algorithmic,463,65,5.878487529216841,8.64367816091954
38,46,901,direct,80,70,4.665384615384616,16.46153846153846
38,46,902,coalition,138,0,5.401654445438891,
38,46,903,algorithmic,547,65,5.765902592228003,6.985915492957746
38,47,901,direct,137,70,4.5642482731592615,15.369127516778525
38,47,902,coalition,150,0,4.494709597032255,
38,47,903,algorithmic,478,65,5.734801044621045,9.89873417721519
38,48,901,direct,71,70,4.40858744701217,16.650485436893206
38,48,902,coalition,178,0,4.92931028054676,
38,48,903,algorithmic,516,65,5.7512041845412805,8.89873417721519
38,49,901,direct,76,70,4.961646136618141,15.071428571428571
38,49,902,coalition,176,0,4.951523210831722,
38,49,903,algorithmic,513,65,5.752436647173489,9.191489361702128
38,50,901,direct,131,70,4.916030534351145,15.241379310344831
38,50,902,coalition,158,0,4.998484934747816,
38,50,903,algorithmic,476,65,5.8345407128368585,7.72463768115942
38,51,901,direct,57,70,4.473684210526316,16.55
38,51,902,coalition,220,0,5.088038277511962,
38,51,903,algorithmic,488,65,5.689549180327869,7.578947368421053
38,52,901,direct,133,70,5.0,14.523809523809524
38,52,902,coalition,169,0,5.776502104860314,
38,52,903,algorithmic,463,65,5.501079913606912,6.447761194029851
38,53,901,direct,72,70,4.271314631463146,16.584158415841586
38,53,902,coalition,197,0,4.94757068671098,
38,53,903,algorithmic,496,65,5.493193069306931,9.558139534883722
38,54,901,direct,77,70,5.12987012987013,15.106382978723403
38,54,902,coalition,199,0,5.182796411384663,
38,54,903,algorithmic,489,65,5.630045395872312,6.985915492957746
38,55,901,direct,134,70,4.925373134328358,15.273972602739725
38,55,902,coalition,187,65,5.080922032573926,6.466666666666667
38,55,903,algorithmic,444,0,5.588640009872886,
38,56,901,direct,63,70,4.474688547397711,16.600985221674875
38,56,902,coalition,59,65,4.143368082317137,9.846153846153847
38,56,903,algorithmic,643,0,5.049595098449982,
38,57,901,direct,139,70,4.3161136219567515,14.772727272727275
38,57,902,coalition,160,65,4.6678030303030305,8.35135135135135
38,57,903,algorithmic,466,0,5.333347393433231,
38,58,901,direct,93,70,4.629467978258301,16.682692307692307
38,58,902,coalition,100,65,4.930789835164835,14.142857142857142
38,58,903,algorithmic,572,0,5.453613693998309,
38,59,901,direct,131,70,4.395118043631666,15.740740740740739
38,59,902,coalition,122,65,4.7219186399514275,9.808988764044944
38,59,903,algorithmic,512,0,4.829049302996931,
38,60,901,direct,85,70,4.618026565464895,16.55
38,60,902,coalition,94,65,3.8300732097918093,7.89873417721519
38,60,903,algorithmic,586,0,5.050509227838345,
38,61,901,direct,141,70,4.417631744321752,15.51948051948052
38,61,902,coalition,155,65,4.451612903225806,10.78640776699029
38,61,903,algorithmic,469,0,4.655368784750144,
38,62,901,direct,94,70,4.791120178762266,16.714285714285715
38,62,902,coalition,95,65,4.611199230954098,9.962264150943398
38,62,903,algorithmic,576,0,4.699019928108517,
38,63,901,direct,79,70,3.856699307379986,15.766871165644174
38,63,902,coalition,79,65,4.355152255764874,7.89873417721519
38,63,903,algorithmic,607,0,5.168238876837305,
38,64,901,direct,116,70,4.89636512912375,15.337837837837839
38,64,902,coalition,137,65,4.796212270664825,11.920634920634921
38,64,903,algorithmic,512,0,5.035503746441246,
38,65,901,direct,69,70,4.649722402480352,16.27027027027027
38,65,902,coalition,110,65,4.418855354676251,9.78640776699029
38,65,903,algorithmic,586,0,5.1265259702314125,
38,66,901,direct,97,70,4.510894876225278,15.0
38,66,902,coalition,150,65,4.809951690821256,9.558139534883722
38,66,903,algorithmic,518,0,5.057791006624729,
38,67,901,direct,107,70,4.995597026940849,15.843373493975903
38,67,902,coalition,107,65,4.682693390383966,11.076923076923077
38,67,903,algorithmic,551,0,4.713696177589916,
38,68,901,direct,105,70,4.716406280498755,16.079545454545453
38,68,902,coalition,143,65,4.715511760966307,10.018691588785046
38,68,903,algorithmic,517,0,4.735785628315415,
38,69,901,direct,163,70,4.574086167550171,16.03448275862069
38,69,902,coalition,76,65,4.584788745977888,8.578947368421053
38,69,903,algorithmic,526,0,5.018216693801055,
38,70,901,direct,106,70,3.840505623199182,17.025862068965516
38,70,902,coalition,164,65,4.8534482758620685,8.794871794871796
38,70,903,algorithmic,495,0,4.700215620905276,
38,71,901,direct,106,70,4.8584905660377355,16.057142857142857
38,71,902,coalition,123,65,5.003637141634574,12.076923076923077
38,71,903,algorithmic,536,0,4.367848258706467,
38,72,901,direct,98,70,4.510695187165775,16.057142857142857
38,72,902,coalition,110,65,4.618181818181818,9.043478260869566
38,72,903,algorithmic,557,0,4.761062622904698,
38,73,901,direct,85,70,4.5753887762001355,15.868263473053892
38,73,902,coalition,128,65,4.518104416167665,8.263157894736842
38,73,903,algorithmic,552,0,5.041260760784646,
38,74,901,direct,97,70,4.608891752577319,15.51948051948052
38,74,902,coalition,129,0,3.903144820295983,
38,74,903,algorithmic,539,65,5.192595013211896,4.303030303030303
38,75,901,direct,82,70,5.2682926829268295,15.843373493975903
38,75,902,coalition,177,0,4.479827010677379,
38,75,903,algorithmic,506,65,5.831849135673127,10.663366336633663
38,76,901,direct,72,70,5.027777777777778,15.430463576158942
38,76,902,coalition,168,65,5.798170923998739,3.1538461538461537
38,76,903,algorithmic,525,0,5.738618732261116,
38,77,901,direct,102,70,5.294117647058823,15.106382978723403
38,77,902,coalition,95,65,4.9235439111351385,9.962264150943398
38,77,903,algorithmic,568,0,4.808542444966361,
38,78,901,direct,111,70,4.8084310725820165,15.964912280701752
38,78,902,coalition,145,65,4.544625932647711,7.232876712328768
38,78,903,algorithmic,509,0,5.021690015157093,
38,79,901,direct,110,70,4.721366777826108,16.166666666666668
38,79,902,coalition,77,65,4.8832135435006245,10.402061855670103
38,79,903,algorithmic,578,0,5.1254604938627715,
38,80,901,direct,99,70,4.591016548463357,16.145251396648046
38,80,902,coalition,112,65,4.801825618515563,8.35135135135135
38,80,903,algorithmic,554,0,5.335404708661072,
38,81,901,direct,116,70,4.33861299015564,15.892857142857142
38,81,902,coalition,123,65,4.3563685636856375,9.263157894736842
38,81,903,algorithmic,526,0,4.994552413266141,
38,82,901,direct,65,70,4.72427289486113,16.27027027027027
38,82,902,coalition,120,65,4.238601435660259,10.074074074074073
38,82,903,algorithmic,580,0,4.76889211265479,
38,83,901,direct,107,70,4.890390085331166,14.850746268656719
38,83,902,coalition,91,65,4.786288338527145,9.6
38,83,903,algorithmic,567,0,5.029778929140815,
38,84,901,direct,127,70,4.132311173713256,16.079545454545453
38,84,902,coalition,142,65,4.340186278964108,10.6
38,84,903,algorithmic,496,0,5.192896544792356,
38,85,901,direct,91,70,4.7800064013656245,16.479591836734695
38,85,902,coalition,74,65,4.198504329572291,6.688311688311688
38,85,903,algorithmic,600,0,5.12163262304039,
38,86,901,direct,113,70,4.093882262408619,15.6875
38,86,902,coalition,144,0,4.658854166666667,
38,86,903,algorithmic,508,65,5.615257331963939,6.153846153846154
38,87,901,direct,78,70,4.5808678500986195,16.208791208791208
38,87,902,coalition,152,0,4.384793998571088,
38,87,903,algorithmic,535,65,5.940186915887851,8.470588235294118
38,88,901,direct,111,70,5.036036036036036,15.306122448979593
38,88,902,coalition,196,0,4.6195335276967935,
38,88,903,algorithmic,458,65,5.863485132044084,7.794871794871795
38,89,901,direct,57,70,4.7894736842105265,16.166666666666668
38,89,902,coalition,122,0,5.056545497742931,
38,89,903,algorithmic,586,65,5.766780432309443,7.72463768115942
38,90,901,direct,111,70,4.786080197844904,14.523809523809524
38,90,902,coalition,189,0,4.248850157346889,
38,90,903,algorithmic,465,65,5.97610513739546,10.725490196078432
38,91,901,direct,94,70,4.627659574468085,16.166666666666668
38,91,902,coalition,160,0,5.368791459369818,
38,91,903,algorithmic,511,65,5.542509241139378,6.447761194029851
38,92,901,direct,130,70,4.5140160453043885,15.766871165644174
38,92,902,coalition,128,0,3.849625203552223,
38,92,903,algorithmic,507,65,5.446400696990598,8.098765432098766
38,93,901,direct,116,70,4.827586206896552,16.532663316582916
38,93,902,coalition,162,0,5.131654267332659,
38,93,903,algorithmic,487,65,5.547325952142643,11.35135135135135
38,94,901,direct,81,70,4.901234567901234,16.27027027027027
38,94,902,coalition,181,0,4.602345690743481,
38,94,903,algorithmic,503,65,5.540325613884262,8.727272727272727
38,95,901,direct,111,70,4.828828828828829,15.4
38,95,902,coalition,156,0,4.973261723261723,
38,95,903,algorithmic,498,65,5.5809906291834,8.35135135135135
38,96,901,direct,105,70,4.930952380952381,16.166666666666668
38,96,902,coalition,165,0,4.774579124579125,
38,96,903,algorithmic,495,65,5.672278338945006,11.0
38,97,901,direct,95,70,4.873442226255293,16.03448275862069
38,97,902,coalition,158,0,4.799103847045067,
38,97,903,algorithmic,512,65,5.613146551724138,9.098765432098766
38,98,901,direct,93,70,4.496721741410963,15.792682926829269
38,98,902,coalition,166,0,4.550455126412202,
38,98,903,algorithmic,506,65,5.697917670876313,10.289156626506024
38,99,901,direct,100,70,4.46,15.740740740740739
38,99,902,coalition,191,0,5.142923182532611,
38,99,903,algorithmic,474,65,5.505131010053654,8.89873417721519
38,100,901,direct,70,70,4.642857142857143,15.917159763313608
38,100,902,coalition,176,0,5.0212429167250034,
38,100,903,algorithmic,519,65,5.627982807173559,7.232876712328768
39,1,901,algorithmic,511,45,4.0467773499147786,10.577777777777778
39,1,902,direct,113,46,3.638772054276777,13.625418060200671
39,1,903,coalition,141,44,4.308358041383018,12.912714914818702
39,2,901,algorithmic,396,45,4.509627806896032,10.764478114478115
39,2,902,direct,197,46,3.716873095261497,11.630159603742433
39,2,903,coalition,172,44,3.891611281829313,12.172677865612648
39,3,901,algorithmic,551,45,5.192846302199659,11.174712643678161
39,3,902,direct,94,46,4.226578040858814,12.749191519942508
39,3,903,coalition,120,44,4.219785722648958,13.136363636363637
39,4,901,algorithmic,461,45,4.732670872919561,13.728109660090766
39,4,902,direct,201,46,4.026643282512667,11.501720362840162
39,4,903,coalition,103,44,4.07246462816658,11.661434251479768
39,5,901,algorithmic,458,19,4.5601216246342196,13.391304347826086
39,5,902,direct,125,72,4.213250264642745,10.946892210857591
39,5,903,coalition,182,44,3.9470350124703035,10.53862801081311
39,6,901,algorithmic,565,45,5.035622980755724,8.065362811791383
39,6,902,direct,111,46,4.9381006006006,16.377551020408163
39,6,903,coalition,89,44,4.247586244235522,12.47020202020202
39,7,901,algorithmic,519,45,5.712568099851337,10.015873015873016
39,7,902,direct,93,46,4.550718099105196,17.115384615384617
39,7,903,coalition,153,44,3.9326534032416385,11.113980716253444
39,8,901,algorithmic,559,45,5.455830990714712,8.666666666666666
39,8,902,direct,60,46,4.525850340136055,16.73913043478261
39,8,903,coalition,146,44,3.7696859565744107,13.003478664192953
39,9,901,algorithmic,509,45,5.564214509204686,9.542372881355933
39,9,902,direct,110,46,4.878980278980279,15.714285714285712
39,9,903,coalition,146,44,4.222045323043697,12.86123136123136
39,10,901,algorithmic,555,45,5.383020766409717,7.413793103448275
39,10,902,direct,75,46,4.562033221313904,17.096774193548388
39,10,903,coalition,135,44,3.9722204892888366,12.950257915775156
39,11,901,algorithmic,556,45,5.368617791522491,8.0
39,11,902,direct,105,46,4.669740013922689,16.25
39,11,903,coalition,104,44,4.300237683664649,11.757430228343601
39,12,901,algorithmic,571,45,5.4105222581181245,8.413793103448276
39,12,902,direct,98,46,4.502513547791999,17.0
39,12,903,coalition,96,44,3.9283275666588473,12.15692378646374
39,13,901,algorithmic,567,45,5.393637409358166,9.280701754385966
39,13,902,direct,101,46,4.854510188152186,16.853146853146853
39,13,903,coalition,97,44,3.8125358092802477,11.27527069253688
39,14,901,algorithmic,550,45,5.2754671860223405,9.333333333333332
39,14,902,direct,118,46,4.411973164860142,16.91780821917808
39,14,903,coalition,97,44,3.656686908628725,10.085184552289816
39,15,901,algorithmic,586,45,5.231449302415096,9.69811320754717
39,15,902,direct,51,46,4.08766911019727,17.239263803680984
39,15,903,coalition,128,44,4.53567578712814,10.635983697153911
39,16,901,algorithmic,532,45,5.583577425015109,7.5423728813559325
39,16,902,direct,125,46,4.580083655466349,15.3125
39,16,903,coalition,108,44,3.459641138313455,11.193802431090567
39,17,901,algorithmic,478,45,5.423852054126024,9.054054054054054
39,17,902,direct,160,46,3.95743002624016,17.352941176470587
39,17,903,coalition,127,44,3.2075217124249518,12.188173753024433
39,18,901,algorithmic,504,45,5.156851103504137,9.142857142857142
39,18,902,direct,107,46,5.106464286193164,17.804878048780488
39,18,903,coalition,154,44,3.7807979067458466,11.872475856014047
39,19,901,algorithmic,541,45,5.527712001991406,8.666666666666666
39,19,902,direct,113,46,4.434937401792113,17.039473684210527
39,19,903,coalition,111,44,4.276110601651611,12.939717975292579
39,20,901,algorithmic,528,45,5.444359174580694,10.23076923076923
39,20,902,direct,118,46,4.861828688368057,17.151898734177216
39,20,903,coalition,119,44,3.3910117114031593,12.295772409408773
39,21,901,algorithmic,516,45,5.312658960195934,11.432835820895523
39,21,902,direct,115,46,4.1340275102167165,17.239263803680984
39,21,903,coalition,134,44,3.908397093844502,11.689313772647107
39,22,901,algorithmic,553,45,5.287387199547136,7.851851851851851
39,22,902,direct,106,46,4.481691717300928,17.1875
39,22,903,coalition,106,44,4.106538482038162,11.757608310365532
39,23,901,algorithmic,578,45,5.449119530134064,8.125
39,23,902,direct,92,46,4.910371378824566,17.019867549668874
39,23,903,coalition,95,44,3.622592875472828,11.169837954105956
39,24,901,algorithmic,524,45,5.2742905863611345,10.903225806451612
39,24,902,direct,141,46,3.8278086190569867,16.715328467153284
39,24,903,coalition,100,44,3.419559689192371,11.1670187633456
39,25,901,algorithmic,528,45,5.323580142695566,7.698113207547171
39,25,902,direct,104,46,4.188853778949545,17.58064516129032
39,25,903,coalition,133,44,4.650516806553582,11.298116656071201
39,26,901,algorithmic,492,45,5.448777759589676,11.133333333333333
39,26,902,direct,112,46,3.794537991371045,16.97986577181208
39,26,903,coalition,161,44,4.108007836925258,13.049328512396697
39,27,901,algorithmic,546,45,5.220408816075108,6.538461538461538
39,27,902,direct,104,46,4.999165393742014,17.133757961783438
39,27,903,coalition,115,44,4.131480857259931,12.54265696177461
39,28,901,algorithmic,560,45,5.417972813116411,11.432835820895523
39,28,902,direct,90,46,5.0572112808536325,16.97986577181208
39,28,903,coalition,115,44,3.954943822770587,11.151001827658565
39,29,901,algorithmic,455,45,5.447964561630281,10.432835820895523
39,29,902,direct,136,46,4.503109362434228,16.666666666666664
39,29,903,coalition,174,44,3.96796000436571,10.905503628378854
39,30,901,algorithmic,545,45,5.351054752221189,8.78688524590164
39,30,902,direct,100,46,4.509019284435741,17.513812154696133
39,30,903,coalition,120,44,3.726141437493626,13.301975373854757
39,31,901,algorithmic,523,45,5.395663058086943,9.413793103448276
39,31,902,direct,100,46,4.959533039148791,16.896551724137932
39,31,903,coalition,142,44,3.962708980772726,11.940233144544907
39,32,901,algorithmic,473,45,5.776990083325288,11.142857142857142
39,32,902,direct,144,46,4.544611421766594,16.896551724137932
39,32,903,coalition,148,44,4.650916493647155,12.812039312039314
39,33,901,algorithmic,549,45,5.313892866263193,10.280701754385966
39,33,902,direct,71,46,5.2667141105309385,17.61904761904762
39,33,903,coalition,145,44,4.003286294410477,12.885054735840077
39,34,901,algorithmic,545,45,5.508696072736222,9.23076923076923
39,34,902,direct,127,46,4.602679321658609,16.120689655172413
39,34,903,coalition,93,44,3.413609836230715,12.616518701236608
39,35,901,algorithmic,535,45,5.296339902857667,6.280701754385965
39,35,902,direct,78,46,4.517398014662037,17.383720930232556
39,35,903,coalition,152,44,3.841262112008367,9.638824744773942
39,36,901,algorithmic,581,45,5.490475915395105,8.529411764705882
39,36,902,direct,108,46,4.605922683158456,16.34146341463415
39,36,903,coalition,76,44,2.53655390269073,12.364283864283864
39,37,901,algorithmic,511,45,5.42714606039114,7.538461538461538
39,37,902,direct,121,46,4.686760654675093,17.058823529411764
39,37,903,coalition,133,44,4.222551098712089,10.817270964329786
39,38,901,algorithmic,516,45,5.3952769531221305,10.432835820895523
39,38,902,direct,104,46,4.3148768366465,17.289156626506024
39,38,903,coalition,145,44,3.9099175911055437,13.011215642120902
39,39,901,algorithmic,504,45,5.233295211915981,9.538461538461538
39,39,902,direct,117,46,4.810292536409914,16.97986577181208
39,39,903,coalition,144,44,4.516081325341642,12.018012572533848
39,40,901,algorithmic,551,45,5.270550693831997,10.529411764705882
39,40,902,direct,99,46,4.4514876518473825,17.22222222222222
39,40,903,coalition,115,44,3.721824381926684,12.148698149257779
39,41,901,algorithmic,547,45,5.690143398205787,9.69811320754717
39,41,902,direct,105,46,4.284409263001966,16.875
39,41,903,coalition,113,44,4.572282189170535,12.065981858796453
39,42,901,algorithmic,587,45,5.99443498012493,8.125
39,42,902,direct,71,46,4.67670639219935,17.0
39,42,903,coalition,107,44,4.0913551401869155,12.37995337995338
39,43,901,algorithmic,560,45,5.531362244239037,8.015873015873016
39,43,902,direct,124,46,5.1537634408602155,16.120689655172413
39,43,903,coalition,81,44,3.5841999635103083,12.229945522642153
39,44,901,algorithmic,521,45,5.716440882074827,10.015873015873016
39,44,902,direct,94,46,5.299151616558301,17.337278106508876
39,44,903,coalition,150,44,3.8260073260073257,11.804985337243401
39,45,901,algorithmic,527,45,5.171445719474035,8.542372881355933
39,45,902,direct,112,46,4.4943194125415475,16.762589928057555
39,45,903,coalition,126,44,3.7728228437335694,12.032570446925826
39,46,901,algorithmic,529,45,5.37986266536988,10.125
39,46,902,direct,119,46,4.3732610034595805,17.133757961783438
39,46,903,coalition,117,44,3.583639555773314,12.217789333173949
39,47,901,algorithmic,561,45,5.327776095217673,9.372549019607844
39,47,902,direct,102,46,4.455834254767978,17.25609756097561
39,47,903,coalition,102,44,4.149727825132922,11.391876926040062
39,48,901,algorithmic,554,45,5.568510837446123,8.432835820895523
39,48,902,direct,91,46,4.78078946622226,16.93877551020408
39,48,903,coalition,120,44,3.0238993281306343,10.620262182958108
39,49,901,algorithmic,573,45,5.229842684076862,9.538461538461538
39,49,902,direct,91,65,4.464600509326415,14.471274266530433
39,49,903,coalition,101,25,3.881232919672058,15.36196319018405
39,50,901,algorithmic,487,45,5.710803470888256,12.432835820895523
39,50,902,direct,158,65,4.6455696202531644,15.870967741935482
39,50,903,coalition,120,25,3.9562349542609536,15.08
39,51,901,algorithmic,577,45,5.465029757358896,9.851851851851851
39,51,902,direct,64,65,4.555121527777778,17.117117117117118
39,51,903,coalition,124,25,4.020161290322581,10.782608695652176
39,52,901,algorithmic,484,45,5.427946832421265,9.23076923076923
39,52,902,direct,107,65,4.890123768628442,15.0
39,52,903,coalition,174,25,4.0602822857672,16.37837837837838
39,53,901,algorithmic,524,45,5.416886107278674,5.833333333333333
39,53,902,direct,100,65,4.779854058410934,16.257309941520468
39,53,903,coalition,141,25,4.7608616964719985,13.419354838709678
39,54,901,algorithmic,489,45,5.6466399744867495,9.714285714285715
39,54,902,direct,110,65,4.821763085399449,16.097560975609756
39,54,903,coalition,166,25,3.8059854241164848,16.545454545454547
39,55,901,algorithmic,478,45,4.952055847381906,8.2
39,55,902,direct,109,65,4.4012554321583774,16.32183908045977
39,55,903,coalition,178,25,4.9246484090893645,11.932203389830509
39,56,901,algorithmic,473,45,5.596990294539603,9.903225806451612
39,56,902,direct,112,65,4.779441342152382,16.300578034682083
39,56,903,coalition,180,25,4.076429378906565,15.81188118811881
39,57,901,algorithmic,548,0,5.550084084728781,
39,57,902,direct,86,65,5.111035111719106,16.363636363636363
39,57,903,coalition,131,70,4.59179695472915,11.508403361344538
39,58,901,algorithmic,541,0,4.835763944479214,
39,58,902,direct,138,65,4.731884057971015,15.733333333333334
39,58,903,coalition,86,70,5.3023255813953485,12.566929133858267
39,59,901,algorithmic,510,70,5.013829209644957,7.265822784810126
39,59,902,direct,121,65,4.7198661215095115,16.831683168316832
39,59,903,coalition,134,0,5.230973843653023,
39,60,901,algorithmic,483,70,5.565888870236696,9.580645161290322
39,60,902,direct,100,65,4.89,16.54054054054054
39,60,903,coalition,182,0,3.927996589286912,
39,61,901,algorithmic,483,0,5.655304751805282,
39,61,902,direct,104,65,4.701923076923077,16.097560975609756
39,61,903,coalition,178,70,5.392410360483805,5.675675675675675
39,62,901,algorithmic,585,0,4.692233956389185,
39,62,902,direct,94,65,4.684010045572196,16.19047619047619
39,62,903,coalition,86,70,4.809939091915837,12.792682926829269
39,63,901,algorithmic,550,0,4.997369646196088,
39,63,902,direct,121,65,4.962676619568115,15.949367088607596
39,63,903,coalition,94,70,4.690277403716671,9.247191011235955
39,64,901,algorithmic,510,0,4.713967689269927,
39,64,902,direct,122,65,4.483149787119917,16.54054054054054
39,64,903,coalition,133,70,4.557834646307362,10.8125
39,65,901,algorithmic,581,0,4.915857706091716,
39,65,902,direct,71,65,4.65500530062093,16.559139784946236
39,65,903,coalition,113,70,4.891104183213068,9.068965517241379
39,66,901,algorithmic,525,0,4.983261188145677,
39,66,902,direct,113,65,4.731109598366236,15.25925925925926
39,66,903,coalition,127,70,5.165354330708661,11.168316831683168
39,67,901,algorithmic,557,0,4.675630769201046,
39,67,902,direct,104,65,4.75,16.38418079096045
39,67,903,coalition,104,70,4.775369404606693,8.61111111111111
39,68,901,algorithmic,515,0,5.092543777211828,
39,68,902,direct,125,65,4.363436278557666,16.19047619047619
39,68,903,coalition,125,70,4.740571428571428,7.481481481481481
39,69,901,algorithmic,520,0,4.976035490855079,
39,69,902,direct,128,65,3.6334649266350296,16.613756613756614
39,69,903,coalition,117,70,4.837380726269616,11.25
39,70,901,algorithmic,544,0,5.105392014319685,
39,70,902,direct,147,65,4.3477754004827736,16.666666666666664
39,70,903,coalition,74,70,4.607967342342342,8.153846153846153
39,71,901,algorithmic,518,0,5.258047792029843,
39,71,902,direct,92,65,3.892926438420342,16.966824644549764
39,71,903,coalition,155,70,4.621342302400245,8.659574468085106
39,72,901,algorithmic,545,0,5.35728548300054,
39,72,902,direct,131,65,4.5125168387965875,15.897435897435896
39,72,903,coalition,89,70,4.0187265917602994,8.882352941176471
39,73,901,algorithmic,583,0,5.0102506329561605,
39,73,902,direct,87,65,4.831902614093797,16.717948717948715
39,73,903,coalition,95,70,4.7438596491228076,9.88659793814433
39,74,901,algorithmic,475,0,4.841179541059552,
39,74,902,direct,145,65,4.891000841042893,15.761589403973508
39,74,903,coalition,145,70,4.4812514272665,8.882352941176471
39,75,901,algorithmic,541,0,4.713251336658283,
39,75,902,direct,85,65,4.457465415866504,16.9377990430622
39,75,903,coalition,139,70,5.308629651302882,10.365384615384617
39,76,901,algorithmic,518,0,5.029633138034944,
39,76,902,direct,102,65,4.940198545270014,15.70469798657718
39,76,903,coalition,145,70,4.67201680522671,9.551401869158878
39,77,901,algorithmic,603,0,4.699033066219502,
39,77,902,direct,93,65,4.260505233815631,16.144578313253014
39,77,903,coalition,69,70,4.391478959315523,11.490196078431373
39,78,901,algorithmic,507,70,5.233567996903318,6.375
39,78,902,direct,106,65,4.864506426032267,15.923566878980893
39,78,903,coalition,152,0,4.391174991619176,
39,79,901,algorithmic,503,70,5.444626359490118,7.5
39,79,902,direct,111,65,4.936936936936937,16.235294117647058
39,79,903,coalition,151,0,3.9871445266848458,
39,80,901,algorithmic,505,70,5.766619519094767,7.5479452054794525
39,80,902,direct,106,65,4.540431266846361,16.34285714285714
39,80,903,coalition,154,0,5.36967240196203,
39,81,901,algorithmic,417,70,5.566088305825927,7.88235294117647
39,81,902,direct,131,65,4.41894925909295,16.235294117647058
39,81,903,coalition,217,0,5.0046082949308754,
39,82,901,algorithmic,438,70,5.237442922374429,7.921052631578946
39,82,902,direct,152,65,4.370614035087719,16.717948717948715
39,82,903,coalition,175,0,5.528721804511278,
39,83,901,algorithmic,507,70,5.56550880268829,9.153846153846153
39,83,902,direct,88,65,4.601746632996633,17.037037037037038
39,83,903,coalition,170,0,5.647980559745266,
39,84,901,algorithmic,527,70,5.721736742235094,9.785714285714286
39,84,902,direct,96,65,4.417260599415205,15.78947368421053
39,84,903,coalition,142,0,4.6990980973560665,
39,85,901,algorithmic,540,70,5.877199074074074,7.375
39,85,902,direct,79,65,4.4794303797468356,16.0
39,85,903,coalition,146,0,5.309503424657534,
39,86,901,algorithmic,463,70,5.730021598272138,8.785714285714286
39,86,902,direct,89,65,4.550561797752809,15.524475524475523
39,86,903,coalition,213,0,5.1310285958173285,
39,87,901,algorithmic,529,70,5.561201922482919,8.03896103896104
39,87,902,direct,101,65,5.02970297029703,15.816993464052288
39,87,903,coalition,135,0,5.261424704561959,
39,88,901,algorithmic,507,70,5.724164724164724,7.375
39,88,902,direct,74,65,4.878378378378378,16.12121212121212
39,88,903,coalition,184,0,4.721302700922267,
39,89,901,algorithmic,478,70,5.889121338912134,6.882352941176471
39,89,902,direct,93,65,5.43010752688172,15.36231884057971
39,89,903,coalition,194,0,5.302497780824567,
39,90,901,algorithmic,492,0,5.684816943710839,
39,90,902,direct,97,65,4.938144329896907,15.923566878980893
39,90,903,coalition,176,70,5.602489866821077,7.142857142857143
39,91,901,algorithmic,587,0,4.601162548441039,
39,91,902,direct,83,65,4.354561101549054,16.024844720496894
39,91,903,coalition,95,70,4.609284079764628,10.051724137931034
39,92,901,algorithmic,616,70,5.693435142508064,6.416666666666667
39,92,902,direct,98,65,4.173967147834744,15.64625850340136
39,92,903,coalition,51,0,4.273309323729492,
39,93,901,algorithmic,468,70,5.945024796876648,6.585365853658537
39,93,902,direct,94,65,5.158796056045667,16.049382716049383
39,93,903,coalition,203,0,4.022739307852849,
39,94,901,algorithmic,424,70,5.392046811559589,8.659574468085106
39,94,902,direct,106,65,5.054454263195605,15.949367088607596
39,94,903,coalition,235,0,4.681365644572549,
39,95,901,algorithmic,493,70,5.519747046891779,9.265822784810126
39,95,902,direct,80,65,5.0125,16.235294117647058
39,95,903,coalition,192,0,5.629494756763465,
39,96,901,algorithmic,478,70,5.559943049744305,8.882352941176471
39,96,902,direct,103,65,4.601941747572815,15.555555555555555
39,96,903,coalition,184,0,4.7634315501562945,
39,97,901,algorithmic,500,70,5.7226946107784435,8.785714285714286
39,97,902,direct,49,65,5.553220090431382,16.16766467065868
39,97,903,coalition,216,0,5.10947549345753,
39,98,901,algorithmic,493,70,5.918164030946526,7.9767441860465125
39,98,902,direct,71,65,5.056338028169014,14.336283185840708
39,98,903,coalition,201,0,5.2344011574152285,
39,99,901,algorithmic,510,70,5.870515613652869,7.585365853658537
39,99,902,direct,85,65,5.294117647058823,15.25925925925926
39,99,903,coalition,170,0,5.748291620171104,
39,100,901,algorithmic,542,70,5.697429356843903,9.153846153846153
39,100,902,direct,115,65,4.918587686022761,15.70469798657718
39,100,903,coalition,108,0,5.007232451863325,
40,1,901,direct,111,40,3.7494026183305,14.595652173913043
40,1,902,algorithmic,552,43,4.1937499024423515,11.14177965340756
40,1,903,coalition,102,52,3.9310306062224223,13.213442897446072
40,2,901,direct,129,26,4.0819744759871375,17.4
40,2,902,algorithmic,500,57,5.323614512783489,12.022147188339735
40,2,903,coalition,136,52,4.0472712749738164,11.109300304215557
40,3,901,direct,86,26,3.5985721984353995,18.376623376623378
40,3,902,algorithmic,584,57,5.457117217995542,12.637426900584796
40,3,903,coalition,95,52,3.9696192352539104,12.081668331668332
40,4,901,direct,111,26,3.987373358347072,17.74774774774775
40,4,902,algorithmic,514,57,5.629315366216384,11.078395288921605
40,4,903,coalition,140,52,4.0450796950796954,11.686248682824026
40,5,901,direct,83,26,3.913371178669939,18.161764705882355
40,5,902,algorithmic,583,57,5.533323064145238,11.114832535885167
40,5,903,coalition,99,52,3.3081078161292066,11.606895640354411
40,6,901,direct,95,26,3.3152212754849595,17.685185185185183
40,6,902,algorithmic,516,57,5.672733203225794,10.86241920590951
40,6,903,coalition,154,52,4.138604085972507,11.694985394352484
40,7,901,direct,144,51,4.015364519175495,12.877302436125964
40,7,902,algorithmic,493,57,5.699641244983352,11.526315789473685
40,7,903,coalition,128,27,4.040015243902439,15.512195121951219
40,8,901,direct,52,51,3.0938742500913206,17.422680412371136
40,8,902,algorithmic,536,57,5.266374126940663,9.74292604145926
40,8,903,coalition,177,27,3.7264967124836565,11.438356164383562
40,9,901,direct,132,51,3.781187570072383,15.098039215686274
40,9,902,algorithmic,447,57,5.454469313761144,10.44399839421919
40,9,903,coalition,186,27,4.46969628827878,15.7192118226601
40,10,901,direct,97,51,3.6353259144749637,17.252747252747252
40,10,902,algorithmic,514,57,5.057173448578554,9.228070175438596
40,10,903,coalition,154,27,4.670499985190013,11.578947368421053
40,11,901,direct,116,51,3.845590954090578,16.598639455782312
40,11,902,algorithmic,520,57,5.420388540031397,10.996870707843055
40,11,903,coalition,129,27,3.577187332691584,14.555555555555555
40,12,901,direct,94,75,3.711954396663032,14.27942627653471
40,12,902,algorithmic,549,33,5.780550016034524,8.380952380952381
40,12,903,coalition,122,27,4.228134264033546,16.32258064516129
40,13,901,direct,99,75,4.791427791427791,15.595238095238095
40,13,902,algorithmic,544,33,5.163580035822683,10.074074074074073
40,13,903,coalition,122,27,3.50319288843879,10.09090909090909
40,14,901,direct,83,75,4.108079624812234,15.722543352601157
40,14,902,algorithmic,494,33,5.0804929968986405,10.789473684210527
40,14,903,coalition,188,27,3.7096953942141946,12.338028169014084
40,15,901,direct,147,75,3.8915053958988506,15.286624203821656
40,15,902,algorithmic,507,33,5.209134212211105,10.727272727272727
40,15,903,coalition,111,27,4.39237320539779,12.97674418604651
40,16,901,direct,117,75,4.220752565556377,16.651583710407238
40,16,902,algorithmic,465,33,5.280210842646091,12.333333333333332
40,16,903,coalition,183,27,4.130185882952144,9.9375
40,17,901,direct,149,75,4.328781890711241,16.12565445026178
40,17,902,algorithmic,464,33,5.1956803583290645,10.191489361702128
40,17,903,coalition,152,27,4.4922805677577715,14.75598086124402
40,18,901,direct,89,75,4.558607051811526,16.681614349775785
40,18,902,algorithmic,607,33,5.792615070362408,11.6
40,18,903,coalition,69,27,3.794635045051163,16.539325842696627
40,19,901,direct,113,75,5.015836050302748,15.460122699386503
40,19,902,algorithmic,514,33,5.737208326982038,9.725490196078432
40,19,903,coalition,138,27,3.918280375282738,9.972972972972975
40,20,901,direct,57,75,5.236736419361657,16.0427807486631
40,20,902,algorithmic,558,33,5.417343849579665,9.754098360655737
40,20,903,coalition,150,27,3.8050600579732454,12.867469879518072
40,21,901,direct,114,75,4.8548644338118025,14.351145038167939
40,21,902,algorithmic,555,33,5.45926174265869,10.380952380952381
40,21,903,coalition,96,27,4.204049896112157,11.185185185185185
40,22,901,direct,65,75,5.088020176544767,16.06382978723404
40,22,902,algorithmic,518,33,5.321157974673279,8.181818181818182
40,22,903,coalition,182,27,3.7953109847947655,8.972972972972974
40,23,901,direct,104,75,4.358939137785291,14.676258992805755
40,23,902,algorithmic,544,33,5.219295428637698,10.181818181818182
40,23,903,coalition,117,27,3.896804872247595,11.936507936507937
40,24,901,direct,93,75,4.249718023911572,15.842696629213485
40,24,902,algorithmic,499,33,5.438677622393369,9.6
40,24,903,coalition,173,27,4.210799124886285,16.18181818181818
40,25,901,direct,68,75,4.7632953771414615,15.568862275449101
40,25,902,algorithmic,559,33,5.272312787413736,8.727272727272727
40,25,903,coalition,138,27,4.089397564931313,12.173913043478262
40,26,901,direct,122,75,4.602059176329469,14.788732394366194
40,26,902,algorithmic,526,33,5.504335038329765,11.482758620689655
40,26,903,coalition,117,27,4.184956438797399,11.75
40,27,901,direct,74,75,4.797391797391797,16.224489795918366
40,27,902,algorithmic,584,33,5.3150540292633,9.191489361702128
40,27,903,coalition,107,27,3.956749823479932,10.9375
40,28,901,direct,89,75,4.881856759443986,15.0
40,28,902,algorithmic,502,33,5.348206645071817,11.897435897435898
40,28,903,coalition,174,27,4.200015146476127,8.5
40,29,901,direct,143,75,4.235647174910979,15.460122699386503
40,29,902,algorithmic,520,33,5.4300082586125535,10.191489361702128
40,29,903,coalition,102,27,4.142841256069064,15.7
40,30,901,direct,85,75,4.800860450563204,16.589861751152075
40,30,902,algorithmic,537,33,5.160705110754094,8.962264150943398
40,30,903,coalition,143,27,3.623330042218889,10.46808510638298
40,31,901,direct,137,75,4.7419155802086745,15.345911949685537
40,31,902,algorithmic,446,33,5.0215351987433445,9.666666666666668
40,31,903,coalition,182,27,3.8040491383128425,13.142857142857142
40,32,901,direct,68,75,4.858880090497737,16.492890995260666
40,32,902,algorithmic,538,33,5.37410273463917,10.076923076923077
40,32,903,coalition,159,27,4.049628327796083,15.75
40,33,901,direct,129,75,5.054263565891473,14.788732394366194
40,33,902,algorithmic,533,33,5.214749533196802,7.351351351351351
40,33,903,coalition,103,27,4.515997058182208,14.636363636363637
40,34,901,direct,106,75,4.683413777972795,16.354679802955665
40,34,902,algorithmic,456,33,5.18930692262478,10.754098360655737
40,34,903,coalition,203,27,4.071431499511334,11.272727272727273
40,35,901,direct,104,75,4.728984716157205,15.88888888888889
40,35,902,algorithmic,495,33,5.505557761016276,11.333333333333332
40,35,903,coalition,166,27,4.744339804633381,15.864628820960698
40,36,901,direct,61,75,4.5434905680820865,15.842696629213485
40,36,902,algorithmic,590,33,5.206008904466376,11.333333333333332
40,36,903,coalition,114,27,4.055794771338459,13.450980392156863
40,37,901,direct,135,75,4.386086086086086,14.518518518518519
40,37,902,algorithmic,481,33,5.459360459360459,12.675675675675675
40,37,903,coalition,149,27,4.037084063929702,15.142857142857142
40,38,901,direct,108,75,4.849844382197324,16.45933014354067
40,38,902,algorithmic,561,33,5.0783017482509205,8.727272727272727
40,38,903,coalition,96,27,4.604528366370472,14.450980392156863
40,39,901,direct,126,75,4.815980532608168,15.934065934065936
40,39,902,algorithmic,504,33,5.1047480633939,14.294117647058822
40,39,903,coalition,135,27,3.8394772340770413,11.708860759493673
40,40,901,direct,83,75,4.307554919028566,16.3
40,40,902,algorithmic,554,33,5.280625688494456,8.727272727272727
40,40,903,coalition,128,27,4.270999126552795,11.46808510638298
40,41,901,direct,111,75,4.586242586242586,15.286624203821656
40,41,902,algorithmic,505,33,5.346812524046553,10.482758620689655
40,41,903,coalition,149,27,3.9533369812247816,14.142857142857142
40,42,901,direct,102,75,4.900040992006559,16.0
40,42,902,algorithmic,521,33,4.921676124363264,11.097560975609756
40,42,903,coalition,142,27,3.545316858302087,12.373737373737372
40,43,901,direct,113,75,4.938053097345133,15.795454545454547
40,43,902,algorithmic,459,33,5.430972894208188,9.838709677419356
40,43,903,coalition,193,27,4.323041094790217,18.452380952380953
40,44,901,direct,128,75,4.9140625,16.0427807486631
40,44,902,algorithmic,518,0,4.919798563698644,
40,44,903,coalition,119,60,4.820213251222399,11.014000000000001
40,45,901,direct,116,75,4.8540073883405395,16.336633663366335
40,45,902,algorithmic,555,0,4.9412984237992585,
40,45,903,coalition,94,60,4.383189382768064,10.370786516853933
40,46,901,direct,110,75,4.672370766488414,16.105263157894736
40,46,902,algorithmic,520,0,4.787856235611654,
40,46,903,coalition,135,60,4.5130604288499026,9.058823529411764
40,47,901,direct,104,75,3.7835850342231083,15.978260869565217
40,47,902,algorithmic,541,0,4.638359653882177,
40,47,903,coalition,120,60,4.241925332436875,10.271844660194175
40,48,901,direct,108,75,4.813510579187561,15.842696629213485
40,48,902,algorithmic,527,0,5.040898602236116,
40,48,903,coalition,130,60,4.09715262453948,7.295454545454545
40,49,901,direct,51,75,2.6970041166523884,15.934065934065936
40,49,902,algorithmic,556,0,5.071790081246434,
40,49,903,coalition,158,60,4.711186844098236,10.917525773195877
40,50,901,direct,97,75,4.4608770012827215,14.08
40,50,902,algorithmic,570,0,4.8714094620716,
40,50,903,coalition,98,60,4.32892880654566,8.337662337662337
40,51,901,direct,113,75,3.91654521004614,15.672514619883044
40,51,902,algorithmic,535,0,5.257060175290897,
40,51,903,coalition,117,60,4.777028040185935,9.976190476190476
40,52,901,direct,97,75,4.6682286785379565,16.0427807486631
40,52,902,algorithmic,544,0,4.827393689674012,
40,52,903,coalition,124,60,4.18843798516474,8.789473684210527
40,53,901,direct,103,75,4.487505968486392,15.672514619883044
40,53,902,algorithmic,563,0,5.295141921531732,
40,53,903,coalition,99,60,4.827681473928238,6.0606060606060606
40,54,901,direct,91,75,4.8396160801224095,15.819209039548022
40,54,902,algorithmic,549,0,4.956690579388164,
40,54,903,coalition,125,60,4.541423728813559,9.1
40,55,901,direct,106,75,3.9738436297090933,15.515151515151517
40,55,902,algorithmic,542,0,5.131394035132203,
40,55,903,coalition,117,60,4.778757474409648,8.435897435897436
40,56,901,direct,105,75,4.5285714285714285,15.88888888888889
40,56,902,algorithmic,593,60,5.349123613879095,6.0606060606060606
40,56,903,coalition,67,0,3.8084577114427858,
40,57,901,direct,98,75,4.336734693877551,15.865921787709498
40,57,902,algorithmic,424,60,5.586381363971751,8.976190476190476
40,57,903,coalition,243,0,4.246332259367641,
40,58,901,direct,77,75,4.74388402295379,15.697674418604652
40,58,902,algorithmic,530,60,5.554804738920579,8.923076923076923
40,58,903,coalition,158,0,5.025090011548651,
40,59,901,direct,94,75,4.638297872340425,15.099337748344372
40,59,902,algorithmic,558,60,5.9348667188872275,10.027027027027028
40,59,903,coalition,113,0,4.3652426381723695,
40,60,901,direct,96,75,5.041666666666667,15.595238095238095
40,60,902,algorithmic,504,60,5.878826530612245,6.690140845070422
40,60,903,coalition,165,0,4.757697701359673,
40,61,901,direct,95,75,5.126315789473685,15.647058823529411
40,61,902,algorithmic,468,60,5.575414781297135,7.625
40,61,903,coalition,202,0,4.765725101921957,
40,62,901,direct,125,75,4.704,15.621301775147929
40,62,902,algorithmic,470,60,5.18277728817827,9.483870967741934
40,62,903,coalition,170,0,5.390969313856483,
40,63,901,direct,65,75,4.9574023965983764,16.28140703517588
40,63,902,algorithmic,524,60,5.565997928574169,8.625
40,63,903,coalition,176,0,4.685115920511649,
40,64,901,direct,100,75,5.03,14.676258992805755
40,64,902,algorithmic,564,60,5.730917393744579,9.06060606060606
40,64,903,coalition,101,0,4.994126750804577,
40,65,901,direct,90,75,4.622988505747126,15.74712643678161
40,65,902,algorithmic,492,60,5.750280347631063,8.891566265060241
40,65,903,coalition,183,0,3.968659261125906,
40,66,901,direct,53,75,4.90566037735849,15.48780487804878
40,66,902,algorithmic,551,60,5.7122084015758485,7.917808219178082
40,66,903,coalition,161,0,4.999498830604744,
40,67,901,direct,90,75,5.022222222222222,14.173228346456693
40,67,902,algorithmic,508,60,5.870760741521483,6.690140845070422
40,67,903,coalition,167,0,4.971574650410834,
40,68,901,direct,61,75,4.983606557377049,15.48780487804878
40,68,902,algorithmic,523,60,5.656391363148813,8.027027027027028
40,68,903,coalition,181,0,4.809394086176191,
40,69,901,direct,119,75,4.7899159663865545,14.518518518518519
40,69,902,algorithmic,482,60,5.560396496081144,9.133333333333333
40,69,903,coalition,164,0,5.317073170731708,
40,70,901,direct,71,75,4.677661825877545,16.16580310880829
40,70,902,algorithmic,544,60,5.344435766534594,7.449275362318841
40,70,903,coalition,150,0,4.647474656454157,
40,71,901,direct,79,75,4.772151898734177,14.896551724137932
40,71,902,algorithmic,488,60,5.8769078575466365,9.218390804597702
40,71,903,coalition,198,0,4.87234413096482,
40,72,901,direct,72,75,4.986111111111111,15.163398692810457
40,72,902,algorithmic,510,60,5.731487889273357,5.923076923076923
40,72,903,coalition,183,0,5.4060199952196095,
40,73,901,direct,157,75,4.3558153738766245,14.931506849315069
40,73,902,algorithmic,428,60,5.80588272948406,8.027027027027028
40,73,903,coalition,180,0,4.7263030153441115,
40,74,901,direct,49,75,4.627617280678505,16.796536796536795
40,74,902,algorithmic,534,60,5.5185563500170245,7.634920634920634
40,74,903,coalition,182,0,5.18407782693497,
40,75,901,direct,95,75,4.978947368421053,13.983739837398373
40,75,902,algorithmic,479,0,5.867050257141402,
40,75,903,coalition,191,60,5.114313852741913,6.917808219178082
40,76,901,direct,94,75,4.917021276595745,15.621301775147929
40,76,902,algorithmic,548,0,4.663776493939408,
40,76,903,coalition,123,60,4.505950834656276,12.597014925373134
40,77,901,direct,77,75,4.3717710860568,15.595238095238095
40,77,902,algorithmic,535,0,4.847218312199071,
40,77,903,coalition,153,60,4.530453206923795,8.058823529411764
40,78,901,direct,152,75,4.410367809945765,15.099337748344372
40,78,902,algorithmic,476,0,5.121273769266066,
40,78,903,coalition,137,60,4.67278602640798,10.326923076923077
40,79,901,direct,138,75,4.215670851039447,16.72566371681416
40,79,902,algorithmic,527,0,5.0152573434889725,
40,79,903,coalition,100,60,4.211872855336825,10.58695652173913
40,80,901,direct,92,75,4.378491861318596,16.50943396226415
40,80,902,algorithmic,554,0,4.915739642000581,
40,80,903,coalition,119,60,4.342635167274457,9.789473684210527
40,81,901,direct,93,75,4.06487857919536,15.542168674698797
40,81,902,algorithmic,528,0,4.792884930006963,
40,81,903,coalition,144,60,4.5316829114209645,8.295454545454545
40,82,901,direct,62,75,4.334557375690035,15.568862275449101
40,82,902,algorithmic,555,0,4.950490643749403,
40,82,903,coalition,148,60,5.316202902409799,11.869565217391305
40,83,901,direct,128,75,4.985960144927536,14.558823529411766
40,83,902,algorithmic,525,0,4.888737871960378,
40,83,903,coalition,112,60,3.993828781512605,9.854166666666668
40,84,901,direct,86,75,3.8493163691718246,16.336633663366335
40,84,902,algorithmic,546,0,4.769615452844481,
40,84,903,coalition,133,60,4.959353830119854,9.271844660194175
40,85,901,direct,112,75,4.810267857142857,15.375
40,85,902,algorithmic,514,0,4.669819138204352,
40,85,903,coalition,139,60,4.654676258992806,8.716049382716049
40,86,901,direct,79,75,4.679708477176831,16.021505376344088
40,86,902,algorithmic,556,0,5.096489377413025,
40,86,903,coalition,130,60,4.376080908338973,7.805555555555555
40,87,901,direct,63,75,4.777391059783087,15.163398692810457
40,87,902,algorithmic,564,0,4.867194411988778,
40,87,903,coalition,138,60,4.437069513795857,9.13953488372093
40,88,901,direct,121,75,4.277262507151853,14.598540145985401
40,88,902,algorithmic,485,0,4.937216649832017,
40,88,903,coalition,159,60,4.571703216614456,10.72340425531915
40,89,901,direct,116,75,4.2958263659782165,16.205128205128204
40,89,902,algorithmic,561,0,4.7615480400153904,
40,89,903,coalition,88,60,4.269230769230769,7.976190476190476
40,90,901,direct,112,75,4.19515306122449,16.105263157894736
40,90,902,algorithmic,533,0,5.318893909668261,
40,90,903,coalition,120,60,4.792543859649123,8.194029850746269
40,91,901,direct,106,75,4.430976094947398,16.021505376344088
40,91,902,algorithmic,507,0,4.86922505860201,
40,91,903,coalition,152,60,4.7216188786979165,10.72340425531915
40,92,901,direct,113,75,5.136350291490165,15.88888888888889
40,92,902,algorithmic,525,0,5.0969930992471735,
40,92,903,coalition,127,60,3.825882250500678,8.804878048780488
40,93,901,direct,113,75,3.7049954126409603,16.0427807486631
40,93,902,algorithmic,517,0,4.917163516512409,
40,93,903,coalition,135,60,4.829959302065563,10.215686274509803
40,94,901,direct,122,75,4.652357613655568,16.0427807486631
40,94,902,algorithmic,540,0,5.024251224826309,
40,94,903,coalition,103,60,4.748725189569008,9.370786516853933
40,95,901,direct,100,75,3.011186987615559,16.224489795918366
40,95,902,algorithmic,554,0,5.037027853814858,
40,95,903,coalition,111,60,4.931788931788932,12.957264957264957
40,96,901,direct,133,75,4.777532065457762,15.74712643678161
40,96,902,algorithmic,538,0,4.865434700366745,
40,96,903,coalition,94,60,4.617754952311079,9.804878048780488
40,97,901,direct,111,75,4.865823807000278,16.425120772946862
40,97,902,algorithmic,544,0,4.974148514904683,
40,97,903,coalition,110,60,4.862845849802372,8.976190476190476
40,98,901,direct,101,75,3.7818471277668997,16.0
40,98,902,algorithmic,567,0,5.184188676308177,
40,98,903,coalition,97,60,4.838673725271663,10.587155963302752
40,99,901,direct,139,75,4.538137849662215,15.771428571428572
40,99,902,algorithmic,489,0,5.073297385949313,
40,99,903,coalition,137,60,4.957327344188658,10.433962264150944
40,100,901,direct,90,75,4.522448979591837,16.525821596244132
40,100,902,algorithmic,566,0,4.816136608886997,
40,100,903,coalition,109,60,4.658820551091608,8.370786516853933
41,1,901,algorithmic,507,47,4.103416200240187,11.031096563011456
41,1,902,coalition,112,47,3.7426934478564915,12.648487408267778
41,1,903,direct,146,41,3.9117679073345846,13.784158577371727
41,2,901,algorithmic,501,47,5.0777630230130875,12.182978723404256
41,2,902,coalition,117,47,3.7751460009524527,12.010967987592522
41,2,903,direct,147,41,3.5898570640902387,12.239706268030423
41,3,901,algorithmic,438,47,5.47541156279162,11.680099084354403
41,3,902,coalition,160,47,4.146051938408037,10.957356440713705
41,3,903,direct,167,41,3.9894960773153865,12.373157688796137
41,4,901,algorithmic,506,47,4.913434403738621,11.10146802043588
41,4,902,coalition,143,47,4.069644979598906,13.388094341227507
41,4,903,direct,116,41,3.5633779646849497,12.579827972192767
41,5,901,algorithmic,451,47,5.324449263473654,10.812241954120271
41,5,902,coalition,191,70,4.261501718868959,11.26620152334438
41,5,903,direct,123,18,4.09981520936461,17.435897435897438
41,6,901,algorithmic,540,47,4.872059422059422,10.686306601200219
41,6,902,coalition,89,70,3.7804237774926586,10.931371009942438
41,6,903,direct,136,18,4.595562472480631,18.785714285714285
41,7,901,algorithmic,496,23,5.443656877406714,12.07142857142857
41,7,902,coalition,146,70,3.969122164211618,8.396214198215015
41,7,903,direct,123,42,4.798945285126217,12.183150183150184
41,8,901,algorithmic,493,23,4.858989743725448,14.0
41,8,902,coalition,142,70,3.8522005544326654,10.538427464008858
41,8,903,direct,130,42,4.459404860596012,17.5
41,9,901,algorithmic,512,23,5.225820354722707,11.769230769230768
41,9,902,coalition,114,70,3.9634562113786487,9.2552471225457
41,9,903,direct,139,42,4.017293224537357,17.60233918128655
41,10,901,algorithmic,546,23,5.321503632979042,12.054054054054053
41,10,902,coalition,89,70,3.7500759186152446,10.148009367681498
41,10,903,direct,130,42,4.576460697772173,17.72222222222222
41,11,901,algorithmic,480,23,5.228072642929405,11.5
41,11,902,coalition,163,70,4.317077640128122,9.31729288058402
41,11,903,direct,122,42,4.474557540469883,17.60233918128655
41,12,901,algorithmic,486,23,4.709945434320442,12.849056603773585
41,12,902,coalition,175,70,4.121267023128589,10.7328261560464
41,12,903,direct,104,42,4.278704256105441,17.484662576687118
41,13,901,algorithmic,572,23,4.998173304225452,10.883720930232558
41,13,902,coalition,117,70,3.771931829328598,10.43779274004684
41,13,903,direct,76,42,4.167169974115617,17.17241379310345
41,14,901,algorithmic,446,23,5.275238393937912,14.6
41,14,902,coalition,183,70,4.806613423006866,13.100557282177686
41,14,903,direct,136,42,4.473321667520953,16.495726495726494
41,15,901,algorithmic,595,23,4.704135213407397,10.11111111111111
41,15,902,coalition,116,70,4.246379635041237,10.613945578231293
41,15,903,direct,54,42,5.310141591685848,17.683615819209038
41,16,901,algorithmic,500,23,5.0509406199345,11.217391304347826
41,16,902,coalition,148,70,3.8737553342816495,10.208907246116548
41,16,903,direct,117,42,4.7716750740006555,15.68421052631579
41,17,901,algorithmic,596,23,5.131983757662049,10.5
41,17,902,coalition,86,70,3.755445981748602,10.838552221686815
41,17,903,direct,83,42,3.6498411337401486,17.40506329113924
41,18,901,algorithmic,473,23,5.808945742929239,13.510204081632653
41,18,902,coalition,164,51,4.015189710817451,15.548387096774192
41,18,903,direct,128,61,4.065020161290323,13.807735891818389
41,19,901,algorithmic,580,23,5.052057312252319,12.714285714285715
41,19,902,coalition,103,51,3.9386195296131263,14.031746031746032
41,19,903,direct,82,61,4.6712506486767,16.80851063829787
41,20,901,algorithmic,516,23,5.436965312866738,13.925925925925926
41,20,902,coalition,107,51,3.82076745693963,7.80327868852459
41,20,903,direct,142,61,3.8557752356601793,15.774647887323944
41,21,901,algorithmic,514,23,5.179403301491517,11.769230769230768
41,21,902,coalition,169,51,3.6669027797340643,10.055555555555557
41,21,903,direct,82,61,4.263755626378235,17.02970297029703
41,22,901,algorithmic,520,23,5.187030644635243,12.35897435897436
41,22,902,coalition,122,51,4.056070801518561,10.902439024390244
41,22,903,direct,123,61,4.100227719405893,15.774647887323944
41,23,901,algorithmic,582,23,5.129716323094158,10.761904761904763
41,23,902,coalition,134,51,4.451170228591263,11.736842105263158
41,23,903,direct,49,61,4.972073039742212,16.721311475409834
41,24,901,algorithmic,578,23,4.967762324315446,9.217391304347826
41,24,902,coalition,107,51,2.9760781960044587,8.791666666666668
41,24,903,direct,80,61,4.3460597826086955,14.495412844036696
41,25,901,algorithmic,567,23,5.491736649051379,14.507936507936508
41,25,902,coalition,103,51,3.896185902060616,7.666666666666665
41,25,903,direct,95,61,4.121354341267181,15.714285714285714
41,26,901,algorithmic,496,23,5.1627438688069685,11.217391304347826
41,26,902,coalition,144,51,4.026209677419355,8.80327868852459
41,26,903,direct,125,61,4.552,16.129032258064516
41,27,901,algorithmic,522,23,4.937438061035505,9.634146341463415
41,27,902,coalition,136,51,4.280512189925138,12.145631067961165
41,27,903,direct,107,61,4.926225772935475,16.756756756756758
41,28,901,algorithmic,578,23,5.068253153731126,9.217391304347826
41,28,902,coalition,127,51,3.6765889100640474,11.535714285714285
41,28,903,direct,60,61,4.742665130568357,16.407185628742518
41,29,901,algorithmic,478,23,4.957962112211349,12.206896551724139
41,29,902,coalition,148,51,3.913945798516225,10.150684931506849
41,29,903,direct,139,61,4.8757234750857315,15.0
41,30,901,algorithmic,557,23,5.0936039219222256,13.210526315789473
41,30,902,coalition,99,51,3.7433338943521437,11.89795918367347
41,30,903,direct,109,61,4.733746575524271,16.984924623115578
41,31,901,algorithmic,556,23,5.386854540504973,11.271186440677965
41,31,902,coalition,142,51,3.690310559285317,7.80327868852459
41,31,903,direct,67,61,4.806571170990684,16.449704142011832
41,32,901,algorithmic,591,23,5.3767641079958715,11.769230769230768
41,32,902,coalition,99,51,3.757767522285239,8.1875
41,32,903,direct,75,61,4.803301282051282,15.275590551181102
41,33,901,algorithmic,521,23,5.32972166281883,13.849056603773585
41,33,902,coalition,167,51,4.41603540348004,11.444444444444443
41,33,903,direct,77,61,4.190999157442111,15.555555555555555
41,34,901,algorithmic,545,23,5.14200586569788,9.634146341463415
41,34,902,coalition,109,51,3.736294205835708,8.753623188405797
41,34,903,direct,111,61,4.98783576202931,15.62043795620438
41,35,901,algorithmic,543,23,5.047505782363832,9.600000000000001
41,35,902,coalition,143,51,3.783270486547547,11.186046511627907
41,35,903,direct,79,61,4.794841175065679,16.49122807017544
41,36,901,algorithmic,544,23,4.993597396422524,8.35897435897436
41,36,902,coalition,156,51,4.1544314047489665,10.975903614457831
41,36,903,direct,65,61,4.892307692307693,15.683453237410072
41,37,901,algorithmic,548,23,5.007325139123233,9.883720930232558
41,37,902,coalition,122,51,3.7642038131687943,13.18320610687023
41,37,903,direct,95,61,4.7074132006069425,15.2
41,38,901,algorithmic,518,23,5.268130232909492,11.761904761904761
41,38,902,coalition,152,51,4.096657153010057,8.421052631578947
41,38,903,direct,95,61,4.556810819246165,16.129032258064516
41,39,901,algorithmic,446,23,5.271004663852008,13.615384615384615
41,39,902,coalition,178,51,4.164034095159592,9.902439024390244
41,39,903,direct,141,61,4.162513119249719,16.129032258064516
41,40,901,algorithmic,577,23,5.499210823561659,9.883720930232558
41,40,902,coalition,134,51,4.808126696937861,16.80701754385965
41,40,903,direct,54,61,4.994324188026728,17.01492537313433
41,41,901,algorithmic,505,23,5.131887721829267,10.413793103448276
41,41,902,coalition,119,51,4.229620704906282,12.495495495495497
41,41,903,direct,141,61,5.028368794326241,14.736842105263158
41,42,901,algorithmic,539,23,5.139363494948209,14.716417910447761
41,42,902,coalition,143,51,4.305729802594591,9.243243243243244
41,42,903,direct,83,61,4.466070588101767,17.01492537313433
41,43,901,algorithmic,521,23,4.9439918781770835,12.416666666666666
41,43,902,coalition,141,51,3.7555050689214506,9.58974358974359
41,43,903,direct,103,61,4.301473843911844,15.804195804195803
41,44,901,algorithmic,502,23,4.883144623423012,12.0
41,44,902,coalition,165,51,4.2203567755472635,11.0
41,44,903,direct,98,61,4.7026338284004705,16.319018404907975
41,45,901,algorithmic,597,23,5.070047788473594,11.6
41,45,902,coalition,103,51,3.7456390704533695,10.949494949494952
41,45,903,direct,65,61,4.440602808044669,16.20253164556962
41,46,901,algorithmic,471,23,4.980509301385098,10.708333333333334
41,46,902,coalition,155,51,3.926043010752688,8.857142857142858
41,46,903,direct,139,61,4.789718225419665,15.2
41,47,901,algorithmic,560,23,5.01389333657099,9.849056603773585
41,47,902,coalition,138,51,3.3915721655021405,9.421052631578947
41,47,903,direct,67,61,4.778709780675948,16.984924623115578
41,48,901,algorithmic,529,23,5.495794927364654,12.451612903225806
41,48,902,coalition,132,51,3.966403970203169,10.506493506493507
41,48,903,direct,104,61,4.346277392819946,15.275590551181102
41,49,901,algorithmic,573,23,4.963639132801504,12.319148936170212
41,49,902,coalition,124,51,3.861233383436959,10.736842105263158
41,49,903,direct,68,61,4.904440990798939,16.34146341463415
41,50,901,algorithmic,529,23,5.0295717224310295,12.849056603773585
41,50,902,coalition,88,51,3.425104524013722,11.845360824742269
41,50,903,direct,148,61,4.652388524322403,15.3125
41,51,901,algorithmic,556,23,5.234536284016265,10.634146341463415
41,51,902,coalition,111,51,4.249078816151987,10.58974358974359
41,51,903,direct,98,61,4.515410169288369,17.115384615384617
41,52,901,algorithmic,542,23,5.0101724243826204,14.686274509803921
41,52,902,coalition,131,51,4.166010166749084,10.243243243243244
41,52,903,direct,92,61,4.419619592587456,16.20253164556962
41,53,901,algorithmic,485,23,4.7582692517849585,13.271186440677965
41,53,902,coalition,152,51,4.496842939543501,10.318181818181818
41,53,903,direct,128,61,5.2578125,16.05263157894737
41,54,901,algorithmic,543,23,4.886114048734229,11.686274509803921
41,54,902,coalition,140,51,3.626920555456225,11.845360824742269
41,54,903,direct,82,61,5.143357550596782,16.80851063829787
41,55,901,algorithmic,563,23,5.088774620517226,11.071428571428571
41,55,902,coalition,128,51,3.8889500655247273,11.680851063829788
41,55,903,direct,74,61,4.931490367707897,15.774647887323944
41,56,901,algorithmic,561,23,5.298342057737146,13.0
41,56,902,coalition,140,51,3.572746656328746,10.25287356321839
41,56,903,direct,64,61,4.936765832482124,15.522388059701493
41,57,901,algorithmic,530,23,5.120968542781177,11.761904761904761
41,57,902,coalition,97,51,4.050303260645794,11.833333333333334
41,57,903,direct,138,61,4.443840579710145,15.161290322580644
41,58,901,algorithmic,535,23,5.068936744904702,8.5
41,58,902,coalition,165,51,4.0022344658708295,10.055555555555557
41,58,903,direct,65,61,4.862480376766091,16.96969696969697
41,59,901,algorithmic,524,23,4.593882000300427,9.761904761904763
41,59,902,coalition,108,51,3.8793704113859153,12.192307692307693
41,59,903,direct,133,61,5.323308270676692,15.2
41,60,901,algorithmic,543,23,5.040918397452624,8.5
41,60,902,coalition,154,51,3.9707170412063175,9.424242424242424
41,60,903,direct,68,61,4.350438273295808,16.89119170984456
41,61,901,algorithmic,568,23,5.094532750480154,13.0
41,61,902,coalition,96,51,3.827814275568182,10.192307692307693
41,61,903,direct,101,61,4.732327078861733,15.3125
41,62,901,algorithmic,529,23,5.263928148237631,10.925925925925926
41,62,902,coalition,135,51,3.8600827713835897,7.379310344827586
41,62,903,direct,101,61,4.480808354808084,16.273291925465838
41,63,901,algorithmic,461,23,4.640711031691112,10.0
41,63,902,coalition,188,51,4.193458259369453,10.382022471910114
41,63,903,direct,116,61,5.029822926374651,16.273291925465838
41,64,901,algorithmic,562,23,4.708508573277256,11.6
41,64,902,coalition,115,51,3.8934387351778654,12.212121212121211
41,64,903,direct,88,61,4.593934474616293,16.59090909090909
41,65,901,algorithmic,507,23,5.255094524325293,10.761904761904763
41,65,902,coalition,136,51,4.046847793171322,7.666666666666665
41,65,903,direct,122,61,3.8649492583918814,15.945945945945947
41,66,901,algorithmic,512,23,4.955657623626374,11.333333333333332
41,66,902,coalition,180,51,3.8134415166673232,9.623655913978494
41,66,903,direct,73,61,4.779583650993285,16.7032967032967
41,67,901,algorithmic,512,23,5.3155723888525666,12.0
41,67,902,coalition,130,51,3.8582769633112886,8.421052631578947
41,67,903,direct,123,61,4.821845174973489,15.488721804511279
41,68,901,algorithmic,571,23,5.37913881420455,12.510204081632653
41,68,902,coalition,101,51,3.672593789991244,7.95774647887324
41,68,903,direct,93,61,4.485663082437276,16.721311475409834
41,69,901,algorithmic,481,23,5.151380381610222,9.634146341463415
41,69,902,coalition,147,51,4.23950398192623,12.098039215686274
41,69,903,direct,137,61,4.599361918112824,16.07843137254902
41,70,901,algorithmic,529,23,4.904787383483219,12.634146341463417
41,70,902,coalition,146,51,4.3276782882563545,10.670886075949365
41,70,903,direct,90,61,4.122560631697687,16.95431472081218
41,71,901,algorithmic,564,23,5.045935700760502,11.634146341463417
41,71,902,coalition,83,51,3.7720638652169654,10.382022471910114
41,71,903,direct,118,61,4.7163058024581,16.0
41,72,901,algorithmic,513,23,4.896785177466183,13.0
41,72,902,coalition,121,51,4.312492085869373,9.506493506493506
41,72,903,direct,131,61,3.795325405811545,16.629213483146067
41,73,901,algorithmic,496,23,4.962914290871414,12.07142857142857
41,73,902,coalition,182,51,4.19524960926567,8.80327868852459
41,73,903,direct,87,61,4.514964066602687,16.858638743455494
41,74,901,algorithmic,494,23,4.872324449813431,11.071428571428571
41,74,902,coalition,173,51,4.120703892479854,8.055555555555555
41,74,903,direct,98,61,4.713971549210817,15.918367346938776
41,75,901,algorithmic,501,23,5.159938509765959,10.686274509803921
41,75,902,coalition,163,51,4.11068392357286,16.757847533632287
41,75,903,direct,101,61,4.789237668161435,16.20253164556962
41,76,901,algorithmic,494,23,4.670880236532733,7.142857142857142
41,76,902,coalition,176,51,4.563350955535585,10.117647058823529
41,76,903,direct,95,61,5.021052631578947,16.273291925465838
41,77,901,algorithmic,534,23,4.761377002314539,11.451612903225806
41,77,902,coalition,116,51,3.922741098762637,7.537313432835822
41,77,903,direct,115,61,4.408003078106964,16.129032258064516
41,78,901,algorithmic,475,23,4.934964810712432,11.0
41,78,902,coalition,177,51,3.820434633095446,10.75
41,78,903,direct,113,61,4.2951395975812225,16.57142857142857
41,79,901,algorithmic,480,23,4.662722295288062,12.686274509803921
41,79,902,coalition,162,51,3.957201518492734,10.535714285714285
41,79,903,direct,123,61,4.2269232484369414,16.53179190751445
41,80,901,algorithmic,499,23,5.102727370755315,13.07142857142857
41,80,902,coalition,144,51,4.009254579714486,11.327102803738317
41,80,903,direct,122,61,4.044974940639827,16.721311475409834
41,81,901,algorithmic,519,74,5.271188013443509,9.151552868658131
41,81,902,coalition,126,0,4.089946715314904,
41,81,903,direct,120,61,4.25541237113402,16.7032967032967
41,82,901,algorithmic,469,74,5.57000710732054,7.987654320987653
41,82,902,coalition,195,0,5.2149414371636595,
41,82,903,direct,101,61,5.217821782178218,16.666666666666664
41,83,901,algorithmic,527,74,6.023560055158108,8.797752808988765
41,83,902,coalition,159,0,5.301752921352704,
41,83,903,direct,79,61,4.834185077443195,16.273291925465838
41,84,901,algorithmic,504,74,5.806711773438392,8.704545454545455
41,84,902,coalition,177,0,4.928628437773664,
41,84,903,direct,84,61,4.919321685508736,15.683453237410072
41,85,901,algorithmic,487,74,5.683521560574949,8.60919540229885
41,85,902,coalition,176,0,5.313700039184953,
41,85,903,direct,102,61,4.715686274509804,15.833333333333334
41,86,901,algorithmic,511,74,5.433959073228479,9.519480519480519
41,86,902,coalition,141,0,5.540866278454931,
41,86,903,direct,113,61,4.455479077897957,16.296296296296298
41,87,901,algorithmic,467,74,5.743659566040772,8.60919540229885
41,87,902,coalition,172,0,4.658088468200367,
41,87,903,direct,126,61,4.9523809523809526,16.53179190751445
41,88,901,algorithmic,507,74,5.585650357362517,7.888888888888889
41,88,902,coalition,177,0,4.536216916752728,
41,88,903,direct,81,61,5.285941855834329,16.774193548387096
41,89,901,algorithmic,487,74,5.660317182926296,6.097560975609756
41,89,902,coalition,193,0,5.392645014533047,
41,89,903,direct,85,61,4.91764705882353,15.74468085106383
41,90,901,algorithmic,470,74,5.515774027879678,6.759493670886076
41,90,902,coalition,186,0,5.4559003674969375,
41,90,903,direct,109,61,5.045871559633028,15.862068965517242
41,91,901,algorithmic,513,74,5.5517607298983815,8.60919540229885
41,91,902,coalition,154,0,5.108138104159324,
41,91,903,direct,98,61,4.385521072334259,16.449704142011832
41,92,901,algorithmic,458,74,5.588193024155658,6.511627906976744
41,92,902,coalition,213,0,4.907946945730906,
41,92,903,direct,94,61,5.382978723404255,16.20253164556962
41,93,901,algorithmic,519,74,5.616570327552987,8.759493670886076
41,93,902,coalition,191,0,5.227538251396692,
41,93,903,direct,55,61,5.363636363636363,16.103896103896105
41,94,901,algorithmic,467,74,5.539893864630853,8.7
41,94,902,coalition,192,0,3.88713768115942,
41,94,903,direct,106,61,4.349056603773585,14.782608695652174
41,95,901,algorithmic,541,74,5.846535866200477,6.875
41,95,902,coalition,144,0,5.521732764390896,
41,95,903,direct,80,61,4.770331325301205,16.385542168674696
41,96,901,algorithmic,523,74,5.605162523900574,8.474226804123711
41,96,902,coalition,144,0,4.144692971690394,
41,96,903,direct,98,61,4.581632653061225,15.714285714285714
41,97,901,algorithmic,491,74,5.6932635541003895,6.759493670886076
41,97,902,coalition,203,0,4.650495728627549,
41,97,903,direct,71,61,4.971830985915493,16.20253164556962
41,98,901,algorithmic,481,74,5.742949643713002,6.978021978021978
41,98,902,coalition,173,0,5.362178658829587,
41,98,903,direct,111,61,5.1891891891891895,15.419847328244275
41,99,901,algorithmic,549,74,5.755088997539385,6.394736842105263
41,99,902,coalition,145,0,5.712280701754386,
41,99,903,direct,71,61,4.971830985915493,16.49122807017544
41,100,901,algorithmic,525,74,5.790505270810614,8.88888888888889
41,100,902,coalition,152,0,4.6289228159457165,
41,100,903,direct,88,61,5.556818181818182,15.419847328244275
42,1,901,direct,120,42,4.485766883764596,13.628762541806022
42,1,902,coalition,76,47,3.515980586918802,13.33844431044879
42,1,903,algorithmic,569,46,4.008390747810743,10.9472049689441
42,2,901,direct,154,42,4.1479390175042345,12.072463768115943
42,2,902,coalition,158,47,4.025284081711936,11.397554751895434
42,2,903,algorithmic,453,46,4.800839642118612,12.551150895140664
42,3,901,direct,84,42,3.5710480221865417,12.421245421245422
42,3,902,coalition,118,47,4.257454220280029,12.307852764673791
42,3,903,algorithmic,563,46,5.23127556802199,11.392764118270028
42,4,901,direct,159,42,3.5040117764209846,11.624761904761906
42,4,902,coalition,147,47,3.9631101271536795,11.145610709255159
42,4,903,algorithmic,459,46,5.3655032961694165,10.765293810079234
42,5,901,direct,171,42,3.7124530568522287,12.473809523809523
42,5,902,coalition,178,47,3.5774727214397286,12.960008300531104
42,5,903,algorithmic,416,46,5.119492034557944,10.398704902867715
42,6,901,direct,105,40,4.492405111770819,13.069271150334753
42,6,902,coalition,122,47,4.719848779429664,12.97285283912096
42,6,903,algorithmic,538,48,5.206990062747361,9.972930960548885
42,7,901,direct,138,40,4.400952911822476,17.291666666666664
42,7,902,coalition,216,47,3.210249872689486,12.527199750604007
42,7,903,algorithmic,411,48,5.38953355376713,8.891304347826086
42,8,901,direct,84,40,4.85208258823008,17.796610169491526
42,8,902,coalition,132,47,4.619336606297622,12.953799813958982
42,8,903,algorithmic,549,48,4.972327775612827,8.132075471698114
42,9,901,direct,102,40,4.01147747171876,16.829268292682926
42,9,902,coalition,106,47,3.5610609507636397,11.896724838632561
42,9,903,algorithmic,557,48,5.281968006777883,9.380281690140844
42,10,901,direct,125,40,3.707500559910414,17.23404255319149
42,10,902,coalition,182,47,4.776668626792607,12.088839119074281
42,10,903,algorithmic,458,48,5.654596196195217,10.607142857142858
42,11,901,direct,118,40,4.508274683204818,17.621951219512194
42,11,902,coalition,149,47,4.05560502136436,12.977288032540224
42,11,903,algorithmic,498,48,5.409512060656107,10.18840579710145
42,12,901,direct,74,40,4.981770744051523,17.515923566878982
42,12,902,coalition,118,47,4.106175566609552,12.147037942141411
42,12,903,algorithmic,573,48,5.406853792284739,7.296296296296295
42,13,901,direct,108,40,4.486217033999249,16.548672566371682
42,13,902,coalition,137,47,3.9264038845413967,12.258951738453554
42,13,903,algorithmic,520,48,5.7152250161882145,9.65625
42,14,901,direct,118,40,4.46816576033025,17.346938775510203
42,14,902,coalition,125,47,3.91352380952381,11.91802584565835
42,14,903,algorithmic,522,48,5.329795440961929,9.472222222222221
42,15,901,direct,95,40,4.5158978012692925,17.515923566878982
42,15,902,coalition,135,47,3.9280526974794494,11.714481238557386
42,15,903,algorithmic,535,48,5.411226918418135,11.769230769230768
42,16,901,direct,113,40,4.695218597279092,17.08955223880597
42,16,902,coalition,115,47,3.601447611441122,12.547108263782768
42,16,903,algorithmic,537,48,5.434209665583008,8.76923076923077
42,17,901,direct,88,40,4.76798344675919,17.434210526315788
42,17,902,coalition,110,47,3.8889040783777626,11.812475221355887
42,17,903,algorithmic,567,48,5.345632311743241,9.53968253968254
42,18,901,direct,90,40,4.929676739125558,16.92913385826772
42,18,902,coalition,115,47,3.922271007550022,10.3784413130547
42,18,903,algorithmic,560,48,5.55369626932187,8.878787878787879
42,19,901,direct,82,40,4.061901061714079,16.97674418604651
42,19,902,coalition,129,47,3.6228662948393944,11.932632418157356
42,19,903,algorithmic,554,48,5.332840139165509,8.53968253968254
42,20,901,direct,100,62,4.202958418916078,14.061075950522783
42,20,902,coalition,117,25,3.760002296750056,15.371428571428572
42,20,903,algorithmic,548,48,5.516320546221647,10.380281690140844
42,21,901,direct,118,62,4.779661016949152,16.211180124223603
42,21,902,coalition,141,25,4.212035836831633,16.29787234042553
42,21,903,algorithmic,506,48,5.658983088798477,8.53968253968254
42,22,901,direct,81,62,4.770815654284489,16.592178770949722
42,22,902,coalition,111,25,4.36896571533443,14.073170731707316
42,22,903,algorithmic,573,48,5.621439070732061,8.296296296296296
42,23,901,direct,120,62,4.449395446754602,15.704225352112676
42,23,902,coalition,166,25,4.050546288994697,10.714285714285714
42,23,903,algorithmic,479,48,5.2539272595287185,9.088235294117647
42,24,901,direct,89,62,4.738815503592304,16.62983425414365
42,24,902,coalition,79,25,3.9678017196014843,13.073170731707316
42,24,903,algorithmic,597,48,5.189577404489475,10.033898305084746
42,25,901,direct,136,62,4.50773367599467,15.933333333333334
42,25,902,coalition,192,25,3.783496590383726,16.66990291262136
42,25,903,algorithmic,437,48,5.835871231476751,10.285714285714285
42,26,901,direct,61,62,5.164845173041894,16.903553299492387
42,26,902,coalition,160,25,4.81960900089026,13.857142857142858
42,26,903,algorithmic,544,48,5.024523343954051,5.784313725490196
42,27,901,direct,115,62,5.132923755513548,15.0
42,27,902,coalition,194,25,4.2287002201958,8.893617021276595
42,27,903,algorithmic,456,48,5.535520896604274,8.472222222222221
42,28,901,direct,63,62,4.5418007069383215,16.53409090909091
42,28,902,coalition,131,25,4.737086417247122,12.818181818181818
42,28,903,algorithmic,571,48,5.173799970494969,7.784313725490196
42,29,901,direct,128,62,4.9453125,15.080645161290322
42,29,902,coalition,137,25,3.620516442979358,11.129032258064518
42,29,903,algorithmic,500,48,5.582193548387097,10.472222222222221
42,30,901,direct,100,62,4.824922935357718,16.772486772486772
42,30,902,coalition,156,25,4.6097200255663475,16.509316770186338
42,30,903,algorithmic,509,48,5.573446538339337,9.132075471698114
42,31,901,direct,86,62,4.881578313833117,16.211180124223603
42,31,902,coalition,125,25,4.73543685300207,13.8
42,31,903,algorithmic,554,48,5.38687393023447,9.166666666666668
42,32,901,direct,54,62,4.958679755584494,15.850340136054422
42,32,902,coalition,124,25,3.093803513592154,11.2
42,32,903,algorithmic,587,48,5.617525731580491,8.985074626865671
42,33,901,direct,102,62,5.329623741388448,14.695652173913043
42,33,902,coalition,128,73,4.121880448997384,11.48751358517156
42,33,903,algorithmic,535,0,5.876871629858221,
42,34,901,direct,108,62,5.277777777777778,16.257668711656443
42,34,902,coalition,120,73,4.69642126789366,12.50381679389313
42,34,903,algorithmic,537,0,4.958706446509987,
42,35,901,direct,85,62,4.136151960784314,16.3905325443787
42,35,902,coalition,103,73,4.077037973229161,7.2195121951219505
42,35,903,algorithmic,577,0,5.280806927952654,
42,36,901,direct,126,62,4.731065759637189,15.821917808219178
42,36,902,coalition,124,73,4.84478568272205,7.111111111111111
42,36,903,algorithmic,515,0,5.095044638239211,
42,37,901,direct,121,62,4.805437877630391,16.737967914438503
42,37,902,coalition,146,73,5.101311259248407,9.628318584070797
42,37,903,algorithmic,498,0,4.644571591491718,
42,38,901,direct,78,62,4.273871728779617,16.64835164835165
42,38,902,coalition,104,73,4.771143376736179,11.626865671641792
42,38,903,algorithmic,583,0,4.856253334609348,
42,39,901,direct,67,62,4.566690450568474,15.611510791366907
42,39,902,coalition,117,73,4.462891225481154,9.793103448275861
42,39,903,algorithmic,581,0,4.850601737139578,
42,40,901,direct,104,62,4.462680116349841,15.234375
42,40,902,coalition,151,73,4.550289735099338,10.394495412844037
42,40,903,algorithmic,510,0,5.046006654445672,
42,41,901,direct,97,62,4.348573806111599,16.303030303030305
42,41,902,coalition,118,73,4.504858572807193,8.910112359550562
42,41,903,algorithmic,550,0,5.012244072110321,
42,42,901,direct,104,62,4.892656320287899,16.139240506329116
42,42,902,coalition,131,73,4.344620126022855,7.0
42,42,903,algorithmic,530,0,4.885235978250698,
42,43,901,direct,92,62,4.547635273272455,16.303030303030305
42,43,902,coalition,112,73,4.831258130211332,7.111111111111111
42,43,903,algorithmic,561,0,5.185202214890579,
42,44,901,direct,122,62,4.307990775767538,16.013071895424837
42,44,902,coalition,103,73,4.181991243099182,7.258064516129033
42,44,903,algorithmic,540,0,4.994441206347655,
42,45,901,direct,84,62,4.6704434779376225,16.666666666666664
42,45,902,coalition,105,73,4.253044868220512,6.724137931034483
42,45,903,algorithmic,576,0,5.194152639072085,
42,46,901,direct,159,62,3.7979163303066352,15.793103448275863
42,46,902,coalition,135,73,4.6924648786717755,10.076923076923077
42,46,903,algorithmic,471,0,5.201246921707821,
42,47,901,direct,61,62,3.6441607810103887,17.227272727272727
42,47,902,coalition,119,73,4.395234773751398,8.258064516129032
42,47,903,algorithmic,585,0,5.045666068386966,
42,48,901,direct,107,62,4.175123550423252,15.0
42,48,902,coalition,118,73,4.45415393164768,10.0
42,48,903,algorithmic,540,0,5.019093258566265,
42,49,901,direct,81,62,4.779077322936972,16.36904761904762
42,49,902,coalition,99,73,4.259740259740259,7.526315789473684
42,49,903,algorithmic,585,0,5.410048625838099,
42,50,901,direct,120,62,4.820516569200779,15.704225352112676
42,50,902,coalition,147,73,5.040816326530612,11.68421052631579
42,50,903,algorithmic,498,0,4.748183409860511,
42,51,901,direct,108,62,5.093973808062207,16.62983425414365
42,51,902,coalition,144,73,4.663865868631062,11.271028037383177
42,51,903,algorithmic,513,0,4.659037114672899,
42,52,901,direct,87,62,4.65034965034965,16.3905325443787
42,52,902,coalition,122,73,4.635739896458686,11.965034965034965
42,52,903,algorithmic,556,0,4.610585935053284,
42,53,901,direct,87,62,4.163052494371371,15.878378378378379
42,53,902,coalition,153,73,4.799328740505211,10.20754716981132
42,53,903,algorithmic,525,0,4.887186118510764,
42,54,901,direct,142,62,4.689510637397961,15.878378378378379
42,54,902,coalition,94,73,4.71935339594914,8.941176470588236
42,54,903,algorithmic,529,0,4.788730173518342,
42,55,901,direct,65,62,3.229082238907748,16.995073891625616
42,55,902,coalition,133,73,4.186118004370532,7.818181818181818
42,55,903,algorithmic,567,0,5.036899572643534,
42,56,901,direct,94,62,4.740991025367075,15.158730158730158
42,56,902,coalition,122,73,5.174082747853239,12.705882352941178
42,56,903,algorithmic,549,0,4.994591529505015,
42,57,901,direct,91,62,4.3340342132094705,16.064516129032256
42,57,902,coalition,140,73,4.685714285714286,11.24
42,57,903,algorithmic,534,0,4.81918298003784,
42,58,901,direct,122,62,4.795313949891741,15.986842105263158
42,58,902,coalition,125,73,4.102117179741807,7.800000000000002
42,58,903,algorithmic,518,0,4.997997032356516,
42,59,901,direct,74,62,3.8634134675575966,16.666666666666664
42,59,902,coalition,100,73,4.40735707747358,6.136986301369863
42,59,903,algorithmic,591,0,5.571143784320212,
42,60,901,direct,123,62,3.7023708872455114,15.481481481481481
42,60,902,coalition,124,73,4.549283154121864,9.20754716981132
42,60,903,algorithmic,518,0,5.020035126331748,
42,61,901,direct,142,62,4.395538723444997,16.684782608695652
42,61,902,coalition,136,73,4.59095594759643,9.898305084745763
42,61,903,algorithmic,487,0,4.761643727701216,
42,62,901,direct,66,62,4.386099532651257,16.995073891625616
42,62,902,coalition,151,73,4.47348201581474,9.258064516129032
42,62,903,algorithmic,548,0,4.921318588080319,
42,63,901,direct,133,62,5.154421929262618,15.196850393700787
42,63,902,coalition,125,73,4.706393700787402,10.545454545454545
42,63,903,algorithmic,507,0,4.83875224437949,
42,64,901,direct,78,62,4.484717345172159,16.855670103092784
42,64,902,coalition,122,73,4.749619739732973,9.793103448275861
42,64,903,algorithmic,565,0,4.866616029113804,
42,65,901,direct,106,62,3.8569361548200396,15.611510791366907
42,65,902,coalition,81,73,4.769517719158007,9.68421052631579
42,65,903,algorithmic,578,0,5.112356171308694,
42,66,901,direct,94,62,4.291823112223613,16.347305389221557
42,66,902,coalition,153,73,4.791906383311808,6.136986301369863
42,66,903,algorithmic,518,0,5.017711718662758,
42,67,901,direct,129,62,4.471903531438415,16.064516129032256
42,67,902,coalition,112,73,4.875,12.24
42,67,903,algorithmic,524,0,4.748396946564886,
42,68,901,direct,92,62,4.129324196597353,16.789473684210527
42,68,902,coalition,121,73,4.529795563288386,8.8
42,68,903,algorithmic,552,0,4.904689624581302,
42,69,901,direct,143,62,4.328997427443023,16.013071895424837
42,69,902,coalition,74,0,4.507860801978449,
42,69,903,algorithmic,548,73,4.924148305829941,6.769230769230769
42,70,901,direct,99,62,4.816201227965934,17.009803921568626
42,70,902,coalition,175,0,4.533180859972855,
42,70,903,algorithmic,491,73,5.641827403058983,10.577319587628866
42,71,901,direct,78,62,4.705128205128205,16.1875
42,71,902,coalition,188,0,5.035239361702128,
42,71,903,algorithmic,499,73,5.404308617234469,7.0
42,72,901,direct,91,62,4.7032967032967035,15.611510791366907
42,72,902,coalition,171,0,4.926883330709767,
42,72,903,algorithmic,503,73,5.590757612597794,8.910112359550562
42,73,901,direct,84,62,5.071428571428571,15.986842105263158
42,73,902,coalition,174,73,5.238829833203699,6.428571428571429
42,73,903,algorithmic,507,0,5.9447212706322015,
42,74,901,direct,85,62,4.732205346394235,15.793103448275863
42,74,902,coalition,86,73,3.8480352846832395,8.0
42,74,903,algorithmic,594,0,4.949044222242988,
42,75,901,direct,99,62,4.2266011789633655,15.821917808219178
42,75,902,coalition,158,73,4.674440783769724,9.454545454545455
42,75,903,algorithmic,508,0,5.137976309560766,
42,76,901,direct,103,62,3.800913275482617,16.1875
42,76,902,coalition,119,73,4.776169163317501,11.50381679389313
42,76,903,algorithmic,543,0,4.997275847020187,
42,77,901,direct,77,62,4.1396953686034195,16.28048780487805
42,77,902,coalition,101,73,4.491427191499637,9.68421052631579
42,77,903,algorithmic,587,0,5.16350682152522,
42,78,901,direct,136,62,4.492817069024142,15.579710144927537
42,78,902,coalition,101,73,4.599368632515426,9.087912087912088
42,78,903,algorithmic,528,0,5.024752792863499,
42,79,901,direct,87,62,4.805133611710033,16.903553299492387
42,79,902,coalition,135,73,4.53987265631877,8.21951219512195
42,79,903,algorithmic,543,0,5.125299140072568,
42,80,901,direct,152,62,4.128903231921093,15.878378378378379
42,80,902,coalition,145,73,4.4631999315657485,8.628318584070797
42,80,903,algorithmic,468,0,4.913287218019808,
42,81,901,direct,76,62,3.336530459765149,17.136150234741784
42,81,902,coalition,128,73,4.785981514084507,11.705882352941178
42,81,903,algorithmic,561,0,4.838429314926315,
42,82,901,direct,130,62,3.85123745819398,15.547445255474452
42,82,902,coalition,63,73,4.736067663074962,11.782608695652174
42,82,903,algorithmic,572,0,5.001039907410901,
42,83,901,direct,110,62,4.674839141854849,16.80628272251309
42,83,902,coalition,84,0,5.205871353777113,
42,83,903,algorithmic,571,73,5.322377520972803,8.0
42,84,901,direct,123,62,4.5243664717348935,16.432748538011694
42,84,902,coalition,193,0,4.069769414901676,
42,84,903,algorithmic,449,73,5.629859727269175,8.8
42,85,901,direct,102,62,4.568627450980392,16.684782608695652
42,85,902,coalition,188,73,5.842853839037928,5.136986301369863
42,85,903,algorithmic,475,0,5.635972540045766,
42,86,901,direct,70,62,4.409733124018838,16.257668711656443
42,86,902,coalition,95,73,3.9843719728769775,10.857142857142858
42,86,903,algorithmic,600,0,4.663888963796939,
42,87,901,direct,121,62,4.6936021339442116,15.34351145038168
42,87,902,coalition,75,73,4.827582697201017,8.21951219512195
42,87,903,algorithmic,569,0,5.332383924617861,
42,88,901,direct,97,62,4.10420999903171,16.64835164835165
42,88,902,coalition,147,73,5.059505120729611,11.744525547445255
42,88,903,algorithmic,521,0,5.151509301803815,
42,89,901,direct,116,62,4.830459770114943,16.139240506329116
42,89,902,coalition,140,73,4.479113924050632,7.724137931034482
42,89,903,algorithmic,509,0,4.6386949645219175,
42,90,901,direct,106,62,4.731010937067363,16.55367231638418
42,90,902,coalition,135,73,4.977526679221594,12.0
42,90,903,algorithmic,524,0,4.46577883962576,
42,91,901,direct,139,62,4.248849891947268,16.347305389221557
42,91,902,coalition,103,73,4.861403406778676,10.394495412844037
42,91,903,algorithmic,523,0,4.842734895062095,
42,92,901,direct,87,62,3.830848861283644,16.95
42,92,902,coalition,102,73,5.08235294117647,9.73913043478261
42,92,903,algorithmic,576,0,4.920440821256039,
42,93,901,direct,73,62,4.370492835773894,15.878378378378379
42,93,902,coalition,69,0,4.476122299210755,
42,93,903,algorithmic,623,73,5.523430653767733,6.4
42,94,901,direct,182,62,4.7032967032967035,15.447761194029852
42,94,902,coalition,139,0,4.0600590461620545,
42,94,903,algorithmic,444,73,5.7381672717493615,9.577319587628866
42,95,901,direct,68,62,4.756596465746792,17.48971193415638
42,95,902,coalition,142,0,5.034950443401147,
42,95,903,algorithmic,555,73,5.484892299707115,6.111111111111111
42,96,901,direct,115,62,4.965217391304348,15.271317829457365
42,96,902,coalition,196,73,4.998728589564016,6.219512195121951
42,96,903,algorithmic,454,0,5.855513437830823,
42,97,901,direct,122,62,4.636142255613606,16.53409090909091
42,97,902,coalition,74,73,5.018734643734644,11.294117647058822
42,97,903,algorithmic,569,0,4.45548996120058,
42,98,901,direct,96,62,3.7855777722581005,16.666666666666664
42,98,902,coalition,126,73,4.953335068089167,9.727272727272727
42,98,903,algorithmic,543,0,5.215543412264724,
42,99,901,direct,84,62,4.808802308802309,16.11464968152866
42,99,902,coalition,117,73,4.408242147095651,10.009708737864077
42,99,903,algorithmic,564,0,4.93834526857985,
42,100,901,direct,90,62,4.413756613756614,15.793103448275863
42,100,902,coalition,78,73,4.2975196366000965,7.818181818181818
42,100,903,algorithmic,597,0,4.930569290587774,
43,1,901,direct,154,43,4.260866071937473,13.479038655985066
43,1,902,algorithmic,514,42,4.11353859255125,11.969924812030076
43,1,903,coalition,97,50,3.5167959031461353,12.752703769118034
43,2,901,direct,106,43,3.8368063462643063,12.275747508305649
43,2,902,algorithmic,501,42,5.25685136678238,11.514285714285714
43,2,903,coalition,158,50,3.800258487303366,11.723675242231876
43,3,901,direct,74,61,4.259818867045659,10.392999556933983
43,3,902,algorithmic,522,24,5.195781238509874,11.4
43,3,903,coalition,169,50,4.293072156282859,12.622415458937198
43,4,901,direct,100,61,4.413511501130169,11.374847076094936
43,4,902,algorithmic,478,24,4.644862321966779,10.306122448979593
43,4,903,coalition,187,50,4.1641588257425886,12.0770429464167
43,5,901,direct,102,37,4.555414876315008,16.25
43,5,902,algorithmic,535,48,5.085860788736264,9.229166666666666
43,5,903,coalition,128,50,3.8667072017492874,12.852947352632368
43,6,901,direct,90,37,4.862159629538652,17.391304347826086
43,6,902,algorithmic,536,48,5.53095658406567,9.088235294117647
43,6,903,coalition,139,50,3.484571725341128,12.226741996233523
43,7,901,direct,121,61,4.505360317739428,13.443663804319542
43,7,902,algorithmic,531,48,5.685943632571833,9.53968253968254
43,7,903,coalition,113,26,4.24259324014549,15.393617021276599
43,8,901,direct,93,61,4.978254412269894,16.685082872928177
43,8,902,algorithmic,514,0,5.414612737660133,
43,8,903,coalition,158,74,4.158174636718287,9.578721578721579
43,9,901,direct,71,61,5.256142918114749,16.07843137254902
43,9,902,algorithmic,618,0,4.997384714403561,
43,9,903,coalition,76,74,4.804179566563468,10.363636363636363
43,10,901,direct,156,61,4.046162450524867,15.419847328244275
43,10,902,algorithmic,463,0,4.927126514340148,
43,10,903,coalition,146,74,4.615549513750915,9.423423423423424
43,11,901,direct,99,61,4.044193840997494,17.22222222222222
43,11,902,algorithmic,534,0,4.768970531508369,
43,11,903,coalition,132,74,4.505850937072398,10.0
43,12,901,direct,110,61,4.2954075688676765,16.22641509433962
43,12,902,algorithmic,528,0,4.7426413491029695,
43,12,903,coalition,127,74,5.317535779725647,9.813559322033898
43,13,901,direct,139,61,3.9959467719941695,16.470588235294116
43,13,902,algorithmic,518,0,4.940739899563429,
43,13,903,coalition,108,74,4.423856209150326,7.888888888888889
43,14,901,direct,111,61,4.910817338896964,16.984924623115578
43,14,902,algorithmic,536,0,4.865875534504586,
43,14,903,coalition,118,74,5.133378758197769,7.097560975609756
43,15,901,direct,144,61,4.60371782179902,16.49122807017544
43,15,902,algorithmic,524,0,4.917082165600779,
43,15,903,coalition,97,74,4.757340085609212,8.88888888888889
43,16,901,direct,119,61,4.248228703246005,17.058823529411764
43,16,902,algorithmic,498,0,4.481227789757277,
43,16,903,coalition,148,74,4.703232644409115,7.23404255319149
43,17,901,direct,86,61,4.2000218102251745,16.64804469273743
43,17,902,algorithmic,581,0,4.8626109291397785,
43,17,903,coalition,98,74,4.053538218037538,8.395833333333334
43,18,901,direct,116,61,4.259679370840896,15.89041095890411
43,18,902,algorithmic,518,0,5.420579671751265,
43,18,903,coalition,131,74,4.008783854438984,7.875
43,19,901,direct,123,61,4.503958161239367,16.59090909090909
43,19,902,algorithmic,486,0,5.03646074030061,
43,19,903,coalition,156,74,3.8931224004753417,7.704545454545454
43,20,901,direct,62,61,4.496126214959853,16.721311475409834
43,20,902,algorithmic,563,0,4.491509326337126,
43,20,903,coalition,140,74,4.5726866292368475,10.296875
43,21,901,direct,63,61,4.7501304121022425,15.081967213114755
43,21,902,algorithmic,603,0,5.453739612337106,
43,21,903,coalition,99,74,4.073836961160905,7.609195402298852
43,22,901,direct,92,61,4.317007920458376,15.121951219512194
43,22,902,algorithmic,532,0,5.077297300611142,
43,22,903,coalition,141,74,4.38301895141663,9.395833333333334
43,23,901,direct,73,61,4.454359236973499,16.05263157894737
43,23,902,algorithmic,568,0,4.75036465513857,
43,23,903,coalition,124,74,4.673661798073719,10.916666666666666
43,24,901,direct,97,61,4.23085639136578,15.488721804511279
43,24,902,algorithmic,526,0,4.943558874234274,
43,24,903,coalition,142,74,5.093243672561686,9.065217391304348
43,25,901,direct,143,61,4.415839973979509,16.178343949044585
43,25,902,algorithmic,545,0,4.9905859918697795,
43,25,903,coalition,77,74,4.475475494731901,9.065217391304348
43,26,901,direct,135,61,4.336734284185512,17.04433497536946
43,26,902,algorithmic,464,0,4.377672399507753,
43,26,903,coalition,166,74,4.830880170930026,10.302752293577981
43,27,901,direct,85,61,4.69381220141742,16.923076923076923
43,27,902,algorithmic,582,0,4.646866959157574,
43,27,903,coalition,98,74,4.86551215272076,9.24074074074074
43,28,901,direct,111,61,4.819977872609451,15.862068965517242
43,28,902,algorithmic,562,0,5.149214012845973,
43,28,903,coalition,92,74,4.553973013493254,8.978021978021978
43,29,901,direct,124,61,4.818670576735093,16.49122807017544
43,29,902,algorithmic,521,0,4.70689772176437,
43,29,903,coalition,120,74,4.634697855750487,9.474226804123711
43,30,901,direct,135,61,4.533850479182678,16.73913043478261
43,30,902,algorithmic,549,0,4.752513108156764,
43,30,903,coalition,81,74,4.894793344068707,11.592592592592592
43,31,901,direct,90,61,4.798773448773448,16.923076923076923
43,31,902,algorithmic,528,0,4.6521792601338054,
43,31,903,coalition,147,74,4.8341182626896915,9.98076923076923
43,32,901,direct,134,61,4.811397557666215,16.0
43,32,902,algorithmic,544,0,4.856959621793382,
43,32,903,coalition,87,74,4.467990247300593,9.065217391304348
43,33,901,direct,62,61,3.9047478665987314,16.90721649484536
43,33,902,algorithmic,527,0,4.785086080850026,
43,33,903,coalition,176,74,4.65651358950328,10.302752293577981
43,34,901,direct,109,61,4.3782100880586565,15.081967213114755
43,34,902,algorithmic,583,0,4.794905540732942,
43,34,903,coalition,73,74,4.095890410958904,9.596491228070175
43,35,901,direct,77,61,3.9355986479274154,16.449704142011832
43,35,902,algorithmic,548,0,5.375786422837006,
43,35,903,coalition,140,74,4.223753169907016,6.875
43,36,901,direct,103,61,4.561511463603628,15.62043795620438
43,36,902,algorithmic,556,0,5.095338033045357,
43,36,903,coalition,106,74,4.286602228252682,5.51948051948052
43,37,901,direct,67,61,3.8774562939492476,16.319018404907975
43,37,902,algorithmic,528,0,5.069541693540263,
43,37,903,coalition,170,74,4.889931432695778,10.916666666666666
43,38,901,direct,82,61,4.718960152564488,15.275590551181102
43,38,902,algorithmic,568,0,5.3081861604805916,
43,38,903,coalition,115,74,5.070883329599902,13.995884773662553
43,39,901,direct,70,61,4.667724867724868,15.774647887323944
43,39,902,algorithmic,608,0,5.182684135170611,
43,39,903,coalition,87,74,4.887647725433058,9.24074074074074
43,40,901,direct,127,61,4.4202755905511815,15.384615384615383
43,40,902,algorithmic,502,74,5.397794934149516,6.51948051948052
43,40,903,coalition,136,0,4.273190045248869,
43,41,901,direct,77,61,4.6815056601152865,16.791443850267378
43,41,902,algorithmic,452,74,5.643509535753159,9.047619047619047
43,41,903,coalition,236,0,4.516338430595659,
43,42,901,direct,128,61,4.7421875,15.62043795620438
43,42,902,algorithmic,479,74,5.57682519848224,6.51948051948052
43,42,903,coalition,158,0,5.198813013651782,
43,43,901,direct,100,61,4.952659574468085,16.80851063829787
43,43,902,algorithmic,485,74,5.674029392410616,10.302752293577981
43,43,903,coalition,180,0,4.728372047628342,
43,44,901,direct,111,61,4.900900900900901,16.25
43,44,902,algorithmic,454,74,5.714895374449339,5.135135135135135
43,44,903,coalition,200,0,5.6459375,
43,45,901,direct,85,61,4.882352941176471,16.49122807017544
43,45,902,algorithmic,505,74,5.519089803717215,10.797752808988765
43,45,903,coalition,175,0,5.204920165582496,
43,46,901,direct,82,61,4.5266075388026605,15.862068965517242
43,46,902,algorithmic,441,74,5.421534130893737,5.704545454545454
43,46,903,coalition,242,0,4.6619795849633405,
43,47,901,direct,115,61,4.51304347826087,15.774647887323944
43,47,902,algorithmic,487,74,5.365734447754288,8.511627906976745
43,47,903,coalition,163,0,5.59983642761118,
43,48,901,direct,70,61,4.923265306122449,16.57142857142857
43,48,902,algorithmic,524,74,5.766521264994547,8.551020408163264
43,48,903,coalition,171,0,4.339658670485738,
43,49,901,direct,98,61,4.36734693877551,15.384615384615383
43,49,902,algorithmic,462,74,5.713120213120213,9.150537634408602
43,49,903,coalition,205,0,4.614327503076519,
43,50,901,direct,92,61,5.1521739130434785,16.20253164556962
43,50,902,algorithmic,506,74,5.500500325211387,6.704545454545454
43,50,903,coalition,167,0,4.88776072710735,
43,51,901,direct,132,61,4.431818181818182,16.05263157894737
43,51,902,algorithmic,466,74,5.652134628416535,10.30952380952381
43,51,903,coalition,167,0,5.107724400822415,
43,52,901,direct,79,61,4.7699103375527425,16.875
43,52,902,algorithmic,516,74,5.564962855297158,10.474226804123711
43,52,903,coalition,170,0,4.659932155852031,
43,53,901,direct,61,61,4.6877439500390325,15.683453237410072
43,53,902,algorithmic,555,74,5.9052563354721626,8.047619047619047
43,53,903,coalition,149,0,4.78802614667614,
43,54,901,direct,122,61,4.697778952934955,15.041322314049587
43,54,902,algorithmic,485,74,5.595910368918804,7.150537634408602
43,54,903,coalition,158,0,4.349329067804141,
43,55,901,direct,101,61,4.268088347296268,16.7032967032967
43,55,902,algorithmic,489,74,5.684914267736354,10.065217391304348
43,55,903,coalition,175,0,4.790130366527882,
43,56,901,direct,75,61,4.453333333333333,16.273291925465838
43,56,902,algorithmic,502,74,5.729405359926752,8.150537634408602
43,56,903,coalition,188,0,4.989510196367647,
43,57,901,direct,125,61,4.784,15.555555555555555
43,57,902,algorithmic,472,74,5.834274952919021,8.60919540229885
43,57,903,coalition,168,0,5.1086480569239185,
43,58,901,direct,58,61,4.443150046598323,16.756756756756758
43,58,902,algorithmic,512,74,5.639199746621622,8.759493670886076
43,58,903,coalition,195,0,5.177755554970744,
43,59,901,direct,118,61,4.838983050847458,14.915254237288135
43,59,902,algorithmic,513,74,5.7303664056563255,9.395833333333334
43,59,903,coalition,134,0,4.561192975798971,
43,60,901,direct,82,61,4.517539051795012,16.629213483146067
43,60,902,algorithmic,491,74,5.6037895604018395,8.23404255319149
43,60,903,coalition,192,0,4.658333084309507,
43,61,901,direct,111,61,4.8361883009770334,15.774647887323944
43,61,902,algorithmic,477,74,5.891221543095048,7.30952380952381
43,61,903,coalition,177,0,5.428882144088637,
43,62,901,direct,77,61,4.337662337662338,16.49122807017544
43,62,902,algorithmic,501,74,5.394450864353165,9.204819277108435
43,62,903,coalition,187,0,5.001382770975072,
43,63,901,direct,94,61,4.702127659574468,15.62043795620438
43,63,902,algorithmic,467,74,5.5941949702246045,8.23404255319149
43,63,903,coalition,204,0,4.594828846276824,
43,64,901,direct,122,61,4.418032786885246,16.103896103896105
43,64,902,algorithmic,475,74,5.3642925495557074,8.204819277108435
43,64,903,coalition,168,0,4.782540179269955,
43,65,901,direct,97,61,4.867905290585703,16.7032967032967
43,65,902,algorithmic,539,74,5.802279353299761,9.411764705882353
43,65,903,coalition,129,0,5.534983939908701,
43,66,901,direct,76,61,4.7105263157894735,16.178343949044585
43,66,902,algorithmic,509,74,5.791861148999536,9.065217391304348
43,66,903,coalition,180,0,4.512431151727745,
43,67,901,direct,78,61,5.012820512820513,15.588235294117647
43,67,902,algorithmic,522,74,5.831417624521073,8.31578947368421
43,67,903,coalition,165,0,4.762116521249649,
43,68,901,direct,73,61,4.904109589041096,15.652173913043477
43,68,902,algorithmic,511,74,5.730253268668992,7.065217391304348
43,68,903,coalition,181,0,4.454319801425254,
43,69,901,direct,106,61,4.59433962264151,15.488721804511279
43,69,902,algorithmic,472,74,5.7365235121702565,8.204819277108435
43,69,903,coalition,187,0,5.135787410023674,
43,70,901,direct,99,61,4.626262626262626,16.385542168674696
43,70,902,algorithmic,474,74,5.357658482029383,8.978021978021978
43,70,903,coalition,192,0,5.190511358621298,
43,71,901,direct,107,61,4.682242990654205,16.22641509433962
43,71,902,algorithmic,489,74,5.633033658731078,7.30952380952381
43,71,903,coalition,169,0,5.294263066396593,
43,72,901,direct,102,61,4.8431372549019605,16.407185628742518
43,72,902,algorithmic,520,74,5.677579456471672,8.204819277108435
43,72,903,coalition,143,0,5.060585543884007,
43,73,901,direct,104,61,5.009615384615385,16.296296296296298
43,73,902,algorithmic,478,74,5.5537476109303165,6.875
43,73,903,coalition,183,0,5.319587802738987,
43,74,901,direct,99,61,4.764474008376448,16.34146341463415
43,74,902,algorithmic,531,74,5.653713655780625,6.759493670886076
43,74,903,coalition,135,0,5.423432014910866,
43,75,901,direct,109,61,4.496913045986959,16.22641509433962
43,75,902,algorithmic,494,74,5.648931836121509,8.797752808988765
43,75,903,coalition,162,0,4.613698285947597,
43,76,901,direct,51,61,5.09781383817895,16.449704142011832
43,76,902,algorithmic,526,74,5.861914189934079,9.60919540229885
43,76,903,coalition,188,0,5.319852222950592,
43,77,901,direct,101,61,4.7227722772277225,14.594594594594595
43,77,902,algorithmic,471,74,5.879382567280657,8.065217391304348
43,77,903,coalition,193,0,5.231681106652947,
43,78,901,direct,83,61,4.771084337349397,16.273291925465838
43,78,902,algorithmic,518,74,5.712367203050433,7.64102564102564
43,78,903,coalition,164,0,5.694433438600989,
43,79,901,direct,66,61,4.4856137128864395,15.804195804195803
43,79,902,algorithmic,523,74,5.63556137934723,8.626262626262626
43,79,903,coalition,176,0,4.512224517906336,
43,80,901,direct,138,61,4.557971014492754,15.238095238095237
43,80,902,algorithmic,484,0,5.709005640823823,
43,80,903,coalition,143,74,4.454189085768034,8.31578947368421
43,81,901,direct,87,61,4.8991889336716925,16.96969696969697
43,81,902,algorithmic,564,0,4.70183172488137,
43,81,903,coalition,114,74,4.6778309409888355,11.785714285714285
43,82,901,direct,110,61,4.747733497753062,15.918367346938776
43,82,902,algorithmic,528,74,5.2237892234095815,7.097560975609756
43,82,903,coalition,127,0,4.542052468804272,
43,83,901,direct,108,61,4.476034858387799,16.470588235294116
43,83,902,algorithmic,453,74,5.74743539800026,9.395833333333334
43,83,903,coalition,204,0,4.617659073433295,
43,84,901,direct,67,61,4.298507462686567,16.42857142857143
43,84,902,algorithmic,537,74,5.4586104460406135,7.204819277108433
43,84,903,coalition,161,0,5.052339793958442,
43,85,901,direct,101,61,4.930693069306931,15.275590551181102
43,85,902,algorithmic,489,74,6.0004830684508,7.30952380952381
43,85,903,coalition,175,0,4.903131394289999,
43,86,901,direct,130,61,4.453846153846154,16.273291925465838
43,86,902,algorithmic,470,0,5.796775472446147,
43,86,903,coalition,165,74,5.632780745824224,7.64102564102564
43,87,901,direct,83,61,4.5143262124126755,16.842105263157894
43,87,902,algorithmic,599,0,4.852358344211445,
43,87,903,coalition,83,74,4.210776764732526,12.01639344262295
43,88,901,direct,99,61,3.9835052532999744,15.804195804195803
43,88,902,algorithmic,493,0,5.080405777127624,
43,88,903,coalition,173,74,4.248271959254618,8.150537634408602
43,89,901,direct,102,61,5.048780487804878,16.22641509433962
43,89,902,algorithmic,613,0,5.07968447035178,
43,89,903,coalition,50,74,4.522893081761007,8.30952380952381
43,90,901,direct,135,61,4.362962962962963,16.296296296296298
43,90,902,algorithmic,495,0,5.157912187931575,
43,90,903,coalition,135,74,4.897576588934614,8.797752808988765
43,91,901,direct,92,61,4.447728654744465,16.923076923076923
43,91,902,algorithmic,556,0,4.698243153728765,
43,91,903,coalition,117,74,4.574402805172036,9.966942148760332
43,92,901,direct,145,61,3.888838475499093,16.05263157894737
43,92,902,algorithmic,497,74,4.78179603939426,7.315789473684211
43,92,903,coalition,123,0,4.2925759520753095,
43,93,901,direct,86,61,4.640385706182643,17.073170731707314
43,93,902,algorithmic,449,74,5.431745341952306,10.395833333333334
43,93,903,coalition,230,0,4.727469954047367,
43,94,901,direct,66,61,4.5606060606060606,15.89041095890411
43,94,902,algorithmic,541,74,5.539614615248272,7.065217391304348
43,94,903,coalition,158,0,4.797008466462104,
43,95,901,direct,176,61,4.443181818181818,15.238095238095237
43,95,902,algorithmic,394,74,5.6223511401176385,8.60919540229885
43,95,903,coalition,195,0,4.585586571793469,
43,96,901,direct,53,61,5.150943396226415,17.45762711864407
43,96,902,algorithmic,554,74,5.452808541883375,9.23404255319149
43,96,903,coalition,158,0,4.84120040900729,
43,97,901,direct,126,61,4.404761904761905,14.690265486725664
43,97,902,algorithmic,468,74,5.698907041827396,8.60919540229885
43,97,903,coalition,171,0,4.90482368400233,
43,98,901,direct,66,61,4.34001303356142,16.774193548387096
43,98,902,algorithmic,511,74,5.692380531532101,7.511627906976744
43,98,903,coalition,188,0,5.232268173426336,
43,99,901,direct,55,61,4.7272727272727275,15.238095238095237
43,99,902,algorithmic,537,74,5.9210783009665695,8.31578947368421
43,99,903,coalition,173,0,4.6617845191012215,
43,100,901,direct,93,61,4.612903225806452,14.782608695652174
43,100,902,algorithmic,487,74,6.141862333720203,9.150537634408602
43,100,903,coalition,185,0,5.129914205931036,
44,1,901,coalition,133,44,4.250249335237801,12.974340645478481
44,1,902,direct,116,43,3.478499006705502,13.595317725752508
44,1,903,algorithmic,516,48,4.358575674481489,8.471095334685598
44,2,901,coalition,149,44,4.578365507752913,10.80001370382864
44,2,902,direct,129,24,3.7402485542020427,17.341772151898734
44,2,903,algorithmic,487,67,4.538129576161814,11.079479802072065
44,3,901,coalition,81,44,3.414866255144033,11.788449754901961
44,3,902,direct,93,24,4.169698439647505,18.486842105263158
44,3,903,algorithmic,591,67,5.575872347335943,8.934568230277186
44,4,901,coalition,158,27,4.003021858106973,15.53225806451613
44,4,902,direct,125,41,3.7051530271730493,14.037629886866165
44,4,903,algorithmic,482,67,5.691109070013247,10.022798097424964
44,5,901,coalition,120,27,3.997345460872543,14.523809523809526
44,5,902,direct,92,41,4.130965825065204,17.575757575757578
44,5,903,algorithmic,553,67,5.359111313510244,9.268780621279628
44,6,901,coalition,119,27,4.269778892997106,10.59322033898305
44,6,902,direct,138,41,3.770718442097776,16.96969696969697
44,6,903,algorithmic,508,67,5.515505886301963,9.970078218110926
44,7,901,coalition,145,27,4.1801254859784365,11.438356164383562
44,7,902,direct,107,41,3.527475255015634,17.752808988764045
44,7,903,algorithmic,513,67,5.557583347577165,10.08405887230514
44,8,901,coalition,121,27,3.852384244877335,13.73913043478261
44,8,902,direct,110,41,3.7192308291033362,17.27891156462585
44,8,903,algorithmic,534,67,5.561768630523199,9.581324148488326
44,9,901,coalition,142,74,3.981144006898534,11.579886008457438
44,9,902,direct,131,41,3.769260764680612,17.333333333333332
44,9,903,algorithmic,492,20,5.664335490293679,11.681818181818183
44,10,901,coalition,97,74,4.70525110025924,12.034013605442176
44,10,902,direct,80,41,4.102172096908939,17.660818713450293
44,10,903,algorithmic,588,20,4.811787786414077,11.571428571428571
44,11,901,coalition,147,74,4.736994797919168,8.511627906976745
44,11,902,direct,75,41,4.07921568627451,16.666666666666664
44,11,903,algorithmic,543,20,5.421509633447794,14.2
44,12,901,coalition,76,74,4.561888912003329,6.704545454545454
44,12,902,direct,162,41,4.261885098363086,16.52173913043478
44,12,903,algorithmic,527,20,5.119623343408509,13.415094339622641
44,13,901,coalition,87,0,4.498918857402982,
44,13,902,direct,113,41,3.75148460347192,18.019801980198018
44,13,903,algorithmic,565,94,5.349959818723829,7.973256529097041
44,14,901,coalition,189,0,4.408712456175886,
44,14,902,direct,93,41,3.6685014507595155,17.385620915032682
44,14,903,algorithmic,483,94,5.885018741796235,10.90753405381065
44,15,901,coalition,201,0,5.307315099145421,
44,15,902,direct,54,41,3.6553631553631556,16.992481203007518
44,15,903,algorithmic,510,94,5.5582485625829285,7.9515059408676425
44,16,901,coalition,233,0,4.295541767624152,
44,16,902,direct,103,41,4.476041340432196,15.74468085106383
44,16,903,algorithmic,429,94,5.9751525070674,9.374831592058772
44,17,901,coalition,187,0,5.290400873419003,
44,17,902,direct,123,41,4.426175450565694,17.202797202797203
44,17,903,algorithmic,455,94,5.641527703066164,8.436868787673147
44,18,901,coalition,216,0,4.788334480965515,
44,18,902,direct,97,41,3.9298245614035086,17.54601226993865
44,18,903,algorithmic,452,94,5.645244041478908,8.579680423822952
44,19,901,coalition,155,0,5.570038700241533,
44,19,902,direct,84,41,3.4749934384598467,17.080291970802918
44,19,903,algorithmic,526,94,5.850878410257834,7.711601468440374
44,20,901,coalition,201,0,4.6259879011787675,
44,20,902,direct,72,41,2.821428571428571,16.774193548387096
44,20,903,algorithmic,492,94,6.001049042748492,9.327399044724272
44,21,901,coalition,188,0,5.364862531085935,
44,21,902,direct,128,41,4.388786764705882,16.42857142857143
44,21,903,algorithmic,449,94,5.784839325485206,6.560392048502186
44,22,901,coalition,217,0,5.107135019906581,
44,22,902,direct,109,41,4.483326052133392,17.61904761904762
44,22,903,algorithmic,439,94,5.864139277578913,10.237564529357842
44,23,901,coalition,200,0,5.3137057051822145,
44,23,902,direct,75,41,3.268148148148148,17.31543624161074
44,23,903,algorithmic,490,94,5.551691549102863,7.839212796659605
44,24,901,coalition,133,0,5.215999851458324,
44,24,902,direct,133,41,4.171418218523934,16.52173913043478
44,24,903,algorithmic,499,94,5.889343905201708,9.14148386860512
44,25,901,coalition,187,0,4.722000693779001,
44,25,902,direct,98,61,4.159010094541532,14.698866943726225
44,25,903,algorithmic,480,74,6.114571290944124,9.88888888888889
44,26,901,coalition,173,0,4.605361541704558,
44,26,902,direct,84,61,4.859410430839002,16.20253164556962
44,26,903,algorithmic,508,74,5.9405960330908005,8.30952380952381
44,27,901,coalition,171,0,4.592506130918695,
44,27,902,direct,107,61,4.654205607476635,15.833333333333334
44,27,903,algorithmic,487,74,5.685232717316906,9.150537634408602
44,28,901,coalition,203,0,5.242653760308107,
44,28,902,direct,104,61,4.384615384615385,16.407185628742518
44,28,903,algorithmic,458,74,5.566521977878304,8.64102564102564
44,29,901,coalition,169,0,5.035315507205266,
44,29,902,direct,79,61,5.050632911392405,16.34146341463415
44,29,903,algorithmic,517,74,5.576638203519366,9.60919540229885
44,30,901,coalition,175,0,5.086857804396876,
44,30,902,direct,117,61,4.928303511037323,15.683453237410072
44,30,903,algorithmic,473,74,5.821178152615328,8.60919540229885
44,31,901,coalition,184,0,4.921887549369478,
44,31,902,direct,80,61,4.844420903954802,16.610169491525426
44,31,903,algorithmic,501,74,5.446237468565694,7.797752808988763
44,32,901,coalition,190,0,4.875922364049659,
44,32,902,direct,120,61,4.35,15.714285714285714
44,32,903,algorithmic,455,74,5.486028257456828,7.511627906976744
44,33,901,coalition,174,0,4.406928480204342,
44,33,902,direct,120,61,4.956134259259259,16.666666666666664
44,33,903,algorithmic,471,74,5.497876857749469,8.395833333333334
44,34,901,coalition,143,0,5.421154602972785,
44,34,902,direct,78,61,5.087606837606837,16.666666666666664
44,34,903,algorithmic,544,74,5.692708333333334,7.519480519480519
44,35,901,coalition,172,0,4.553935701962512,
44,35,902,direct,132,61,4.631713171317132,15.652173913043477
44,35,903,algorithmic,461,74,5.849036436228741,8.772277227722773
44,36,901,coalition,158,0,5.54957323505197,
44,36,902,direct,70,61,4.9974702380952385,16.875
44,36,903,algorithmic,537,74,5.697858472998138,7.097560975609756
44,37,901,coalition,164,0,4.976008941758812,
44,37,902,direct,112,61,4.910714285714286,15.384615384615383
44,37,903,algorithmic,489,74,6.008494572911751,9.23404255319149
44,38,901,coalition,148,0,4.949581796702839,
44,38,902,direct,105,61,4.743660355708548,16.511627906976745
44,38,903,algorithmic,512,74,5.740257085755814,8.204819277108435
44,39,901,coalition,150,0,4.7788552188552185,
44,39,902,direct,139,61,4.784172661870503,16.363636363636363
44,39,903,algorithmic,476,74,5.702126305067481,8.88888888888889
44,40,901,coalition,134,0,4.999132364672753,
44,40,902,direct,86,61,4.764403412410892,16.984924623115578
44,40,903,algorithmic,545,74,5.644331750495597,9.704545454545455
44,41,901,coalition,189,0,4.84358668676099,
44,41,902,direct,57,61,4.561201855212745,15.89041095890411
44,41,903,algorithmic,519,74,5.840420196901312,7.609195402298852
44,42,901,coalition,147,0,5.133795154203317,
44,42,902,direct,133,61,4.451127819548872,14.871794871794872
44,42,903,algorithmic,485,74,5.6479337386553885,8.30952380952381
44,43,901,coalition,169,0,4.875080153346479,
44,43,902,direct,68,61,4.488564072966857,16.89119170984456
44,43,903,algorithmic,528,74,5.776907677814413,10.23404255319149
44,44,901,coalition,147,0,5.229191676670668,
44,44,902,direct,90,61,4.917647058823529,15.3125
44,44,903,algorithmic,528,74,5.725733901515151,6.411764705882353
44,45,901,coalition,131,0,4.439589365622532,
44,45,902,direct,84,61,4.678571428571429,16.0
44,45,903,algorithmic,550,74,5.856969696969697,8.60919540229885
44,46,901,coalition,182,0,4.911715327156504,
44,46,902,direct,106,61,4.547169811320755,15.833333333333334
44,46,903,algorithmic,477,74,5.781475658047985,7.411764705882353
44,47,901,coalition,191,0,4.72953476356157,
44,47,902,direct,95,61,5.154583086930811,16.385542168674696
44,47,903,algorithmic,479,74,5.725306235379933,6.797752808988764
44,48,901,coalition,180,0,4.767474148230544,
44,48,902,direct,142,61,4.73943661971831,16.129032258064516
44,48,903,algorithmic,443,74,5.442219471346392,8.60919540229885
44,49,901,coalition,188,0,4.801845610092925,
44,49,902,direct,92,61,5.042617305208782,17.02970297029703
44,49,903,algorithmic,485,74,5.572665101561702,8.88888888888889
44,50,901,coalition,217,0,4.60367989867141,
44,50,902,direct,68,61,5.205882352941177,16.05263157894737
44,50,903,algorithmic,480,74,5.7625274122807015,6.888888888888889
44,51,901,coalition,209,0,5.295994484316853,
44,51,902,direct,86,61,5.046511627906977,15.3125
44,51,903,algorithmic,470,74,6.062333776595745,6.888888888888889
44,52,901,coalition,189,74,6.068420671160398,6.135135135135135
44,52,902,direct,153,61,4.781985853702211,15.89041095890411
44,52,903,algorithmic,423,0,5.610188153761455,
44,53,901,coalition,74,74,4.623258082294745,10.539823008849558
44,53,902,direct,80,61,4.470274876079871,17.183098591549296
44,53,903,algorithmic,611,0,4.736990671731483,
44,54,901,coalition,170,74,4.542857142857143,9.88888888888889
44,54,902,direct,132,61,4.845908060193774,15.714285714285714
44,54,903,algorithmic,463,0,5.349387559199346,
44,55,901,coalition,99,74,4.616190194122293,13.35031847133758
44,55,902,direct,86,61,4.959101318932784,16.875
44,55,903,algorithmic,580,0,4.58159118337839,
44,56,901,coalition,127,74,4.441268471578039,10.596491228070175
44,56,902,direct,122,61,4.9542040384988395,15.89041095890411
44,56,903,algorithmic,516,0,4.882859899847785,
44,57,901,coalition,102,74,4.395345830639948,7.888888888888889
44,57,902,direct,81,61,4.219712386379053,16.7032967032967
44,57,903,algorithmic,582,0,4.933331864775163,
44,58,901,coalition,79,74,4.4477062572941914,10.626262626262626
44,58,902,direct,95,61,3.9046373509531405,15.74468085106383
44,58,903,algorithmic,591,0,5.11937438663867,
44,59,901,coalition,105,74,4.397849462365591,7.987654320987653
44,59,902,direct,131,61,4.733828846926476,16.129032258064516
44,59,903,algorithmic,529,0,5.312814641346654,
44,60,901,coalition,95,74,4.436318545053734,8.097560975609756
44,60,902,direct,127,61,4.396135391011884,16.858638743455494
44,60,903,algorithmic,543,0,5.0378323101656965,
44,61,901,coalition,145,74,4.767471879033745,6.875
44,61,902,direct,70,61,4.956802721088436,16.791443850267378
44,61,903,algorithmic,550,0,5.201987753779198,
44,62,901,coalition,105,74,4.442490842490843,11.822695035460992
44,62,902,direct,136,61,4.228450222564138,15.384615384615383
44,62,903,algorithmic,524,0,4.846855178234915,
44,63,901,coalition,89,74,4.675303829396927,11.065040650406504
44,63,902,direct,124,61,4.748874905561196,16.93877551020408
44,63,903,algorithmic,552,0,4.741499042116479,
44,64,901,coalition,160,74,4.549388586956522,9.065217391304348
44,64,902,direct,51,61,4.305737109658678,16.73913043478261
44,64,903,algorithmic,554,0,5.169384663531318,
44,65,901,coalition,138,74,4.487209919380101,10.384615384615385
44,65,902,direct,88,61,5.201540412377322,14.594594594594595
44,65,903,algorithmic,539,0,4.816647871215621,
44,66,901,coalition,106,74,4.568902847227089,8.551020408163264
44,66,902,direct,79,61,4.461035455036295,15.945945945945947
44,66,903,algorithmic,580,0,5.106022356558158,
44,67,901,coalition,160,74,4.832329136690648,10.302752293577981
44,67,902,direct,111,61,4.3115909205294685,15.683453237410072
44,67,903,algorithmic,494,0,5.0703663034081075,
44,68,901,coalition,80,74,5.252046783625731,10.469696969696969
44,68,902,direct,88,61,4.943659182539401,16.49122807017544
44,68,903,algorithmic,597,0,4.633667050283678,
44,69,901,coalition,100,74,4.427567567567568,7.511627906976744
44,69,902,direct,115,61,4.474423891565389,15.945945945945947
44,69,903,algorithmic,550,0,4.9237618914773496,
44,70,901,coalition,77,74,4.794063079777366,7.204819277108433
44,70,902,direct,102,61,4.5729910461294345,16.57142857142857
44,70,903,algorithmic,586,0,5.026326260277949,
44,71,901,coalition,146,74,4.453154067309319,6.759493670886076
44,71,902,direct,96,61,4.684027777777778,16.296296296296298
44,71,903,algorithmic,523,0,5.228737222026505,
44,72,901,coalition,83,74,4.759433942302403,7.700000000000001
44,72,902,direct,121,61,4.538661836295709,16.153846153846153
44,72,903,algorithmic,561,0,5.2005415839420674,
44,73,901,coalition,159,74,5.005142638729629,8.551020408163264
44,73,902,direct,116,61,4.635941644562334,16.685082872928177
44,73,903,algorithmic,490,0,4.952488406309904,
44,74,901,coalition,125,74,4.359119122257053,11.100671140939598
44,74,902,direct,114,61,4.117171775613109,16.59090909090909
44,74,903,algorithmic,526,0,4.411627431582974,
44,75,901,coalition,90,0,3.9964046596230505,
44,75,902,direct,93,61,3.7797328119908764,16.551724137931032
44,75,903,algorithmic,582,74,5.23332321250716,6.987654320987653
44,76,901,coalition,210,0,4.180063944769827,
44,76,902,direct,139,61,4.726618705035971,16.07843137254902
44,76,903,algorithmic,416,74,5.716487556561086,8.626262626262626
44,77,901,coalition,214,74,5.698797726952519,6.0
44,77,902,direct,52,61,4.423076923076923,16.984924623115578
44,77,903,algorithmic,499,0,5.565885539924069,
44,78,901,coalition,100,74,4.402556620209059,9.363636363636363
44,78,902,direct,146,61,4.836022146914228,14.642857142857142
44,78,903,algorithmic,519,0,4.555270561244762,
44,79,901,coalition,133,74,4.969997810059128,8.551020408163264
44,79,902,direct,136,61,3.7406212021819787,17.0873786407767
44,79,903,algorithmic,496,0,5.176110790159301,
44,80,901,coalition,134,74,4.791730124885775,9.24074074074074
44,80,902,direct,109,61,4.612006769395208,16.93877551020408
44,80,903,algorithmic,522,0,4.720460669564193,
44,81,901,coalition,109,74,4.3173216243695824,7.797752808988763
44,81,902,direct,122,61,4.381913369631995,16.449704142011832
44,81,903,algorithmic,534,0,5.208833525334178,
44,82,901,coalition,141,74,4.323825111059153,9.596491228070175
44,82,902,direct,86,61,2.441551104953798,16.7032967032967
44,82,903,algorithmic,538,0,4.917922487087035,
44,83,901,coalition,119,74,4.558666995155506,8.395833333333334
44,83,902,direct,136,61,4.398020890599231,15.89041095890411
44,83,903,algorithmic,510,0,4.789693466897278,
44,84,901,coalition,106,74,4.272746598639456,8.30952380952381
44,84,902,direct,85,61,4.312610044017607,16.93877551020408
44,84,903,algorithmic,574,0,5.209228116333642,
44,85,901,coalition,112,74,4.295874384236453,10.24074074074074
44,85,902,direct,115,61,4.7704153509837255,15.862068965517242
44,85,903,algorithmic,538,0,5.013650053565793,
44,86,901,coalition,127,74,4.053768278965129,10.916666666666666
44,86,902,direct,80,61,4.329166666666667,16.57142857142857
44,86,903,algorithmic,558,0,5.156178528759174,
44,87,901,coalition,103,74,4.90499306518724,7.411764705882353
44,87,902,direct,120,61,5.263333333333334,15.714285714285714
44,87,903,algorithmic,542,0,4.956907190920649,
44,88,901,coalition,165,74,4.657575757575757,12.034013605442176
44,88,902,direct,86,61,3.5482356790496326,16.666666666666664
44,88,903,algorithmic,514,0,4.65804715943682,
44,89,901,coalition,109,74,4.315948221691592,10.290322580645162
44,89,902,direct,123,61,5.4227642276422765,15.89041095890411
44,89,903,algorithmic,533,0,4.43470070822508,
44,90,901,coalition,104,0,4.743589743589744,
44,90,902,direct,133,61,4.175548762014928,16.721311475409834
44,90,903,algorithmic,528,74,5.264342653231542,6.987654320987653
44,91,901,coalition,165,0,4.3702821059308,
44,91,902,direct,68,61,4.196563774024462,16.89119170984456
44,91,903,algorithmic,532,74,5.79328177957848,9.772277227722773
44,92,901,coalition,177,0,5.02675693539041,
44,92,902,direct,92,61,4.706521739130435,15.3125
44,92,903,algorithmic,496,74,5.394688760080645,5.6410256410256405
44,93,901,coalition,206,0,4.298120614721897,
44,93,902,direct,94,61,4.702127659574468,16.05263157894737
44,93,903,algorithmic,465,74,5.542444821731749,8.150537634408602
44,94,901,coalition,145,0,5.347365278399761,
44,94,902,direct,64,61,4.859375,16.103896103896105
44,94,903,algorithmic,556,74,5.8352331122115295,7.30952380952381
44,95,901,coalition,180,0,5.560664112388251,
44,95,902,direct,121,61,4.776859504132231,15.161290322580644
44,95,903,algorithmic,464,74,6.084399332591769,9.60919540229885
44,96,901,coalition,149,74,5.900330008528311,6.135135135135135
44,96,902,direct,94,61,4.613083343129188,16.685082872928177
44,96,903,algorithmic,522,0,5.590863868250038,
44,97,901,coalition,87,74,4.362591431556949,8.843137254901961
44,97,902,direct,68,61,4.926470588235294,16.103896103896105
44,97,903,algorithmic,610,0,4.884794633203505,
44,98,901,coalition,68,74,5.235294117647059,9.474226804123711
44,98,902,direct,141,61,4.228695985961834,15.3125
44,98,903,algorithmic,556,0,5.01479061596084,
44,99,901,coalition,131,74,4.5435038547719415,7.978021978021978
44,99,902,direct,63,61,4.857255431723517,17.01492537313433
44,99,903,algorithmic,571,0,5.198070895225469,
44,100,901,coalition,96,74,4.795901084010841,6.704545454545454
44,100,902,direct,129,61,4.24015807873537,15.121951219512194
44,100,903,algorithmic,540,0,5.002321114862961,
45,1,901,direct,133,44,4.25503976840813,13.470963818789905
45,1,902,coalition,137,35,4.605595639963497,14.247420376233936
45,1,903,algorithmic,495,56,4.200082535836539,9.421186656480774
45,2,901,direct,98,44,3.0639020515109547,12.102272727272727
45,2,902,coalition,119,35,3.4337378900141187,12.449478535047296
45,2,903,algorithmic,548,56,5.235190612706321,11.447486020169192
45,3,901,direct,75,44,3.022782446311858,11.586718246292715
45,3,902,coalition,120,35,3.8413331453694406,12.814407814407815
45,3,903,algorithmic,570,56,5.466776115218247,10.864403453689167
45,4,901,direct,134,44,3.753466560753655,11.083204930662559
45,4,902,coalition,139,35,4.184430047861337,11.408308778056677
45,4,903,algorithmic,492,56,5.256277586719189,13.018707482993197
45,5,901,direct,60,44,4.098579539606435,12.116076014381099
45,5,902,coalition,120,35,4.3924690249560445,13.911866712002722
45,5,903,algorithmic,585,56,5.077478879542375,11.181246268999404
45,6,901,direct,77,82,2.7555038544343353,9.44724775579618
45,6,902,coalition,140,35,4.108756445394157,12.116992251446034
45,6,903,algorithmic,548,18,5.820876171402313,13.017543859649123
45,7,901,direct,145,58,4.447879508521601,13.873417721518987
45,7,902,coalition,187,35,4.313696313015901,13.045977011494253
45,7,903,algorithmic,433,42,5.582271844607996,9.552667269439421
45,8,901,direct,134,58,4.543402094649933,17.178217821782177
45,8,902,coalition,102,35,4.436681991049084,13.560439560439562
45,8,903,algorithmic,529,42,5.081669264514274,10.807017543859649
45,9,901,direct,86,58,4.353169174646603,17.015706806282722
45,9,902,coalition,141,35,3.3073524077200136,12.047619047619047
45,9,903,algorithmic,538,42,5.31615624412049,10.692307692307693
45,10,901,direct,102,58,4.77315753887762,16.013986013986013
45,10,902,coalition,143,35,3.587031487923699,13.701590429275157
45,10,903,algorithmic,520,42,5.025070022815381,8.931034482758621
45,11,901,direct,86,58,4.512416239653134,16.41509433962264
45,11,902,coalition,151,35,4.452896830355284,13.393381759483455
45,11,903,algorithmic,528,42,5.482567924205276,7.799999999999999
45,12,901,direct,117,58,4.599826070414306,16.013986013986013
45,12,902,coalition,109,35,3.8700567844800062,14.051101521689757
45,12,903,algorithmic,539,42,5.467338991403162,12.278688524590162
45,13,901,direct,90,58,4.299415810526922,16.724137931034484
45,13,902,coalition,100,35,3.8521123703882325,11.193280793280794
45,13,903,algorithmic,575,42,5.5130087947479245,8.931034482758621
45,14,901,direct,111,81,5.0559309309309315,13.650436717897037
45,14,902,coalition,119,12,3.937406092500966,15.462686567164178
45,14,903,algorithmic,535,42,5.3238717484482985,10.166666666666666
45,15,901,direct,100,81,4.641963260619977,15.81151832460733
45,15,902,coalition,118,12,3.792117183592675,12.035714285714286
45,15,903,algorithmic,547,42,5.350785235132986,8.880597014925373
45,16,901,direct,123,81,4.571941765929288,15.555555555555555
45,16,902,coalition,180,12,4.473320413436692,16.14728682170543
45,16,903,algorithmic,462,42,5.249546964663243,11.166666666666666
45,17,901,direct,53,81,5.2097204386051565,16.059113300492612
45,17,902,coalition,158,12,4.6666063785088605,14.253968253968253
45,17,903,algorithmic,554,42,5.405658728922452,6.63265306122449
45,18,901,direct,85,81,5.092934215106161,13.984962406015038
45,18,902,coalition,158,12,3.8896615463242283,15.349112426035504
45,18,903,algorithmic,522,42,5.775778032444234,9.383561643835616
45,19,901,direct,109,81,4.763541163933658,15.15151515151515
45,19,902,coalition,128,12,4.382359677582033,14.493150684931507
45,19,903,algorithmic,528,42,5.506109390976237,7.458333333333333
45,20,901,direct,114,81,4.636375110437966,15.767195767195767
45,20,902,coalition,142,12,4.570832102219751,16.20863309352518
45,20,903,algorithmic,509,42,5.544048847366115,8.96078431372549
45,21,901,direct,86,81,4.664894499025826,15.876288659793815
45,21,902,coalition,154,12,4.724278324263163,12.0
45,21,903,algorithmic,525,42,5.4575011135350735,7.458333333333333
45,22,901,direct,90,81,4.601227344084487,15.180722891566266
45,22,902,coalition,128,12,3.999869012764344,11.755102040816325
45,22,903,algorithmic,547,42,5.140761858285386,7.115384615384615
45,23,901,direct,82,81,4.745042989998245,15.294117647058822
45,23,902,coalition,167,12,4.068544248785544,11.179487179487177
45,23,903,algorithmic,516,42,5.509983090030134,10.166666666666666
45,24,901,direct,124,81,4.365530989488946,15.061728395061728
45,24,902,coalition,132,12,4.379888679212617,15.382022471910112
45,24,903,algorithmic,509,42,5.4804971192688905,12.05084745762712
45,25,901,direct,77,81,4.768178345718453,16.07843137254902
45,25,902,coalition,126,12,4.415016356192827,14.0
45,25,903,algorithmic,562,42,5.369856070243343,8.678571428571429
45,26,901,direct,124,81,4.8163661744424635,14.904458598726116
45,26,902,coalition,72,12,4.430144545023596,13.69047619047619
45,26,903,algorithmic,569,42,5.527615021799783,8.27659574468085
45,27,901,direct,111,81,4.546749797281335,16.07843137254902
45,27,902,coalition,129,12,3.9733736587938617,13.674698795180722
45,27,903,algorithmic,525,42,5.706037595761195,10.166666666666666
45,28,901,direct,83,81,4.497418244406196,15.81151832460733
45,28,902,coalition,157,12,4.862492997218754,15.214285714285714
45,28,903,algorithmic,525,42,5.480998682195391,9.27659574468085
45,29,901,direct,144,81,4.782738095238095,15.0920245398773
45,29,902,coalition,132,12,4.120389920236546,18.345238095238095
45,29,903,algorithmic,489,42,5.598524237878372,13.305555555555557
45,30,901,direct,112,81,4.533641581632653,16.42857142857143
45,30,902,coalition,165,12,4.775871396495187,16.513513513513512
45,30,903,algorithmic,488,42,5.124626629877655,9.27659574468085
45,31,901,direct,65,81,4.902097902097902,15.833333333333334
45,31,902,coalition,145,12,4.724216300940439,16.375
45,31,903,algorithmic,555,42,5.639291564291564,10.545454545454545
45,32,901,direct,127,81,4.932768019382192,14.482758620689655
45,32,902,coalition,142,12,5.118944435845845,17.294871794871796
45,32,903,algorithmic,496,42,5.5486437922477965,10.63265306122449
45,33,901,direct,76,81,5.381578947368421,16.135265700483092
45,33,902,coalition,162,12,4.354110127811673,14.035714285714286
45,33,903,algorithmic,527,42,5.300693959623286,11.278688524590164
45,34,901,direct,89,81,4.380203935831656,14.871794871794874
45,34,902,coalition,130,12,4.359235683695678,17.36416184971098
45,34,903,algorithmic,546,42,5.419631354268971,9.807017543859649
45,35,901,direct,78,81,5.004758440928654,15.266272189349113
45,35,902,coalition,141,12,4.072533050943052,11.884615384615381
45,35,903,algorithmic,546,42,5.394436735365855,8.407407407407408
45,36,901,direct,106,81,4.89972367341652,14.936708860759497
45,36,902,coalition,100,12,4.171907713698115,14.804347826086959
45,36,903,algorithmic,559,42,5.566457548691839,8.807017543859649
45,37,901,direct,106,81,4.80979092299847,15.698924731182798
45,37,902,coalition,214,12,4.406262882351649,12.944444444444445
45,37,903,algorithmic,445,42,5.33271684152438,8.05084745762712
45,38,901,direct,49,81,4.606802721088435,15.698924731182798
45,38,902,coalition,108,12,4.105481336664132,14.91089108910891
45,38,903,algorithmic,608,42,5.41165898317336,10.545454545454545
45,39,901,direct,184,81,4.515710632078918,13.798449612403102
45,39,902,coalition,170,12,4.938838168534216,17.07563025210084
45,39,903,algorithmic,411,42,5.9041109568933665,12.278688524590162
45,40,901,direct,59,81,5.063174114021572,16.96969696969697
45,40,902,coalition,173,12,4.587095855315125,16.392265193370164
45,40,903,algorithmic,533,42,5.271524157018026,9.115384615384615
45,41,901,direct,140,81,4.524223602484472,14.244604316546763
45,41,902,coalition,137,12,4.744778978467496,15.402173913043478
45,41,903,algorithmic,488,42,5.755657840085735,12.166666666666666
45,42,901,direct,49,81,4.399338113623828,16.363636363636363
45,42,902,coalition,169,12,3.310989120943872,15.256756756756756
45,42,903,algorithmic,547,42,5.572126722035314,9.970588235294118
45,43,901,direct,121,81,4.970744521344864,13.798449612403102
45,43,902,coalition,115,12,4.295627421716286,11.58974358974359
45,43,903,algorithmic,529,42,5.630807331031536,7.264150943396226
45,44,901,direct,96,81,4.859623015873016,16.019900497512438
45,44,902,coalition,196,12,4.018450969893844,15.126984126984127
45,44,903,algorithmic,473,42,5.637780592657372,11.057971014492754
45,45,901,direct,121,81,4.236714428928409,15.454545454545453
45,45,902,coalition,138,12,4.8168767624359266,14.493150684931507
45,45,903,algorithmic,506,42,5.228447411362172,8.27659574468085
45,46,901,direct,95,81,4.856729070999647,16.019900497512438
45,46,902,coalition,162,12,4.102463572813715,12.924528301886793
45,46,903,algorithmic,508,42,5.419852372566271,10.278688524590164
45,47,901,direct,101,81,4.853750775573015,15.428571428571427
45,47,902,coalition,137,12,4.478208474225521,12.428571428571429
45,47,903,algorithmic,527,42,5.538602030407539,11.407407407407408
45,48,901,direct,101,81,4.6970832218356975,15.580110497237568
45,48,902,coalition,137,12,3.8100129810820618,14.256756756756756
45,48,903,algorithmic,527,42,5.681955640734091,12.166666666666666
45,49,901,direct,135,81,4.3756596375380905,15.580110497237568
45,49,902,coalition,116,54,4.442942553421551,10.49440930291994
45,49,903,algorithmic,514,0,5.482755795759644,
45,50,901,direct,85,81,4.776470588235294,16.27906976744186
45,50,902,coalition,69,54,4.75160094371419,7.71875
45,50,903,algorithmic,611,0,5.052732283373238,
45,51,901,direct,144,81,4.226788925779899,15.15151515151515
45,51,902,coalition,204,54,4.88903743315508,11.291139240506327
45,51,903,algorithmic,417,0,4.924836074847794,
45,52,901,direct,99,81,5.007035333883583,16.42857142857143
45,52,902,coalition,83,54,5.12192014305136,13.319444444444445
45,52,903,algorithmic,583,0,4.466188572458303,
45,53,901,direct,92,81,4.979568704952337,15.53072625698324
45,53,902,coalition,88,54,5.288344337227019,11.646464646464649
45,53,903,algorithmic,585,0,5.291787512885114,
45,54,901,direct,57,81,4.87458006718925,15.348837209302324
45,54,902,coalition,102,54,4.272001823985408,7.311475409836065
45,54,903,algorithmic,606,0,5.471858556626503,
45,55,901,direct,129,81,4.822705676419105,14.16058394160584
45,55,902,coalition,120,54,4.778918452240798,11.421052631578947
45,55,903,algorithmic,516,0,5.094233244250363,
45,56,901,direct,62,81,5.403225806451613,16.17224880382775
45,56,902,coalition,84,54,4.290115066963257,10.04494382022472
45,56,903,algorithmic,619,0,5.224644076221319,
45,57,901,direct,137,81,4.315573552133837,14.366197183098592
45,57,902,coalition,127,54,4.597537983808362,9.933333333333334
45,57,903,algorithmic,501,0,4.942989152772896,
45,58,901,direct,41,81,4.888161808447353,16.313364055299537
45,58,902,coalition,158,54,4.346147115440705,8.536585365853657
45,58,903,algorithmic,566,0,4.953243857559482,
45,59,901,direct,112,81,4.511509817197021,13.388429752066115
45,59,902,coalition,117,54,4.993501113277072,9.301075268817204
45,59,903,algorithmic,536,0,4.86522364638063,
45,60,901,direct,96,81,3.998215046888321,15.833333333333334
45,60,902,coalition,113,54,4.679512623633524,9.23913043478261
45,60,903,algorithmic,556,0,5.110087553358848,
45,61,901,direct,129,81,4.186167675100149,15.454545454545453
45,61,902,coalition,145,54,4.016964724100163,8.837837837837839
45,61,903,algorithmic,491,0,5.11646833283584,
45,62,901,direct,118,81,4.3836671802773495,16.17224880382775
45,62,902,coalition,187,54,5.108410306271269,17.323232323232325
45,62,903,algorithmic,460,0,5.19773247347618,
45,63,901,direct,104,81,4.673076923076923,15.959595959595957
45,63,902,coalition,91,54,4.653846153846154,11.546218487394958
45,63,903,algorithmic,570,0,4.596538471848069,
45,64,901,direct,139,81,4.1081482639974976,15.652173913043475
45,64,902,coalition,128,54,4.677734375,13.319444444444445
45,64,903,algorithmic,498,0,5.5931552296141085,
45,65,901,direct,99,81,3.5274403365048554,16.34703196347032
45,65,902,coalition,97,54,5.00703852266707,12.508474576271185
45,65,903,algorithmic,569,0,5.132825400215468,
45,66,901,direct,94,81,4.8021276595744675,15.53072625698324
45,66,902,coalition,90,54,4.584978274363749,9.026315789473685
45,66,903,algorithmic,581,0,5.108678271704029,
45,67,901,direct,108,81,4.4959854959854955,15.402298850574715
45,67,902,coalition,143,54,4.42777911743429,8.71875
45,67,903,algorithmic,514,0,5.191713555296173,
45,68,901,direct,118,81,5.080076098235905,15.74468085106383
45,68,902,coalition,121,54,4.8304259984282085,6.862068965517242
45,68,903,algorithmic,526,0,5.142575132873756,
45,69,901,direct,59,81,5.172413793103448,15.959595959595957
45,69,902,coalition,115,54,4.197192312934442,10.137614678899084
45,69,903,algorithmic,591,0,5.057982854315699,
45,70,901,direct,115,81,4.200143334925944,14.244604316546763
45,70,902,coalition,91,54,4.808285239939916,9.205128205128204
45,70,903,algorithmic,559,0,5.483459700619068,
45,71,901,direct,88,81,4.505026223776223,15.897435897435896
45,71,902,coalition,150,54,4.2610256410256415,9.591836734693878
45,71,903,algorithmic,527,0,4.75569706790905,
45,72,901,direct,93,81,4.803856136447905,15.238095238095237
45,72,902,coalition,109,54,3.9623310887151444,10.18181818181818
45,72,903,algorithmic,563,0,4.90737874240661,
45,73,901,direct,96,81,4.459650383141763,15.375722543352603
45,73,902,coalition,102,0,4.133930258037704,
45,73,903,algorithmic,567,54,5.0559870690094595,7.908045977011494
45,74,901,direct,87,81,4.896551724137931,15.454545454545453
45,74,902,coalition,164,0,4.46728256082374,
45,74,903,algorithmic,514,54,5.526463565617263,9.73972602739726
45,75,901,direct,105,81,4.742857142857143,15.209580838323353
45,75,902,coalition,161,0,5.74099006955034,
45,75,903,algorithmic,499,54,5.490429961719847,6.185185185185185
45,76,901,direct,93,81,4.956989247311828,15.675675675675677
45,76,902,coalition,153,0,4.552199258081611,
45,76,903,algorithmic,519,54,5.513565588710097,9.83783783783784
45,77,901,direct,70,81,4.928571428571429,15.375722543352603
45,77,902,coalition,190,0,5.177549629997815,
45,77,903,algorithmic,505,54,5.795902249184456,8.535211267605634
45,78,901,direct,99,81,4.898989898989899,14.666666666666666
45,78,902,coalition,135,0,5.574814814814815,
45,78,903,algorithmic,531,54,5.6391713747645955,6.185185185185185
45,79,901,direct,78,81,4.730769230769231,15.53072625698324
45,79,902,coalition,183,0,5.3928931220807765,
45,79,903,algorithmic,504,54,5.406967721911856,7.166666666666667
45,80,901,direct,123,81,5.105691056910569,14.936708860759497
45,80,902,coalition,141,0,5.564746016909322,
45,80,903,algorithmic,501,54,5.559640213244398,11.205882352941176
45,81,901,direct,105,81,4.628571428571429,16.059113300492612
45,81,902,coalition,209,0,5.028616627314182,
45,81,903,algorithmic,451,54,5.494707983353905,7.205882352941177
45,82,901,direct,96,81,5.302083333333333,15.675675675675677
45,82,902,coalition,155,0,5.501854506228481,
45,82,903,algorithmic,514,54,5.359080870754022,9.016949152542374
45,83,901,direct,67,81,4.470149253731344,15.454545454545453
45,83,902,coalition,165,0,4.618181818181818,
45,83,903,algorithmic,533,54,5.473605662630052,9.375
45,84,901,direct,143,81,4.3776223776223775,14.557823129251704
45,84,902,coalition,175,0,5.070903790087463,
45,84,903,algorithmic,447,54,5.452814682920148,9.166666666666666
45,85,901,direct,76,81,4.368421052631579,16.41255605381166
45,85,902,coalition,192,0,5.25582726083707,
45,85,903,algorithmic,497,54,5.6095857657153685,11.63888888888889
45,86,901,direct,103,81,5.155339805825243,14.871794871794874
45,86,902,coalition,224,0,5.290041790836282,
45,86,903,algorithmic,438,54,5.731735159817352,8.016949152542374
45,87,901,direct,84,81,4.559523809523809,15.628415300546445
45,87,902,coalition,190,0,4.934801106780518,
45,87,903,algorithmic,491,54,5.244265633868652,6.862068965517242
45,88,901,direct,125,81,5.104,15.121951219512194
45,88,902,coalition,207,0,5.235735536703193,
45,88,903,algorithmic,433,54,5.409958880189264,6.71875
45,89,901,direct,98,81,4.79641612742658,16.097560975609756
45,89,902,coalition,176,54,5.951008117554211,6.016949152542373
45,89,903,algorithmic,491,0,5.516814862649645,
45,90,901,direct,114,81,5.026315789473684,15.50561797752809
45,90,902,coalition,155,54,5.167657416537541,16.685589519650655
45,90,903,algorithmic,496,0,5.162868820739114,
45,91,901,direct,97,81,4.502674211301449,15.876288659793815
45,91,902,coalition,112,54,4.790592783505154,13.015037593984962
45,91,903,algorithmic,556,0,4.689192913257476,
45,92,901,direct,122,81,4.61177347242921,15.480225988700564
45,92,902,coalition,96,54,4.776483050847458,10.536082474226804
45,92,903,algorithmic,547,0,4.834422395326933,
45,93,901,direct,72,81,4.340280085055486,16.03960396039604
45,93,902,coalition,156,54,4.8008377760853005,7.185185185185185
45,93,903,algorithmic,537,0,5.240346216017125,
45,94,901,direct,93,81,4.72656701234079,14.73684210526316
45,94,902,coalition,108,54,4.822833599149389,10.0
45,94,903,algorithmic,564,0,4.957011749475144,
45,95,901,direct,51,81,4.931798806479113,15.375722543352603
45,95,902,coalition,135,54,4.899625946270832,6.016949152542373
45,95,903,algorithmic,579,0,5.327406177257199,
45,96,901,direct,100,81,4.756382978723405,13.893129770992369
45,96,902,coalition,135,54,4.250705309825011,8.318840579710145
45,96,903,algorithmic,530,0,5.190843531902369,
45,97,901,direct,152,81,4.3453710118245485,15.555555555555555
45,97,902,coalition,67,54,4.67910447761194,12.508474576271185
45,97,903,algorithmic,546,0,4.815901372338444,
45,98,901,direct,80,81,4.503072576887233,16.551724137931032
45,98,902,coalition,127,54,4.54452891664404,9.83783783783784
45,98,903,algorithmic,558,0,5.209079073511776,
45,99,901,direct,111,81,4.558558558558558,15.0
45,99,902,coalition,91,54,3.784340659340659,12.092592592592593
45,99,903,algorithmic,563,0,4.912300177619893,
45,100,901,direct,108,81,4.731481481481482,15.81151832460733
45,100,902,coalition,150,54,4.099616055846423,11.7
45,100,903,algorithmic,507,0,4.782099817218626,
46,1,901,coalition,115,39,4.5168227424749166,13.393975032771019
46,1,902,direct,87,55,4.0430288976390925,13.193979933110368
46,1,903,algorithmic,563,41,4.175437196983262,10.035975609756097
46,2,901,coalition,141,39,4.16229584898068,12.772293066410713
46,2,902,direct,125,55,3.6221482047364404,10.897485493230175
46,2,903,algorithmic,499,41,5.0664959185412854,12.305568338702255
46,3,901,coalition,125,39,3.843598535927567,13.05587978429932
46,3,902,direct,60,26,3.268569862039328,16.98324022346369
46,3,903,algorithmic,580,70,5.138856440373719,10.508289706825634
46,4,901,coalition,156,15,3.9826192097006015,14.668711656441719
46,4,902,direct,113,50,4.5894456810901785,13.239401794616152
46,4,903,algorithmic,496,70,5.360907382739965,10.259701492537312
46,5,901,coalition,157,15,5.137140208274364,15.852459016393443
46,5,902,direct,106,50,3.7659307367767307,16.97530864197531
46,5,903,algorithmic,502,70,5.292961752997535,8.361546723952738
46,6,901,coalition,150,15,3.9448481418600263,15.181286549707602
46,6,902,direct,98,50,3.8469097786136097,16.838709677419352
46,6,903,algorithmic,517,70,5.783007622006286,9.550861195542048
46,7,901,coalition,146,15,5.021973504885624,16.146341463414636
46,7,902,direct,107,50,3.8819705762554793,16.666666666666664
46,7,903,algorithmic,512,70,5.605456597654306,9.775209100033456
46,8,901,coalition,139,15,4.422119996310643,14.181818181818182
46,8,902,direct,79,50,3.326862239941413,16.858974358974358
46,8,903,algorithmic,547,70,5.354205780508339,11.089487870619946
46,9,901,coalition,116,15,4.645562291479622,15.084967320261438
46,9,902,direct,64,50,3.711703431372549,16.171875
46,9,903,algorithmic,585,70,5.920731732864086,10.170179547228726
46,10,901,coalition,192,15,4.357459989079873,11.31578947368421
46,10,902,direct,71,50,3.9791108323354427,15.663716814159294
46,10,903,algorithmic,502,70,5.641067630877372,8.785119047619048
46,11,901,coalition,121,15,4.724818831029037,15.320388349514563
46,11,902,direct,96,50,3.7302693391794555,15.916666666666668
46,11,903,algorithmic,548,70,5.510550279923464,8.134028619936938
46,12,901,coalition,91,15,4.536769806413673,15.962962962962962
46,12,902,direct,83,50,3.5603954278653074,16.620689655172413
46,12,903,algorithmic,591,70,5.8796506991850945,9.948567825617005
46,13,901,coalition,154,15,4.38834578225608,11.818181818181817
46,13,902,direct,130,50,3.839441349610841,16.28787878787879
46,13,903,algorithmic,481,70,5.4934794934794935,8.955631627285632
46,14,901,coalition,119,15,4.271075721665666,13.166666666666666
46,14,902,direct,51,50,3.8250207683669593,17.262569832402235
46,14,903,algorithmic,595,70,5.645224234945375,7.824292101341281
46,15,901,coalition,103,15,3.8211943195566507,13.358490566037736
46,15,902,direct,98,50,4.292064732932656,15.1
46,15,903,algorithmic,564,70,5.521653893867547,8.899698895951824
46,16,901,coalition,172,15,4.4654036294619655,13.741935483870968
46,16,902,direct,117,50,3.9749080795888125,16.666666666666664
46,16,903,algorithmic,476,70,5.488811476380698,10.260526879417435
46,17,901,coalition,84,15,3.162298565346635,12.358490566037736
46,17,902,direct,80,50,4.139806162136485,17.048192771084338
46,17,903,algorithmic,601,70,5.6548913380011605,8.193538169147924
46,18,901,coalition,114,15,3.762286078143238,12.083333333333334
46,18,902,direct,125,50,3.6813673469387753,16.2015503875969
46,18,903,algorithmic,526,70,5.531283516589942,9.365931533903884
46,19,901,coalition,126,15,4.650105060700732,11.956521739130434
46,19,902,direct,115,50,3.9566691230655855,17.183908045977013
46,19,903,algorithmic,524,70,5.5335122127628935,8.383891933222886
46,20,901,coalition,159,15,4.135884517384747,16.0
46,20,902,direct,124,50,4.504965835054823,17.01219512195122
46,20,903,algorithmic,482,70,5.50851200717105,11.020331392745188
46,21,901,coalition,180,67,5.31073484325202,7.798267360981113
46,21,902,direct,96,50,3.8955062360047905,17.167630057803468
46,21,903,algorithmic,489,18,5.774448266486991,13.405405405405405
46,22,901,coalition,136,67,4.793439453157209,9.4
46,22,902,direct,152,50,4.032465454532041,16.620689655172413
46,22,903,algorithmic,477,18,4.7220769939211,13.458333333333334
46,23,901,coalition,106,67,4.541927946666815,7.26530612244898
46,23,902,direct,102,68,3.1314709184989202,15.348668422592917
46,23,903,algorithmic,557,0,4.837899723476701,
46,24,901,coalition,108,67,4.0928665351742275,8.944954128440367
46,24,902,direct,103,68,3.5778422351148333,16.035502958579883
46,24,903,algorithmic,554,0,5.365197760742298,
46,25,901,coalition,170,67,4.547058823529412,7.826086956521739
46,25,902,direct,124,68,3.5814471796359886,16.058823529411764
46,25,903,algorithmic,471,0,5.120606363484924,
46,26,901,coalition,83,67,4.677697746349672,10.677419354838708
46,26,902,direct,89,68,3.5427015437919662,16.49214659685864
46,26,903,algorithmic,593,0,5.156208233726806,
46,27,901,coalition,120,67,4.501709401709402,10.333333333333332
46,27,902,direct,127,68,4.96256492953634,15.705128205128203
46,27,903,algorithmic,518,0,4.931341427985723,
46,28,901,coalition,87,67,4.165303945965162,9.653846153846153
46,28,902,direct,90,68,4.196189138922761,16.54639175257732
46,28,903,algorithmic,588,0,5.00275996365478,
46,29,901,coalition,183,67,4.597716751940413,8.851851851851851
46,29,902,direct,103,68,3.2286155403306536,15.732484076433122
46,29,903,algorithmic,479,0,5.419401513198877,
46,30,901,coalition,117,67,4.799540040503896,8.413793103448276
46,30,902,direct,83,68,4.789713069144046,16.058823529411764
46,30,903,algorithmic,565,0,4.625274120589775,
46,31,901,coalition,158,67,4.756118143459916,8.428571428571429
46,31,902,direct,93,68,4.315568619640539,15.533333333333333
46,31,903,algorithmic,514,0,4.844585734692259,
46,32,901,coalition,121,67,4.457128099173554,11.285714285714285
46,32,902,direct,110,68,4.865340909090909,15.8125
46,32,903,algorithmic,534,0,4.9210807918673085,
46,33,901,coalition,124,67,4.764443229451431,9.235294117647058
46,33,902,direct,82,68,3.4509586539715666,16.214689265536723
46,33,903,algorithmic,559,0,5.125961195937314,
46,34,901,coalition,88,67,4.377496708519316,9.773584905660378
46,34,902,direct,76,68,4.543302148121048,15.503355704697988
46,34,903,algorithmic,601,0,5.216672917601668,
46,35,901,coalition,112,67,4.421266233766234,6.571428571428571
46,35,902,direct,121,68,4.428464097885585,15.314685314685315
46,35,903,algorithmic,532,0,5.377509708336777,
46,36,901,coalition,134,67,4.5439822165766905,9.5
46,36,902,direct,110,68,4.660980592441267,16.43617021276596
46,36,903,algorithmic,521,0,4.695729171589786,
46,37,901,coalition,95,67,4.480939637228665,8.142857142857142
46,37,902,direct,107,68,4.341190136754845,16.214689265536723
46,37,903,algorithmic,563,0,4.888158243699081,
46,38,901,coalition,86,0,4.622694466720128,
46,38,902,direct,88,68,4.103233285954425,16.149425287356323
46,38,903,algorithmic,591,67,5.240126274788639,7.2
46,39,901,coalition,140,0,4.367108294930875,
46,39,902,direct,122,68,5.065573770491803,15.677419354838708
46,39,903,algorithmic,503,67,6.002565253639454,9.75
46,40,901,coalition,221,0,4.7729296846943905,
46,40,902,direct,83,68,4.631350800025499,16.455026455026456
46,40,903,algorithmic,461,67,5.765738158362887,6.833333333333333
46,41,901,coalition,172,0,5.744767441860465,
46,41,902,direct,145,68,4.623908045977012,15.533333333333333
46,41,903,algorithmic,448,67,5.723958333333334,9.833333333333334
46,42,901,coalition,177,0,5.130538565023027,
46,42,902,direct,80,68,4.709433962264152,16.839622641509436
46,42,903,algorithmic,508,67,5.698410340216907,9.645569620253164
46,43,901,coalition,208,0,5.481622334741047,
46,43,902,direct,76,68,4.815789473684211,15.442176870748298
46,43,903,algorithmic,481,67,5.77041877041877,6.704225352112676
46,44,901,coalition,154,0,5.305350152240104,
46,44,902,direct,96,68,5.229166666666667,15.314685314685315
46,44,903,algorithmic,515,67,5.7270283114943314,9.31578947368421
46,45,901,coalition,150,67,5.266132563454829,5.294117647058823
46,45,902,direct,146,68,4.6506849315068495,15.88957055214724
46,45,903,algorithmic,469,0,5.558386856253352,
46,46,901,coalition,88,67,4.605358159055342,9.235294117647058
46,46,902,direct,91,68,4.7812587777376505,16.854460093896712
46,46,903,algorithmic,586,0,4.966592744657136,
46,47,901,coalition,189,67,4.841537740271917,7.048192771084337
46,47,902,direct,113,68,3.9012306165885198,15.759493670886075
46,47,903,algorithmic,463,0,4.8409065188663005,
46,48,901,coalition,105,67,4.890133831310302,8.592233009708739
46,48,902,direct,102,68,4.794983632135511,16.27777777777778
46,48,903,algorithmic,558,0,4.5080762861570145,
46,49,901,coalition,114,0,4.382850617668431,
46,49,902,direct,96,68,4.616288986354776,16.035502958579883
46,49,903,algorithmic,555,67,5.053250274203077,5.958904109589041
46,50,901,coalition,150,0,4.424795501022495,
46,50,902,direct,88,68,4.704545454545454,15.88957055214724
46,50,903,algorithmic,527,67,5.509563334536269,7.75
46,51,901,coalition,182,0,5.027712896913074,
46,51,902,direct,69,68,4.956521739130435,15.677419354838708
46,51,903,algorithmic,514,67,5.470126772938371,6.958904109589041
46,52,901,coalition,183,0,5.206088992974238,
46,52,902,direct,167,68,4.580838323353293,15.073529411764707
46,52,903,algorithmic,415,67,5.337349397590361,6.571428571428571
46,53,901,coalition,174,67,5.5418792349341155,6.704225352112676
46,53,902,direct,86,68,4.854303319419598,17.136752136752136
46,53,903,algorithmic,505,0,5.496555809427096,
46,54,901,coalition,115,67,5.246376811594203,11.5
46,54,902,direct,118,68,4.50517890772128,15.620915032679738
46,54,903,algorithmic,532,0,4.570175438596491,
46,55,901,coalition,129,67,4.280536350303792,8.048192771084338
46,55,902,direct,99,68,4.370913857101702,16.37837837837838
46,55,903,algorithmic,537,0,5.250222090551462,
46,56,901,coalition,188,67,4.173400640204024,13.0
46,56,902,direct,113,68,4.345648451843142,15.963855421686747
46,56,903,algorithmic,464,0,4.5546092617395075,
46,57,901,coalition,82,67,4.42086507479248,10.923076923076923
46,57,902,direct,122,68,4.56066368122648,16.27777777777778
46,57,903,algorithmic,561,0,4.5512770728148215,
46,58,901,coalition,122,0,4.252484334451548,
46,58,902,direct,78,68,4.405405405405405,16.455026455026456
46,58,903,algorithmic,565,67,5.544717603749358,5.294117647058823
46,59,901,coalition,197,0,4.621176350044614,
46,59,902,direct,134,68,5.052238805970149,15.379310344827585
46,59,903,algorithmic,434,67,5.583187668838392,8.951219512195122
46,60,901,coalition,127,0,6.116935009989423,
46,60,902,direct,129,68,4.517721470168537,16.666666666666664
46,60,903,algorithmic,509,67,5.426384775532944,9.149253731343283
46,61,901,coalition,136,0,4.704471028917896,
46,61,902,direct,143,68,4.93677750820608,16.581632653061224
46,61,903,algorithmic,486,67,5.640799529688419,10.645569620253164
46,62,901,coalition,165,67,5.467288579964636,5.704225352112676
46,62,902,direct,82,68,4.772357723577236,16.80952380952381
46,62,903,algorithmic,518,0,5.6994851994852,
46,63,901,coalition,113,67,4.516740985054818,8.5
46,63,902,direct,96,68,4.685380591630591,15.503355704697988
46,63,903,algorithmic,556,0,4.885470574120326,
46,64,901,coalition,128,67,4.549702837423313,7.584269662921349
46,64,902,direct,75,68,4.241117318435754,15.88957055214724
46,64,903,algorithmic,562,0,5.329263104244669,
46,65,901,coalition,112,67,4.788103621730383,8.26530612244898
46,65,902,direct,124,68,3.8818318481366605,15.281690140845072
46,65,903,algorithmic,529,0,4.850488494637292,
46,66,901,coalition,141,67,4.456425680442613,8.048192771084338
46,66,902,direct,76,68,4.503991720875222,16.49214659685864
46,66,903,algorithmic,548,0,5.1460975444509405,
46,67,901,coalition,112,67,3.8495348250783037,9.773584905660378
46,67,902,direct,138,68,3.981454400864466,15.314685314685315
46,67,903,algorithmic,515,0,5.157814348803302,
46,68,901,coalition,99,67,4.028085735402808,6.903225806451613
46,68,902,direct,66,68,4.974293496765407,16.731707317073173
46,68,903,algorithmic,600,0,5.361166824317754,
46,69,901,coalition,75,0,4.4204511278195495,
46,69,902,direct,117,68,3.7254597254597255,14.962406015037594
46,69,903,algorithmic,573,67,5.65130043963595,6.434782608695652
46,70,901,coalition,216,0,3.9765428978017447,
46,70,902,direct,86,68,4.81638723634397,16.358695652173914
46,70,903,algorithmic,463,67,5.677434500892103,8.325581395348838
46,71,901,coalition,178,0,5.4323167469234885,
46,71,902,direct,102,68,4.975879240585122,15.620915032679738
46,71,903,algorithmic,485,67,5.509278350515464,5.571428571428571
46,72,901,coalition,160,0,5.081241298294466,
46,72,902,direct,123,68,4.625823832202819,16.035502958579883
46,72,903,algorithmic,482,67,5.406319821257581,11.235294117647058
46,73,901,coalition,168,0,4.977443609022556,
46,73,902,direct,101,68,4.9405940594059405,16.473684210526315
46,73,903,algorithmic,496,67,5.5431876061120535,9.31578947368421
46,74,901,coalition,222,0,5.204595005964869,
46,74,902,direct,121,68,4.7272727272727275,16.011904761904763
46,74,903,algorithmic,422,67,5.678966373279169,7.958904109589042
46,75,901,coalition,182,0,5.484593899487517,
46,75,902,direct,95,68,4.883641536273115,16.43617021276596
46,75,903,algorithmic,488,67,5.354028601325427,7.081081081081081
46,76,901,coalition,176,0,4.870354182854182,
46,76,902,direct,99,68,4.707070707070707,15.864197530864196
46,76,903,algorithmic,490,67,5.640765936004032,7.538461538461538
46,77,901,coalition,162,0,5.453783100369446,
46,77,902,direct,85,68,4.407589020629418,15.963855421686747
46,77,903,algorithmic,518,67,5.6773503279527375,8.08108108108108
46,78,901,coalition,225,0,4.627485380116959,
46,78,902,direct,95,68,5.2,15.592105263157896
46,78,903,algorithmic,445,67,5.481017149615613,6.5
46,79,901,coalition,123,0,5.297386042643494,
46,79,902,direct,73,68,4.4520547945205475,15.864197530864196
46,79,903,algorithmic,569,67,5.4804400182256074,6.571428571428571
46,80,901,coalition,120,0,5.299107142857142,
46,80,902,direct,148,68,4.594594594594595,15.214285714285715
46,80,903,algorithmic,497,67,5.901983328542684,9.75
46,81,901,coalition,239,0,5.089828419447958,
46,81,902,direct,77,68,4.396254907882815,16.88372093023256
46,81,903,algorithmic,449,67,5.550318537318071,6.833333333333333
46,82,901,coalition,190,0,5.041859033548784,
46,82,902,direct,102,68,4.676470588235294,15.347222222222221
46,82,903,algorithmic,473,67,5.343081982616867,7.315789473684211
46,83,901,coalition,178,0,5.422389760226158,
46,83,902,direct,86,68,4.755538736755195,16.035502958579883
46,83,903,algorithmic,501,67,5.609136756073651,7.958904109589042
46,84,901,coalition,209,0,5.051788747552548,
46,84,902,direct,90,68,4.7,15.620915032679738
46,84,903,algorithmic,466,67,5.7343824511206485,7.951219512195122
46,85,901,coalition,216,0,5.29559605806578,
46,85,902,direct,120,68,4.530573248407643,15.732484076433122
46,85,903,algorithmic,429,67,5.490653719953083,7.704225352112676
46,86,901,coalition,184,0,4.9746788537549405,
46,86,902,direct,54,68,4.601851851851852,16.41711229946524
46,86,903,algorithmic,527,67,5.5133689839572195,7.75
46,87,901,coalition,223,0,4.825323066660205,
46,87,902,direct,111,68,4.405405405405405,14.462809917355372
46,87,903,algorithmic,431,67,5.912772525934306,8.538461538461538
46,88,901,coalition,130,0,4.957510803802938,
46,88,902,direct,110,68,4.603268641470889,16.235955056179776
46,88,903,algorithmic,525,67,5.508036383092563,9.2
46,89,901,coalition,146,0,4.109320200896949,
46,89,902,direct,66,68,4.96969696969697,16.214689265536723
46,89,903,algorithmic,553,67,5.908286592903628,8.31578947368421
46,90,901,coalition,179,0,4.676009964748571,
46,90,902,direct,106,68,4.764150943396227,14.962406015037594
46,90,903,algorithmic,480,67,6.009320175438597,9.538461538461538
46,91,901,coalition,199,0,5.092933882784114,
46,91,902,direct,137,68,4.430656934306569,16.127167630057805
46,91,903,algorithmic,429,67,5.505194227737581,7.434782608695652
46,92,901,coalition,153,0,4.557734204793029,
46,92,902,direct,93,68,4.419354838709677,16.715686274509803
46,92,903,algorithmic,519,67,5.499036608863198,6.149253731343284
46,93,901,coalition,139,0,3.913208967709553,
46,93,902,direct,62,68,5.032258064516129,15.8125
46,93,903,algorithmic,564,67,5.819148936170213,7.325581395348838
46,94,901,coalition,143,0,4.656122946820622,
46,94,902,direct,141,68,4.886524822695035,14.806201550387598
46,94,903,algorithmic,481,67,5.876339667037342,7.833333333333332
46,95,901,coalition,195,0,4.99301775147929,
46,95,902,direct,76,68,4.492914979757085,16.778846153846153
46,95,903,algorithmic,494,67,5.509187169106197,9.2
46,96,901,coalition,194,0,5.221005798325386,
46,96,902,direct,153,68,4.477124183006536,15.314685314685315
46,96,903,algorithmic,418,67,5.388613778565931,8.571428571428571
46,97,901,coalition,197,0,4.929033313277996,
46,97,902,direct,106,68,4.608919382504288,16.954545454545453
46,97,903,algorithmic,462,67,5.569854388036207,9.645569620253164
46,98,901,coalition,200,0,5.2663236994219655,
46,98,902,direct,74,68,4.258631463833776,16.127167630057805
46,98,903,algorithmic,491,67,5.854478885841093,9.2
46,99,901,coalition,174,0,5.172462015920418,
46,99,902,direct,105,68,4.847619047619047,15.248226950354608
46,99,903,algorithmic,486,67,5.608907567930421,6.704225352112676
46,100,901,coalition,203,0,4.674094016114866,
46,100,902,direct,85,68,4.5058823529411764,16.104651162790695
46,100,903,algorithmic,477,67,5.61050168202428,8.833333333333334
47,1,901,direct,122,38,4.420470741296972,13.657278648125331
47,1,902,coalition,82,54,3.5289991027000576,13.808309740627088
47,1,903,algorithmic,561,43,4.260389499322186,9.904069767441861
47,2,901,direct,131,38,3.7920862084768174,12.146640185369085
47,2,902,coalition,105,54,3.322698684962836,10.362861887228359
47,2,903,algorithmic,529,43,5.270832988465516,11.826638477801268
47,3,901,direct,114,38,3.391488183857678,12.3765664160401
47,3,902,coalition,146,54,4.650768851391763,12.299578059071731
47,3,903,algorithmic,505,43,5.300855056072342,11.534066718064969
47,4,901,direct,128,38,3.8851522562603877,12.128616242593235
47,4,902,coalition,147,54,4.57032975971025,13.01599549976265
47,4,903,algorithmic,490,43,4.919959441834487,11.498751481536887
47,5,901,direct,171,86,4.329350522771576,9.969335799859056
47,5,902,coalition,95,32,3.413967219790288,15.35
47,5,903,algorithmic,499,17,5.542812898524321,12.595744680851062
47,6,901,direct,98,86,4.542079182863622,14.23782703488372
47,6,902,coalition,113,32,4.02806197295742,12.694444444444445
47,6,903,algorithmic,554,17,5.053481892155177,10.838709677419356
47,7,901,direct,119,65,5.1493930905695615,15.3551912568306
47,7,902,coalition,148,43,4.460756770182999,8.662955902910154
47,7,903,algorithmic,498,27,4.985568403769075,9.767915953708304
47,8,901,direct,71,65,4.580429948109711,16.502732240437158
47,8,902,coalition,152,43,4.345374185054176,11.434782608695652
47,8,903,algorithmic,542,27,4.786884830621949,11.46808510638298
47,9,901,direct,114,65,5.057334056791463,15.25925925925926
47,9,902,coalition,149,43,3.782795167929945,8.75
47,9,903,algorithmic,502,27,4.979466597818237,9.901960784313726
47,10,901,direct,112,65,4.341342557965595,16.40449438202247
47,10,902,coalition,117,43,4.244601144875555,14.801047120418845
47,10,903,algorithmic,536,27,5.530638906559653,12.901960784313726
47,11,901,direct,129,65,4.866199843986154,16.363636363636363
47,11,902,coalition,185,43,4.399636858127424,9.0
47,11,903,algorithmic,451,27,4.825288666694557,13.58333333333333
47,12,901,direct,57,65,4.4829584975655,16.6839378238342
47,12,902,coalition,95,43,4.120119436478943,10.666666666666666
47,12,903,algorithmic,613,27,4.954511921785144,10.5
47,13,901,direct,151,65,4.206127939029284,14.710743801652892
47,13,902,coalition,145,43,4.044013353417743,11.93975903614458
47,13,903,algorithmic,469,27,5.310773669640945,12.357142857142858
47,14,901,direct,93,65,4.707538381921684,17.02325581395349
47,14,902,coalition,120,43,4.0545265040477085,12.799999999999999
47,14,903,algorithmic,552,27,4.941727361042772,10.80952380952381
47,15,901,direct,118,65,4.904224623076838,15.923566878980893
47,15,902,coalition,106,43,3.5834023048068255,9.538461538461538
47,15,903,algorithmic,541,27,5.116384317586282,10.43859649122807
47,16,901,direct,88,65,5.039465601965602,16.483516483516482
47,16,902,coalition,122,43,3.432625482625483,10.73134328358209
47,16,903,algorithmic,555,27,5.441319905741043,10.8
47,17,901,direct,119,65,4.9202705472432875,15.78947368421053
47,17,902,coalition,114,43,4.163319482917821,10.75
47,17,903,algorithmic,532,27,5.20311972164043,11.185185185185185
47,18,901,direct,100,65,3.888063660477454,16.502732240437158
47,18,902,coalition,143,43,3.7354337426290547,14.379310344827587
47,18,903,algorithmic,522,27,5.2881787679452446,11.901960784313726
47,19,901,direct,101,65,5.025638881455714,16.097560975609756
47,19,902,coalition,153,43,4.272870235567509,9.4375
47,19,903,algorithmic,511,27,5.187494275574797,10.09090909090909
47,20,901,direct,107,65,4.592235801581595,16.12121212121212
47,20,902,coalition,116,43,4.263427377220481,9.91304347826087
47,20,903,algorithmic,542,27,5.224146461592314,10.8
47,21,901,direct,105,65,4.676793248945148,16.257309941520468
47,21,902,coalition,151,43,4.274445084617157,10.225806451612904
47,21,903,algorithmic,509,27,5.202022273947336,13.517241379310345
47,22,901,direct,140,65,4.207976662167458,16.21301775147929
47,22,902,coalition,165,43,4.091891252098506,11.058823529411764
47,22,903,algorithmic,460,27,4.911138877024809,11.8
47,23,901,direct,99,65,4.153374573337933,16.862745098039216
47,23,902,coalition,119,43,4.036223417523252,11.53191489361702
47,23,903,algorithmic,547,27,4.655147557193315,12.09090909090909
47,24,901,direct,161,65,4.363794852836238,16.073619631901842
47,24,902,coalition,143,43,4.365092895901111,9.91304347826087
47,24,903,algorithmic,461,27,5.172365104612547,12.0
47,25,901,direct,75,65,4.622414414414414,17.155555555555555
47,25,902,coalition,111,43,3.777626274923572,9.4375
47,25,903,algorithmic,579,27,4.936503537215973,9.8
47,26,901,direct,123,65,4.756365001702162,15.39568345323741
47,26,902,coalition,110,43,4.266579463701766,12.384615384615381
47,26,903,algorithmic,532,27,5.079205097314802,12.185185185185185
47,27,901,direct,97,65,4.295713510580575,16.577540106951872
47,27,902,coalition,164,43,4.050629504054877,10.114754098360656
47,27,903,algorithmic,504,27,5.0840468671715815,9.953488372093023
47,28,901,direct,172,65,4.593661052867375,16.024844720496894
47,28,902,coalition,103,43,4.223069775154564,13.692913385826772
47,28,903,algorithmic,490,27,4.6999239166313105,11.46808510638298
47,29,901,direct,60,65,4.0819711312510405,17.28813559322034
47,29,902,coalition,97,43,3.7353396918755504,10.0
47,29,903,algorithmic,608,27,5.213921061741641,12.09433962264151
47,30,901,direct,115,65,4.916046293400062,14.838709677419356
47,30,902,coalition,126,43,3.92612098602882,9.636363636363637
47,30,903,algorithmic,524,27,5.481677835184787,10.80952380952381
47,31,901,direct,139,65,4.890715998629668,16.424581005586592
47,31,902,coalition,139,43,3.635776773632969,8.5
47,31,903,algorithmic,487,27,5.334811237424432,12.185185185185185
47,32,901,direct,93,65,4.792042021609558,16.84729064039409
47,32,902,coalition,82,43,3.518627618588587,9.473684210526315
47,32,903,algorithmic,590,27,5.387234331052711,13.09090909090909
47,33,901,direct,106,65,4.328210590383445,15.923566878980893
47,33,902,coalition,112,43,3.618744313011829,7.764705882352941
47,33,903,algorithmic,547,27,5.314169932352418,11.0
47,34,901,direct,104,65,4.721425851376346,16.235294117647058
47,34,902,coalition,141,43,3.7051101110430595,11.841584158415841
47,34,903,algorithmic,520,27,5.020083920156722,10.46808510638298
47,35,901,direct,127,65,3.995510397265915,16.19047619047619
47,35,902,coalition,137,43,3.9514250955856793,10.4
47,35,903,algorithmic,501,27,5.002598939513635,13.873015873015872
47,36,901,direct,96,65,4.7384026700851285,16.649214659685864
47,36,902,coalition,114,43,4.217459627786054,11.922330097087379
47,36,903,algorithmic,555,27,5.029033295212192,9.658536585365853
47,37,901,direct,127,65,4.805067635776297,16.0
47,37,902,coalition,94,43,3.3913073908174693,12.882352941176471
47,37,903,algorithmic,544,27,5.169750146947919,12.43859649122807
47,38,901,direct,104,65,4.787070975956545,16.649214659685864
47,38,902,coalition,131,43,3.8072973782236823,9.881355932203391
47,38,903,algorithmic,530,27,5.266756558832837,11.09090909090909
47,39,901,direct,94,65,4.730106997909236,16.19047619047619
47,39,902,coalition,139,43,4.483056395511172,14.572254335260117
47,39,903,algorithmic,532,27,5.678997762780195,13.8
47,40,901,direct,86,65,4.741230887832455,15.949367088607596
47,40,902,coalition,105,43,3.5812652566446537,10.4
47,40,903,algorithmic,574,27,5.205120603692225,11.58333333333333
47,41,901,direct,111,65,4.679046393332108,15.733333333333334
47,41,902,coalition,100,43,3.496666666666667,8.631578947368421
47,41,903,algorithmic,554,27,5.1604139280641,11.185185185185185
47,42,901,direct,114,65,4.701722893259108,16.34285714285714
47,42,902,coalition,173,43,4.143131485273422,12.882352941176471
47,42,903,algorithmic,478,27,4.877688809037671,14.901960784313726
47,43,901,direct,128,65,3.807915906722251,16.40449438202247
47,43,902,coalition,129,43,4.314638831203957,12.841584158415841
47,43,903,algorithmic,508,27,5.01904723584201,13.43859649122807
47,44,901,direct,164,65,4.267590661103979,16.666666666666664
47,44,902,coalition,175,43,4.088077295511506,11.75
47,44,903,algorithmic,426,27,4.628930107536946,12.272727272727273
47,45,901,direct,104,65,4.607711508921186,17.19298245614035
47,45,902,coalition,152,43,4.401102090579125,10.4
47,45,903,algorithmic,509,27,5.079075818705773,12.09090909090909
47,46,901,direct,143,65,4.190121553252318,16.19047619047619
47,46,902,coalition,142,43,4.01939417613328,12.578947368421051
47,46,903,algorithmic,480,27,5.040845374820212,8.953488372093023
47,47,901,direct,103,65,4.592488502810424,16.908212560386474
47,47,902,coalition,154,43,3.918911833508107,11.473684210526315
47,47,903,algorithmic,508,27,4.86576885269204,9.80952380952381
47,48,901,direct,95,65,4.825055848449647,16.16766467065868
47,48,902,coalition,105,43,3.7240736571968847,12.612903225806452
47,48,903,algorithmic,565,27,4.864668370181401,11.43859649122807
47,49,901,direct,82,65,4.14418450306952,15.974842767295597
47,49,902,coalition,94,43,3.2611852280613305,11.172413793103448
47,49,903,algorithmic,589,27,5.315097616646397,10.953488372093023
47,50,901,direct,96,65,4.806372549019608,15.616438356164384
47,50,902,coalition,125,0,3.8806946011281225,
47,50,903,algorithmic,544,70,5.301996433142153,10.427938298607113
47,51,901,direct,150,65,4.557916666666666,16.0
47,51,902,coalition,137,0,4.621696451044551,
47,51,903,algorithmic,478,70,6.025758368200837,10.068965517241379
47,52,901,direct,40,65,4.572196261682243,17.009345794392523
47,52,902,coalition,183,0,5.228953620605201,
47,52,903,algorithmic,542,70,5.669534779459944,6.28169014084507
47,53,901,direct,175,65,5.005714285714285,13.846153846153847
47,53,902,coalition,153,0,4.5693701723113485,
47,53,903,algorithmic,437,70,5.933066361556064,9.15909090909091
47,54,901,direct,41,65,4.654658638636596,17.322175732217573
47,54,902,coalition,158,70,5.249063975587995,7.153846153846154
47,54,903,algorithmic,566,0,5.660947410441031,
47,55,901,direct,116,65,4.316402609506058,13.904761904761905
47,55,902,coalition,65,70,4.7803972825999255,13.337837837837839
47,55,903,algorithmic,584,0,5.223460559363644,
47,56,901,direct,124,65,4.909484833895041,16.444444444444443
47,56,902,coalition,117,70,4.823361823361823,7.153846153846154
47,56,903,algorithmic,524,0,5.098654798039554,
47,57,901,direct,104,65,4.3547353184449955,16.595744680851062
47,57,902,coalition,133,70,4.556151015837466,9.5
47,57,903,algorithmic,528,0,4.779645069431446,
47,58,901,direct,74,65,4.763981803585764,16.19047619047619
47,58,902,coalition,87,70,4.22495894909688,7.785714285714286
47,58,903,algorithmic,604,0,4.9993411829357015,
47,59,901,direct,82,65,4.738586616635397,15.36231884057971
47,59,902,coalition,115,70,4.441074111773545,7.153846153846154
47,59,903,algorithmic,568,0,5.041183836575754,
47,60,901,direct,156,65,4.460850910161358,15.616438356164384
47,60,902,coalition,65,70,4.404425711275026,11.051724137931034
47,60,903,algorithmic,544,0,5.134990352577539,
47,61,901,direct,109,65,4.762426400109544,17.09090909090909
47,61,902,coalition,108,70,4.529461279461279,9.068965517241379
47,61,903,algorithmic,548,0,5.0811216040703515,
47,62,901,direct,134,65,4.812725449962991,16.300578034682083
47,62,902,coalition,125,70,4.745017341040462,11.88888888888889
47,62,903,algorithmic,506,0,4.830249274077252,
47,63,901,direct,132,65,4.3072578821527685,16.767676767676768
47,63,902,coalition,99,70,5.032241607999183,9.669724770642201
47,63,903,algorithmic,534,0,5.010803905603252,
47,64,901,direct,126,65,4.255830903790087,16.73469387755102
47,64,902,coalition,164,70,4.755724240915878,8.265822784810126
47,64,903,algorithmic,475,0,4.927643158529234,
47,65,901,direct,100,65,4.490405966368817,16.63157894736842
47,65,902,coalition,135,70,4.751951409281429,11.344262295081968
47,65,903,algorithmic,530,0,4.343053917029537,
47,66,901,direct,136,65,4.467999952687479,16.097560975609756
47,66,902,coalition,132,70,3.8248337028824833,11.772727272727273
47,66,903,algorithmic,497,0,4.766564912714407,
47,67,901,direct,91,65,4.5523545599823505,16.8
47,67,902,coalition,104,70,4.449519230769231,8.893805309734514
47,67,903,algorithmic,570,0,4.701669652050259,
47,68,901,direct,128,65,4.315737993481736,15.870967741935482
47,68,902,coalition,150,70,5.0,10.659574468085106
47,68,903,algorithmic,487,0,4.5814152805992245,
47,69,901,direct,92,65,5.169644629739924,16.666666666666664
47,69,902,coalition,105,70,4.513705425092411,10.235294117647058
47,69,903,algorithmic,568,0,4.874431514297307,
47,70,901,direct,151,65,4.614828347415696,15.897435897435896
47,70,902,coalition,110,70,4.666666666666667,7.9767441860465125
47,70,903,algorithmic,504,0,4.62122851457254,
47,71,901,direct,90,65,4.437306021104904,17.02325581395349
47,71,902,coalition,115,70,4.762386248736097,8.068965517241379
47,71,903,algorithmic,560,0,4.699736230480688,
47,72,901,direct,126,65,4.4415286536221865,15.844155844155845
47,72,902,coalition,129,70,4.738246249874157,10.201680672268907
47,72,903,algorithmic,510,0,4.86247693683379,
47,73,901,direct,85,65,3.8894282188399836,16.63157894736842
47,73,902,coalition,86,0,4.178090575275398,
47,73,903,algorithmic,594,70,5.151546338946658,7.153846153846154
47,74,901,direct,80,65,4.8,15.70469798657718
47,74,902,coalition,182,0,4.597486477537884,
47,74,903,algorithmic,503,70,5.793800952673223,8.659574468085106
47,75,901,direct,108,65,5.37037037037037,15.555555555555555
47,75,902,coalition,161,70,5.442287784679089,5.416666666666667
47,75,903,algorithmic,496,0,5.747003808243727,
47,76,901,direct,101,65,4.8381403357727075,16.27906976744186
47,76,902,coalition,98,70,4.532629330802088,7.959183673469389
47,76,903,algorithmic,566,0,4.793513479164296,
47,77,901,direct,167,65,3.4497733583362824,16.12121212121212
47,77,902,coalition,131,70,4.820957668285912,8.265822784810126
47,77,903,algorithmic,467,0,5.1841407630573615,
47,78,901,direct,102,65,4.266734161895452,17.22943722943723
47,78,902,coalition,94,70,4.811504098738141,8.580645161290322
47,78,903,algorithmic,569,0,4.668634708262805,
47,79,901,direct,152,65,3.859399982882774,16.144578313253014
47,79,902,coalition,122,0,4.2120399530334955,
47,79,903,algorithmic,491,70,5.570653009248143,5.8
47,80,901,direct,110,65,4.726683501683502,17.037037037037038
47,80,902,coalition,189,0,3.959831320942432,
47,80,903,algorithmic,466,70,5.618065490383088,9.417582417582418
47,81,901,direct,149,65,4.253620628753091,16.32183908045977
47,81,902,coalition,147,0,5.204480824392673,
47,81,903,algorithmic,469,70,5.321446952429969,7.921052631578946
47,82,901,direct,98,65,4.958129730765545,16.995305164319248
47,82,902,coalition,148,0,4.605628922530331,
47,82,903,algorithmic,519,70,5.598351832252345,8.417582417582418
47,83,901,direct,95,65,4.494736842105263,16.049382716049383
47,83,902,coalition,204,0,5.324237007243544,
47,83,903,algorithmic,466,70,5.628490436072696,7.153846153846154
47,84,901,direct,110,65,4.744654088050315,15.974842767295597
47,84,902,coalition,135,0,5.35934608135866,
47,84,903,algorithmic,520,70,5.7067005321722295,9.03896103896104
47,85,901,direct,71,65,4.873239436619718,16.32183908045977
47,85,902,coalition,139,0,4.8008765401471925,
47,85,903,algorithmic,555,70,5.754520037278659,7.785714285714286
47,86,901,direct,179,65,4.385474860335195,15.25925925925926
47,86,902,coalition,174,0,4.9563644103873985,
47,86,903,algorithmic,412,70,5.865875584322187,8.785714285714286
47,87,901,direct,75,65,5.026008230452675,17.36625514403292
47,87,902,coalition,125,0,6.073218106995885,
47,87,903,algorithmic,565,70,5.63909829199898,7.142857142857143
47,88,901,direct,59,65,5.055410691003911,15.39568345323741
47,88,902,coalition,163,0,4.266380571804944,
47,88,903,algorithmic,543,70,5.852696848046425,9.365384615384617
47,89,901,direct,125,65,4.464,14.796747967479675
47,89,902,coalition,151,70,5.450826025995903,6.5479452054794525
47,89,903,algorithmic,489,0,5.739837398373984,
47,90,901,direct,94,65,4.744580290371225,16.613756613756614
47,90,902,coalition,71,70,4.593933974215664,12.0
47,90,903,algorithmic,600,0,4.94172811622087,
47,91,901,direct,117,65,4.462690867185249,15.949367088607596
47,91,902,coalition,133,70,4.349100599600266,8.247191011235955
47,91,903,algorithmic,515,0,5.061014674265009,
47,92,901,direct,122,65,4.53846778120435,16.464088397790057
47,92,902,coalition,168,70,4.616699031781631,7.481481481481481
47,92,903,algorithmic,475,0,5.007421290738165,
47,93,901,direct,154,65,4.173478584913972,16.559139784946236
47,93,902,coalition,137,70,4.508553568217426,5.921052631578947
47,93,903,algorithmic,474,0,4.954150343217493,
47,94,901,direct,66,65,3.8111870463789943,17.06422018348624
47,94,902,coalition,102,70,4.389208787639043,7.585365853658537
47,94,903,algorithmic,597,0,5.214829503544607,
47,95,901,direct,125,65,3.3939140605136027,15.076923076923077
47,95,902,coalition,128,70,3.8515625,8.5
47,95,903,algorithmic,512,0,5.262439315566997,
47,96,901,direct,142,65,3.828380192240711,16.613756613756614
47,96,902,coalition,94,0,4.874648204435439,
47,96,903,algorithmic,529,70,5.354733176200841,6.585365853658537
47,97,901,direct,78,65,4.812546676624347,16.893203883495147
47,97,902,coalition,242,0,4.456211562696169,
47,97,903,algorithmic,445,70,5.7498636413221345,9.235294117647058
47,98,901,direct,114,65,4.956140350877193,15.492957746478874
47,98,902,coalition,142,0,4.97768299940488,
47,98,903,algorithmic,509,70,5.562135089515482,5.0
47,99,901,direct,73,65,5.205479452054795,16.40449438202247
47,99,902,coalition,175,0,5.4339572212475264,
47,99,903,algorithmic,517,70,5.925325451502837,8.976744186046512
47,100,901,direct,142,65,5.140845070422535,15.328467153284672
47,100,902,coalition,162,0,4.427638100387492,
47,100,903,algorithmic,461,70,5.660243520116534,8.785714285714286
48,1,901,coalition,107,42,4.174024675040522,13.079813369668443
48,1,902,algorithmic,569,47,4.1859442952130355,10.498480243161094
48,1,903,direct,89,46,4.4551539036150665,13.45150501672241
48,2,901,coalition,146,42,3.725163476847871,12.263513513513514
48,2,902,algorithmic,485,47,4.936873725548907,10.86508329209962
48,2,903,direct,134,46,3.820241970537007,11.859182349123945
48,3,901,coalition,177,42,4.293348346886058,12.388591800356508
48,3,902,algorithmic,506,23,5.110296966382793,10.88888888888889
48,3,903,direct,82,70,3.969542980764256,10.890822027134876
48,4,901,coalition,144,42,4.339019784809322,13.107252075141984
48,4,902,algorithmic,524,45,5.344891469851758,8.949480198486821
48,4,903,direct,97,48,4.204344884284352,14.43046357615894
48,5,901,coalition,164,42,3.8137688122185853,12.783783783783784
48,5,902,algorithmic,504,45,5.6878306878306875,8.542372881355933
48,5,903,direct,97,48,4.932293117860128,16.73611111111111
48,6,901,coalition,113,42,3.8014245629181955,13.173553719008263
48,6,902,algorithmic,566,45,5.596094294032915,8.851851851851851
48,6,903,direct,86,48,4.616518143847593,16.73611111111111
48,7,901,coalition,124,42,3.4888087294708687,11.883116883116882
48,7,902,algorithmic,518,45,5.559459921302026,9.23076923076923
48,7,903,direct,123,48,4.697779862414009,16.466165413533833
48,8,901,coalition,141,21,4.739522888459058,15.515151515151516
48,8,902,algorithmic,504,45,5.28547142762829,9.0
48,8,903,direct,120,69,3.8103535353535354,14.514729563322915
48,9,901,coalition,138,21,4.0877287635746375,16.757763975155278
48,9,902,algorithmic,515,45,5.371635396926614,11.432835820895523
48,9,903,direct,112,69,4.619470232588873,16.382978723404257
48,10,901,coalition,186,21,4.174704318984476,12.701149425287353
48,10,902,algorithmic,493,45,5.123250016453246,8.280701754385966
48,10,903,direct,86,69,4.007983717884949,16.22222222222222
48,11,901,coalition,191,21,4.211646676741657,16.029126213592235
48,11,902,algorithmic,471,45,5.051984727082124,12.54237288135593
48,11,903,direct,103,69,4.232632670374211,15.584415584415584
48,12,901,coalition,185,21,4.640490275716102,17.0521327014218
48,12,902,algorithmic,483,45,5.4408472930385585,9.542372881355933
48,12,903,direct,97,69,5.082474226804123,16.023391812865498
48,13,901,coalition,150,66,4.40950480413895,9.325942350332594
48,13,902,algorithmic,526,0,5.532825238380279,
48,13,903,direct,89,69,5.098258551533421,15.87878787878788
48,14,901,coalition,89,66,5.048109393697813,7.073170731707317
48,14,902,algorithmic,554,0,4.97237791936407,
48,14,903,direct,122,69,4.317754604572036,15.668789808917197
48,15,901,coalition,92,66,4.537757437070938,8.777777777777779
48,15,902,algorithmic,598,0,5.266720312486903,
48,15,903,direct,75,69,3.618078529657477,16.421052631578945
48,16,901,coalition,125,66,4.920391608391609,8.613636363636363
48,16,902,algorithmic,541,0,5.492710845907921,
48,16,903,direct,99,69,4.464067425850865,15.244755244755247
48,17,901,coalition,117,66,4.736828636923185,8.925233644859812
48,17,902,algorithmic,571,0,4.87954528564496,
48,17,903,direct,77,69,4.54737097629375,15.928143712574853
48,18,901,coalition,53,66,4.220559531554977,9.441860465116278
48,18,902,algorithmic,565,0,5.2117236653390675,
48,18,903,direct,147,69,4.442027360394707,15.310344827586205
48,19,901,coalition,143,66,4.707919986989754,9.696629213483146
48,19,902,algorithmic,532,0,5.127583730044309,
48,19,903,direct,90,69,4.688272641067015,16.837209302325583
48,20,901,coalition,128,66,4.492115232473223,7.229166666666667
48,20,902,algorithmic,520,0,4.977188740543779,
48,20,903,direct,117,69,4.50703859053421,15.696202531645568
48,21,901,coalition,147,66,4.397305204114975,10.36734693877551
48,21,902,algorithmic,521,0,4.714645423933063,
48,21,903,direct,97,69,3.3997126439914145,16.324324324324323
48,22,901,coalition,149,66,4.516041764997064,9.298969072164947
48,22,902,algorithmic,483,0,4.732573646031525,
48,22,903,direct,133,69,4.487891095176182,15.87878787878788
48,23,901,coalition,109,66,4.831988134437134,9.144144144144144
48,23,902,algorithmic,582,0,4.918577845338684,
48,23,903,direct,74,69,4.472388625199338,16.616915422885572
48,24,901,coalition,143,66,4.401359204176106,6.772151898734178
48,24,902,algorithmic,555,0,5.4505074971874015,
48,24,903,direct,67,69,4.174472465259907,15.211267605633804
48,25,901,coalition,134,66,4.640961857379768,9.5
48,25,902,algorithmic,464,0,4.63261217948718,
48,25,903,direct,167,69,4.5355826807922615,14.962962962962962
48,26,901,coalition,104,66,4.434124386252046,12.454545454545453
48,26,902,algorithmic,565,0,4.529592053077112,
48,26,903,direct,96,69,4.037109219721082,17.106382978723403
48,27,901,coalition,120,66,4.3689024390243905,11.247787610619469
48,27,902,algorithmic,555,0,4.9910264228649055,
48,27,903,direct,90,69,4.6973044049967125,15.853658536585368
48,28,901,coalition,127,66,4.5177912887471345,10.8
48,28,902,algorithmic,540,0,4.611406089633937,
48,28,903,direct,98,69,4.542746828461114,15.696202531645568
48,29,901,coalition,87,66,4.968009970918155,11.444444444444445
48,29,902,algorithmic,570,0,4.898726722002721,
48,29,903,direct,108,69,4.277904352452545,15.903614457831324
48,30,901,coalition,90,66,4.645946305156832,9.261904761904763
48,30,902,algorithmic,568,0,5.177652939166097,
48,30,903,direct,107,69,4.682242990654205,16.136363636363637
48,31,901,coalition,131,66,4.266521264994547,8.073170731707318
48,31,902,algorithmic,522,0,4.878970008832458,
48,31,903,direct,112,69,4.533122119815668,16.114285714285714
48,32,901,coalition,87,66,4.265892563922121,9.981481481481481
48,32,902,algorithmic,599,0,4.65008195821456,
48,32,903,direct,79,69,4.544691294239215,16.22222222222222
48,33,901,coalition,170,66,4.7999368168319965,8.333333333333334
48,33,902,algorithmic,483,0,5.257247599922611,
48,33,903,direct,112,69,3.630372487340801,15.374149659863946
48,34,901,coalition,125,66,4.461333333333333,11.723684210526315
48,34,902,algorithmic,527,0,4.566739833960533,
48,34,903,direct,113,69,3.7208722710561,16.22222222222222
48,35,901,coalition,98,66,4.595726688465441,7.528735632183908
48,35,902,algorithmic,577,0,5.207701020771873,
48,35,903,direct,90,69,4.936842105263158,16.243093922651934
48,36,901,coalition,111,66,4.683330220023549,6.579710144927536
48,36,902,algorithmic,570,0,5.293658322210373,
48,36,903,direct,84,69,4.700628104002337,15.696202531645568
48,37,901,coalition,133,66,4.308864265927978,10.010752688172044
48,37,902,algorithmic,491,0,5.244905756935536,
48,37,903,direct,141,69,3.811325241724765,15.526315789473683
48,38,901,coalition,110,66,4.63710308829926,7.875
48,38,902,algorithmic,616,0,4.839826192547485,
48,38,903,direct,39,69,3.9743589743589745,16.74641148325359
48,39,901,coalition,83,66,4.83504109897534,7.333333333333333
48,39,902,algorithmic,533,0,5.558663583965612,
48,39,903,direct,149,69,4.780441035474593,13.644859813084112
48,40,901,coalition,114,66,5.2480798771121355,10.229166666666668
48,40,902,algorithmic,584,0,5.130732030678175,
48,40,903,direct,67,69,4.068293945641082,16.86635944700461
48,41,901,coalition,97,66,4.092783505154639,9.627450980392156
48,41,902,algorithmic,554,0,5.176297708509888,
48,41,903,direct,114,69,4.662844261491719,14.962962962962962
48,42,901,coalition,132,0,4.966866466866467,
48,42,902,algorithmic,511,66,4.853864794462778,7.772151898734179
48,42,903,direct,122,69,4.006071645415908,16.263736263736263
48,43,901,coalition,200,0,5.001315789473685,
48,43,902,algorithmic,496,66,5.682831069609508,7.666666666666666
48,43,903,direct,69,69,4.9855072463768115,16.421052631578945
48,44,901,coalition,145,0,5.042736416013571,
48,44,902,algorithmic,508,66,5.618024024369217,9.095890410958905
48,44,903,direct,112,69,4.553571428571429,15.036496350364962
48,45,901,coalition,203,0,4.540401726047275,
48,45,902,algorithmic,489,66,5.514314928425358,9.441860465116278
48,45,903,direct,73,69,4.552086651799936,16.22222222222222
48,46,901,coalition,167,0,4.869957612090368,
48,46,902,algorithmic,540,66,5.726319936958235,7.216216216216216
48,46,903,direct,58,69,4.741379310344827,15.177304964539005
48,47,901,coalition,128,0,4.581101190476191,
48,47,902,algorithmic,548,66,5.89155370177268,7.261904761904762
48,47,903,direct,89,69,4.788121990369182,14.603174603174603
48,48,901,coalition,125,0,4.693777506325801,
48,48,902,algorithmic,543,66,5.513448522597975,8.095890410958905
48,48,903,direct,97,69,4.453608247422681,15.668789808917197
48,49,901,coalition,191,0,4.376232801655911,
48,49,902,algorithmic,443,66,5.63287502565155,11.441860465116278
48,49,903,direct,131,69,4.266998047221729,15.87878787878788
48,50,901,coalition,137,0,5.003527369206128,
48,50,902,algorithmic,558,66,5.373588371967363,5.972222222222222
48,50,903,direct,70,69,4.623809523809524,16.582914572864322
48,51,901,coalition,122,0,4.077868852459017,
48,51,902,algorithmic,542,66,5.773062730627307,8.613636363636363
48,51,903,direct,101,69,4.752475247524752,15.072463768115941
48,52,901,coalition,173,0,4.743777861385687,
48,52,902,algorithmic,496,66,5.6003889100973465,7.972222222222221
48,52,903,direct,96,69,4.729166666666667,15.976331360946746
48,53,901,coalition,239,0,4.578596455420621,
48,53,902,algorithmic,462,66,5.765732235244431,10.777777777777779
48,53,903,direct,64,69,4.386115345528455,15.853658536585368
48,54,901,coalition,174,0,5.530788177339901,
48,54,902,algorithmic,478,66,5.571034613921643,6.714285714285714
48,54,903,direct,113,69,4.646017699115045,14.848484848484848
48,55,901,coalition,194,0,5.179977696705168,
48,55,902,algorithmic,511,66,5.7295196289368695,7.447368421052632
48,55,903,direct,60,69,4.716666666666667,16.243093922651934
48,56,901,coalition,226,0,5.1114337512291055,
48,56,902,algorithmic,463,66,5.782194924406047,8.975308641975309
48,56,903,direct,76,69,4.761208576998051,14.6875
48,57,901,coalition,171,0,4.915050784856879,
48,57,902,algorithmic,458,66,5.715793304221252,8.447368421052632
48,57,903,direct,136,69,4.911764705882353,15.277777777777779
48,58,901,coalition,211,66,5.701396977670507,5.095890410958904
48,58,902,algorithmic,501,0,5.505870611717741,
48,58,903,direct,53,69,4.268590455049945,16.666666666666664
48,59,901,coalition,63,66,5.309178743961352,11.075757575757576
48,59,902,algorithmic,595,0,4.932384193346761,
48,59,903,direct,107,69,4.366111336854937,14.380165289256198
48,60,901,coalition,160,66,5.3125,9.696629213483146
48,60,902,algorithmic,546,0,5.068297067098231,
48,60,903,direct,59,69,3.9788611693010854,16.114285714285714
48,61,901,coalition,129,66,4.485808459989013,12.038167938931297
48,61,902,algorithmic,506,0,4.6565094405591365,
48,61,903,direct,130,69,4.494871794871795,14.645669291338582
48,62,901,coalition,114,66,4.677208876612024,7.216216216216216
48,62,902,algorithmic,564,0,5.071438704252918,
48,62,903,direct,87,69,4.183434056167792,16.565656565656568
48,63,901,coalition,79,66,4.823193140057166,11.247787610619469
48,63,902,algorithmic,535,0,5.1103947494699105,
48,63,903,direct,151,69,4.13847874688933,15.612903225806452
48,64,901,coalition,110,66,5.074968866749689,7.4411764705882355
48,64,902,algorithmic,579,0,5.2577797911224495,
48,64,903,direct,76,69,3.648612112472964,16.894977168949772
48,65,901,coalition,98,66,4.778887269193392,8.216216216216216
48,65,902,algorithmic,569,0,5.292047395122966,
48,65,903,direct,98,69,4.868804664723032,15.277777777777779
48,66,901,coalition,128,66,4.683546686746988,9.696629213483146
48,66,902,algorithmic,555,0,5.292010403268865,
48,66,903,direct,82,69,3.700992960505189,15.903614457831324
48,67,901,coalition,124,66,4.510839043957881,8.261904761904763
48,67,902,algorithmic,527,0,5.381176639133006,
48,67,903,direct,114,69,4.794245977638396,15.466666666666667
48,68,901,coalition,97,0,4.73919665672243,
48,68,902,algorithmic,544,66,4.962666458782863,6.845070422535211
48,68,903,direct,124,69,4.157834101382488,16.263736263736263
48,69,901,coalition,167,0,4.517170478320467,
48,69,902,algorithmic,461,66,5.698617136659436,9.168674698795181
48,69,903,direct,137,69,4.604470802919708,16.458333333333336
48,70,901,coalition,192,66,5.389130945880354,4.298507462686567
48,70,902,algorithmic,479,0,5.378838026376089,
48,70,903,direct,94,69,4.73404255319149,16.682926829268293
48,71,901,coalition,64,66,5.312286082288514,9.347826086956522
48,71,902,algorithmic,568,0,4.790165824360248,
48,71,903,direct,133,69,4.535363531481385,15.802469135802466
48,72,901,coalition,141,66,4.548004657563248,7.845070422535211
48,72,902,algorithmic,519,0,5.098234707760554,
48,72,903,direct,105,69,3.825347922313471,16.616915422885572
48,73,901,coalition,111,66,4.241061140831049,8.777777777777779
48,73,902,algorithmic,569,0,4.9252588179787296,
48,73,903,direct,85,69,5.0588235294117645,16.069364161849713
48,74,901,coalition,131,66,4.980392156862744,9.261904761904763
48,74,902,algorithmic,529,0,5.113191212212674,
48,74,903,direct,105,69,4.534013605442177,15.555555555555554
48,75,901,coalition,112,66,4.057421131127926,6.333333333333333
48,75,902,algorithmic,556,0,5.3005145959910145,
48,75,903,direct,97,69,4.7448207338474395,16.069364161849713
48,76,901,coalition,74,66,4.492587348519552,5.0
48,76,902,algorithmic,580,0,5.468434195845067,
48,76,903,direct,111,69,4.6179569399908384,15.87878787878788
48,77,901,coalition,88,66,3.9015997968511935,7.216216216216216
48,77,902,algorithmic,619,0,5.38427200423323,
48,77,903,direct,58,69,4.017489456710494,16.201117318435756
48,78,901,coalition,150,66,5.21015873015873,8.073170731707318
48,78,902,algorithmic,491,0,5.128186151018949,
48,78,903,direct,124,69,4.240435198469632,14.603174603174603
48,79,901,coalition,127,66,4.256163019593481,9.168674698795181
48,79,902,algorithmic,558,0,5.091188585298935,
48,79,903,direct,80,69,4.332715418359484,16.458333333333336
48,80,901,coalition,104,66,3.9232718295218296,9.627450980392156
48,80,902,algorithmic,563,0,5.208650074690718,
48,80,903,direct,98,69,4.048469387755102,15.405405405405405
48,81,901,coalition,103,66,4.766639373026085,7.073170731707317
48,81,902,algorithmic,583,0,4.967497697147153,
48,81,903,direct,79,69,4.62079756517736,15.903614457831324
48,82,901,coalition,160,66,4.5195153061224485,9.229166666666668
48,82,902,algorithmic,474,0,4.8510936019977615,
48,82,903,direct,131,69,4.356188658669575,15.374149659863946
48,83,901,coalition,75,66,4.030887772194305,7.298969072164948
48,83,902,algorithmic,598,0,4.86432278622364,
48,83,903,direct,92,69,4.634768043114121,16.582914572864322
48,84,901,coalition,163,66,4.367331288343558,8.857142857142858
48,84,902,algorithmic,466,0,5.49678995896807,
48,84,903,direct,136,69,3.583084195216548,15.75
48,85,901,coalition,148,66,4.969490000836751,16.149122807017545
48,85,902,algorithmic,522,0,5.14454408502663,
48,85,903,direct,95,69,4.391249796317418,16.666666666666664
48,86,901,coalition,105,66,4.893660531697342,11.454545454545453
48,86,902,algorithmic,586,0,4.86267576710142,
48,86,903,direct,74,69,4.156608066700524,15.828220858895705
48,87,901,coalition,135,66,4.4547055755009355,6.972222222222222
48,87,902,algorithmic,554,0,5.039371466286214,
48,87,903,direct,76,69,4.678792569659443,15.211267605633804
48,88,901,coalition,70,66,3.8761904761904757,8.777777777777779
48,88,902,algorithmic,610,0,4.905901639344262,
48,88,903,direct,85,69,4.394901960784313,15.277777777777779
48,89,901,coalition,136,66,5.227508650519032,7.095890410958904
48,89,902,algorithmic,470,0,5.3332317985000275,
48,89,903,direct,159,69,4.136268343815513,15.555555555555554
48,90,901,coalition,120,66,4.287647116838714,8.857142857142858
48,90,902,algorithmic,584,0,4.78932390685863,
48,90,903,direct,61,69,4.384389527770981,17.004405286343612
48,91,901,coalition,87,66,4.181769580326116,9.689320388349515
48,91,902,algorithmic,526,0,5.232786963678332,
48,91,903,direct,152,69,4.180429918932729,14.728682170542637
48,92,901,coalition,130,66,4.701748251748252,8.875
48,92,902,algorithmic,536,0,5.010761086909947,
48,92,903,direct,99,69,4.11005992943792,16.90909090909091
48,93,901,coalition,124,66,4.869114129061976,7.447368421052632
48,93,902,algorithmic,540,0,4.867667543904544,
48,93,903,direct,101,69,4.241108035262301,15.928143712574853
48,94,901,coalition,55,66,4.161020176404792,7.777777777777779
48,94,902,algorithmic,602,0,5.328454165024572,
48,94,903,direct,108,69,4.925925925925926,15.976331360946746
48,95,901,coalition,118,66,4.2819722650231125,7.298507462686567
48,95,902,algorithmic,534,0,5.450593051087768,
48,95,903,direct,113,69,4.721238938053097,16.136363636363637
48,96,901,coalition,85,66,4.258888527786805,9.010752688172044
48,96,902,algorithmic,609,0,5.067832243608769,
48,96,903,direct,71,69,3.3748072783608047,16.243093922651934
48,97,901,coalition,118,66,4.681929033044751,7.772151898734179
48,97,902,algorithmic,517,0,5.347452933033443,
48,97,903,direct,130,69,4.185316455696203,15.107913669064748
48,98,901,coalition,162,66,4.704826038159371,9.157894736842106
48,98,902,algorithmic,521,0,4.722546653139079,
48,98,903,direct,82,69,4.6163776913477035,16.565656565656568
48,99,901,coalition,79,66,3.894462722355434,10.298969072164947
48,99,902,algorithmic,543,0,4.861992401171698,
48,99,903,direct,143,69,4.75783247589415,15.466666666666667
48,100,901,coalition,157,66,5.100884474899629,8.333333333333334
48,100,902,algorithmic,542,0,4.992517910961101,
48,100,903,direct,66,69,4.580849968883144,16.77725118483412
49,1,901,algorithmic,517,47,3.9557678965345477,11.389304197814836
49,1,902,coalition,108,41,4.162750961664005,13.849995411534382
49,1,903,direct,140,47,4.055040409795845,13.270049099836335
49,2,901,algorithmic,474,47,5.517279406805744,11.459574468085107
49,2,902,coalition,165,41,3.8280091234929943,12.443638760711933
49,2,903,direct,126,47,4.316175622627235,11.569434911919469
49,3,901,algorithmic,605,47,5.242257410363722,9.862272228556677
49,3,902,coalition,102,41,3.656862745098039,12.872779807937452
49,3,903,direct,58,47,3.3577241991249274,11.3681345868382
49,4,901,algorithmic,508,47,5.220504451547204,12.52340425531915
49,4,902,coalition,106,41,4.568686502177068,11.943776480018322
49,4,903,direct,151,47,3.9785267405265543,10.385433715220948
49,5,901,algorithmic,499,47,5.141794626787072,10.888772255642134
49,5,902,coalition,121,41,3.0248903412962154,11.925775527512915
49,5,903,direct,145,47,4.19851101215133,11.707527810778702
49,6,901,algorithmic,549,47,5.252959781524226,11.02697862915577
49,6,902,coalition,98,41,3.611914352284895,11.7510983184366
49,6,903,direct,118,47,3.951384062288544,12.017154951542832
49,7,901,algorithmic,466,47,5.020354252939868,11.738085679876127
49,7,902,coalition,183,41,3.8196457266150143,12.030872740562337
49,7,903,direct,116,47,3.416183337120151,11.237675142708873
49,8,901,algorithmic,570,47,5.362946873752662,10.756501182033096
49,8,902,coalition,109,41,3.2947759568554673,13.259516034347678
49,8,903,direct,86,47,3.4583337105336516,11.394536380351983
49,9,901,algorithmic,436,47,5.227849356041234,12.812744246634825
49,9,902,coalition,201,41,3.8640335885992787,11.670568014404976
49,9,903,direct,128,47,4.050403652967059,11.13217279174726
49,10,901,algorithmic,574,75,5.175650358311526,10.654137931034482
49,10,902,coalition,91,41,4.236304813372349,13.41341969436292
49,10,903,direct,100,19,3.4212050484094054,17.356321839080458
49,11,901,algorithmic,538,75,5.948343150384561,9.470354075005238
49,11,902,coalition,93,19,3.3347420684763494,13.946564885496185
49,11,903,direct,134,41,3.771841509336114,13.370019397716794
49,12,901,algorithmic,517,75,5.407108662721281,9.622222222222224
49,12,902,coalition,116,19,3.9136190292551767,11.4
49,12,903,direct,132,41,3.887248533800258,17.701149425287355
49,13,901,algorithmic,499,75,6.149800816488931,9.65
49,13,902,coalition,156,19,4.648332576829627,16.656716417910445
49,13,903,direct,110,41,4.355693256760595,17.674418604651162
49,14,901,algorithmic,521,75,5.679511819843901,8.834122647237402
49,14,902,coalition,143,19,4.883858456724483,12.096774193548388
49,14,903,direct,101,41,4.546724327605174,17.333333333333332
49,15,901,algorithmic,465,75,5.864548527775528,10.484902747761653
49,15,902,coalition,173,19,4.179629626531815,16.88198757763975
49,15,903,direct,127,41,3.8123143217011912,17.163120567375888
49,16,901,algorithmic,507,20,5.847148603749779,10.411764705882353
49,16,902,coalition,167,74,5.599375870145332,9.104555378115588
49,16,903,direct,91,41,4.254101482391437,17.604790419161677
49,17,901,algorithmic,542,20,4.815197544298307,11.365853658536587
49,17,902,coalition,135,74,4.478790877391385,10.100671140939598
49,17,903,direct,88,41,3.345078764812968,16.946564885496183
49,18,901,algorithmic,531,20,5.15986165435318,13.346153846153845
49,18,902,coalition,84,74,4.759114583333333,8.7
49,18,903,direct,150,41,3.323459935897436,16.875
49,19,901,algorithmic,510,0,5.2428851396069245,
49,19,902,coalition,125,74,4.770526315789473,7.797752808988763
49,19,903,direct,130,61,4.393584322742023,14.60825516991845
49,20,901,algorithmic,579,74,5.366232638171553,6.266666666666667
49,20,902,coalition,103,0,4.617777158400561,
49,20,903,direct,83,61,4.56050037470456,16.842105263157894
49,21,901,algorithmic,451,74,5.579737335834897,7.980769230769231
49,21,902,coalition,203,0,3.994608839436425,
49,21,903,direct,111,61,4.873873873873874,15.804195804195803
49,22,901,algorithmic,488,74,5.4429704726296615,7.135135135135135
49,22,902,coalition,174,0,5.924514351011628,
49,22,903,direct,103,61,4.718446601941747,16.49122807017544
49,23,901,algorithmic,500,74,5.492957055214724,8.150537634408602
49,23,902,coalition,191,0,4.727338035324686,
49,23,903,direct,74,61,4.243243243243243,16.319018404907975
49,24,901,algorithmic,458,74,5.65977970409959,9.266666666666667
49,24,902,coalition,179,0,5.224703299146724,
49,24,903,direct,128,61,4.4453125,15.522388059701493
49,25,901,algorithmic,509,74,5.587196421853447,7.609195402298852
49,25,902,coalition,200,0,5.033587062851553,
49,25,903,direct,56,61,4.678571428571429,16.80851063829787
49,26,901,algorithmic,448,74,5.6047952586206895,6.875
49,26,902,coalition,199,0,4.676225957373072,
49,26,903,direct,118,61,4.180084745762712,14.827586206896552
49,27,901,algorithmic,494,74,5.364986580539508,8.978021978021978
49,27,902,coalition,182,0,4.7029724196041025,
49,27,903,direct,89,61,5.033707865168539,16.629213483146067
49,28,901,algorithmic,456,74,5.778611797951254,8.204819277108435
49,28,902,coalition,189,0,5.340920515983182,
49,28,903,direct,120,61,4.858333333333333,15.973154362416107
49,29,901,algorithmic,469,74,5.665955934612652,8.204819277108435
49,29,902,coalition,190,0,4.857362784471218,
49,29,903,direct,106,61,4.905136268343815,16.666666666666664
49,30,901,algorithmic,497,74,5.766599597585513,7.704545454545454
49,30,902,coalition,202,0,4.838344376606336,
49,30,903,direct,66,61,5.257575757575758,16.385542168674696
49,31,901,algorithmic,484,74,5.628427128427129,7.097560975609756
49,31,902,coalition,166,0,5.271674386279147,
49,31,903,direct,115,61,4.765217391304348,15.238095238095237
49,32,901,algorithmic,485,74,5.399234167893962,7.394736842105263
49,32,902,coalition,178,0,5.162346878432035,
49,32,903,direct,102,61,4.553000147427392,16.57142857142857
49,33,901,algorithmic,464,74,5.50872711792252,10.626262626262626
49,33,902,coalition,141,0,4.805637143698609,
49,33,903,direct,160,61,4.330864197530864,16.296296296296298
49,34,901,algorithmic,501,0,5.7536744692433315,
49,34,902,coalition,138,74,5.025418554580803,8.097560975609756
49,34,903,direct,126,61,4.952741702741703,17.272727272727273
49,35,901,algorithmic,537,0,4.890722558933132,
49,35,902,coalition,154,74,4.71905847299518,12.895104895104895
49,35,903,direct,74,61,5.297297297297297,16.774193548387096
49,36,901,algorithmic,492,0,4.818325329176951,
49,36,902,coalition,131,74,4.461197392664749,8.843137254901961
49,36,903,direct,142,61,4.621269467022399,15.522388059701493
49,37,901,algorithmic,552,0,5.308847093149213,
49,37,902,coalition,133,74,5.232933819697759,15.42156862745098
49,37,903,direct,80,61,4.4749854397204425,17.02970297029703
49,38,901,algorithmic,567,0,4.9911937763503085,
49,38,902,coalition,92,74,4.908385093167702,10.302752293577981
49,38,903,direct,106,61,4.981132075471698,15.714285714285714
49,39,901,algorithmic,553,0,5.015432302941834,
49,39,902,coalition,104,74,4.582715477293791,9.7
49,39,903,direct,108,61,4.805836139169473,16.385542168674696
49,40,901,algorithmic,514,0,5.0136648563246204,
49,40,902,coalition,148,74,4.490106177606178,8.704545454545455
49,40,903,direct,103,61,4.1269022650872245,16.42857142857143
49,41,901,algorithmic,506,0,5.0805580364095295,
49,41,902,coalition,146,74,3.9237452555996377,10.539823008849558
49,41,903,direct,113,61,4.233051695831498,16.319018404907975
49,42,901,algorithmic,533,0,4.826123065374962,
49,42,902,coalition,93,74,3.6243396109142894,7.700000000000001
49,42,903,direct,139,61,4.649446470221084,16.53179190751445
49,43,901,algorithmic,571,0,5.375940701060699,
49,43,902,coalition,119,74,4.389248052553952,7.30952380952381
49,43,903,direct,75,61,2.2598667846787963,16.984924623115578
49,44,901,algorithmic,472,0,4.935630341880342,
49,44,902,coalition,135,74,4.246296296296296,7.980769230769231
49,44,903,direct,158,61,4.401898734177215,15.555555555555555
49,45,901,algorithmic,597,0,4.748233543894844,
49,45,902,coalition,102,74,4.541374347904299,8.177570093457945
49,45,903,direct,66,61,4.189502864736509,17.247706422018346
49,46,901,algorithmic,500,0,4.996387638713302,
49,46,902,coalition,140,74,4.8684807256235825,10.539823008849558
49,46,903,direct,125,61,4.900613906447535,15.238095238095237
49,47,901,algorithmic,563,0,5.001855841657083,
49,47,902,coalition,119,74,4.679084576350524,8.395833333333334
49,47,903,direct,83,61,4.89411318666367,16.756756756756758
49,48,901,algorithmic,507,0,4.906389745999139,
49,48,902,coalition,131,74,4.267762771579566,6.759493670886076
49,48,903,direct,127,61,4.9338910761154855,15.804195804195803
49,49,901,algorithmic,527,0,4.654183212912108,
49,49,902,coalition,131,74,5.092133730660898,11.71014492753623
49,49,903,direct,107,61,4.158274428681007,16.791443850267378
49,50,901,algorithmic,531,0,4.903819151361952,
49,50,902,coalition,109,74,5.287974509696204,9.626262626262626
49,50,903,direct,125,61,3.572949587456104,16.407185628742518
49,51,901,algorithmic,485,0,4.8575597987969115,
49,51,902,coalition,152,74,4.375355618776672,7.704545454545454
49,51,903,direct,128,61,4.504164965102465,16.756756756756758
49,52,901,algorithmic,541,0,4.871422323935644,
49,52,902,coalition,99,74,4.558423478281634,7.797752808988763
49,52,903,direct,125,61,4.253078821685659,16.80851063829787
49,53,901,algorithmic,560,0,5.120992592753391,
49,53,902,coalition,120,74,4.9484234234234235,7.978021978021978
49,53,903,direct,85,61,4.5106961955115175,16.756756756756758
49,54,901,algorithmic,586,74,5.434685988363398,6.204819277108434
49,54,902,coalition,75,0,3.979310344827586,
49,54,903,direct,104,61,4.464627341570347,15.862068965517242
49,55,901,algorithmic,501,74,5.849739545299644,7.700000000000001
49,55,902,coalition,187,0,3.8665840615625404,
49,55,903,direct,77,61,4.735064935064935,16.34146341463415
49,56,901,algorithmic,548,74,5.829532740156641,8.394736842105264
49,56,902,coalition,120,0,5.7196568062492,
49,56,903,direct,97,61,4.927835051546392,15.62043795620438
49,57,901,algorithmic,470,74,5.866323350047432,8.395833333333334
49,57,902,coalition,204,0,4.296216071354231,
49,57,903,direct,91,61,4.529992300692938,16.178343949044585
49,58,901,algorithmic,550,74,5.813931366646599,7.64102564102564
49,58,902,coalition,137,0,5.666320853056485,
49,58,903,direct,78,61,4.717948717948718,16.026490066225165
49,59,901,algorithmic,538,74,5.658773772964818,8.23404255319149
49,59,902,coalition,127,0,4.358094114276419,
49,59,903,direct,100,61,4.82,15.652173913043477
49,60,901,algorithmic,526,74,5.72944391634981,8.60919540229885
49,60,902,coalition,157,0,4.996737499084853,
49,60,903,direct,82,61,4.810905522848332,16.25
49,61,901,algorithmic,499,74,5.632363318185667,7.978021978021978
49,61,902,coalition,180,0,4.64901975958314,
49,61,903,direct,86,61,4.6976744186046515,15.774647887323944
49,62,901,algorithmic,471,74,5.771078730768113,6.097560975609756
49,62,902,coalition,186,0,4.877888909247025,
49,62,903,direct,108,61,4.833333333333333,15.89041095890411
49,63,901,algorithmic,489,74,5.452064465868147,6.511627906976744
49,63,902,coalition,178,0,5.229984010850225,
49,63,903,direct,98,61,4.704081632653061,16.42857142857143
49,64,901,algorithmic,478,74,5.587177585932949,6.987654320987653
49,64,902,coalition,159,0,4.760303545856713,
49,64,903,direct,128,61,4.6171875,16.20253164556962
49,65,901,algorithmic,464,74,5.625091709464416,8.394736842105264
49,65,902,coalition,211,0,4.991288218529585,
49,65,903,direct,90,61,4.880732860520094,16.80851063829787
49,66,901,algorithmic,499,74,5.707147628590515,9.23404255319149
49,66,902,coalition,187,0,4.972268365760231,
49,66,903,direct,79,61,4.506329113924051,16.0
49,67,901,algorithmic,498,74,5.530163820750628,8.135135135135135
49,67,902,coalition,172,0,5.25844905470972,
49,67,903,direct,95,61,4.608784551306323,15.683453237410072
49,68,901,algorithmic,497,74,5.692282728629843,7.150537634408602
49,68,902,coalition,184,0,4.70067788686302,
49,68,903,direct,84,61,4.726190476190476,16.129032258064516
49,69,901,algorithmic,547,74,5.768789356083689,8.135135135135135
49,69,902,coalition,141,0,5.862687155240347,
49,69,903,direct,77,61,5.2727272727272725,15.833333333333334
49,70,901,algorithmic,498,74,5.82556503385806,9.23404255319149
49,70,902,coalition,170,0,5.098251463964993,
49,70,903,direct,97,61,4.134020618556701,15.62043795620438
49,71,901,algorithmic,553,74,5.510936294214534,9.60919540229885
49,71,902,coalition,107,0,5.30367092184606,
49,71,903,direct,105,61,5.20952380952381,16.178343949044585
49,72,901,algorithmic,529,74,5.93286360772183,7.888888888888889
49,72,902,coalition,177,0,4.839296924042687,
49,72,903,direct,59,61,4.661016949152542,16.363636363636363
49,73,901,algorithmic,497,74,5.65405880662124,6.6410256410256405
49,73,902,coalition,145,0,5.345240695747795,
49,73,903,direct,123,61,4.796747967479675,14.957983193277311
49,74,901,algorithmic,505,74,5.526072607260725,6.609195402298851
49,74,902,coalition,178,0,4.681195918894486,
49,74,903,direct,82,61,4.646341463414634,16.721311475409834
49,75,901,algorithmic,479,0,5.955776412126202,
49,75,902,coalition,168,74,5.443305667337357,6.875
49,75,903,direct,118,61,4.836476486034853,15.774647887323944
49,76,901,algorithmic,597,0,4.708596454953393,
49,76,902,coalition,95,74,4.936960378474276,11.112903225806452
49,76,903,direct,73,61,4.862557633191576,16.629213483146067
49,77,901,algorithmic,595,0,5.4269494032430785,
49,77,902,coalition,80,74,4.7451597744360905,8.978021978021978
49,77,903,direct,90,61,5.144444444444445,15.488721804511279
49,78,901,algorithmic,549,0,5.1830905216311844,
49,78,902,coalition,118,74,5.083050847457627,9.626262626262626
49,78,903,direct,98,61,5.409830598906229,16.0
49,79,901,algorithmic,565,0,4.849392688349778,
49,79,902,coalition,79,74,4.876942797628585,9.843137254901961
49,79,903,direct,121,61,4.555795941326641,16.20253164556962
49,80,901,algorithmic,540,0,5.3016825109633094,
49,80,902,coalition,120,74,4.844152854511971,8.30952380952381
49,80,903,direct,105,61,4.8004347886290315,16.685082872928177
49,81,901,algorithmic,560,0,5.034057294846619,
49,81,902,coalition,116,74,4.782131661442007,10.302752293577981
49,81,903,direct,89,61,5.286995678560994,16.363636363636363
49,82,901,algorithmic,521,0,4.976733173799381,
49,82,902,coalition,135,74,5.1203579418344525,9.31578947368421
49,82,903,direct,109,61,4.331197514683753,15.973154362416107
49,83,901,algorithmic,531,0,4.807126778769542,
49,83,902,coalition,118,74,4.313408885768729,8.98076923076923
49,83,903,direct,116,61,4.124349622526015,16.449704142011832
49,84,901,algorithmic,484,0,4.689217593240827,
49,84,902,coalition,172,74,4.728395877378436,8.23404255319149
49,84,903,direct,109,61,4.36659148767079,16.59090909090909
49,85,901,algorithmic,580,0,4.546991694045502,
49,85,902,coalition,126,74,4.7783441920019625,9.916666666666666
49,85,903,direct,59,61,4.5060532687651325,16.449704142011832
49,86,901,algorithmic,506,0,5.1226751788582146,
49,86,902,coalition,103,74,4.627315003671371,9.302752293577981
49,86,903,direct,156,61,4.511531428017529,14.957983193277311
49,87,901,algorithmic,537,0,4.655910004408262,
49,87,902,coalition,135,74,4.597325102880658,9.772277227722773
49,87,903,direct,93,61,4.7321769811389744,17.22222222222222
49,88,901,algorithmic,547,0,4.867220698410402,
49,88,902,coalition,119,74,4.62228813093865,9.813559322033898
49,88,903,direct,99,61,4.630282617570753,16.07843137254902
49,89,901,algorithmic,513,0,4.74884228765985,
49,89,902,coalition,143,74,4.774816378589963,9.551020408163264
49,89,903,direct,109,61,4.8547400611620795,16.22641509433962
49,90,901,algorithmic,528,0,5.109628815034692,
49,90,902,coalition,131,74,4.613049202597059,9.772277227722773
49,90,903,direct,106,61,4.002307463450748,16.449704142011832
49,91,901,algorithmic,539,0,4.950963737083004,
49,91,902,coalition,121,74,4.51564351718981,9.916666666666666
49,91,903,direct,105,61,4.904575163398693,16.385542168674696
49,92,901,algorithmic,539,0,5.220751598070533,
49,92,902,coalition,110,74,4.693112947658403,7.097560975609756
49,92,903,direct,116,61,4.449608958407395,16.363636363636363
49,93,901,algorithmic,479,0,4.54163558357747,
49,93,902,coalition,163,74,5.240100390407139,8.98076923076923
49,93,903,direct,123,61,4.336132213781155,16.59090909090909
49,94,901,algorithmic,586,0,4.817835019291643,
49,94,902,coalition,61,74,4.434935630267667,11.112903225806452
49,94,903,direct,118,61,4.514206151365477,16.721311475409834
49,95,901,algorithmic,479,0,4.919373113563049,
49,95,902,coalition,153,74,4.797459058529778,12.01639344262295
49,95,903,direct,133,61,4.298836456434715,16.629213483146067
49,96,901,algorithmic,583,0,4.9992363058100775,
49,96,902,coalition,66,74,4.293845187627571,9.551020408163264
49,96,903,direct,116,61,4.817225884283774,16.89119170984456
49,97,901,algorithmic,530,0,5.188369521756474,
49,97,902,coalition,98,74,5.048353432282004,10.177570093457945
49,97,903,direct,137,61,4.400585134407838,16.59090909090909
49,98,901,algorithmic,538,0,5.011541328096961,
49,98,902,coalition,138,74,4.717391304347826,8.797752808988765
49,98,903,direct,89,61,4.445955713253171,16.95431472081218
49,99,901,algorithmic,515,0,4.554869445570994,
49,99,902,coalition,126,74,4.1955002809673765,10.482142857142858
49,99,903,direct,124,61,4.736809847773385,15.973154362416107
49,100,901,algorithmic,602,0,5.200513025784367,
49,100,902,coalition,86,74,4.152033549954017,8.411764705882353
49,100,903,direct,77,61,4.996612083568605,16.73913043478261
