config,n_platforms,rho_e,alpha,iteration,n_events,mainstream_util_delta_mean,mainstream_util_delta_median,mainstream_util_delta_negative_fraction,fraction_to_algorithmic,fraction_to_coalition,burst_size_mean,burst_displacement_correlation
exp2_np27_rho005_alpha10,27,0.05,10,13,3,0.022317336868772426,0.021013117836189643,0.3333333333333333,0.3333333333333333,0.6666666666666666,12.333333333333334,0.8535121170612214
exp2_np27_rho005_alpha10,27,0.05,10,12,0,,,,,,,
exp2_np27_rho005_alpha10,27,0.05,10,9,10,-0.008495658130589145,-0.01285843631807504,0.6,0.4,0.6,13.8,-0.39539144996155406
exp2_np27_rho005_alpha10,27,0.05,10,8,14,0.0019232681869532087,-0.0028637153992869813,0.5714285714285714,0.35714285714285715,0.6428571428571429,12.142857142857142,-0.09191930069838901
exp2_np27_rho005_alpha10,27,0.05,10,15,32,0.018644224246723545,0.022868141874275327,0.34375,0.5,0.5,15.09375,0.17974875302314464
exp2_np27_rho005_alpha10,27,0.05,10,2,26,0.005830765669809164,-0.008950185278468581,0.5769230769230769,0.4230769230769231,0.5769230769230769,13.384615384615385,0.3527289907325522
exp2_np27_rho005_alpha10,27,0.05,10,1,12,0.017608872260362746,-0.001234452748663628,0.5,0.5833333333333334,0.4166666666666667,14.5,0.5841383012641558
exp2_np27_rho005_alpha10,27,0.05,10,10,36,0.020615030095480255,0.011878116294451235,0.4444444444444444,0.6666666666666666,0.3333333333333333,15.277777777777779,-0.324152686115506
exp2_np27_rho005_alpha10,27,0.05,10,14,14,0.014738711148759418,0.0386545802244016,0.21428571428571427,0.7142857142857143,0.2857142857142857,15.285714285714286,-0.44123811430496523
exp2_np27_rho005_alpha10,27,0.05,10,0,5,0.050472427777360454,0.05888769833065588,0.2,0.8,0.2,10.8,-0.11332189358565936
exp2_np27_rho005_alpha10,27,0.05,10,7,12,-0.007205898288984584,-0.02714075493747936,0.5833333333333334,0.4166666666666667,0.5833333333333334,12.333333333333334,-0.15101748016052916
exp2_np27_rho005_alpha10,27,0.05,10,11,12,0.008526177494129946,0.01615118125649273,0.4166666666666667,0.5,0.5,11.75,-0.6537619694494903
exp2_np27_rho005_alpha10,27,0.05,10,3,23,0.007954682222469693,0.004456071113090765,0.4782608695652174,0.6086956521739131,0.391304347826087,13.478260869565217,-0.14779417732468772
exp2_np27_rho005_alpha10,27,0.05,10,5,35,0.010442831617968754,0.022161526540114274,0.37142857142857144,0.5142857142857142,0.4857142857142857,17.914285714285715,-0.3081661574584476
exp2_np27_rho005_alpha10,27,0.05,10,6,18,0.010506056002705686,-0.00945711646669034,0.5,0.4444444444444444,0.5555555555555556,16.38888888888889,-0.212132069479991
exp2_np27_rho005_alpha10,27,0.05,10,4,2,0.014983847435432462,0.014983847435432462,0.5,0.5,0.5,10.5,
exp2_np27_rho005_alpha10,27,0.05,10,16,11,-0.004305688042790301,0.0013541272161727846,0.45454545454545453,0.5454545454545454,0.45454545454545453,11.545454545454545,-0.34112715821343104
exp2_np27_rho005_alpha10,27,0.05,10,18,9,0.02093704978544459,0.016410040733199516,0.4444444444444444,0.4444444444444444,0.5555555555555556,12.444444444444445,0.47936140728458704
exp2_np27_rho005_alpha10,27,0.05,10,17,15,0.04874834405775298,0.04293728198329738,0.2,0.6,0.4,14.066666666666666,-0.20733463335438512
exp2_np27_rho005_alpha10,27,0.05,10,21,12,-0.01272649936202123,-0.015498584700256668,0.75,0.4166666666666667,0.5833333333333334,14.416666666666666,0.27308054887883415
exp2_np27_rho005_alpha10,27,0.05,10,19,18,0.01834283110844585,0.00504753833400029,0.5,0.3888888888888889,0.6111111111111112,16.22222222222222,0.511287895774991
exp2_np27_rho005_alpha10,27,0.05,10,23,15,0.0005707953019946643,0.00405827439275086,0.4666666666666667,0.5333333333333333,0.4666666666666667,17.133333333333333,-0.10417125707730074
exp2_np27_rho005_alpha10,27,0.05,10,25,12,0.0685476619277124,0.07222757059908735,0.08333333333333333,0.75,0.25,13.25,-0.417364694914033
exp2_np27_rho005_alpha10,27,0.05,10,20,4,0.04957649300407474,0.06971541509842583,0.25,0.25,0.75,13.25,-0.33086310223121934
exp2_np27_rho005_alpha10,27,0.05,10,24,1,-0.040956571094086236,-0.040956571094086236,1.0,0.0,1.0,10.0,
exp2_np27_rho005_alpha10,27,0.05,10,22,2,0.048344448660379236,0.048344448660379236,0.5,1.0,0.0,12.0,
exp2_np27_rho005_alpha10,27,0.05,10,26,12,0.002820270470823042,-0.01930420808669675,0.5833333333333334,0.4166666666666667,0.5833333333333334,17.333333333333332,0.3704044510540101
exp2_np27_rho005_alpha10,27,0.05,10,29,34,0.023007580190186,0.025199914037313143,0.3235294117647059,0.5882352941176471,0.4117647058823529,14.941176470588236,-0.12877811883009416
exp2_np27_rho005_alpha10,27,0.05,10,31,30,0.00981487926150016,0.012034308295839402,0.4666666666666667,0.6666666666666666,0.3333333333333333,17.1,-0.09572888450902128
exp2_np27_rho005_alpha10,27,0.05,10,30,7,0.009108599951228591,0.010055255353083048,0.2857142857142857,0.5714285714285714,0.42857142857142855,12.714285714285714,-0.8169655098528285
exp2_np27_rho005_alpha10,27,0.05,10,28,14,0.034485379260906966,0.0256112228326848,0.2857142857142857,0.6428571428571429,0.35714285714285715,15.142857142857142,0.0891438251124997
exp2_np27_rho005_alpha10,27,0.05,10,27,6,0.06829057917289265,0.08867352153342623,0.16666666666666666,1.0,0.0,14.0,-0.7327999576669604
exp2_np27_rho005_alpha10,27,0.05,10,33,19,0.004655507450102341,0.019718443865123447,0.47368421052631576,0.47368421052631576,0.5263157894736842,13.473684210526315,0.06481729559391866
exp2_np27_rho005_alpha10,27,0.05,10,36,22,0.04570809818324548,0.04602428716309559,0.3181818181818182,0.3181818181818182,0.6818181818181818,15.409090909090908,-0.3462078652540811
exp2_np27_rho005_alpha10,27,0.05,10,35,16,0.0031661587028777305,0.004042342729058124,0.4375,0.5,0.5,15.4375,-0.04849842275734403
exp2_np27_rho005_alpha10,27,0.05,10,34,5,0.03630939197917016,0.03139784458869688,0.2,0.8,0.2,14.8,-0.5999571948131815
exp2_np27_rho005_alpha10,27,0.05,10,32,11,0.025036384498032905,0.028514702064367015,0.18181818181818182,0.5454545454545454,0.45454545454545453,15.727272727272727,-0.16060581239468286
exp2_np27_rho005_alpha10,27,0.05,10,37,17,-0.017837057663427497,-0.032771983554417794,0.5882352941176471,0.5294117647058824,0.47058823529411764,14.941176470588236,-0.3311884508637656
exp2_np27_rho005_alpha10,27,0.05,10,38,15,-0.011168604816708989,-0.0437578728201089,0.6666666666666666,0.26666666666666666,0.7333333333333333,13.4,0.03185360021864626
exp2_np27_rho005_alpha10,27,0.05,10,39,17,0.020023509190091052,0.026194423383794962,0.35294117647058826,0.4117647058823529,0.5882352941176471,14.764705882352942,-0.02374157303550141
exp2_np27_rho005_alpha10,27,0.05,10,45,15,0.0650936009598638,0.021711469885489443,0.3333333333333333,0.3333333333333333,0.6666666666666666,14.666666666666666,-0.3048655698771682
exp2_np27_rho005_alpha10,27,0.05,10,40,21,0.027598276822356976,0.04631928935585705,0.3333333333333333,0.38095238095238093,0.6190476190476191,15.142857142857142,0.09730774243213249
exp2_np27_rho005_alpha10,27,0.05,10,42,6,-0.009172293175745416,-0.013547005456782113,0.6666666666666666,0.6666666666666666,0.3333333333333333,14.166666666666666,0.17927145034209438
exp2_np27_rho005_alpha10,27,0.05,10,43,25,0.004598603181352523,0.0024563291692265565,0.48,0.32,0.68,14.96,-0.33496437539656004
exp2_np27_rho005_alpha10,27,0.05,10,44,11,-0.0012111480551390906,0.002144595437093777,0.45454545454545453,0.36363636363636365,0.6363636363636364,11.454545454545455,0.22760317165772584
exp2_np27_rho005_alpha10,27,0.05,10,41,15,0.0046690199595054455,-0.0027360792802761935,0.5333333333333333,0.4666666666666667,0.5333333333333333,13.866666666666667,0.22903532624563414
exp2_np27_rho005_alpha10,27,0.05,10,47,3,0.052623003846916504,0.04169284787468186,0.0,1.0,0.0,14.0,0.7231306229934023
exp2_np27_rho005_alpha10,27,0.05,10,46,29,0.012145253540034259,0.01168061872288817,0.41379310344827586,0.41379310344827586,0.5862068965517241,15.517241379310345,-0.11321101360776371
exp2_np27_rho005_alpha10,27,0.05,10,48,33,0.01302466666886535,0.01674705801315568,0.42424242424242425,0.45454545454545453,0.5454545454545454,18.393939393939394,-0.3155275983280067
exp2_np27_rho005_alpha10,27,0.05,10,50,37,0.020163662149525682,0.015300588257037617,0.3783783783783784,0.32432432432432434,0.6756756756756757,15.72972972972973,-0.09930106617620094
exp2_np27_rho005_alpha10,27,0.05,10,49,15,0.017157466941936348,-0.003966780805921388,0.5333333333333333,0.6,0.4,15.666666666666666,0.0975878452710462
exp2_np27_rho005_alpha10,27,0.05,10,54,21,-0.006626761249178286,-0.009800393195683377,0.5238095238095238,0.2857142857142857,0.7142857142857143,17.142857142857142,-0.4755210621759014
exp2_np27_rho005_alpha10,27,0.05,10,51,2,0.06448689891181525,0.06448689891181525,0.0,1.0,0.0,11.0,
exp2_np27_rho005_alpha10,27,0.05,10,52,20,0.015267851108326758,0.0038887070362059184,0.35,0.65,0.35,13.85,-0.016017044763088628
exp2_np27_rho005_alpha10,27,0.05,10,53,32,-0.002926038549197846,-0.004795619320895117,0.53125,0.46875,0.53125,17.625,0.059623884676616924
exp2_np27_rho005_alpha10,27,0.05,10,55,12,0.030480409644287592,0.05431729720881284,0.3333333333333333,0.5833333333333334,0.4166666666666667,12.583333333333334,0.34322266472548585
exp2_np27_rho005_alpha10,27,0.05,10,56,12,0.02000685015831231,0.021787673319759726,0.25,0.4166666666666667,0.5833333333333334,15.166666666666666,-0.7092852535159268
exp2_np27_rho005_alpha10,27,0.05,10,58,29,0.006273518900097614,-0.0075756343463826425,0.5517241379310345,0.3103448275862069,0.6896551724137931,17.689655172413794,-0.04929170974005035
exp2_np27_rho005_alpha10,27,0.05,10,59,13,-0.03056670053278321,-0.05544301078778879,0.6153846153846154,0.3076923076923077,0.6923076923076923,12.76923076923077,-0.026013612594143927
exp2_np27_rho005_alpha10,27,0.05,10,60,17,-0.018949583815579357,-0.011806264190285631,0.5882352941176471,0.47058823529411764,0.5294117647058824,12.235294117647058,0.1927988657796814
exp2_np27_rho005_alpha10,27,0.05,10,57,6,-0.023302134817813663,-0.036430057586136044,0.8333333333333334,0.6666666666666666,0.3333333333333333,11.166666666666666,0.720924054249349
exp2_np27_rho005_alpha10,27,0.05,10,61,18,0.023661416508065327,0.04872341879264219,0.3333333333333333,0.2777777777777778,0.7222222222222222,17.5,0.13678100770370208
exp2_np27_rho005_alpha10,27,0.05,10,62,5,-0.015401254148588705,-0.022126619549556636,0.8,0.6,0.4,10.2,0.017557773963750075
exp2_np27_rho005_alpha10,27,0.05,10,63,24,0.010405935496854424,0.012664252357022843,0.4166666666666667,0.4583333333333333,0.5416666666666666,15.583333333333334,-0.026885454402253914
exp2_np27_rho005_alpha10,27,0.05,10,64,10,0.004299629020108231,-0.016599233326203056,0.6,0.4,0.6,13.9,-0.2658820078533045
exp2_np27_rho005_alpha10,27,0.05,10,65,31,-0.02867350874052279,-0.02520872839275423,0.6774193548387096,0.3548387096774194,0.6451612903225806,13.64516129032258,0.23771408439530128
exp2_np27_rho005_alpha10,27,0.05,10,68,24,-0.0011975259255959287,-0.002408371523373365,0.5416666666666666,0.5833333333333334,0.4166666666666667,17.5,0.2765805437277296
exp2_np27_rho005_alpha10,27,0.05,10,66,4,-0.038016965996465535,-0.04286044110762344,0.75,0.5,0.5,10.0,
exp2_np27_rho005_alpha10,27,0.05,10,67,16,0.008302958632456947,0.04267037460742573,0.4375,0.625,0.375,12.5625,-0.1107783265859239
exp2_np27_rho005_alpha10,27,0.05,10,70,0,,,,,,,
exp2_np27_rho005_alpha10,27,0.05,10,69,37,-0.0042638971406131635,-0.007342337160436863,0.5135135135135135,0.5135135135135135,0.4864864864864865,16.027027027027028,0.2256613813067008
exp2_np27_rho005_alpha10,27,0.05,10,71,28,0.01853339144016083,0.014177880463955628,0.4642857142857143,0.42857142857142855,0.5714285714285714,15.25,-0.08404337834637185
exp2_np27_rho005_alpha10,27,0.05,10,72,7,-0.02943910631132913,-0.05106008810189877,0.7142857142857143,0.2857142857142857,0.7142857142857143,14.571428571428571,-0.9447243184372585
exp2_np27_rho005_alpha10,27,0.05,10,74,32,0.018423511123336817,0.02272580673034108,0.34375,0.375,0.625,15.8125,0.012946277094034498
exp2_np27_rho005_alpha10,27,0.05,10,73,19,0.016869220452659858,0.007540346492173278,0.42105263157894735,0.631578947368421,0.3684210526315789,15.526315789473685,0.3334307416915311
exp2_np27_rho005_alpha10,27,0.05,10,75,6,0.0808046833330794,0.0799361223661812,0.0,0.5,0.5,13.666666666666666,0.4002074475872144
exp2_np27_rho005_alpha10,27,0.05,10,76,32,0.007198406656638817,0.017373752344369997,0.46875,0.46875,0.53125,17.5,-0.14073882147652142
exp2_np27_rho005_alpha10,27,0.05,10,77,15,0.01167429355840491,0.013771361485527933,0.4666666666666667,0.4666666666666667,0.5333333333333333,14.466666666666667,0.23604704255225203
exp2_np27_rho005_alpha10,27,0.05,10,78,5,-0.035474781711664606,-0.06399976324911893,0.6,0.8,0.2,11.0,-0.621831371221914
exp2_np27_rho005_alpha10,27,0.05,10,79,9,-0.0022866868526145723,0.021957406695793047,0.4444444444444444,0.5555555555555556,0.4444444444444444,12.222222222222221,-0.6729845397423576
exp2_np27_rho005_alpha10,27,0.05,10,80,22,-0.014867930898407312,-0.029538911064948437,0.5909090909090909,0.2727272727272727,0.7272727272727273,15.5,-0.1116779669003783
exp2_np27_rho005_alpha10,27,0.05,10,82,12,0.021423228412310886,0.007153939911398233,0.5,0.5,0.5,11.0,-0.2917767948472416
exp2_np27_rho005_alpha10,27,0.05,10,81,21,0.007408549807815135,-0.02086764284322218,0.6190476190476191,0.5714285714285714,0.42857142857142855,12.238095238095237,0.09928169092151864
exp2_np27_rho005_alpha10,27,0.05,10,84,8,0.031478123609722686,0.024295209636996606,0.25,0.375,0.625,14.25,-0.653536744024789
exp2_np27_rho005_alpha10,27,0.05,10,85,4,0.0019319302091931334,-0.020823837202534,0.5,0.75,0.25,11.75,-0.26392988012705726
exp2_np27_rho005_alpha10,27,0.05,10,83,19,-0.0009586362285724485,-0.009936324369367533,0.631578947368421,0.3157894736842105,0.6842105263157895,16.263157894736842,0.38469403693981086
exp2_np27_rho005_alpha10,27,0.05,10,86,22,0.021495679488293493,0.023875216804385868,0.36363636363636365,0.5909090909090909,0.4090909090909091,15.0,-0.16490063614903563
exp2_np27_rho005_alpha10,27,0.05,10,88,35,0.0019360976385837654,0.00817498207329237,0.4857142857142857,0.5714285714285714,0.42857142857142855,19.0,0.054997418756977924
exp2_np27_rho005_alpha10,27,0.05,10,87,9,-0.02286679239867932,-0.04594770075641286,0.6666666666666666,0.3333333333333333,0.6666666666666666,13.555555555555555,0.436808080695251
exp2_np27_rho005_alpha10,27,0.05,10,89,0,,,,,,,
exp2_np27_rho005_alpha10,27,0.05,10,90,17,0.016203205850912335,0.01967857799623829,0.29411764705882354,0.47058823529411764,0.5294117647058824,14.764705882352942,0.0749651138978425
exp2_np27_rho005_alpha10,27,0.05,10,91,21,0.01683443598097351,0.014743863713492011,0.38095238095238093,0.2857142857142857,0.7142857142857143,16.523809523809526,-0.11840111038007428
exp2_np27_rho005_alpha10,27,0.05,10,92,24,0.02899709045103438,0.027284879651660265,0.2916666666666667,0.5,0.5,16.708333333333332,-0.35113287006954363
exp2_np27_rho005_alpha10,27,0.05,10,94,15,0.012568612718424592,0.019963862441287006,0.4666666666666667,0.5333333333333333,0.4666666666666667,13.666666666666666,-0.024413521863252262
exp2_np27_rho005_alpha10,27,0.05,10,93,25,0.030483264970675102,0.008052959195992138,0.4,0.52,0.48,15.6,-0.42306678653367824
exp2_np27_rho005_alpha10,27,0.05,10,95,27,0.013067130389971763,0.009823174255489064,0.4444444444444444,0.5185185185185185,0.48148148148148145,15.481481481481481,0.11217399208199973
exp2_np27_rho005_alpha10,27,0.05,10,96,11,0.03691611886872736,0.02050022731820267,0.18181818181818182,0.6363636363636364,0.36363636363636365,13.090909090909092,-0.0038413047256624323
exp2_np27_rho005_alpha10,27,0.05,10,98,21,0.008263788664897551,0.0177169643926387,0.42857142857142855,0.5238095238095238,0.47619047619047616,14.428571428571429,-0.17649458263685408
exp2_np27_rho005_alpha10,27,0.05,10,97,20,0.03827354840554502,0.023079465197165305,0.3,0.7,0.3,16.3,0.5073675877725939
exp2_np27_rho005_alpha10,27,0.05,10,99,1,0.024365450273327482,0.024365450273327482,0.0,0.0,1.0,10.0,
exp2_np27_rho005_alpha10,27,0.05,10,103,4,0.01784761953050107,0.001997842295720531,0.5,0.25,0.75,11.75,0.6084422379328727
exp2_np27_rho005_alpha10,27,0.05,10,102,14,0.035188606225976686,0.04650187426376817,0.2857142857142857,0.6428571428571429,0.35714285714285715,14.571428571428571,-0.23590563964663416
exp2_np27_rho005_alpha10,27,0.05,10,105,29,0.03202229061233513,0.0313713974343619,0.41379310344827586,0.5172413793103449,0.4827586206896552,16.96551724137931,0.13364265715202467
exp2_np27_rho005_alpha10,27,0.05,10,100,20,-0.026989952372722968,-0.03996909241782154,0.65,0.3,0.7,20.3,0.239539745359787
exp2_np27_rho005_alpha10,27,0.05,10,101,16,0.020188911678712063,0.019552868378765798,0.375,0.4375,0.5625,12.125,0.05642615715367078
exp2_np27_rho005_alpha10,27,0.05,10,106,27,0.023070626976046553,0.0344321500937852,0.3333333333333333,0.5555555555555556,0.4444444444444444,15.62962962962963,0.275514126995092
exp2_np27_rho005_alpha10,27,0.05,10,108,22,0.011599454043787089,-0.0006441415560680674,0.5,0.36363636363636365,0.6363636363636364,16.0,-0.0722615703395171
exp2_np27_rho005_alpha10,27,0.05,10,107,12,0.03378581096670552,0.04096138528043003,0.25,0.5,0.5,13.083333333333334,0.05340502639313527
exp2_np27_rho005_alpha10,27,0.05,10,104,10,-0.0008966589947495329,0.010106040082861867,0.4,0.4,0.6,13.7,0.48954427653320487
exp2_np27_rho005_alpha10,27,0.05,10,111,9,0.028606070570521582,0.03230549879865219,0.2222222222222222,0.5555555555555556,0.4444444444444444,13.666666666666666,-0.38527341565533507
exp2_np27_rho005_alpha10,27,0.05,10,109,16,-0.0170252159578006,-0.02290879122349887,0.5625,0.5,0.5,14.6875,-0.15238112676656732
exp2_np27_rho005_alpha10,27,0.05,10,110,18,0.0027021390863285356,-0.0042291548316333305,0.5555555555555556,0.6111111111111112,0.3888888888888889,13.555555555555555,0.17106125098699237
exp2_np27_rho005_alpha10,27,0.05,10,112,16,0.01278410783135725,0.011990243037010462,0.4375,0.3125,0.6875,16.875,-0.22413928588607726
exp2_np27_rho005_alpha10,27,0.05,10,113,30,0.010903283333970866,0.00398467646368017,0.5,0.4666666666666667,0.5333333333333333,18.133333333333333,0.3470918472210212
exp2_np27_rho005_alpha10,27,0.05,10,114,37,0.0004953532546491082,-0.007518409168969065,0.5405405405405406,0.40540540540540543,0.5945945945945946,16.62162162162162,-0.039654469158049835
exp2_np27_rho005_alpha10,27,0.05,10,115,21,0.02031269849310949,0.018265775975316423,0.38095238095238093,0.5238095238095238,0.47619047619047616,15.0,0.05320129693228092
exp2_np27_rho005_alpha10,27,0.05,10,117,20,0.004073164907565596,0.02682850289906158,0.4,0.45,0.55,14.25,-0.012888015541772647
exp2_np27_rho005_alpha10,27,0.05,10,116,15,-0.0006570372416751032,0.011383137548569344,0.4666666666666667,0.6,0.4,12.733333333333333,0.12913025797654928
exp2_np27_rho005_alpha10,27,0.05,10,121,53,0.008898277568539047,0.023348454587978296,0.33962264150943394,0.5471698113207547,0.4528301886792453,17.962264150943398,0.2494479822093543
exp2_np27_rho005_alpha10,27,0.05,10,119,5,-0.008415974936457005,-0.020488811795170037,0.6,0.4,0.6,15.0,-0.7813423480599874
exp2_np27_rho005_alpha10,27,0.05,10,118,32,0.03160847492040422,0.01990501572173775,0.40625,0.59375,0.40625,15.53125,-0.011256432237985614
exp2_np27_rho005_alpha10,27,0.05,10,120,14,-0.004373668440590173,0.001942677241811186,0.5,0.35714285714285715,0.6428571428571429,13.642857142857142,-0.05984896279148682
exp2_np27_rho005_alpha10,27,0.05,10,122,18,0.01364402745301252,0.011497572568202497,0.3333333333333333,0.5555555555555556,0.4444444444444444,13.555555555555555,0.013341266948878883
exp2_np27_rho005_alpha10,27,0.05,10,123,9,0.025549273246995026,0.022486193433382873,0.2222222222222222,0.5555555555555556,0.4444444444444444,13.333333333333334,0.20179031783746937
exp2_np27_rho005_alpha10,27,0.05,10,124,31,0.00048641983635639054,-0.011850146077953205,0.5806451612903226,0.5806451612903226,0.41935483870967744,16.225806451612904,-0.19073424333772065
exp2_np27_rho005_alpha10,27,0.05,10,126,12,0.0172129124613342,0.043818786525294584,0.3333333333333333,0.6666666666666666,0.3333333333333333,13.583333333333334,-0.2722710795178056
exp2_np27_rho005_alpha10,27,0.05,10,125,44,0.032447774891251946,0.02078316610436648,0.3409090909090909,0.4772727272727273,0.5227272727272727,17.65909090909091,-0.2440303521680953
exp2_np27_rho005_alpha10,27,0.05,10,127,25,0.02063412477753829,0.020436777422698782,0.36,0.32,0.68,15.2,0.08138126769675054
exp2_np27_rho005_alpha10,27,0.05,10,128,10,0.014077956427842774,0.0041249744186675485,0.5,0.7,0.3,13.6,0.48293264445339107
exp2_np27_rho005_alpha10,27,0.05,10,129,27,0.029750455197654162,0.01695814592058653,0.37037037037037035,0.5925925925925926,0.4074074074074074,15.703703703703704,-0.10768897700954694
exp2_np27_rho005_alpha10,27,0.05,10,130,19,0.018307495557538658,0.05248802595947222,0.2631578947368421,0.5263157894736842,0.47368421052631576,15.631578947368421,0.21378815004934928
exp2_np27_rho005_alpha10,27,0.05,10,131,20,0.012993391804904109,0.020612332676127387,0.5,0.5,0.5,14.2,-0.32892674287788903
exp2_np27_rho005_alpha10,27,0.05,10,132,20,-0.017948290286019918,-0.016869452665267293,0.6,0.4,0.6,15.9,-0.020266651428594
exp2_np27_rho005_alpha10,27,0.05,10,135,15,0.011565932376266257,0.01349798534098312,0.4666666666666667,0.4666666666666667,0.5333333333333333,12.666666666666666,0.019876530718815143
exp2_np27_rho005_alpha10,27,0.05,10,133,16,0.03886592381620263,0.03379666291364902,0.375,0.3125,0.6875,12.8125,0.17669837625295498
exp2_np27_rho005_alpha10,27,0.05,10,134,23,-0.025502961876742555,-0.04476592783541111,0.6521739130434783,0.34782608695652173,0.6521739130434783,17.52173913043478,-0.16220227880309046
exp2_np27_rho005_alpha10,27,0.05,10,137,16,0.006450567279498498,-0.010942418045275293,0.5,0.4375,0.5625,15.375,-0.00913904666965163
exp2_np27_rho005_alpha10,27,0.05,10,138,46,0.015513241518148113,0.010189345251701454,0.43478260869565216,0.45652173913043476,0.5434782608695652,18.282608695652176,-0.11765611125270724
exp2_np27_rho005_alpha10,27,0.05,10,136,22,0.014526787517165901,0.020927281293630973,0.4090909090909091,0.5,0.5,14.545454545454545,-0.07204799999981337
exp2_np27_rho005_alpha10,27,0.05,10,140,8,0.004269243699192904,-0.009768032441851648,0.5,0.25,0.75,12.75,0.47449140228972864
exp2_np27_rho005_alpha10,27,0.05,10,141,14,0.00961275202776576,-0.006687465761218814,0.5714285714285714,0.42857142857142855,0.5714285714285714,12.714285714285714,0.1810564407368982
exp2_np27_rho005_alpha10,27,0.05,10,139,1,-0.06075779169158224,-0.06075779169158224,1.0,1.0,0.0,11.0,
exp2_np27_rho005_alpha10,27,0.05,10,142,6,0.035483604273003046,0.03052015348928494,0.16666666666666666,0.8333333333333334,0.16666666666666666,11.666666666666666,0.807142353966888
exp2_np27_rho005_alpha10,27,0.05,10,143,4,0.04464383637651248,0.042156871163946175,0.25,0.25,0.75,11.0,
exp2_np27_rho005_alpha10,27,0.05,10,144,20,0.022849164248576682,0.041169014433163564,0.35,0.5,0.5,13.85,-0.2911864573153128
exp2_np27_rho005_alpha10,27,0.05,10,145,21,0.0125904746295294,0.00816141964060435,0.38095238095238093,0.3333333333333333,0.6666666666666666,13.80952380952381,-0.20085792340135675
exp2_np27_rho005_alpha10,27,0.05,10,146,23,0.016533869994091788,0.012930642933080883,0.34782608695652173,0.5217391304347826,0.4782608695652174,15.043478260869565,0.05327019888117698
exp2_np27_rho005_alpha10,27,0.05,10,147,11,0.02071085338536842,-0.007959347710390752,0.6363636363636364,0.7272727272727273,0.2727272727272727,12.181818181818182,-0.14291291145391816
exp2_np27_rho005_alpha10,27,0.05,10,148,21,0.00384307986305512,0.014887566513303696,0.47619047619047616,0.5238095238095238,0.47619047619047616,14.380952380952381,0.047004573102948886
exp2_np27_rho005_alpha10,27,0.05,10,150,14,0.01496146914619656,0.020256430732735975,0.42857142857142855,0.5,0.5,13.0,0.004861834047453019
exp2_np27_rho005_alpha10,27,0.05,10,149,24,0.02684742456754119,0.021267265984421524,0.4166666666666667,0.4583333333333333,0.5416666666666666,14.125,-0.33367066767924153
exp2_np27_rho005_alpha10,27,0.05,10,152,24,0.021742926263255098,0.02137835142523059,0.375,0.4166666666666667,0.5833333333333334,17.416666666666668,-0.22627622692459418
exp2_np27_rho005_alpha10,27,0.05,10,151,41,0.016986294701917388,0.006938438083595955,0.43902439024390244,0.4146341463414634,0.5853658536585366,16.463414634146343,-0.2198554774458508
exp2_np27_rho005_alpha10,27,0.05,10,154,34,0.021093079460251244,0.04285577078024794,0.35294117647058826,0.5882352941176471,0.4117647058823529,16.676470588235293,-0.014264843357489855
exp2_np27_rho005_alpha10,27,0.05,10,153,4,-0.006036009061780145,0.0016312175490553749,0.5,0.5,0.5,15.25,0.08964343386519406
exp2_np27_rho005_alpha10,27,0.05,10,156,13,0.0006597414807578353,-0.02581631508071336,0.5384615384615384,0.46153846153846156,0.5384615384615384,12.615384615384615,-0.01618240529141505
exp2_np27_rho005_alpha10,27,0.05,10,155,13,0.022405305927487112,0.022634027557160152,0.3076923076923077,0.5384615384615384,0.46153846153846156,12.538461538461538,-0.07249268406298302
exp2_np27_rho005_alpha10,27,0.05,10,157,21,0.03069169429725362,0.028478074300148037,0.3333333333333333,0.5238095238095238,0.47619047619047616,15.619047619047619,0.12939056259741946
exp2_np27_rho005_alpha10,27,0.05,10,159,4,0.09345286794704655,0.0938391397747731,0.25,0.5,0.5,11.0,
exp2_np27_rho005_alpha10,27,0.05,10,158,8,-0.01795279101681424,-0.0054500038790674665,0.75,0.375,0.625,13.125,0.13374830153501932
exp2_np27_rho005_alpha10,27,0.05,10,160,24,0.01809525897767661,0.015112881378672505,0.375,0.4166666666666667,0.5833333333333334,17.791666666666668,-0.12136391896428632
exp2_np27_rho005_alpha10,27,0.05,10,161,6,-0.022699716766939382,-0.009826054275809515,0.6666666666666666,0.5,0.5,11.5,0.16668641292229386
exp2_np27_rho005_alpha10,27,0.05,10,162,15,0.01063029236964829,-0.004396853859359062,0.6,0.5333333333333333,0.4666666666666667,13.6,0.06407931544343336
exp2_np27_rho005_alpha10,27,0.05,10,163,17,0.043981221885960924,0.05355185034396914,0.23529411764705882,0.35294117647058826,0.6470588235294118,12.294117647058824,0.5756612844420709
exp2_np27_rho005_alpha10,27,0.05,10,165,11,-0.026018542758250603,-0.04234724923025723,0.8181818181818182,0.5454545454545454,0.45454545454545453,12.363636363636363,0.05511081536298423
exp2_np27_rho005_alpha10,27,0.05,10,166,11,0.05490128152529876,0.009857085411463018,0.2727272727272727,0.5454545454545454,0.45454545454545453,13.090909090909092,0.5106221741849152
exp2_np27_rho005_alpha10,27,0.05,10,164,10,0.07425996831393729,0.0506351362867985,0.4,0.6,0.4,12.8,-0.05715173996721425
exp2_np27_rho005_alpha10,27,0.05,10,167,24,0.001502338931683056,-0.004210021835340694,0.5833333333333334,0.5,0.5,15.291666666666666,-0.3710033175096253
exp2_np27_rho005_alpha10,27,0.05,10,168,0,,,,,,,
exp2_np27_rho005_alpha10,27,0.05,10,170,17,0.015136675727516072,0.016147020287822222,0.47058823529411764,0.5882352941176471,0.4117647058823529,16.88235294117647,0.03488141200272666
exp2_np27_rho005_alpha10,27,0.05,10,172,1,0.054943868529173656,0.054943868529173656,0.0,0.0,1.0,10.0,
exp2_np27_rho005_alpha10,27,0.05,10,169,29,0.028489444092769427,0.02748987355337551,0.2413793103448276,0.6206896551724138,0.3793103448275862,17.275862068965516,-0.316609886467311
exp2_np27_rho005_alpha10,27,0.05,10,171,7,0.0639080965371591,0.07528666619781355,0.14285714285714285,0.42857142857142855,0.5714285714285714,12.428571428571429,-0.5087283692102569
exp2_np27_rho005_alpha10,27,0.05,10,175,15,0.051087584012882915,0.05732148837372897,0.2,0.5333333333333333,0.4666666666666667,15.933333333333334,0.03139763966564477
exp2_np27_rho005_alpha10,27,0.05,10,174,9,-0.02023220444334238,0.008382900795562698,0.4444444444444444,0.6666666666666666,0.3333333333333333,15.777777777777779,-0.0671482849836431
exp2_np27_rho005_alpha10,27,0.05,10,173,14,0.014882265745255958,0.047846177564194736,0.42857142857142855,0.42857142857142855,0.5714285714285714,12.714285714285714,-0.1949254575500438
exp2_np27_rho005_alpha10,27,0.05,10,176,7,-0.019090831070414285,-0.004179348780353642,0.5714285714285714,0.2857142857142857,0.7142857142857143,12.428571428571429,0.29565700327210326
exp2_np27_rho005_alpha10,27,0.05,10,177,18,0.040530902684393855,0.03385772276521459,0.3333333333333333,0.3333333333333333,0.6666666666666666,15.5,0.05764924965600169
exp2_np27_rho005_alpha10,27,0.05,10,178,0,,,,,,,
exp2_np27_rho005_alpha10,27,0.05,10,179,23,0.0055343603923324845,-0.0036019239036884088,0.5652173913043478,0.4782608695652174,0.5217391304347826,15.043478260869565,0.32041687678277175
exp2_np27_rho005_alpha10,27,0.05,10,180,14,-0.000983615792298728,-0.005087386214603029,0.5,0.42857142857142855,0.5714285714285714,12.571428571428571,0.08765233365071455
exp2_np27_rho005_alpha10,27,0.05,10,181,19,0.002390331451677961,0.006104892983916699,0.47368421052631576,0.5263157894736842,0.47368421052631576,15.68421052631579,0.14808984427864136
exp2_np27_rho005_alpha10,27,0.05,10,182,16,0.04592054600332357,0.035408090211101584,0.25,0.625,0.375,15.0625,-0.4847670498114509
exp2_np27_rho005_alpha10,27,0.05,10,183,13,0.022841473380180534,0.04150585029527054,0.38461538461538464,0.23076923076923078,0.7692307692307693,14.923076923076923,0.6222437321495835
exp2_np27_rho005_alpha10,27,0.05,10,184,18,0.018560128769416127,0.030390693545715664,0.2777777777777778,0.5,0.5,15.38888888888889,-0.03504547961415491
exp2_np27_rho005_alpha10,27,0.05,10,186,16,0.011220060233767426,0.02432410447404676,0.4375,0.5,0.5,15.8125,-0.2509467587912204
exp2_np27_rho005_alpha10,27,0.05,10,185,3,0.0012157199739553093,0.022261006398296423,0.3333333333333333,0.0,1.0,11.333333333333334,0.4436565090613912
exp2_np27_rho005_alpha10,27,0.05,10,188,21,-0.00047812004809124513,0.002215526425414893,0.42857142857142855,0.2857142857142857,0.7142857142857143,13.380952380952381,-0.27911473520305524
exp2_np27_rho005_alpha10,27,0.05,10,187,30,-0.00850914162830613,-0.03269768795360317,0.6,0.3333333333333333,0.6666666666666666,16.833333333333332,0.320490738229631
exp2_np27_rho005_alpha10,27,0.05,10,189,13,0.0026310766945322793,0.004638921254131567,0.46153846153846156,0.6153846153846154,0.38461538461538464,15.461538461538462,-0.053212748602985215
exp2_np27_rho005_alpha10,27,0.05,10,190,15,0.033150687740092444,0.03122547502452555,0.4,0.4,0.6,14.2,-0.4107723209061468
exp2_np27_rho005_alpha10,27,0.05,10,191,0,,,,,,,
exp2_np27_rho005_alpha10,27,0.05,10,192,26,0.01951750347828403,0.021420606347968718,0.34615384615384615,0.5384615384615384,0.46153846153846156,22.807692307692307,0.3335184582599003
exp2_np27_rho005_alpha10,27,0.05,10,193,4,-0.010059458845905533,-0.0041791436018248085,0.5,0.25,0.75,11.0,-0.1632033098922552
exp2_np27_rho005_alpha10,27,0.05,10,194,29,0.008551980080254836,-0.013087016141324348,0.5862068965517241,0.4827586206896552,0.5172413793103449,18.79310344827586,0.22350167488624584
exp2_np27_rho005_alpha10,27,0.05,10,195,32,-0.012296659291992806,-0.01800101420969291,0.59375,0.4375,0.5625,15.90625,0.1332082072920165
exp2_np27_rho005_alpha10,27,0.05,10,196,8,0.01275742060306262,-0.00014280584754056136,0.5,0.125,0.875,11.75,-0.2939989549695302
exp2_np27_rho005_alpha10,27,0.05,10,197,35,0.004089517947191419,-0.014943126883016689,0.5142857142857142,0.5714285714285714,0.42857142857142855,15.714285714285714,0.1498985349953597
exp2_np27_rho005_alpha10,27,0.05,10,198,15,0.01626244543270404,0.014943674110265093,0.4666666666666667,0.4666666666666667,0.5333333333333333,14.4,0.28259020824670134
exp2_np27_rho005_alpha10,27,0.05,10,199,8,-0.014524946851235843,-0.013391096885244202,0.625,0.625,0.375,13.875,0.396894506871326
exp2_np27_rho005_alpha2,27,0.05,2,1,50,0.02251694912280193,0.0015811571170347705,0.4897959183673469,0.3877551020408163,0.6122448979591837,19.122448979591837,-0.09269394448188917
exp2_np27_rho005_alpha2,27,0.05,2,13,54,0.011750573071044067,0.002080785083979464,0.5,0.4230769230769231,0.5769230769230769,15.615384615384615,-0.13762020024590316
exp2_np27_rho005_alpha2,27,0.05,2,9,67,0.0018079324371313191,-0.009051968361967866,0.6567164179104478,0.5970149253731343,0.40298507462686567,18.059701492537314,-0.011666157214584073
exp2_np27_rho005_alpha2,27,0.05,2,14,66,0.037761724573540954,0.009320634381193571,0.47692307692307695,0.5538461538461539,0.4461538461538462,17.476923076923075,0.08531642120625434
exp2_np27_rho005_alpha2,27,0.05,2,2,74,0.008461092315349566,0.00039797124134466344,0.5,0.4864864864864865,0.5135135135135135,18.0,0.07032310311445505
exp2_np27_rho005_alpha2,27,0.05,2,8,60,0.05821679189834928,0.0173842057665361,0.3389830508474576,0.4745762711864407,0.5254237288135594,18.423728813559322,-0.051405160239177336
exp2_np27_rho005_alpha2,27,0.05,2,12,47,0.04337178281036481,0.014221235435756707,0.41304347826086957,0.4782608695652174,0.5217391304347826,16.58695652173913,0.1417640920019652
exp2_np27_rho005_alpha2,27,0.05,2,11,55,0.05197318179045187,0.010593872736336607,0.4727272727272727,0.4,0.6,15.927272727272728,-0.012552646097944292
exp2_np27_rho005_alpha2,27,0.05,2,4,48,-0.00607532154647778,-0.01288218983366729,0.6170212765957447,0.5106382978723404,0.48936170212765956,15.148936170212766,-0.24798752980952407
exp2_np27_rho005_alpha2,27,0.05,2,10,60,0.0347059462038509,0.01686271421261054,0.36666666666666664,0.43333333333333335,0.5666666666666667,17.9,0.04176319331920165
exp2_np27_rho005_alpha2,27,0.05,2,15,90,0.030889955795721076,-0.0039642955697174465,0.5222222222222223,0.5111111111111111,0.4888888888888889,20.0,0.10281194357074726
exp2_np27_rho005_alpha2,27,0.05,2,0,59,0.01703252331230334,0.001364907392670034,0.4915254237288136,0.576271186440678,0.423728813559322,16.033898305084747,-0.04569645366738401
exp2_np27_rho005_alpha2,27,0.05,2,7,68,0.027715548354297022,-0.004274619020289805,0.5151515151515151,0.5757575757575758,0.42424242424242425,16.87878787878788,0.038388800891743936
exp2_np27_rho005_alpha2,27,0.05,2,5,80,0.04568300786552151,0.018289463734868505,0.3924050632911392,0.4430379746835443,0.5569620253164557,22.025316455696203,-0.022597542549651784
exp2_np27_rho005_alpha2,27,0.05,2,3,70,0.01447354025867677,-0.007071598837703252,0.5857142857142857,0.5142857142857142,0.4857142857142857,19.114285714285714,0.0782853201213147
exp2_np27_rho005_alpha2,27,0.05,2,6,79,0.019659672300744176,0.005324849241125751,0.47435897435897434,0.46153846153846156,0.5384615384615384,19.115384615384617,0.3344744082766777
exp2_np27_rho005_alpha2,27,0.05,2,16,60,0.031208534157178985,0.0022153464616674334,0.48333333333333334,0.55,0.45,17.666666666666668,-0.023131696945087966
exp2_np27_rho005_alpha2,27,0.05,2,18,55,0.04751549585626995,-0.0057850295756365355,0.509090909090909,0.5454545454545454,0.45454545454545453,16.01818181818182,-0.3302051257468422
exp2_np27_rho005_alpha2,27,0.05,2,17,70,0.026715199780757176,0.01605550835409897,0.4492753623188406,0.5942028985507246,0.4057971014492754,17.942028985507246,0.1662408654523654
exp2_np27_rho005_alpha2,27,0.05,2,24,49,0.022221022892076597,-0.012678970710170656,0.5208333333333334,0.5,0.5,15.291666666666666,-0.16433269509713821
exp2_np27_rho005_alpha2,27,0.05,2,19,68,0.01336221390179323,0.0019583017096849176,0.48484848484848486,0.5606060606060606,0.4393939393939394,18.71212121212121,-0.015987618692260414
exp2_np27_rho005_alpha2,27,0.05,2,23,71,0.003535913667673025,-0.010304852430203404,0.5633802816901409,0.49295774647887325,0.5070422535211268,19.95774647887324,0.023267781551467262
exp2_np27_rho005_alpha2,27,0.05,2,20,54,0.0369631324125003,0.01080627051061267,0.46296296296296297,0.5,0.5,16.59259259259259,0.06486274462932631
exp2_np27_rho005_alpha2,27,0.05,2,21,56,0.03463194953026072,0.011277635628649918,0.4444444444444444,0.5925925925925926,0.4074074074074074,16.14814814814815,0.03591707094308992
exp2_np27_rho005_alpha2,27,0.05,2,26,79,0.05100199662397126,0.008794422556018144,0.44871794871794873,0.358974358974359,0.6410256410256411,19.564102564102566,-0.22267780861852976
exp2_np27_rho005_alpha2,27,0.05,2,25,58,0.03920791731537877,0.02313777962452379,0.43103448275862066,0.5517241379310345,0.4482758620689655,17.29310344827586,-0.03634558088232417
exp2_np27_rho005_alpha2,27,0.05,2,22,40,0.06628904418928397,0.02941627877432662,0.358974358974359,0.5641025641025641,0.4358974358974359,14.282051282051283,0.18060635695408345
exp2_np27_rho005_alpha2,27,0.05,2,29,82,0.02643314054065348,-0.00011552882432397382,0.5061728395061729,0.5925925925925926,0.4074074074074074,19.135802469135804,0.1671252768891147
exp2_np27_rho005_alpha2,27,0.05,2,30,50,0.017153266511512888,0.0036675081329429204,0.42857142857142855,0.5918367346938775,0.40816326530612246,15.571428571428571,0.002785848173366258
exp2_np27_rho005_alpha2,27,0.05,2,27,59,-0.005523954807829274,-0.017295203085233357,0.5517241379310345,0.5517241379310345,0.4482758620689655,17.46551724137931,0.07713905801726681
exp2_np27_rho005_alpha2,27,0.05,2,28,58,0.04941164379686151,0.03464864416451441,0.39655172413793105,0.5344827586206896,0.46551724137931033,15.482758620689655,0.16488906884563023
exp2_np27_rho005_alpha2,27,0.05,2,31,87,0.02435701746605375,0.008194843990790623,0.4367816091954023,0.47126436781609193,0.5287356321839081,21.57471264367816,0.03490848121569064
exp2_np27_rho005_alpha2,27,0.05,2,32,67,0.01836635303964929,0.005991965482598616,0.4626865671641791,0.4626865671641791,0.5373134328358209,18.17910447761194,0.04335501311983382
exp2_np27_rho005_alpha2,27,0.05,2,34,73,0.03919307465266861,0.014749356142317538,0.3888888888888889,0.6111111111111112,0.3888888888888889,17.430555555555557,-0.250587693658813
exp2_np27_rho005_alpha2,27,0.05,2,33,53,0.031608473070859434,0.00014660359651674781,0.49056603773584906,0.5094339622641509,0.49056603773584906,17.169811320754718,-0.11789894860026381
exp2_np27_rho005_alpha2,27,0.05,2,35,62,0.014255599552753616,0.014029371941439717,0.3870967741935484,0.4838709677419355,0.5161290322580645,17.93548387096774,-0.017391669303406784
exp2_np27_rho005_alpha2,27,0.05,2,36,75,0.018288393185494106,-0.014251382748331931,0.5405405405405406,0.5135135135135135,0.4864864864864865,18.12162162162162,0.14219846531312305
exp2_np27_rho005_alpha2,27,0.05,2,38,78,0.012463065177432767,0.00803882763247632,0.4805194805194805,0.42857142857142855,0.5714285714285714,18.233766233766232,0.13197175997638577
exp2_np27_rho005_alpha2,27,0.05,2,40,59,0.05595510466051884,0.02848377732781593,0.4067796610169492,0.5254237288135594,0.4745762711864407,18.033898305084747,0.06881859285760585
exp2_np27_rho005_alpha2,27,0.05,2,37,71,0.028143340367889947,-0.001967058715595549,0.5070422535211268,0.5211267605633803,0.4788732394366197,16.507042253521128,-0.18150452415404836
exp2_np27_rho005_alpha2,27,0.05,2,39,71,0.06684295500461856,0.03869314380557398,0.34285714285714286,0.6,0.4,17.62857142857143,-0.14597847578474785
exp2_np27_rho005_alpha2,27,0.05,2,42,69,0.02741915489728009,0.009423960935468934,0.43283582089552236,0.5223880597014925,0.47761194029850745,17.46268656716418,0.056368799938867176
exp2_np27_rho005_alpha2,27,0.05,2,46,90,0.033998868060015834,0.007522191296152503,0.4,0.5222222222222223,0.4777777777777778,18.644444444444446,-0.00764936112174302
exp2_np27_rho005_alpha2,27,0.05,2,45,82,0.028180321815014113,0.003905720003871238,0.4444444444444444,0.5679012345679012,0.43209876543209874,19.753086419753085,0.03783310986938739
exp2_np27_rho005_alpha2,27,0.05,2,41,61,0.047016582556176564,0.004279332050640683,0.48333333333333334,0.5666666666666667,0.43333333333333335,17.383333333333333,-0.01725846593879363
exp2_np27_rho005_alpha2,27,0.05,2,43,82,0.007929067248426257,0.002435622009433036,0.45121951219512196,0.4878048780487805,0.5121951219512195,20.365853658536587,0.1079059857629025
exp2_np27_rho005_alpha2,27,0.05,2,44,67,0.028409810035039215,0.005149319228358706,0.44776119402985076,0.44776119402985076,0.5522388059701493,16.955223880597014,-0.09149409990444116
exp2_np27_rho005_alpha2,27,0.05,2,47,54,0.025784583511108437,0.0029543727221295057,0.4716981132075472,0.5094339622641509,0.49056603773584906,14.962264150943396,-0.1821071073790117
exp2_np27_rho005_alpha2,27,0.05,2,48,70,0.0394335392989682,0.008407814203160946,0.42028985507246375,0.5072463768115942,0.4927536231884058,21.159420289855074,-0.1878351199398181
exp2_np27_rho005_alpha2,27,0.05,2,51,52,0.014772232562195663,0.00698796530068968,0.46153846153846156,0.46153846153846156,0.5384615384615384,16.403846153846153,-0.001818888939529535
exp2_np27_rho005_alpha2,27,0.05,2,49,62,0.028780096423650574,0.015044447208889977,0.4426229508196721,0.47540983606557374,0.5245901639344263,17.491803278688526,0.07831476951247912
exp2_np27_rho005_alpha2,27,0.05,2,53,84,0.01699552819192492,0.0029906255822789163,0.43373493975903615,0.46987951807228917,0.5301204819277109,20.012048192771083,-0.19522995044073377
exp2_np27_rho005_alpha2,27,0.05,2,50,81,0.014783237750126995,0.010589846378851853,0.49382716049382713,0.5308641975308642,0.4691358024691358,19.617283950617285,0.10665538127652002
exp2_np27_rho005_alpha2,27,0.05,2,52,55,0.016167461965862242,-0.016045924364523678,0.5740740740740741,0.6111111111111112,0.3888888888888889,18.185185185185187,0.20658039035364734
exp2_np27_rho005_alpha2,27,0.05,2,54,69,0.018183009324006294,-0.0007048933722626494,0.5,0.5882352941176471,0.4117647058823529,19.41176470588235,0.047510949923847814
exp2_np27_rho005_alpha2,27,0.05,2,56,73,0.02624535776163038,0.008987818103965317,0.4507042253521127,0.4788732394366197,0.5211267605633803,18.211267605633804,0.10577442997508336
exp2_np27_rho005_alpha2,27,0.05,2,57,52,0.05434024380154786,0.008640481884196305,0.4423076923076923,0.6346153846153846,0.36538461538461536,15.73076923076923,-0.21846090420379757
exp2_np27_rho005_alpha2,27,0.05,2,55,63,0.02733256008420213,0.017136919726725708,0.38095238095238093,0.6666666666666666,0.3333333333333333,16.50793650793651,0.10793055462629197
exp2_np27_rho005_alpha2,27,0.05,2,58,73,0.014403358340482493,0.007683467152148182,0.36619718309859156,0.5211267605633803,0.4788732394366197,18.577464788732396,-0.06829051208134237
exp2_np27_rho005_alpha2,27,0.05,2,60,54,0.009027189216690962,-0.0019131104295766477,0.5283018867924528,0.49056603773584906,0.5094339622641509,17.30188679245283,-0.24367206798063626
exp2_np27_rho005_alpha2,27,0.05,2,59,65,0.041525490400413465,0.007793705799698625,0.484375,0.515625,0.484375,17.015625,0.0055629971538040945
exp2_np27_rho005_alpha2,27,0.05,2,61,72,0.00805506264619151,-0.006062879352701778,0.5211267605633803,0.5633802816901409,0.43661971830985913,18.760563380281692,-0.03252944538975307
exp2_np27_rho005_alpha2,27,0.05,2,62,45,0.025624913110000373,0.007443722895613902,0.4666666666666667,0.4888888888888889,0.5111111111111111,15.511111111111111,-0.20739660275195065
exp2_np27_rho005_alpha2,27,0.05,2,63,85,0.016320247411553253,0.004032168903608024,0.44047619047619047,0.5357142857142857,0.4642857142857143,18.321428571428573,0.09048824141664176
exp2_np27_rho005_alpha2,27,0.05,2,65,68,0.020916425393828163,-1.68397581785662e-05,0.5,0.5441176470588235,0.45588235294117646,17.794117647058822,-0.10875340360755233
exp2_np27_rho005_alpha2,27,0.05,2,64,54,0.010203956998883284,0.0045699704346526815,0.49056603773584906,0.5283018867924528,0.4716981132075472,16.849056603773583,0.09869748601010478
exp2_np27_rho005_alpha2,27,0.05,2,66,45,0.0017243693952858933,0.0018999394606793452,0.5,0.45454545454545453,0.5454545454545454,15.340909090909092,-0.24847960129486657
exp2_np27_rho005_alpha2,27,0.05,2,69,71,0.03873847992841361,0.011911245773077894,0.4,0.5285714285714286,0.4714285714285714,17.485714285714284,0.02344933989634441
exp2_np27_rho005_alpha2,27,0.05,2,68,80,0.0335912028248798,0.017092950494533188,0.3875,0.5,0.5,18.85,-0.1359070140638066
exp2_np27_rho005_alpha2,27,0.05,2,71,65,0.047043422750132874,0.0048015143415138795,0.49230769230769234,0.5538461538461539,0.4461538461538462,20.646153846153847,-0.12295798192743239
exp2_np27_rho005_alpha2,27,0.05,2,70,79,0.03700578422180698,0.01142556533374428,0.44155844155844154,0.4155844155844156,0.5844155844155844,17.83116883116883,-0.15416620377605303
exp2_np27_rho005_alpha2,27,0.05,2,67,63,0.024496502016370127,-0.0024235153803351395,0.5409836065573771,0.4262295081967213,0.5737704918032787,17.016393442622952,-0.12410690903666195
exp2_np27_rho005_alpha2,27,0.05,2,73,83,0.031741705408360237,0.028450905332518595,0.35365853658536583,0.5853658536585366,0.4146341463414634,19.865853658536587,0.048869995523967064
exp2_np27_rho005_alpha2,27,0.05,2,72,66,0.013697850712503583,0.01286375776106885,0.45454545454545453,0.5151515151515151,0.48484848484848486,17.166666666666668,0.007281484817809334
exp2_np27_rho005_alpha2,27,0.05,2,74,72,0.03780590620814598,0.019911196331556358,0.34285714285714286,0.4857142857142857,0.5142857142857142,19.942857142857143,-0.12216119991182152
exp2_np27_rho005_alpha2,27,0.05,2,75,56,0.0015127406066146598,-0.005116933404255342,0.5535714285714286,0.5357142857142857,0.4642857142857143,15.625,0.024569606818728162
exp2_np27_rho005_alpha2,27,0.05,2,76,90,0.0199652407551191,0.0108470525814095,0.42696629213483145,0.5393258426966292,0.4606741573033708,21.303370786516854,0.15792839061753186
exp2_np27_rho005_alpha2,27,0.05,2,77,68,0.031879749981432344,-0.009784575090808545,0.5522388059701493,0.5074626865671642,0.4925373134328358,18.80597014925373,-0.14659586046403658
exp2_np27_rho005_alpha2,27,0.05,2,78,67,0.01960966004669917,0.004570934775045554,0.4696969696969697,0.5,0.5,16.242424242424242,-0.21106064332537777
exp2_np27_rho005_alpha2,27,0.05,2,79,56,0.022737593849754278,0.0004148965483690148,0.4909090909090909,0.4909090909090909,0.509090909090909,18.054545454545455,0.08418589262300294
exp2_np27_rho005_alpha2,27,0.05,2,80,73,0.01715556960706115,0.004372747367826335,0.4520547945205479,0.547945205479452,0.4520547945205479,17.095890410958905,0.10240279139996451
exp2_np27_rho005_alpha2,27,0.05,2,81,69,0.020224099769716845,0.0024351698989981685,0.43478260869565216,0.4927536231884058,0.5072463768115942,18.492753623188406,-0.1294244905870322
exp2_np27_rho005_alpha2,27,0.05,2,84,57,0.051115855946734616,0.012623338946502471,0.38181818181818183,0.5454545454545454,0.45454545454545453,17.581818181818182,0.04932899926734121
exp2_np27_rho005_alpha2,27,0.05,2,85,57,0.011842085722928341,0.0063735906593818115,0.49122807017543857,0.5789473684210527,0.42105263157894735,17.280701754385966,0.046343044262548476
exp2_np27_rho005_alpha2,27,0.05,2,82,62,0.03562706389559484,0.007802371723695245,0.4426229508196721,0.5573770491803278,0.4426229508196721,17.065573770491802,-0.021298854163445596
exp2_np27_rho005_alpha2,27,0.05,2,83,72,0.020150506929472574,0.01215019674850959,0.375,0.4722222222222222,0.5277777777777778,19.875,-0.014951356670153463
exp2_np27_rho005_alpha2,27,0.05,2,86,67,0.03151803352212301,-0.0029265779312033224,0.5,0.5757575757575758,0.42424242424242425,17.939393939393938,0.05313892270623807
exp2_np27_rho005_alpha2,27,0.05,2,87,60,0.018228522168902157,-0.0030247327677868086,0.5084745762711864,0.5254237288135594,0.4745762711864407,16.864406779661017,-0.0008714108147993562
exp2_np27_rho005_alpha2,27,0.05,2,88,100,0.03044191307486989,-0.006299289198717251,0.5306122448979592,0.5612244897959183,0.4387755102040816,20.6734693877551,-0.10328193645465913
exp2_np27_rho005_alpha2,27,0.05,2,89,52,0.007244390998533066,-0.006885172281624996,0.5576923076923077,0.40384615384615385,0.5961538461538461,16.03846153846154,-0.11687453115289101
exp2_np27_rho005_alpha2,27,0.05,2,90,63,0.027741266442137265,-0.0004293381946696151,0.5,0.5483870967741935,0.45161290322580644,17.612903225806452,-0.10801493486951437
exp2_np27_rho005_alpha2,27,0.05,2,94,52,0.05012625046346837,0.020510136302661408,0.37254901960784315,0.5686274509803921,0.43137254901960786,16.647058823529413,-0.11376034735059756
exp2_np27_rho005_alpha2,27,0.05,2,92,92,0.03351186263905149,0.01673180221466186,0.3626373626373626,0.4835164835164835,0.5164835164835165,19.054945054945055,0.12731823965304298
exp2_np27_rho005_alpha2,27,0.05,2,91,54,0.028800412936302373,-0.009616763308448295,0.6111111111111112,0.5370370370370371,0.46296296296296297,16.962962962962962,-0.0025180185447015776
exp2_np27_rho005_alpha2,27,0.05,2,95,82,0.05062299915990752,0.030360481900640668,0.32926829268292684,0.5609756097560976,0.43902439024390244,18.951219512195124,0.05695436675356845
exp2_np27_rho005_alpha2,27,0.05,2,93,71,0.02459656781246871,-0.0027942778338783114,0.5211267605633803,0.4507042253521127,0.5492957746478874,18.746478873239436,0.014688252152092567
exp2_np27_rho005_alpha2,27,0.05,2,96,62,0.011071914312584814,0.01716706965662551,0.3548387096774194,0.41935483870967744,0.5806451612903226,17.14516129032258,0.10480375384693925
exp2_np27_rho005_alpha2,27,0.05,2,97,77,0.04243581501179356,0.001504583039442231,0.4868421052631579,0.5263157894736842,0.47368421052631576,19.763157894736842,-0.06768675641103646
exp2_np27_rho005_alpha2,27,0.05,2,101,67,0.014271372748377635,-0.003439569802281106,0.5454545454545454,0.4696969696969697,0.5303030303030303,16.12121212121212,0.052641469024056246
exp2_np27_rho005_alpha2,27,0.05,2,98,65,0.017645521366012003,0.006221239054131189,0.46153846153846156,0.4461538461538462,0.5538461538461539,18.753846153846155,-0.01569989216204437
exp2_np27_rho005_alpha2,27,0.05,2,99,61,0.018178883817450912,-0.002944712632517721,0.5081967213114754,0.4262295081967213,0.5737704918032787,17.37704918032787,0.04270815538165792
exp2_np27_rho005_alpha2,27,0.05,2,100,91,0.036139402393722035,-0.00036456051936273326,0.5111111111111111,0.4666666666666667,0.5333333333333333,20.566666666666666,-0.15024497990524202
exp2_np27_rho005_alpha2,27,0.05,2,102,71,0.04968819247198716,0.01730499056628032,0.35714285714285715,0.5428571428571428,0.45714285714285713,17.685714285714287,-0.01215435990638275
exp2_np27_rho005_alpha2,27,0.05,2,103,57,0.018236851679714634,0.0007919181730207114,0.47368421052631576,0.43859649122807015,0.5614035087719298,16.017543859649123,-0.0837386496438053
exp2_np27_rho005_alpha2,27,0.05,2,104,65,0.03680407552441976,0.014893973102990898,0.38461538461538464,0.5384615384615384,0.46153846153846156,17.06153846153846,0.06712716836878965
exp2_np27_rho005_alpha2,27,0.05,2,105,85,0.04903179925041618,0.014235928905001138,0.4117647058823529,0.5882352941176471,0.4117647058823529,19.894117647058824,-0.033369730752494976
exp2_np27_rho005_alpha2,27,0.05,2,106,70,0.026885277506613858,0.0037944312733468877,0.463768115942029,0.5072463768115942,0.4927536231884058,18.971014492753625,-0.12845185794916225
exp2_np27_rho005_alpha2,27,0.05,2,107,66,0.007905636502773766,0.003746545693133818,0.47692307692307695,0.5692307692307692,0.4307692307692308,17.153846153846153,0.14775396233677657
exp2_np27_rho005_alpha2,27,0.05,2,108,70,0.02533907824782552,0.011082720059368167,0.4714285714285714,0.5142857142857142,0.4857142857142857,17.985714285714284,0.13631813094747072
exp2_np27_rho005_alpha2,27,0.05,2,109,69,0.028063290000538945,0.004824748408633006,0.45588235294117646,0.5588235294117647,0.4411764705882353,17.779411764705884,0.22020174203559217
exp2_np27_rho005_alpha2,27,0.05,2,111,48,0.046592740464595016,0.011820262645320767,0.425531914893617,0.574468085106383,0.425531914893617,15.25531914893617,-0.1082891005921317
exp2_np27_rho005_alpha2,27,0.05,2,110,66,0.005626334365175281,0.006503048941363332,0.4696969696969697,0.45454545454545453,0.5454545454545454,18.363636363636363,-0.11125325067270612
exp2_np27_rho005_alpha2,27,0.05,2,112,86,0.03651412367554964,0.0016419583227791357,0.4642857142857143,0.5714285714285714,0.42857142857142855,19.702380952380953,-0.09825698461328551
exp2_np27_rho005_alpha2,27,0.05,2,113,84,0.01165810472806977,-0.006774390836298938,0.5357142857142857,0.5238095238095238,0.47619047619047616,20.333333333333332,0.05637777303006375
exp2_np27_rho005_alpha2,27,0.05,2,114,86,0.02465984048839511,0.00021021243405705548,0.49411764705882355,0.5647058823529412,0.43529411764705883,20.741176470588236,0.08828083412110363
exp2_np27_rho005_alpha2,27,0.05,2,116,68,0.035162453814042094,-0.00517567669696728,0.5223880597014925,0.44776119402985076,0.5522388059701493,18.44776119402985,-0.18811740889224726
exp2_np27_rho005_alpha2,27,0.05,2,115,69,0.01624740921607189,0.011912104038339422,0.463768115942029,0.4927536231884058,0.5072463768115942,18.246376811594203,-0.09666886331549011
exp2_np27_rho005_alpha2,27,0.05,2,117,79,0.0335844330677211,0.005335173191917342,0.46835443037974683,0.4936708860759494,0.5063291139240507,18.835443037974684,-0.0024211366076173353
exp2_np27_rho005_alpha2,27,0.05,2,121,87,0.04018348282810997,0.005278516542099432,0.47674418604651164,0.45348837209302323,0.5465116279069767,21.337209302325583,-0.18669872611392485
exp2_np27_rho005_alpha2,27,0.05,2,118,79,0.022873172708805088,0.00527398751760888,0.46835443037974683,0.5822784810126582,0.4177215189873418,20.468354430379748,-0.16145850914831925
exp2_np27_rho005_alpha2,27,0.05,2,119,52,0.02916362659545215,-0.0073405585345431845,0.5490196078431373,0.5882352941176471,0.4117647058823529,15.450980392156863,0.1061640989538464
exp2_np27_rho005_alpha2,27,0.05,2,120,65,0.014484284864925354,0.003030970829851043,0.4375,0.5,0.5,20.0625,0.03003467305858238
exp2_np27_rho005_alpha2,27,0.05,2,122,60,-0.0012632683509187395,-0.013809028618811503,0.5932203389830508,0.6271186440677966,0.3728813559322034,17.338983050847457,0.24312285799638633
exp2_np27_rho005_alpha2,27,0.05,2,123,49,0.029252849211706317,-0.003731718324087474,0.5102040816326531,0.5918367346938775,0.40816326530612246,16.877551020408163,0.02006544421892952
exp2_np27_rho005_alpha2,27,0.05,2,124,86,0.030242912841372087,0.010940747411867235,0.4642857142857143,0.42857142857142855,0.5714285714285714,20.857142857142858,-0.15531093635768056
exp2_np27_rho005_alpha2,27,0.05,2,125,83,0.04215716464860796,0.008602623590188152,0.39759036144578314,0.7108433734939759,0.2891566265060241,19.02409638554217,-0.1489958734624265
exp2_np27_rho005_alpha2,27,0.05,2,127,73,0.025249526178236257,-0.0017233081876053546,0.5277777777777778,0.5555555555555556,0.4444444444444444,23.86111111111111,0.043889663319014297
exp2_np27_rho005_alpha2,27,0.05,2,126,75,-0.0009727408932196247,0.0072729185549649245,0.4657534246575342,0.5342465753424658,0.4657534246575342,17.931506849315067,0.07483392799995266
exp2_np27_rho005_alpha2,27,0.05,2,128,78,0.012401491937299194,-0.0021596971996427072,0.5324675324675324,0.36363636363636365,0.6363636363636364,19.324675324675326,0.11615948836024403
exp2_np27_rho005_alpha2,27,0.05,2,130,72,0.044123351904147685,0.01953596084181486,0.3333333333333333,0.4722222222222222,0.5277777777777778,18.444444444444443,-0.13434497568923542
exp2_np27_rho005_alpha2,27,0.05,2,129,70,0.04523616330907155,0.01966141767229468,0.4142857142857143,0.42857142857142855,0.5714285714285714,17.857142857142858,0.2639568878436565
exp2_np27_rho005_alpha2,27,0.05,2,131,68,0.04529609431696719,0.007933126781577204,0.4411764705882353,0.5147058823529411,0.4852941176470588,18.36764705882353,-0.1555481005043327
exp2_np27_rho005_alpha2,27,0.05,2,132,58,0.01879587658034681,-0.014709076646293617,0.5263157894736842,0.49122807017543857,0.5087719298245614,17.859649122807017,-0.004095139270934994
exp2_np27_rho005_alpha2,27,0.05,2,134,78,0.015104483893464228,-0.005111556376762305,0.5263157894736842,0.4868421052631579,0.5131578947368421,18.763157894736842,0.2305112162826489
exp2_np27_rho005_alpha2,27,0.05,2,133,67,0.040837497512662475,0.004333751736386837,0.47761194029850745,0.5522388059701493,0.44776119402985076,18.417910447761194,0.04167244188716613
exp2_np27_rho005_alpha2,27,0.05,2,135,67,0.02001094162239154,0.004726805337349482,0.4925373134328358,0.5223880597014925,0.47761194029850745,16.253731343283583,-0.2516116641212094
exp2_np27_rho005_alpha2,27,0.05,2,138,87,0.05879489843758199,0.04454558570829015,0.367816091954023,0.6091954022988506,0.39080459770114945,21.137931034482758,-0.07100077021512446
exp2_np27_rho005_alpha2,27,0.05,2,136,71,0.04916915580146736,-0.005502203814068629,0.5217391304347826,0.4492753623188406,0.5507246376811594,20.855072463768117,0.04322935307853443
exp2_np27_rho005_alpha2,27,0.05,2,137,72,0.010671650768917702,0.00022801110215020515,0.4857142857142857,0.5714285714285714,0.42857142857142855,17.6,-0.0014766137054292791
exp2_np27_rho005_alpha2,27,0.05,2,140,65,0.017330554092157932,-0.002630486558549361,0.515625,0.59375,0.40625,17.140625,0.195874981073081
exp2_np27_rho005_alpha2,27,0.05,2,139,58,0.01844365400080697,0.012883588133393076,0.39655172413793105,0.4827586206896552,0.5172413793103449,17.775862068965516,-0.25533977556595594
exp2_np27_rho005_alpha2,27,0.05,2,141,56,0.04795222221814634,0.010830616193867826,0.42857142857142855,0.48214285714285715,0.5178571428571429,17.321428571428573,-0.09132267040994767
exp2_np27_rho005_alpha2,27,0.05,2,143,49,0.05308815810271523,0.010092671390619756,0.42857142857142855,0.5102040816326531,0.4897959183673469,15.551020408163266,0.08141562407655081
exp2_np27_rho005_alpha2,27,0.05,2,142,50,0.07922573330046778,0.017342483950971932,0.40816326530612246,0.5510204081632653,0.4489795918367347,15.224489795918368,0.06593681777531547
exp2_np27_rho005_alpha2,27,0.05,2,144,71,0.03198434418939942,0.005161337400438004,0.4142857142857143,0.4857142857142857,0.5142857142857142,18.114285714285714,-0.0028936411382182257
exp2_np27_rho005_alpha2,27,0.05,2,145,58,0.0048119812478004675,-0.012666541042376522,0.5614035087719298,0.49122807017543857,0.5087719298245614,18.017543859649123,0.05439262613325791
exp2_np27_rho005_alpha2,27,0.05,2,147,69,0.012789662972312772,0.014338698163897767,0.4057971014492754,0.5797101449275363,0.42028985507246375,18.318840579710145,0.09561865845789881
exp2_np27_rho005_alpha2,27,0.05,2,146,62,0.018425453775338364,0.0082593077275126,0.39344262295081966,0.4918032786885246,0.5081967213114754,16.508196721311474,0.11737868744820754
exp2_np27_rho005_alpha2,27,0.05,2,148,62,0.04163012610283543,0.014224876576556689,0.4,0.5,0.5,19.716666666666665,-0.01063867238004276
exp2_np27_rho005_alpha2,27,0.05,2,150,67,0.016212218995291974,0.021476214428877594,0.4393939393939394,0.5151515151515151,0.48484848484848486,18.242424242424242,-0.04526221712794282
exp2_np27_rho005_alpha2,27,0.05,2,151,88,0.039741702115320424,0.007897568312462688,0.4482758620689655,0.5517241379310345,0.4482758620689655,18.413793103448278,-0.07778388591755621
exp2_np27_rho005_alpha2,27,0.05,2,149,68,0.02546198770390774,0.011287619400570215,0.4626865671641791,0.43283582089552236,0.5671641791044776,18.313432835820894,0.2247139340438891
exp2_np27_rho005_alpha2,27,0.05,2,152,78,0.01925478374795465,0.003520894656035889,0.4473684210526316,0.4868421052631579,0.5131578947368421,19.55263157894737,0.14012366643078306
exp2_np27_rho005_alpha2,27,0.05,2,154,65,0.03814446925070909,0.016756833261522885,0.390625,0.59375,0.40625,21.765625,-0.07265393657962077
exp2_np27_rho005_alpha2,27,0.05,2,153,68,0.03713163541353379,0.013683027575646989,0.3939393939393939,0.5,0.5,19.333333333333332,0.047372581776236065
exp2_np27_rho005_alpha2,27,0.05,2,155,77,0.009347117763182521,-0.0025964095458901326,0.5394736842105263,0.40789473684210525,0.5921052631578947,19.31578947368421,-0.0015351729137751055
exp2_np27_rho005_alpha2,27,0.05,2,156,60,0.03721366763004754,0.0016366146638975287,0.4666666666666667,0.45,0.55,17.833333333333332,-0.24185253185167566
exp2_np27_rho005_alpha2,27,0.05,2,157,72,0.008017983832483982,-0.0064488872244456985,0.5211267605633803,0.5492957746478874,0.4507042253521127,19.464788732394368,0.027978636609768646
exp2_np27_rho005_alpha2,27,0.05,2,159,44,0.03224223798225154,-0.025641152742958973,0.5813953488372093,0.5581395348837209,0.4418604651162791,14.465116279069768,-0.33128274226155197
exp2_np27_rho005_alpha2,27,0.05,2,158,60,0.01607749740461488,-0.00909095791600567,0.5932203389830508,0.4745762711864407,0.5254237288135594,17.338983050847457,-0.0005796294871740983
exp2_np27_rho005_alpha2,27,0.05,2,160,71,0.04238435702074253,0.013844558755305325,0.44285714285714284,0.44285714285714284,0.5571428571428572,19.214285714285715,-0.04834400443924881
exp2_np27_rho005_alpha2,27,0.05,2,161,51,-0.007633807867371409,-0.004632352248505001,0.6,0.5,0.5,14.6,-0.21676028820546633
exp2_np27_rho005_alpha2,27,0.05,2,163,71,0.026216601288478525,0.008351326012597582,0.45714285714285713,0.44285714285714284,0.5571428571428572,17.34285714285714,0.07255758328243708
exp2_np27_rho005_alpha2,27,0.05,2,162,58,0.02658175710879275,-0.005885810635648969,0.5344827586206896,0.5517241379310345,0.4482758620689655,16.67241379310345,-0.2571979243995576
exp2_np27_rho005_alpha2,27,0.05,2,164,63,0.02292485758373377,0.0037196454222914177,0.5,0.5,0.5,16.903225806451612,-0.0495737607291953
exp2_np27_rho005_alpha2,27,0.05,2,165,73,0.019219170100162324,0.014569686517480473,0.4305555555555556,0.4444444444444444,0.5555555555555556,16.84722222222222,0.07552643364869631
exp2_np27_rho005_alpha2,27,0.05,2,168,57,0.015401880297437593,-0.01650635145642365,0.6071428571428571,0.625,0.375,15.642857142857142,-0.04709825479330395
exp2_np27_rho005_alpha2,27,0.05,2,167,71,0.010509047360394494,-0.008748751511708619,0.5714285714285714,0.5857142857142857,0.4142857142857143,19.15714285714286,-0.07221029867674679
exp2_np27_rho005_alpha2,27,0.05,2,169,78,0.03123296407614374,0.0063643030134254985,0.4675324675324675,0.44155844155844154,0.5584415584415584,18.83116883116883,0.027570993884553786
exp2_np27_rho005_alpha2,27,0.05,2,166,85,0.035717712448266076,0.013955321546706756,0.44047619047619047,0.47619047619047616,0.5238095238095238,19.047619047619047,-0.05670612397594053
exp2_np27_rho005_alpha2,27,0.05,2,170,81,0.03391173540328311,-0.00919687676338432,0.55,0.4875,0.5125,20.95,-0.18786853319955396
exp2_np27_rho005_alpha2,27,0.05,2,171,54,0.04460241585837939,0.015170936625821696,0.36538461538461536,0.4807692307692308,0.5192307692307693,17.076923076923077,-0.19708736821640535
exp2_np27_rho005_alpha2,27,0.05,2,174,67,0.028938328135260614,0.01317967420238686,0.4696969696969697,0.5303030303030303,0.4696969696969697,17.96969696969697,0.06122834621765559
exp2_np27_rho005_alpha2,27,0.05,2,173,63,0.033944375505669214,0.01635375295813457,0.4126984126984127,0.5238095238095238,0.47619047619047616,16.063492063492063,0.12511289642470932
exp2_np27_rho005_alpha2,27,0.05,2,172,46,0.02684472437002808,0.014590762612415098,0.4222222222222222,0.5333333333333333,0.4666666666666667,15.555555555555555,0.1661304247719899
exp2_np27_rho005_alpha2,27,0.05,2,175,76,0.01426784219007351,-0.0031516538686151563,0.5131578947368421,0.4342105263157895,0.5657894736842105,19.55263157894737,-0.16194040736675408
exp2_np27_rho005_alpha2,27,0.05,2,176,58,0.031234108156109386,0.006346546174392564,0.45614035087719296,0.5789473684210527,0.42105263157894735,15.596491228070175,0.03530160224887672
exp2_np27_rho005_alpha2,27,0.05,2,177,68,0.03378117787697295,9.118148268250081e-05,0.5,0.5454545454545454,0.45454545454545453,15.575757575757576,0.2263568632771476
exp2_np27_rho005_alpha2,27,0.05,2,178,49,0.003245241543350012,-0.007766645844405673,0.5714285714285714,0.46938775510204084,0.5306122448979592,14.591836734693878,0.01688832461526601
exp2_np27_rho005_alpha2,27,0.05,2,180,45,0.025365605771883418,-0.011961360397784837,0.5333333333333333,0.5333333333333333,0.4666666666666667,15.6,-0.1877162883215822
exp2_np27_rho005_alpha2,27,0.05,2,179,81,0.012609243734307352,-0.003346860290390552,0.5375,0.5875,0.4125,19.6875,-0.07949859499138129
exp2_np27_rho005_alpha2,27,0.05,2,182,69,0.015322093773837156,0.004532015552237922,0.4782608695652174,0.4492753623188406,0.5507246376811594,17.27536231884058,0.24920282204256708
exp2_np27_rho005_alpha2,27,0.05,2,181,64,0.025786412196622782,0.005566024701906258,0.4603174603174603,0.5079365079365079,0.49206349206349204,17.428571428571427,-0.03505865172453466
exp2_np27_rho005_alpha2,27,0.05,2,185,41,0.05372054529004327,0.00457271633670242,0.4634146341463415,0.43902439024390244,0.5609756097560976,14.878048780487806,0.20832008309181763
exp2_np27_rho005_alpha2,27,0.05,2,183,48,0.04211442986770698,0.006455942622480393,0.3829787234042553,0.44680851063829785,0.5531914893617021,16.574468085106382,-0.10924211420077362
exp2_np27_rho005_alpha2,27,0.05,2,184,66,0.015121107868313876,0.0029576614691047,0.47692307692307695,0.4461538461538462,0.5538461538461539,17.76923076923077,0.07539815032852568
exp2_np27_rho005_alpha2,27,0.05,2,186,66,0.02991951879281211,0.008403611206595052,0.4461538461538462,0.5692307692307692,0.4307692307692308,18.83076923076923,-0.014641770852691187
exp2_np27_rho005_alpha2,27,0.05,2,187,73,0.010880100100983565,0.0017873617376586992,0.4861111111111111,0.4861111111111111,0.5138888888888888,21.15277777777778,0.06930709990335471
exp2_np27_rho005_alpha2,27,0.05,2,190,65,0.03132476874045162,0.008886323489277537,0.453125,0.484375,0.515625,18.046875,0.2616979393766863
exp2_np27_rho005_alpha2,27,0.05,2,189,55,0.025854290963045545,0.011176189681704862,0.46296296296296297,0.48148148148148145,0.5185185185185185,15.722222222222221,-0.175519073917329
exp2_np27_rho005_alpha2,27,0.05,2,188,66,0.01761435027429779,0.01505695269101004,0.4307692307692308,0.47692307692307695,0.5230769230769231,18.03076923076923,-0.20903327459438845
exp2_np27_rho005_alpha2,27,0.05,2,191,52,0.03275858259864353,0.014271597445282502,0.47058823529411764,0.5294117647058824,0.47058823529411764,16.941176470588236,0.09015069784433927
exp2_np27_rho005_alpha2,27,0.05,2,192,89,0.02013059459134459,0.002101755360095048,0.48314606741573035,0.5168539325842697,0.48314606741573035,20.292134831460675,0.10122928296469223
exp2_np27_rho005_alpha2,27,0.05,2,193,54,0.004820464602676537,0.0018793893858974897,0.4716981132075472,0.5849056603773585,0.41509433962264153,16.22641509433962,0.12115848545758015
exp2_np27_rho005_alpha2,27,0.05,2,194,75,0.04525583140998836,0.02027685271379509,0.3918918918918919,0.527027027027027,0.47297297297297297,18.85135135135135,-0.00906522643950207
exp2_np27_rho005_alpha2,27,0.05,2,195,74,0.015327678766353388,0.00580824357117482,0.4931506849315068,0.5753424657534246,0.4246575342465753,19.383561643835616,0.02207401764883898
exp2_np27_rho005_alpha2,27,0.05,2,196,71,0.029337050657150688,0.0003985992549702111,0.5,0.45714285714285713,0.5428571428571428,16.714285714285715,-0.0882151516259755
exp2_np27_rho005_alpha2,27,0.05,2,197,78,0.013958595102949814,-0.005549520344726222,0.5256410256410257,0.6282051282051282,0.3717948717948718,18.03846153846154,0.09854686881381729
exp2_np27_rho005_alpha2,27,0.05,2,199,57,0.02197227728453367,0.008748227681584453,0.45454545454545453,0.4727272727272727,0.5272727272727272,15.563636363636364,-0.10484424374460137
exp2_np27_rho005_alpha2,27,0.05,2,198,63,0.02562146638910805,0.006900701728227876,0.46774193548387094,0.5645161290322581,0.43548387096774194,19.048387096774192,-0.02154728114648119
exp2_np27_rho005_alpha5,27,0.05,5,9,42,0.02654869721047149,0.01465834731688398,0.42857142857142855,0.47619047619047616,0.5238095238095238,19.166666666666668,0.03619224132079812
exp2_np27_rho005_alpha5,27,0.05,5,13,19,0.005767571718657406,0.028348589036905736,0.42105263157894735,0.5789473684210527,0.42105263157894735,14.736842105263158,-0.11506192069123235
exp2_np27_rho005_alpha5,27,0.05,5,1,43,-0.009141417391718969,-0.01725882832720327,0.5813953488372093,0.4418604651162791,0.5581395348837209,16.325581395348838,-0.16767875610089766
exp2_np27_rho005_alpha5,27,0.05,5,0,28,0.014387806918362691,-0.004967487192451436,0.5357142857142857,0.4642857142857143,0.5357142857142857,15.285714285714286,-0.3629924243312823
exp2_np27_rho005_alpha5,27,0.05,5,4,19,0.010117647849592447,-0.0049696397800111924,0.5555555555555556,0.6111111111111112,0.3888888888888889,13.5,-0.1945935452610406
exp2_np27_rho005_alpha5,27,0.05,5,8,47,0.025996617835957202,0.029300796194383416,0.40425531914893614,0.6170212765957447,0.3829787234042553,18.70212765957447,-0.24721163294161697
exp2_np27_rho005_alpha5,27,0.05,5,10,53,0.01575842151509919,0.018787428383348015,0.4716981132075472,0.4528301886792453,0.5471698113207547,16.60377358490566,-0.17975934574541008
exp2_np27_rho005_alpha5,27,0.05,5,2,63,0.008310242243680805,-0.004731955788042974,0.5238095238095238,0.5714285714285714,0.42857142857142855,17.285714285714285,-0.2004989298121598
exp2_np27_rho005_alpha5,27,0.05,5,14,43,0.012499447675284974,0.026203232694100187,0.4186046511627907,0.3953488372093023,0.6046511627906976,16.13953488372093,-0.17729584172400512
exp2_np27_rho005_alpha5,27,0.05,5,11,32,0.00865808023681272,0.022189609192865944,0.40625,0.4375,0.5625,15.90625,-0.129212520048987
exp2_np27_rho005_alpha5,27,0.05,5,5,67,0.008755257219515027,-0.0016590282714634697,0.5074626865671642,0.5074626865671642,0.4925373134328358,19.029850746268657,-0.03420453049051369
exp2_np27_rho005_alpha5,27,0.05,5,7,44,0.008943786735522182,0.018065139921703555,0.37209302325581395,0.4186046511627907,0.5813953488372093,17.0,-0.054010116291797645
exp2_np27_rho005_alpha5,27,0.05,5,6,54,0.029275002096273293,0.017895736948548624,0.37037037037037035,0.48148148148148145,0.5185185185185185,18.925925925925927,0.0018816371624929007
exp2_np27_rho005_alpha5,27,0.05,5,15,64,0.010485438662105745,0.013302490219829544,0.453125,0.515625,0.484375,19.390625,-0.15779279572952637
exp2_np27_rho005_alpha5,27,0.05,5,3,54,0.016977458992595434,0.017893326177780722,0.4074074074074074,0.46296296296296297,0.5370370370370371,16.40740740740741,-0.08991649561123831
exp2_np27_rho005_alpha5,27,0.05,5,12,23,0.036908272933596845,0.030056660598725138,0.17391304347826086,0.391304347826087,0.6086956521739131,12.869565217391305,-0.19800474086190048
exp2_np27_rho005_alpha5,27,0.05,5,16,36,0.025298648918750975,0.019387865109540936,0.3611111111111111,0.5277777777777778,0.4722222222222222,15.527777777777779,-0.06927820068852641
exp2_np27_rho005_alpha5,27,0.05,5,18,22,-0.004115711324857935,-0.005961174270490588,0.5909090909090909,0.5,0.5,16.59090909090909,-0.06978749406870922
exp2_np27_rho005_alpha5,27,0.05,5,17,39,0.03594039017127857,0.02104313562779314,0.4358974358974359,0.5641025641025641,0.4358974358974359,16.153846153846153,0.0012712629843625411
exp2_np27_rho005_alpha5,27,0.05,5,23,51,0.013007286893116313,0.006618572262217626,0.47058823529411764,0.47058823529411764,0.5294117647058824,17.11764705882353,-0.13677260365370347
exp2_np27_rho005_alpha5,27,0.05,5,20,31,-0.005633423410213055,4.6013688949742004e-05,0.4838709677419355,0.5806451612903226,0.41935483870967744,13.741935483870968,0.11983092560369203
exp2_np27_rho005_alpha5,27,0.05,5,21,34,0.033570206732369705,0.006833176265685026,0.47058823529411764,0.5294117647058824,0.47058823529411764,14.529411764705882,-0.25293158378580777
exp2_np27_rho005_alpha5,27,0.05,5,19,59,0.015755842778118135,0.002256547996219993,0.4915254237288136,0.4576271186440678,0.5423728813559322,17.71186440677966,-0.07577575957314321
exp2_np27_rho005_alpha5,27,0.05,5,22,17,-0.003963952145638546,-0.00519272432539708,0.6470588235294118,0.5294117647058824,0.47058823529411764,13.764705882352942,-0.054894819613375403
exp2_np27_rho005_alpha5,27,0.05,5,24,22,0.004522241994963438,-0.010166935049042536,0.5909090909090909,0.5454545454545454,0.45454545454545453,14.045454545454545,-0.3311662412728727
exp2_np27_rho005_alpha5,27,0.05,5,29,62,0.01998951182350177,0.012205223397249831,0.43548387096774194,0.5,0.5,17.93548387096774,-0.12231397363235526
exp2_np27_rho005_alpha5,27,0.05,5,30,33,0.024040730751384964,0.004420636756012897,0.42424242424242425,0.5151515151515151,0.48484848484848486,14.030303030303031,-0.044341062595977504
exp2_np27_rho005_alpha5,27,0.05,5,26,49,0.02607479934007592,-0.00529050205988657,0.5306122448979592,0.5306122448979592,0.46938775510204084,18.959183673469386,-0.12854857021410732
exp2_np27_rho005_alpha5,27,0.05,5,25,46,0.0023221889700325233,0.0054263792384587894,0.43478260869565216,0.5434782608695652,0.45652173913043476,15.521739130434783,-0.2703449859047188
exp2_np27_rho005_alpha5,27,0.05,5,28,35,0.0018249645755363426,-0.015490779167889102,0.6,0.5428571428571428,0.45714285714285713,14.314285714285715,-0.1364589183807391
exp2_np27_rho005_alpha5,27,0.05,5,27,30,0.0061248368431135935,0.011192432506554884,0.43333333333333335,0.5333333333333333,0.4666666666666667,16.066666666666666,0.07933843221387282
exp2_np27_rho005_alpha5,27,0.05,5,31,67,0.04210058514374761,0.0025766858574369778,0.47761194029850745,0.582089552238806,0.417910447761194,21.388059701492537,-0.10125152513450533
exp2_np27_rho005_alpha5,27,0.05,5,34,36,0.06701731017119952,0.03435334518089084,0.3888888888888889,0.5555555555555556,0.4444444444444444,16.055555555555557,-0.3298474276851154
exp2_np27_rho005_alpha5,27,0.05,5,32,40,0.01494681545408969,0.020738263447328098,0.375,0.6,0.4,16.175,0.055661588060346795
exp2_np27_rho005_alpha5,27,0.05,5,33,40,0.014135754341449336,-0.002333010637123323,0.525,0.6,0.4,16.325,-0.2359966737989913
exp2_np27_rho005_alpha5,27,0.05,5,35,40,0.0167249908456087,-0.013619152037354532,0.525,0.35,0.65,16.875,-0.35018939196071314
exp2_np27_rho005_alpha5,27,0.05,5,36,39,0.03081534796237709,0.015943320616241152,0.41025641025641024,0.46153846153846156,0.5384615384615384,16.564102564102566,-0.04953739018821777
exp2_np27_rho005_alpha5,27,0.05,5,37,36,0.01257291555607202,0.0043480456423470315,0.4722222222222222,0.3888888888888889,0.6111111111111112,16.444444444444443,-0.10883919707604293
exp2_np27_rho005_alpha5,27,0.05,5,39,42,0.005744626939281642,0.0057126513019021274,0.4634146341463415,0.4634146341463415,0.5365853658536586,15.682926829268293,-0.0819785573797617
exp2_np27_rho005_alpha5,27,0.05,5,38,55,0.02834645279271847,0.0057268433129165075,0.4727272727272727,0.6181818181818182,0.38181818181818183,17.272727272727273,-0.0912101670938669
exp2_np27_rho005_alpha5,27,0.05,5,40,40,0.006503705872466648,0.0038254973436013806,0.475,0.55,0.45,15.925,-0.20539409368663591
exp2_np27_rho005_alpha5,27,0.05,5,41,27,0.010632317938181,0.0010661554872850587,0.48148148148148145,0.37037037037037035,0.6296296296296297,14.222222222222221,-0.21631734767540714
exp2_np27_rho005_alpha5,27,0.05,5,42,42,0.05172904463934528,0.007884536538691922,0.47619047619047616,0.42857142857142855,0.5714285714285714,16.5,0.023285511603837874
exp2_np27_rho005_alpha5,27,0.05,5,43,48,0.004305984979111018,0.004658749391161177,0.4791666666666667,0.5208333333333334,0.4791666666666667,19.166666666666668,-0.12020648595584939
exp2_np27_rho005_alpha5,27,0.05,5,45,53,0.010295079767897761,0.00046193922694470757,0.49056603773584906,0.6037735849056604,0.39622641509433965,17.37735849056604,-0.02533549706502772
exp2_np27_rho005_alpha5,27,0.05,5,44,43,0.025810025105551634,0.004153773960452689,0.46511627906976744,0.5581395348837209,0.4418604651162791,17.651162790697676,-0.09042515655106097
exp2_np27_rho005_alpha5,27,0.05,5,46,51,0.03936874983380116,0.01776036627900268,0.45098039215686275,0.5098039215686274,0.49019607843137253,16.823529411764707,-0.07613649947035836
exp2_np27_rho005_alpha5,27,0.05,5,47,26,0.0011834868132409517,0.0036919882914130397,0.46153846153846156,0.5769230769230769,0.4230769230769231,14.73076923076923,0.11923620194492861
exp2_np27_rho005_alpha5,27,0.05,5,48,51,0.03568410872623335,0.021185793924142438,0.39215686274509803,0.5882352941176471,0.4117647058823529,20.88235294117647,-0.20045200831323493
exp2_np27_rho005_alpha5,27,0.05,5,50,55,0.020609313270690016,0.015167205129548833,0.4,0.5636363636363636,0.43636363636363634,20.581818181818182,0.03191851242406641
exp2_np27_rho005_alpha5,27,0.05,5,49,29,0.021451825693454492,0.012304587432474534,0.4482758620689655,0.41379310344827586,0.5862068965517241,14.862068965517242,-0.10007187251393314
exp2_np27_rho005_alpha5,27,0.05,5,51,27,0.02867977694386054,0.006123457121048226,0.4444444444444444,0.3333333333333333,0.6666666666666666,14.925925925925926,0.12971348030323177
exp2_np27_rho005_alpha5,27,0.05,5,56,51,0.025609657723011346,0.010332357318706187,0.4117647058823529,0.43137254901960786,0.5686274509803921,17.862745098039216,-0.16726745181605637
exp2_np27_rho005_alpha5,27,0.05,5,53,62,0.024515329623656906,0.002721467813144862,0.5,0.5645161290322581,0.43548387096774194,17.629032258064516,-0.24866202998483802
exp2_np27_rho005_alpha5,27,0.05,5,52,35,0.005982745476243905,0.014387166261812467,0.37142857142857144,0.5714285714285714,0.42857142857142855,15.371428571428572,0.22896869912190457
exp2_np27_rho005_alpha5,27,0.05,5,54,47,0.012692766089142885,0.017070883571405737,0.3829787234042553,0.425531914893617,0.574468085106383,17.4468085106383,-0.20639423659677614
exp2_np27_rho005_alpha5,27,0.05,5,55,42,-0.0033407922281384075,0.010069443814798795,0.42857142857142855,0.4523809523809524,0.5476190476190477,17.095238095238095,-0.18859398454843693
exp2_np27_rho005_alpha5,27,0.05,5,59,44,0.003922898078618725,0.0049127979524721255,0.4772727272727273,0.5,0.5,16.613636363636363,-0.11341031014018449
exp2_np27_rho005_alpha5,27,0.05,5,57,39,0.0044889533896146135,0.006857614386418298,0.46153846153846156,0.5128205128205128,0.48717948717948717,14.615384615384615,-0.036270992703881275
exp2_np27_rho005_alpha5,27,0.05,5,58,58,0.0059000075741218825,-0.004856000803061811,0.5172413793103449,0.4482758620689655,0.5517241379310345,16.82758620689655,-0.0941444555300577
exp2_np27_rho005_alpha5,27,0.05,5,60,35,0.021185426805904406,0.025025038617457973,0.37142857142857144,0.5428571428571428,0.45714285714285713,15.0,0.04576574918149341
exp2_np27_rho005_alpha5,27,0.05,5,61,54,0.000986124699031863,0.0069576802302853125,0.42592592592592593,0.5,0.5,18.333333333333332,-0.17340198025544346
exp2_np27_rho005_alpha5,27,0.05,5,62,32,0.005865644191709984,0.011152580605435336,0.46875,0.46875,0.53125,15.46875,-0.12331177498271019
exp2_np27_rho005_alpha5,27,0.05,5,63,48,0.03059853389512816,0.015245060756404971,0.4166666666666667,0.5416666666666666,0.4583333333333333,20.041666666666668,0.18668208532986247
exp2_np27_rho005_alpha5,27,0.05,5,65,57,0.02404985570790991,0.0006848221459172521,0.49122807017543857,0.42105263157894735,0.5789473684210527,17.49122807017544,-0.027547111445991087
exp2_np27_rho005_alpha5,27,0.05,5,64,25,0.006346171915803147,0.008002255095143518,0.48,0.72,0.28,13.32,-0.12370325905059866
exp2_np27_rho005_alpha5,27,0.05,5,66,24,0.05775286402581947,0.022352692790643225,0.3333333333333333,0.5,0.5,13.333333333333334,-0.06704025525178836
exp2_np27_rho005_alpha5,27,0.05,5,67,34,0.014506875056139143,-0.0007620498642308959,0.5,0.47058823529411764,0.5294117647058824,16.38235294117647,-0.15745102199128802
exp2_np27_rho005_alpha5,27,0.05,5,68,45,0.014567777472516634,0.005926248972661696,0.4888888888888889,0.6222222222222222,0.37777777777777777,16.244444444444444,0.042755525857133804
exp2_np27_rho005_alpha5,27,0.05,5,69,47,0.05735773515644741,0.020176604638128204,0.40425531914893614,0.574468085106383,0.425531914893617,16.425531914893618,-0.22200184272501575
exp2_np27_rho005_alpha5,27,0.05,5,71,44,0.02575955606634667,0.014984586830777413,0.4318181818181818,0.5,0.5,18.568181818181817,0.028710156374555332
exp2_np27_rho005_alpha5,27,0.05,5,73,62,0.02345504663671569,-0.0026073956616885496,0.5161290322580645,0.5161290322580645,0.4838709677419355,20.403225806451612,-0.03766699206056381
exp2_np27_rho005_alpha5,27,0.05,5,72,31,0.023620424978827465,0.008796125850948577,0.3548387096774194,0.5161290322580645,0.4838709677419355,16.193548387096776,-0.00044043939371951103
exp2_np27_rho005_alpha5,27,0.05,5,70,36,0.005734666849528687,-0.009070101118077378,0.5277777777777778,0.6111111111111112,0.3888888888888889,15.333333333333334,-0.22593137666967583
exp2_np27_rho005_alpha5,27,0.05,5,75,32,0.012432227889340591,0.012099935601086464,0.40625,0.34375,0.65625,13.9375,-0.40381808862021285
exp2_np27_rho005_alpha5,27,0.05,5,74,45,0.015844185290970852,0.010840346731882278,0.4666666666666667,0.37777777777777777,0.6222222222222222,19.333333333333332,-0.08545884070961063
exp2_np27_rho005_alpha5,27,0.05,5,79,43,0.01026108033492139,-0.0036442534392309156,0.5348837209302325,0.5116279069767442,0.4883720930232558,16.511627906976745,-0.1781831696406309
exp2_np27_rho005_alpha5,27,0.05,5,76,71,0.03279217142628233,0.002723009754676653,0.49295774647887325,0.6056338028169014,0.39436619718309857,23.577464788732396,-0.21176761899965316
exp2_np27_rho005_alpha5,27,0.05,5,77,55,0.006920155472976849,-0.01097999280496964,0.509090909090909,0.4909090909090909,0.509090909090909,16.30909090909091,0.08671418633251902
exp2_np27_rho005_alpha5,27,0.05,5,78,44,-0.008650893102527396,-0.008208402439678686,0.5581395348837209,0.6046511627906976,0.3953488372093023,16.767441860465116,0.15406447426375133
exp2_np27_rho005_alpha5,27,0.05,5,80,38,0.030796422015080004,0.015747113643916233,0.39473684210526316,0.5526315789473685,0.4473684210526316,14.605263157894736,0.02532681675250506
exp2_np27_rho005_alpha5,27,0.05,5,83,63,0.025103911517321803,0.00615206856586159,0.49206349206349204,0.49206349206349204,0.5079365079365079,17.555555555555557,-0.18089274395770724
exp2_np27_rho005_alpha5,27,0.05,5,81,38,0.010461854263709918,0.007572342563538115,0.42105263157894735,0.5,0.5,18.236842105263158,-0.10334559934692383
exp2_np27_rho005_alpha5,27,0.05,5,82,34,0.003321803823592915,0.011188492313819243,0.4411764705882353,0.5882352941176471,0.4117647058823529,14.529411764705882,-0.044938355464839666
exp2_np27_rho005_alpha5,27,0.05,5,84,25,0.02840663446099736,0.02842962431152163,0.36,0.6,0.4,15.08,0.20933983045475485
exp2_np27_rho005_alpha5,27,0.05,5,85,34,0.03805405715501502,0.026826176729712436,0.23529411764705882,0.5294117647058824,0.47058823529411764,15.764705882352942,-0.021253956422608765
exp2_np27_rho005_alpha5,27,0.05,5,86,43,0.030564627167245017,0.0182081367793403,0.4418604651162791,0.5813953488372093,0.4186046511627907,15.279069767441861,-0.1976413215206561
exp2_np27_rho005_alpha5,27,0.05,5,89,32,0.06976845486226202,0.020646826453445843,0.34375,0.34375,0.65625,15.65625,-0.23523796757455814
exp2_np27_rho005_alpha5,27,0.05,5,87,27,-0.010216272097235782,-0.021648217195695985,0.6666666666666666,0.4074074074074074,0.5925925925925926,15.518518518518519,-0.04055736206751795
exp2_np27_rho005_alpha5,27,0.05,5,88,65,0.041480190566423866,0.025188300092911398,0.36923076923076925,0.6153846153846154,0.38461538461538464,21.015384615384615,-0.17004750255760626
exp2_np27_rho005_alpha5,27,0.05,5,93,52,0.027754820082584394,-0.004589325291813218,0.5576923076923077,0.6730769230769231,0.3269230769230769,16.78846153846154,-0.12650752795418882
exp2_np27_rho005_alpha5,27,0.05,5,91,33,0.019817097664805636,0.019964348728991332,0.36363636363636365,0.48484848484848486,0.5151515151515151,14.848484848484848,0.22104636591310695
exp2_np27_rho005_alpha5,27,0.05,5,90,44,-0.0005993095439434836,-0.008472662015438281,0.5454545454545454,0.4772727272727273,0.5227272727272727,16.5,0.17620125721313185
exp2_np27_rho005_alpha5,27,0.05,5,92,56,0.039550091338982685,-0.006074390117056794,0.5178571428571429,0.5357142857142857,0.4642857142857143,19.196428571428573,-0.0846333285895217
exp2_np27_rho005_alpha5,27,0.05,5,94,39,0.04645788347670336,0.02468007900277769,0.38461538461538464,0.48717948717948717,0.5128205128205128,17.05128205128205,-0.27144045051796933
exp2_np27_rho005_alpha5,27,0.05,5,95,45,0.0026429096658774475,-0.001566450160113142,0.5111111111111111,0.4222222222222222,0.5777777777777777,17.2,0.2474624563367665
exp2_np27_rho005_alpha5,27,0.05,5,96,46,0.023830677312967827,-0.00017938428471042656,0.5,0.5869565217391305,0.41304347826086957,15.282608695652174,-0.04181645077392366
exp2_np27_rho005_alpha5,27,0.05,5,97,46,0.0053660439334095875,0.008870524235456756,0.43478260869565216,0.43478260869565216,0.5652173913043478,19.41304347826087,-0.10384539133392029
exp2_np27_rho005_alpha5,27,0.05,5,99,34,0.0216667582375772,0.02000326276619191,0.29411764705882354,0.5588235294117647,0.4411764705882353,14.882352941176471,0.2750804517701938
exp2_np27_rho005_alpha5,27,0.05,5,98,36,0.04962189505486828,0.019162516499893645,0.3888888888888889,0.6111111111111112,0.3888888888888889,15.805555555555555,0.12110519852426985
exp2_np27_rho005_alpha5,27,0.05,5,100,56,0.018116332156573742,0.013792846194803587,0.4642857142857143,0.5,0.5,18.785714285714285,0.018473237116733033
exp2_np27_rho005_alpha5,27,0.05,5,101,40,0.005124868518507841,-0.005278973670894693,0.55,0.625,0.375,17.25,-0.3176242529791167
exp2_np27_rho005_alpha5,27,0.05,5,102,60,0.0200471906733198,0.00015208889666151748,0.5,0.6833333333333333,0.31666666666666665,17.85,-0.20708930341024648
exp2_np27_rho005_alpha5,27,0.05,5,105,63,0.024113070750248086,0.004606465451222341,0.47619047619047616,0.5714285714285714,0.42857142857142855,18.88888888888889,-0.24097062681549142
exp2_np27_rho005_alpha5,27,0.05,5,103,40,0.021416449858702634,-0.002104231806838719,0.525,0.675,0.325,15.425,-0.22802580167409828
exp2_np27_rho005_alpha5,27,0.05,5,106,54,0.009600058134467786,-0.016458409231167703,0.5740740740740741,0.5370370370370371,0.46296296296296297,17.88888888888889,-0.20348993229810752
exp2_np27_rho005_alpha5,27,0.05,5,104,31,0.012350047269591637,0.014069829824903124,0.3870967741935484,0.5806451612903226,0.41935483870967744,16.35483870967742,-0.2844937179914292
exp2_np27_rho005_alpha5,27,0.05,5,108,52,0.00939245533483474,0.005657794663643578,0.4423076923076923,0.5192307692307693,0.4807692307692308,17.5,-0.17207106799521424
exp2_np27_rho005_alpha5,27,0.05,5,107,45,0.015014766063887602,0.006617697000635303,0.4888888888888889,0.4444444444444444,0.5555555555555556,15.622222222222222,-0.23035207144105235
exp2_np27_rho005_alpha5,27,0.05,5,109,31,0.024421696510014298,0.009909093505585886,0.4838709677419355,0.45161290322580644,0.5483870967741935,16.35483870967742,-0.06616372720163782
exp2_np27_rho005_alpha5,27,0.05,5,111,27,-0.014673461555901476,-0.015036565309400451,0.6666666666666666,0.4444444444444444,0.5555555555555556,14.777777777777779,-0.32617619765757844
exp2_np27_rho005_alpha5,27,0.05,5,110,36,0.013556071963692832,0.005679563198358828,0.4166666666666667,0.4166666666666667,0.5833333333333334,14.222222222222221,-0.03404235305387793
exp2_np27_rho005_alpha5,27,0.05,5,112,57,0.010095224357343814,-0.00023527603710160605,0.5087719298245614,0.47368421052631576,0.5263157894736842,18.56140350877193,0.08979934075139524
exp2_np27_rho005_alpha5,27,0.05,5,113,58,0.017387094112084733,0.012279132292890349,0.39655172413793105,0.6206896551724138,0.3793103448275862,20.155172413793103,-0.055880591074160026
exp2_np27_rho005_alpha5,27,0.05,5,115,46,0.05132271331909562,0.019742565801323497,0.34782608695652173,0.5217391304347826,0.4782608695652174,16.282608695652176,-0.23965104157415398
exp2_np27_rho005_alpha5,27,0.05,5,114,53,0.010381800637196074,0.003083468093548092,0.4339622641509434,0.4528301886792453,0.5471698113207547,16.943396226415093,0.041739797414243676
exp2_np27_rho005_alpha5,27,0.05,5,116,51,0.03247644513862003,0.02316952482596868,0.39215686274509803,0.4117647058823529,0.5882352941176471,16.627450980392158,0.048128836740853484
exp2_np27_rho005_alpha5,27,0.05,5,117,65,0.014737392954772725,0.0011973249792003315,0.49230769230769234,0.5076923076923077,0.49230769230769234,17.215384615384615,-0.1510412255111888
exp2_np27_rho005_alpha5,27,0.05,5,118,48,0.010141198320151553,0.005058687434273956,0.4791666666666667,0.4375,0.5625,17.479166666666668,0.08609173071738428
exp2_np27_rho005_alpha5,27,0.05,5,119,21,0.014665627733440944,0.04337104866091135,0.38095238095238093,0.47619047619047616,0.5238095238095238,14.285714285714286,0.26202475844001905
exp2_np27_rho005_alpha5,27,0.05,5,120,53,0.006143741775290371,-0.006617228434149247,0.5660377358490566,0.5283018867924528,0.4716981132075472,16.60377358490566,-0.03233996754073787
exp2_np27_rho005_alpha5,27,0.05,5,121,60,0.013450190042398875,-0.0036513523540078197,0.5166666666666667,0.5666666666666667,0.43333333333333335,19.45,-0.08313473172883908
exp2_np27_rho005_alpha5,27,0.05,5,122,51,0.0007441021736772831,0.0030160926359750206,0.47058823529411764,0.49019607843137253,0.5098039215686274,17.941176470588236,-0.15668003427403387
exp2_np27_rho005_alpha5,27,0.05,5,124,64,0.016011948738491877,-0.003444779338474202,0.515625,0.546875,0.453125,19.734375,-0.13463752406623658
exp2_np27_rho005_alpha5,27,0.05,5,123,47,0.03303075722456704,0.015164201493340634,0.3829787234042553,0.46808510638297873,0.5319148936170213,15.914893617021276,-0.2375226395641277
exp2_np27_rho005_alpha5,27,0.05,5,125,55,0.0349947785387803,0.011529464962759306,0.4,0.4909090909090909,0.509090909090909,20.054545454545455,-0.07716438234949113
exp2_np27_rho005_alpha5,27,0.05,5,126,30,-0.0044379654488660766,0.00728397620559651,0.43333333333333335,0.36666666666666664,0.6333333333333333,18.866666666666667,0.33822140607908563
exp2_np27_rho005_alpha5,27,0.05,5,127,57,0.03337413218623916,0.012291714698972278,0.43859649122807015,0.5614035087719298,0.43859649122807015,18.087719298245613,-0.04947505404546155
exp2_np27_rho005_alpha5,27,0.05,5,128,49,0.01426115853189447,0.006538657392487046,0.42857142857142855,0.6122448979591837,0.3877551020408163,17.877551020408163,-0.039536178750651116
exp2_np27_rho005_alpha5,27,0.05,5,129,53,0.04702505381474721,0.03430009340006901,0.4339622641509434,0.6226415094339622,0.37735849056603776,18.30188679245283,-0.09106287747796986
exp2_np27_rho005_alpha5,27,0.05,5,130,43,0.014834404522757971,0.001606830835785722,0.4883720930232558,0.3953488372093023,0.6046511627906976,16.74418604651163,0.1310624218615308
exp2_np27_rho005_alpha5,27,0.05,5,131,49,-0.0009376787306372193,0.01023851042725532,0.3673469387755102,0.46938775510204084,0.5306122448979592,17.040816326530614,0.08803055142552103
exp2_np27_rho005_alpha5,27,0.05,5,132,45,0.006415682152018951,0.004331047701315427,0.4666666666666667,0.4666666666666667,0.5333333333333333,17.08888888888889,-0.15169343474250438
exp2_np27_rho005_alpha5,27,0.05,5,133,47,0.016596317330754132,0.006481616171830851,0.425531914893617,0.5531914893617021,0.44680851063829785,16.361702127659573,-0.02319933563621166
exp2_np27_rho005_alpha5,27,0.05,5,134,62,0.036235932460916324,0.0038097455998031826,0.4838709677419355,0.45161290322580644,0.5483870967741935,18.451612903225808,-0.035719028126724645
exp2_np27_rho005_alpha5,27,0.05,5,135,38,0.013773473274491282,-0.0023264790233996635,0.5,0.5263157894736842,0.47368421052631576,17.81578947368421,0.03542829084454949
exp2_np27_rho005_alpha5,27,0.05,5,136,59,-0.000863945341919895,0.00257725661678343,0.4745762711864407,0.4915254237288136,0.5084745762711864,19.915254237288135,0.04089290120192448
exp2_np27_rho005_alpha5,27,0.05,5,139,43,0.00999680559827325,-0.007139361850910575,0.5348837209302325,0.5116279069767442,0.4883720930232558,16.72093023255814,-0.2910186940619254
exp2_np27_rho005_alpha5,27,0.05,5,138,57,0.021371447754104128,0.01778327716013184,0.40350877192982454,0.49122807017543857,0.5087719298245614,20.017543859649123,-0.22504976067004992
exp2_np27_rho005_alpha5,27,0.05,5,137,46,0.01762002108456342,-0.00017178065091449923,0.5,0.4782608695652174,0.5217391304347826,16.434782608695652,-0.10771520751513051
exp2_np27_rho005_alpha5,27,0.05,5,140,40,0.01949781158523054,0.00013883509674972316,0.5,0.55,0.45,15.825,-0.26252070611658884
exp2_np27_rho005_alpha5,27,0.05,5,141,36,0.04124594782000335,0.015389585537521011,0.4444444444444444,0.5,0.5,16.416666666666668,-0.04878124721665491
exp2_np27_rho005_alpha5,27,0.05,5,142,22,0.004362487003807988,0.003511984524539713,0.42857142857142855,0.47619047619047616,0.5238095238095238,12.904761904761905,-0.105016416414242
exp2_np27_rho005_alpha5,27,0.05,5,143,21,0.016654687613674685,0.016783923314441118,0.42857142857142855,0.6190476190476191,0.38095238095238093,13.714285714285714,0.15997530632695858
exp2_np27_rho005_alpha5,27,0.05,5,144,71,0.028402161665618347,0.004694732445864602,0.4647887323943662,0.5070422535211268,0.49295774647887325,17.239436619718308,-0.24774908975914575
exp2_np27_rho005_alpha5,27,0.05,5,145,46,-0.00423512330110516,-0.009462326871517046,0.5434782608695652,0.45652173913043476,0.5434782608695652,16.67391304347826,0.08444251728179802
exp2_np27_rho005_alpha5,27,0.05,5,146,34,-0.0022608729837516345,-0.010326081622717087,0.5294117647058824,0.35294117647058826,0.6470588235294118,15.941176470588236,0.0527320959061564
exp2_np27_rho005_alpha5,27,0.05,5,147,32,0.002611581636613708,0.002481142748305132,0.5,0.46875,0.53125,16.28125,-0.10573268602646492
exp2_np27_rho005_alpha5,27,0.05,5,148,43,0.010723836862564845,0.004455842384118114,0.4883720930232558,0.4186046511627907,0.5813953488372093,17.953488372093023,-0.14830922716113462
exp2_np27_rho005_alpha5,27,0.05,5,149,46,0.003468069988287723,-0.004182776268022437,0.5,0.5217391304347826,0.4782608695652174,18.304347826086957,0.03557463556390782
exp2_np27_rho005_alpha5,27,0.05,5,150,42,0.03451469548323148,0.012178485287669183,0.42857142857142855,0.35714285714285715,0.6428571428571429,17.523809523809526,-0.15461778155288575
exp2_np27_rho005_alpha5,27,0.05,5,151,61,0.010836291743407767,-0.004405416330853118,0.5333333333333333,0.5166666666666667,0.48333333333333334,21.016666666666666,-0.10150311471182058
exp2_np27_rho005_alpha5,27,0.05,5,152,51,0.006134827468276078,-0.003251626044992406,0.5686274509803921,0.49019607843137253,0.5098039215686274,19.45098039215686,-0.2090963868520961
exp2_np27_rho005_alpha5,27,0.05,5,153,42,-0.002916208999417691,0.009578143410030826,0.4523809523809524,0.5476190476190477,0.4523809523809524,17.666666666666668,0.08817161072728175
exp2_np27_rho005_alpha5,27,0.05,5,154,51,0.020676853522817274,0.022580283571071114,0.37254901960784315,0.47058823529411764,0.5294117647058824,19.03921568627451,-0.1805464230535792
exp2_np27_rho005_alpha5,27,0.05,5,157,44,-0.0041736368593131064,-0.005906443622719415,0.5909090909090909,0.5454545454545454,0.45454545454545453,16.09090909090909,0.02988681982443822
exp2_np27_rho005_alpha5,27,0.05,5,155,55,0.007884705191890972,0.009544031633426542,0.45454545454545453,0.6,0.4,18.29090909090909,-0.20051073301412176
exp2_np27_rho005_alpha5,27,0.05,5,156,35,0.0076423258129226825,-0.002848146039672983,0.5428571428571428,0.5142857142857142,0.4857142857142857,15.6,0.0754744278963948
exp2_np27_rho005_alpha5,27,0.05,5,158,42,-0.0032929347387659334,-0.00227490139037112,0.5,0.4523809523809524,0.5476190476190477,14.523809523809524,0.26386657843840416
exp2_np27_rho005_alpha5,27,0.05,5,159,22,0.01276670877298068,0.010629062978802395,0.42857142857142855,0.47619047619047616,0.5238095238095238,14.428571428571429,-0.1832520034019396
exp2_np27_rho005_alpha5,27,0.05,5,160,51,0.022269611751960197,0.019472976305192624,0.45098039215686275,0.5882352941176471,0.4117647058823529,16.686274509803923,-0.05917338436642821
exp2_np27_rho005_alpha5,27,0.05,5,161,26,-0.0023713481959845104,0.011813956395575698,0.4230769230769231,0.34615384615384615,0.6538461538461539,14.346153846153847,-0.23416551201105318
exp2_np27_rho005_alpha5,27,0.05,5,162,34,-0.00337150442730407,0.014740644293202099,0.4411764705882353,0.5294117647058824,0.47058823529411764,15.705882352941176,0.04578931375370086
exp2_np27_rho005_alpha5,27,0.05,5,163,31,-0.01790366502030846,-0.016296213259406223,0.6451612903225806,0.5483870967741935,0.45161290322580644,14.806451612903226,-0.036641910948399144
exp2_np27_rho005_alpha5,27,0.05,5,164,33,0.011578030157704167,0.005403288365879,0.48484848484848486,0.6363636363636364,0.36363636363636365,15.515151515151516,-0.035936417727902556
exp2_np27_rho005_alpha5,27,0.05,5,165,43,0.008504623844428311,-0.002264565787068129,0.5116279069767442,0.5581395348837209,0.4418604651162791,17.11627906976744,-0.07934212429742273
exp2_np27_rho005_alpha5,27,0.05,5,167,50,0.015175977410261084,0.004129669502837885,0.46,0.54,0.46,16.74,-0.024398921386021174
exp2_np27_rho005_alpha5,27,0.05,5,166,43,-0.013295358639713411,-0.013577800457006184,0.6511627906976745,0.4418604651162791,0.5581395348837209,20.813953488372093,0.21604744362457629
exp2_np27_rho005_alpha5,27,0.05,5,168,28,0.012326938151463176,0.012053760874493946,0.35714285714285715,0.4642857142857143,0.5357142857142857,13.607142857142858,-0.1403202867152092
exp2_np27_rho005_alpha5,27,0.05,5,169,49,0.011726952660710267,0.008247012942956822,0.4897959183673469,0.4489795918367347,0.5510204081632653,18.06122448979592,0.08831833939624584
exp2_np27_rho005_alpha5,27,0.05,5,170,66,0.02970942880409296,0.017315286616048642,0.42424242424242425,0.5909090909090909,0.4090909090909091,19.62121212121212,-0.08204281635338237
exp2_np27_rho005_alpha5,27,0.05,5,171,41,0.008084957216584377,0.006227432793480148,0.36585365853658536,0.5121951219512195,0.4878048780487805,15.536585365853659,-0.13763484566563242
exp2_np27_rho005_alpha5,27,0.05,5,173,42,0.040806579893890055,0.02251723032830144,0.38095238095238093,0.5,0.5,16.214285714285715,-0.23368090068654457
exp2_np27_rho005_alpha5,27,0.05,5,172,28,-0.004479617270408623,0.007751414164354653,0.5,0.4642857142857143,0.5357142857142857,13.5,-0.19651623898643086
exp2_np27_rho005_alpha5,27,0.05,5,174,41,0.031584241958152334,0.01653982464998016,0.43902439024390244,0.43902439024390244,0.5609756097560976,17.73170731707317,-0.23951489905511178
exp2_np27_rho005_alpha5,27,0.05,5,175,59,0.009723798810953909,-0.0032479475716566952,0.5254237288135594,0.5254237288135594,0.4745762711864407,19.271186440677965,-0.17577675598627368
exp2_np27_rho005_alpha5,27,0.05,5,176,28,0.004588918119045525,-0.006933468971318302,0.5357142857142857,0.4642857142857143,0.5357142857142857,14.571428571428571,0.20682984330828633
exp2_np27_rho005_alpha5,27,0.05,5,177,32,0.06054395427391371,0.01345371300871312,0.34375,0.53125,0.46875,15.875,-0.14409758891944133
exp2_np27_rho005_alpha5,27,0.05,5,178,23,0.01757680883916515,0.014915403208316746,0.43478260869565216,0.43478260869565216,0.5652173913043478,12.956521739130435,-0.06994371122345652
exp2_np27_rho005_alpha5,27,0.05,5,179,46,0.014508121380920034,0.004618163797272423,0.43478260869565216,0.41304347826086957,0.5869565217391305,19.282608695652176,0.03247699563866894
exp2_np27_rho005_alpha5,27,0.05,5,180,24,-0.012550147456876956,-0.009560751663897804,0.625,0.3333333333333333,0.6666666666666666,13.583333333333334,-0.10903367202747344
exp2_np27_rho005_alpha5,27,0.05,5,181,34,0.0337846233633865,0.010156015175943445,0.47058823529411764,0.5882352941176471,0.4117647058823529,15.470588235294118,0.0071933165781070205
exp2_np27_rho005_alpha5,27,0.05,5,183,32,0.012210383004261222,0.018175186983778957,0.25,0.46875,0.53125,15.78125,0.18648425542537433
exp2_np27_rho005_alpha5,27,0.05,5,182,38,-0.008231823024364607,-0.006000165721589568,0.5526315789473685,0.47368421052631576,0.5263157894736842,16.605263157894736,-0.12085987115719152
exp2_np27_rho005_alpha5,27,0.05,5,184,42,0.03747572670213233,0.021604338625695885,0.3333333333333333,0.42857142857142855,0.5714285714285714,15.238095238095237,0.030116022879308812
exp2_np27_rho005_alpha5,27,0.05,5,185,32,0.025737422038662,0.015098814893979018,0.46875,0.5,0.5,14.3125,-0.3703848189923944
exp2_np27_rho005_alpha5,27,0.05,5,186,52,-0.0067535547922761285,0.0020546140399924084,0.46153846153846156,0.4807692307692308,0.5192307692307693,19.0,0.2549852368700836
exp2_np27_rho005_alpha5,27,0.05,5,187,50,-0.005965122575060278,-0.025848009471824085,0.58,0.5,0.5,19.06,-0.3160473791320328
exp2_np27_rho005_alpha5,27,0.05,5,188,44,0.002885668978506052,0.014942623960330526,0.45454545454545453,0.5454545454545454,0.45454545454545453,16.772727272727273,0.034154874546313774
exp2_np27_rho005_alpha5,27,0.05,5,190,39,0.026508101156137942,0.019042728479771398,0.38461538461538464,0.5641025641025641,0.4358974358974359,17.53846153846154,-0.16712844044825748
exp2_np27_rho005_alpha5,27,0.05,5,189,23,0.004011881322000598,-0.0011029041265588901,0.5454545454545454,0.5,0.5,13.863636363636363,0.0660060579639432
exp2_np27_rho005_alpha5,27,0.05,5,191,35,0.00015932622412004248,-0.004984468233806716,0.5428571428571428,0.4,0.6,15.314285714285715,0.2030619372114365
exp2_np27_rho005_alpha5,27,0.05,5,192,51,0.004269829108561479,0.0006116188614218032,0.49019607843137253,0.39215686274509803,0.6078431372549019,18.352941176470587,0.008405892002139431
exp2_np27_rho005_alpha5,27,0.05,5,193,20,-0.0036614321312930186,-0.0031224212143032837,0.5,0.6,0.4,15.2,0.02953014969349283
exp2_np27_rho005_alpha5,27,0.05,5,194,50,0.019898766784536583,-0.003811895280737776,0.5,0.38,0.62,17.28,-0.15364041256089092
exp2_np27_rho005_alpha5,27,0.05,5,195,60,0.03604245598497747,0.016959109978771814,0.3898305084745763,0.5932203389830508,0.4067796610169492,17.949152542372882,-0.12476227514616213
exp2_np27_rho005_alpha5,27,0.05,5,196,39,0.01272612664549614,0.00911096178920534,0.41025641025641024,0.41025641025641024,0.5897435897435898,16.666666666666668,0.08910047888272986
exp2_np27_rho005_alpha5,27,0.05,5,197,61,0.019532450054319292,0.01718767038206348,0.39344262295081966,0.47540983606557374,0.5245901639344263,16.83606557377049,-0.06620265677645595
exp2_np27_rho005_alpha5,27,0.05,5,198,33,0.015834129443567904,0.0008568953673036006,0.48484848484848486,0.3333333333333333,0.6666666666666666,16.21212121212121,0.09576011258605861
exp2_np27_rho005_alpha5,27,0.05,5,199,39,0.02265639285163259,0.008456608253005093,0.4358974358974359,0.38461538461538464,0.6153846153846154,16.71794871794872,-0.4283507531835678
exp2_np27_rho010_alpha10,27,0.1,10,0,62,0.03875089883686846,0.004911300349772496,0.43548387096774194,0.41935483870967744,0.5806451612903226,20.983870967741936,-0.09733819068321412
exp2_np27_rho010_alpha10,27,0.1,10,10,78,0.042723620295061396,0.03901527611250932,0.34615384615384615,0.5897435897435898,0.41025641025641024,24.333333333333332,-0.06697914139138435
exp2_np27_rho010_alpha10,27,0.1,10,9,65,0.03512687228268494,0.019209364307567256,0.4461538461538462,0.5076923076923077,0.49230769230769234,26.4,-0.23263477877775712
exp2_np27_rho010_alpha10,27,0.1,10,12,54,-0.00173495473643985,0.011295238190623724,0.4444444444444444,0.4444444444444444,0.5555555555555556,30.88888888888889,0.28968763991737284
exp2_np27_rho010_alpha10,27,0.1,10,4,55,0.04487022983482373,0.034069044056357356,0.2909090909090909,0.5818181818181818,0.41818181818181815,23.78181818181818,-0.007585199528046537
exp2_np27_rho010_alpha10,27,0.1,10,13,49,0.035621787488183405,0.02019283401289318,0.30612244897959184,0.5102040816326531,0.4897959183673469,26.244897959183675,-0.04429085754966305
exp2_np27_rho010_alpha10,27,0.1,10,14,52,0.021460709263595258,0.0207460887146782,0.46153846153846156,0.5961538461538461,0.40384615384615385,23.596153846153847,-0.2278911261959947
exp2_np27_rho010_alpha10,27,0.1,10,15,47,0.03306130968119695,0.027536976478817365,0.425531914893617,0.574468085106383,0.425531914893617,23.74468085106383,-0.07931423717093525
exp2_np27_rho010_alpha10,27,0.1,10,11,80,0.026045924110417416,-0.013798516821322604,0.5375,0.575,0.425,21.95,0.02067943802716385
exp2_np27_rho010_alpha10,27,0.1,10,1,84,0.02280757840933816,0.021382444280207302,0.42168674698795183,0.5180722891566265,0.4819277108433735,26.481927710843372,-0.10773758383663685
exp2_np27_rho010_alpha10,27,0.1,10,5,78,0.007584976864481557,0.013772776674120468,0.48717948717948717,0.4230769230769231,0.5769230769230769,28.346153846153847,0.006269927142151926
exp2_np27_rho010_alpha10,27,0.1,10,8,45,0.030547024581726135,0.018361012023739853,0.37777777777777777,0.5777777777777777,0.4222222222222222,23.133333333333333,0.006687038023949684
exp2_np27_rho010_alpha10,27,0.1,10,3,53,0.0376303958663318,0.06166452256407062,0.3018867924528302,0.5094339622641509,0.49056603773584906,22.132075471698112,-0.30968381350121044
exp2_np27_rho010_alpha10,27,0.1,10,6,62,0.02041115101301784,0.012181037118491833,0.41935483870967744,0.5,0.5,27.241935483870968,0.20073782898222062
exp2_np27_rho010_alpha10,27,0.1,10,7,62,0.06311140368894919,0.03000825757039527,0.4032258064516129,0.5645161290322581,0.43548387096774194,26.35483870967742,0.10445337356531129
exp2_np27_rho010_alpha10,27,0.1,10,2,77,0.027306476034734076,0.02301798019890189,0.38961038961038963,0.5714285714285714,0.42857142857142855,28.01298701298701,0.044129164539767236
exp2_np27_rho010_alpha10,27,0.1,10,16,61,0.01909147881542088,0.018538369896021756,0.39344262295081966,0.5409836065573771,0.45901639344262296,23.65573770491803,-0.0014427924268276234
exp2_np27_rho010_alpha10,27,0.1,10,18,72,0.028135268523192418,-0.0036310107080881338,0.5138888888888888,0.5416666666666666,0.4583333333333333,27.958333333333332,-0.17125948109085393
exp2_np27_rho010_alpha10,27,0.1,10,17,56,0.020205942818461806,0.021245266592231804,0.42857142857142855,0.4642857142857143,0.5357142857142857,29.714285714285715,0.15314215302066572
exp2_np27_rho010_alpha10,27,0.1,10,19,51,0.04652392155424558,0.055913508644169774,0.4117647058823529,0.39215686274509803,0.6078431372549019,22.333333333333332,-0.23778354667043947
exp2_np27_rho010_alpha10,27,0.1,10,20,56,0.022240813886463564,-0.0006200572060359733,0.5,0.5535714285714286,0.44642857142857145,25.196428571428573,-0.05124985926537944
exp2_np27_rho010_alpha10,27,0.1,10,21,46,0.04553454989169965,0.014460865192450711,0.391304347826087,0.41304347826086957,0.5869565217391305,20.565217391304348,-0.10902430486944456
exp2_np27_rho010_alpha10,27,0.1,10,22,68,0.04945630067673215,0.016249423059924606,0.4852941176470588,0.5294117647058824,0.47058823529411764,26.0,-0.16786199363953871
exp2_np27_rho010_alpha10,27,0.1,10,24,58,0.03607455394455918,0.02127196274286902,0.3275862068965517,0.5344827586206896,0.46551724137931033,22.413793103448278,-0.046715464707326786
exp2_np27_rho010_alpha10,27,0.1,10,23,70,0.040438183556385315,0.017961383901457406,0.4857142857142857,0.4857142857142857,0.5142857142857142,30.87142857142857,0.04225613202295939
exp2_np27_rho010_alpha10,27,0.1,10,30,69,0.037271482040302936,0.023514035843534842,0.4492753623188406,0.4782608695652174,0.5217391304347826,25.36231884057971,-0.3108985176428584
exp2_np27_rho010_alpha10,27,0.1,10,25,61,0.04521179276328426,0.0036802781554508,0.47540983606557374,0.5409836065573771,0.45901639344262296,23.934426229508198,-0.27455613429763626
exp2_np27_rho010_alpha10,27,0.1,10,28,52,0.023441715899999976,0.031832129976732126,0.38461538461538464,0.5769230769230769,0.4230769230769231,25.21153846153846,-0.07563226127737394
exp2_np27_rho010_alpha10,27,0.1,10,26,62,0.03862634607541472,0.021554823187239336,0.43548387096774194,0.45161290322580644,0.5483870967741935,25.338709677419356,-0.10232928622709316
exp2_np27_rho010_alpha10,27,0.1,10,29,65,0.01964958590018265,0.006615284135008892,0.47692307692307695,0.5076923076923077,0.49230769230769234,25.16923076923077,-0.06085472179240171
exp2_np27_rho010_alpha10,27,0.1,10,27,39,0.023963756156519366,0.03055056404562162,0.3076923076923077,0.48717948717948717,0.5128205128205128,24.871794871794872,0.14150653811842676
exp2_np27_rho010_alpha10,27,0.1,10,31,68,0.027660221527536163,0.00559177022282098,0.4852941176470588,0.4852941176470588,0.5147058823529411,23.985294117647058,-0.08471624167368737
exp2_np27_rho010_alpha10,27,0.1,10,33,48,0.015567447666573716,0.022732301742225847,0.3958333333333333,0.4583333333333333,0.5416666666666666,25.770833333333332,0.13585741506545712
exp2_np27_rho010_alpha10,27,0.1,10,34,58,0.014398264294753748,0.009902887555372608,0.41379310344827586,0.5344827586206896,0.46551724137931033,25.603448275862068,0.08155995911587358
exp2_np27_rho010_alpha10,27,0.1,10,35,70,0.03038446499619384,0.019702476489470655,0.4,0.38571428571428573,0.6142857142857143,24.52857142857143,0.012279167594377059
exp2_np27_rho010_alpha10,27,0.1,10,32,44,0.04381536861014392,0.02665466278492401,0.4090909090909091,0.4318181818181818,0.5681818181818182,18.568181818181817,-0.19647618217020796
exp2_np27_rho010_alpha10,27,0.1,10,39,62,0.0378963391559473,0.028087333648993962,0.3387096774193548,0.6290322580645161,0.3709677419354839,23.64516129032258,-0.09582278248966103
exp2_np27_rho010_alpha10,27,0.1,10,37,80,0.016719873356118752,0.025347908820748888,0.45,0.425,0.575,26.575,0.04357685981203064
exp2_np27_rho010_alpha10,27,0.1,10,36,46,0.01741819117239745,0.032686079168883886,0.391304347826087,0.43478260869565216,0.5652173913043478,19.17391304347826,-0.07200670393710515
exp2_np27_rho010_alpha10,27,0.1,10,38,38,0.024524266006480902,0.004926609089031864,0.47368421052631576,0.5789473684210527,0.42105263157894735,17.763157894736842,-0.08241793002291439
exp2_np27_rho010_alpha10,27,0.1,10,40,62,0.022597662364168058,0.020530441782395936,0.43548387096774194,0.532258064516129,0.46774193548387094,22.822580645161292,-0.09230423466657076
exp2_np27_rho010_alpha10,27,0.1,10,41,61,-0.001493832234873172,0.006662835636177533,0.47540983606557374,0.5737704918032787,0.4262295081967213,24.737704918032787,0.21062946820942077
exp2_np27_rho010_alpha10,27,0.1,10,46,64,0.011206551810531581,0.01502198447576708,0.46875,0.625,0.375,24.234375,-0.022114568034066858
exp2_np27_rho010_alpha10,27,0.1,10,42,70,0.00976332546009489,0.005931469783780674,0.44285714285714284,0.6,0.4,26.5,0.1738472694968411
exp2_np27_rho010_alpha10,27,0.1,10,43,69,0.014421834993740891,0.0005329708999051164,0.4927536231884058,0.5072463768115942,0.4927536231884058,24.3768115942029,-0.04836083427464133
exp2_np27_rho010_alpha10,27,0.1,10,44,63,0.04337605027153261,0.041593462496562594,0.31746031746031744,0.5396825396825397,0.4603174603174603,23.523809523809526,-0.007829537990940175
exp2_np27_rho010_alpha10,27,0.1,10,45,69,0.016784275221720782,0.016833135369116903,0.43478260869565216,0.4927536231884058,0.5072463768115942,25.579710144927535,0.07885641496914973
exp2_np27_rho010_alpha10,27,0.1,10,47,61,0.02785767116964622,0.02206159850697631,0.36065573770491804,0.5901639344262295,0.4098360655737705,22.16393442622951,0.01678060695508011
exp2_np27_rho010_alpha10,27,0.1,10,48,75,0.01874604967041144,-0.00018453198866286158,0.5066666666666667,0.5066666666666667,0.49333333333333335,25.106666666666666,-0.025694107059613468
exp2_np27_rho010_alpha10,27,0.1,10,51,43,0.013749239789582418,0.014224802891718902,0.3488372093023256,0.5813953488372093,0.4186046511627907,17.674418604651162,0.11477104263532355
exp2_np27_rho010_alpha10,27,0.1,10,49,61,0.06564283636714525,0.024753238052393378,0.36065573770491804,0.45901639344262296,0.5409836065573771,28.0,-0.06245366715506737
exp2_np27_rho010_alpha10,27,0.1,10,52,50,0.040289824933394114,0.024063775401212073,0.36,0.42,0.58,21.76,-0.22628779367099547
exp2_np27_rho010_alpha10,27,0.1,10,50,62,0.026225581237785137,0.018235041250722173,0.41935483870967744,0.46774193548387094,0.532258064516129,22.79032258064516,-0.16932611939743208
exp2_np27_rho010_alpha10,27,0.1,10,54,73,0.04447998989939541,0.013023560028052827,0.4657534246575342,0.5205479452054794,0.4794520547945205,23.465753424657535,0.057089213240760536
exp2_np27_rho010_alpha10,27,0.1,10,53,64,0.04386131163854451,-0.004482771595106794,0.53125,0.546875,0.453125,32.453125,-0.1664271660298038
exp2_np27_rho010_alpha10,27,0.1,10,55,63,0.03759455959600913,0.022305672142723054,0.4126984126984127,0.6349206349206349,0.36507936507936506,26.761904761904763,-0.2663747392165925
exp2_np27_rho010_alpha10,27,0.1,10,57,78,0.04035145563480237,0.02053954754513221,0.4230769230769231,0.5769230769230769,0.4230769230769231,32.61538461538461,-0.05904325303620858
exp2_np27_rho010_alpha10,27,0.1,10,56,47,0.019704993381690985,0.026988752787779013,0.44680851063829785,0.44680851063829785,0.5531914893617021,23.659574468085108,-0.16339081075957024
exp2_np27_rho010_alpha10,27,0.1,10,58,67,0.03681537325372941,0.003211614054936973,0.4626865671641791,0.373134328358209,0.6268656716417911,25.80597014925373,-0.09049214496928341
exp2_np27_rho010_alpha10,27,0.1,10,60,60,0.04158165794727068,0.017507619799270735,0.38333333333333336,0.4666666666666667,0.5333333333333333,24.65,-0.10843253663598582
exp2_np27_rho010_alpha10,27,0.1,10,59,64,0.07778307411753436,0.039595185513756626,0.375,0.484375,0.515625,22.109375,-0.14587726863520528
exp2_np27_rho010_alpha10,27,0.1,10,61,59,0.05386389238183503,0.03345829643019371,0.3898305084745763,0.4067796610169492,0.5932203389830508,27.305084745762713,-0.13650318872467213
exp2_np27_rho010_alpha10,27,0.1,10,63,59,0.012791011237480818,0.015899623851875155,0.3728813559322034,0.5084745762711864,0.4915254237288136,28.728813559322035,0.0708427460069843
exp2_np27_rho010_alpha10,27,0.1,10,62,48,0.008494657414404657,-0.003217179056870023,0.5,0.4791666666666667,0.5208333333333334,23.604166666666668,0.1876001998133949
exp2_np27_rho010_alpha10,27,0.1,10,64,68,0.021926601085461347,0.011417365469115648,0.4411764705882353,0.6176470588235294,0.38235294117647056,24.470588235294116,-0.008055304247440092
exp2_np27_rho010_alpha10,27,0.1,10,66,51,0.01584834907526281,0.003001308905103528,0.43137254901960786,0.5490196078431373,0.45098039215686275,19.50980392156863,-0.0562973673523421
exp2_np27_rho010_alpha10,27,0.1,10,67,64,0.026715614683931493,0.008738330812616102,0.4375,0.5,0.5,29.3125,-0.06610200149984194
exp2_np27_rho010_alpha10,27,0.1,10,65,54,0.007957578522883015,0.005543488517770534,0.4444444444444444,0.6296296296296297,0.37037037037037035,23.27777777777778,0.043641940905543054
exp2_np27_rho010_alpha10,27,0.1,10,70,48,0.02565520940644317,0.025939614408692968,0.375,0.4583333333333333,0.5416666666666666,21.8125,-0.10267204740733213
exp2_np27_rho010_alpha10,27,0.1,10,68,65,0.02946112414922096,0.03460116941228941,0.40625,0.46875,0.53125,26.65625,-0.10414928860991962
exp2_np27_rho010_alpha10,27,0.1,10,69,83,0.048655977409026344,0.004438887682065129,0.4457831325301205,0.4578313253012048,0.5421686746987951,27.42168674698795,-0.0014798799353684308
exp2_np27_rho010_alpha10,27,0.1,10,72,74,0.021777168483832557,0.02813418719247185,0.33783783783783783,0.4864864864864865,0.5135135135135135,27.83783783783784,0.013044476336752892
exp2_np27_rho010_alpha10,27,0.1,10,71,48,0.022806476363343358,-0.020369537605541943,0.5625,0.4583333333333333,0.5416666666666666,23.75,0.03555817312695085
exp2_np27_rho010_alpha10,27,0.1,10,73,52,0.026259296836186878,0.020803428307390348,0.4230769230769231,0.5,0.5,26.076923076923077,-0.14968104160859425
exp2_np27_rho010_alpha10,27,0.1,10,74,55,0.04385920954930488,0.034290900900598054,0.3090909090909091,0.41818181818181815,0.5818181818181818,23.527272727272727,-0.052676483745020555
exp2_np27_rho010_alpha10,27,0.1,10,75,56,0.024048031912796333,0.004818337025709329,0.5,0.5,0.5,24.017857142857142,0.050441211642891746
exp2_np27_rho010_alpha10,27,0.1,10,77,76,0.025252520163705938,0.012488597568824922,0.4342105263157895,0.4473684210526316,0.5526315789473685,28.092105263157894,0.05840884230823262
exp2_np27_rho010_alpha10,27,0.1,10,78,63,0.031008940733188033,0.013745900473438155,0.38095238095238093,0.3968253968253968,0.6031746031746031,24.650793650793652,-0.1236332541965763
exp2_np27_rho010_alpha10,27,0.1,10,76,54,0.03317351036574401,0.025994324294429383,0.3333333333333333,0.46296296296296297,0.5370370370370371,23.296296296296298,-0.13021368311710713
exp2_np27_rho010_alpha10,27,0.1,10,79,57,0.024315458953236054,0.03179653510480929,0.38596491228070173,0.5263157894736842,0.47368421052631576,25.31578947368421,-0.030573198600636665
exp2_np27_rho010_alpha10,27,0.1,10,80,64,0.017792110404812267,0.010909895068194508,0.453125,0.546875,0.453125,27.140625,-0.01899093702672431
exp2_np27_rho010_alpha10,27,0.1,10,81,53,0.04332108819980984,0.029639587026021097,0.3584905660377358,0.660377358490566,0.33962264150943394,22.28301886792453,-0.0550868900808288
exp2_np27_rho010_alpha10,27,0.1,10,82,47,0.007585629039687927,0.014213895330993154,0.40425531914893614,0.3404255319148936,0.6595744680851063,18.851063829787233,-0.11815626013305212
exp2_np27_rho010_alpha10,27,0.1,10,84,79,0.04241147346640628,-0.011406068212560072,0.5316455696202531,0.43037974683544306,0.569620253164557,28.227848101265824,-0.08799754463987311
exp2_np27_rho010_alpha10,27,0.1,10,83,69,0.02264494437519742,0.02876947691195486,0.37681159420289856,0.6376811594202898,0.36231884057971014,25.971014492753625,0.010722099644063036
exp2_np27_rho010_alpha10,27,0.1,10,86,52,0.03947693446393181,-0.0023277865823585486,0.5,0.5384615384615384,0.46153846153846156,19.692307692307693,-0.1876849320233673
exp2_np27_rho010_alpha10,27,0.1,10,85,57,0.011166141150703364,-0.0067832033414036985,0.5263157894736842,0.47368421052631576,0.5263157894736842,27.50877192982456,-0.07041073640462062
exp2_np27_rho010_alpha10,27,0.1,10,88,67,0.023101140935021258,-0.006366478869685999,0.5074626865671642,0.44776119402985076,0.5522388059701493,27.82089552238806,-0.15594166185803002
exp2_np27_rho010_alpha10,27,0.1,10,87,71,0.051693361164911696,0.0243482071854908,0.43661971830985913,0.5774647887323944,0.4225352112676056,29.507042253521128,-0.21853733825402416
exp2_np27_rho010_alpha10,27,0.1,10,89,65,0.03640934919273194,0.015066383049446408,0.3230769230769231,0.5538461538461539,0.4461538461538462,23.53846153846154,-0.0051918439169459235
exp2_np27_rho010_alpha10,27,0.1,10,92,64,0.047252597241488906,0.014281078849946116,0.421875,0.640625,0.359375,26.546875,-0.13962116879080516
exp2_np27_rho010_alpha10,27,0.1,10,91,105,0.038969886882434475,0.006654946666565742,0.4666666666666667,0.5523809523809524,0.44761904761904764,29.466666666666665,-0.1260640060391945
exp2_np27_rho010_alpha10,27,0.1,10,93,41,0.0023380912762088948,0.005016921042590106,0.4878048780487805,0.4146341463414634,0.5853658536585366,22.70731707317073,-0.06679902458989165
exp2_np27_rho010_alpha10,27,0.1,10,94,56,0.018706153533605385,0.006211180573607145,0.39285714285714285,0.44642857142857145,0.5535714285714286,22.553571428571427,-0.10327666561812765
exp2_np27_rho010_alpha10,27,0.1,10,90,76,0.023345419495541118,0.00914085244315288,0.4473684210526316,0.4868421052631579,0.5131578947368421,24.473684210526315,0.09542753462653901
exp2_np27_rho010_alpha10,27,0.1,10,95,71,0.05456768237861156,0.032904440504268884,0.39436619718309857,0.5352112676056338,0.4647887323943662,23.507042253521128,-0.1752315902565163
exp2_np27_rho010_alpha10,27,0.1,10,96,63,0.04522482224294873,0.023814731069862205,0.36507936507936506,0.47619047619047616,0.5238095238095238,24.253968253968253,-0.09797013509238571
exp2_np27_rho010_alpha10,27,0.1,10,98,67,0.027702778324771693,0.02633654755457382,0.417910447761194,0.6268656716417911,0.373134328358209,28.55223880597015,0.04058785653108524
exp2_np27_rho010_alpha10,27,0.1,10,97,60,0.022561495361564946,0.005568156505288524,0.4166666666666667,0.45,0.55,24.15,-0.1709879290838866
exp2_np27_rho010_alpha10,27,0.1,10,100,63,0.04086577085428904,0.031508440168340535,0.36507936507936506,0.4444444444444444,0.5555555555555556,30.253968253968253,-0.22800933683252797
exp2_np27_rho010_alpha10,27,0.1,10,101,74,0.03145131674762235,0.0052786965178386325,0.43243243243243246,0.4594594594594595,0.5405405405405406,26.68918918918919,-0.21059048938436606
exp2_np27_rho010_alpha10,27,0.1,10,99,44,0.03328824790581054,0.009670013103861841,0.4883720930232558,0.5116279069767442,0.4883720930232558,23.186046511627907,0.2727094846272614
exp2_np27_rho010_alpha10,27,0.1,10,102,80,0.028034534986741678,0.02670015472505982,0.4,0.55,0.45,27.25,-0.107280417011757
exp2_np27_rho010_alpha10,27,0.1,10,104,56,0.06371512034526035,0.03524327538723604,0.26785714285714285,0.6607142857142857,0.3392857142857143,24.517857142857142,-0.1531360225707495
exp2_np27_rho010_alpha10,27,0.1,10,103,84,0.02925328404921805,0.00036226658113047705,0.4939759036144578,0.5421686746987951,0.4578313253012048,27.783132530120483,0.07271639758842288
exp2_np27_rho010_alpha10,27,0.1,10,105,75,0.03270753006917532,0.003955161961065379,0.4666666666666667,0.44,0.56,25.72,-0.1627682990310092
exp2_np27_rho010_alpha10,27,0.1,10,107,52,0.05318470218354357,0.030804281411461076,0.4423076923076923,0.5192307692307693,0.4807692307692308,25.25,-0.1120350347064098
exp2_np27_rho010_alpha10,27,0.1,10,106,82,0.02815728218047901,0.03206961106266215,0.43902439024390244,0.43902439024390244,0.5609756097560976,26.695121951219512,0.0980861292358675
exp2_np27_rho010_alpha10,27,0.1,10,110,76,0.03649976733578747,0.00023268583507984886,0.5,0.5394736842105263,0.4605263157894737,24.263157894736842,-0.05582799770915607
exp2_np27_rho010_alpha10,27,0.1,10,108,51,0.0052104696195035,-0.0012081406283623863,0.5098039215686274,0.49019607843137253,0.5098039215686274,23.58823529411765,0.25285461295073736
exp2_np27_rho010_alpha10,27,0.1,10,109,60,0.02863830114657957,0.018207439843993534,0.38333333333333336,0.55,0.45,26.75,-0.2459067949880363
exp2_np27_rho010_alpha10,27,0.1,10,111,69,0.017327682108896503,-0.0008031833093005147,0.5217391304347826,0.4492753623188406,0.5507246376811594,24.434782608695652,0.002283531593584916
exp2_np27_rho010_alpha10,27,0.1,10,112,56,0.022072703210054914,-0.0009053532876381887,0.5,0.5357142857142857,0.4642857142857143,24.178571428571427,-0.06613409318264059
exp2_np27_rho010_alpha10,27,0.1,10,113,62,0.05047129375096701,0.004396219764964737,0.46774193548387094,0.43548387096774194,0.5645161290322581,26.338709677419356,-0.07206305887729579
exp2_np27_rho010_alpha10,27,0.1,10,114,70,0.05206213788170495,0.02153574379931822,0.4142857142857143,0.5142857142857142,0.4857142857142857,25.5,-0.07462461763025521
exp2_np27_rho010_alpha10,27,0.1,10,115,74,0.0410293557934178,0.03546777896361597,0.3918918918918919,0.5540540540540541,0.44594594594594594,24.68918918918919,-0.11584359471558295
exp2_np27_rho010_alpha10,27,0.1,10,118,61,-0.00807588907956894,-0.010748910840982617,0.5245901639344263,0.39344262295081966,0.6065573770491803,21.81967213114754,0.12136231411432484
exp2_np27_rho010_alpha10,27,0.1,10,117,57,0.03679203198081946,0.015267413568351706,0.40350877192982454,0.49122807017543857,0.5087719298245614,23.333333333333332,-0.047453029498986284
exp2_np27_rho010_alpha10,27,0.1,10,120,63,0.030838300560759407,0.02655516604439434,0.3492063492063492,0.4603174603174603,0.5396825396825397,26.904761904761905,-0.03954604203943614
exp2_np27_rho010_alpha10,27,0.1,10,119,70,0.046076744143281785,0.008045061596633207,0.45714285714285713,0.4714285714285714,0.5285714285714286,25.457142857142856,-0.11945247299710934
exp2_np27_rho010_alpha10,27,0.1,10,116,57,0.04491327113887804,0.019489941495448804,0.40350877192982454,0.631578947368421,0.3684210526315789,25.964912280701753,-0.05933043438450338
exp2_np27_rho010_alpha10,27,0.1,10,123,49,0.013069674882662708,0.0181123833874981,0.42857142857142855,0.46938775510204084,0.5306122448979592,21.0,0.13800654697241824
exp2_np27_rho010_alpha10,27,0.1,10,122,55,0.024830241089615464,0.0024842255785220146,0.4909090909090909,0.4909090909090909,0.509090909090909,31.01818181818182,0.12483182552830509
exp2_np27_rho010_alpha10,27,0.1,10,121,58,0.046435232485858895,0.00846649408306055,0.41379310344827586,0.41379310344827586,0.5862068965517241,25.06896551724138,-0.20498550317397263
exp2_np27_rho010_alpha10,27,0.1,10,124,63,0.025798023030933013,0.02271352666238169,0.42857142857142855,0.5714285714285714,0.42857142857142855,29.88888888888889,-0.267028770943824
exp2_np27_rho010_alpha10,27,0.1,10,126,48,0.032454579004584795,0.015162323589660076,0.3958333333333333,0.5208333333333334,0.4791666666666667,31.145833333333332,-0.3617742141214418
exp2_np27_rho010_alpha10,27,0.1,10,125,67,0.03526975267955554,-0.016645473506895492,0.5671641791044776,0.40298507462686567,0.5970149253731343,19.850746268656717,-0.14252424899055474
exp2_np27_rho010_alpha10,27,0.1,10,127,63,0.030437368833518736,0.0353554114517749,0.3492063492063492,0.5555555555555556,0.4444444444444444,23.666666666666668,-0.09889723974818944
exp2_np27_rho010_alpha10,27,0.1,10,129,72,0.04210295021555252,0.04378174247193112,0.375,0.5555555555555556,0.4444444444444444,26.36111111111111,-0.07176224370220043
exp2_np27_rho010_alpha10,27,0.1,10,128,64,0.03090058895146712,0.009211546024745942,0.4375,0.546875,0.453125,30.109375,-0.04385978791061603
exp2_np27_rho010_alpha10,27,0.1,10,130,70,0.028746337187833607,0.00965593201671977,0.4857142857142857,0.37142857142857144,0.6285714285714286,25.8,0.018167765069791116
exp2_np27_rho010_alpha10,27,0.1,10,131,70,0.03641819822349046,0.0280031730363004,0.34285714285714286,0.5142857142857142,0.4857142857142857,24.057142857142857,-0.10362756709301824
exp2_np27_rho010_alpha10,27,0.1,10,132,66,0.026015233013843037,0.025686324997328924,0.3787878787878788,0.5,0.5,25.984848484848484,-0.14049762472730348
exp2_np27_rho010_alpha10,27,0.1,10,133,68,0.03996698045791833,0.04379958648123683,0.38235294117647056,0.4411764705882353,0.5588235294117647,25.455882352941178,-0.13076221796560236
exp2_np27_rho010_alpha10,27,0.1,10,134,61,0.03552939785252148,0.018234216574893658,0.4098360655737705,0.4262295081967213,0.5737704918032787,26.131147540983605,0.07037009992416836
exp2_np27_rho010_alpha10,27,0.1,10,137,50,-0.011797602834455283,-0.025341506866823682,0.66,0.44,0.56,24.64,0.19991973516705153
exp2_np27_rho010_alpha10,27,0.1,10,136,55,0.02387728911762485,-0.013902039937100596,0.5454545454545454,0.45454545454545453,0.5454545454545454,24.69090909090909,0.09627047599926752
exp2_np27_rho010_alpha10,27,0.1,10,135,65,0.04094945215750134,0.019428945924586216,0.4307692307692308,0.4,0.6,25.876923076923077,-0.1463557979891978
exp2_np27_rho010_alpha10,27,0.1,10,138,64,0.05335640110398551,0.019009343359134512,0.421875,0.546875,0.453125,26.578125,0.06581381244676944
exp2_np27_rho010_alpha10,27,0.1,10,140,66,0.048524469413339606,0.04077054579450046,0.36363636363636365,0.45454545454545453,0.5454545454545454,24.681818181818183,-0.19560478653447222
exp2_np27_rho010_alpha10,27,0.1,10,139,54,0.03893249356793413,0.006776705544350392,0.4444444444444444,0.5,0.5,20.055555555555557,-0.14006163231443516
exp2_np27_rho010_alpha10,27,0.1,10,141,47,0.04566348609921235,0.03479138984029451,0.3617021276595745,0.5319148936170213,0.46808510638297873,22.680851063829788,-0.3552698327987537
exp2_np27_rho010_alpha10,27,0.1,10,143,56,0.05666616834070935,0.016887749401108376,0.4107142857142857,0.4642857142857143,0.5357142857142857,29.910714285714285,-0.04318298497885756
exp2_np27_rho010_alpha10,27,0.1,10,142,71,0.03159358905534959,0.009821264062142454,0.4788732394366197,0.5492957746478874,0.4507042253521127,26.830985915492956,-0.06063480345450812
exp2_np27_rho010_alpha10,27,0.1,10,144,85,0.01392993756822691,0.007764240016364887,0.4117647058823529,0.5647058823529412,0.43529411764705883,31.376470588235293,0.1507450803907951
exp2_np27_rho010_alpha10,27,0.1,10,145,60,0.024468480224876864,0.002790237021452313,0.48333333333333334,0.6,0.4,23.55,0.007901689236624416
exp2_np27_rho010_alpha10,27,0.1,10,146,49,0.023354891768777072,-0.019748461461913003,0.5714285714285714,0.3673469387755102,0.6326530612244898,23.46938775510204,0.058175212031692125
exp2_np27_rho010_alpha10,27,0.1,10,147,64,0.019294481414431075,0.02663385710651145,0.4375,0.484375,0.515625,26.84375,-0.1070628477807896
exp2_np27_rho010_alpha10,27,0.1,10,149,58,0.020162954243123244,0.005910019275296108,0.43103448275862066,0.5689655172413793,0.43103448275862066,22.586206896551722,0.10701879850318265
exp2_np27_rho010_alpha10,27,0.1,10,148,47,0.044194782543430386,0.012878949830833264,0.44680851063829785,0.5319148936170213,0.46808510638297873,22.425531914893618,-0.31136420961293154
exp2_np27_rho010_alpha10,27,0.1,10,150,70,0.021419632013961097,0.017181687271757617,0.4142857142857143,0.5,0.5,26.214285714285715,-0.022617512606818303
exp2_np27_rho010_alpha10,27,0.1,10,151,57,0.03983155121933491,0.018374286811991603,0.45614035087719296,0.5964912280701754,0.40350877192982454,23.385964912280702,-0.1784658328344813
exp2_np27_rho010_alpha10,27,0.1,10,152,58,0.03997770945032614,0.015352309866540903,0.43103448275862066,0.5862068965517241,0.41379310344827586,24.20689655172414,0.10561808687671284
exp2_np27_rho010_alpha10,27,0.1,10,155,55,0.03304420185922652,0.041880224658088494,0.34545454545454546,0.4,0.6,26.854545454545455,-0.17984603155247667
exp2_np27_rho010_alpha10,27,0.1,10,154,59,0.02285876441940685,0.019741391376176587,0.4067796610169492,0.6271186440677966,0.3728813559322034,22.305084745762713,0.092406239904059
exp2_np27_rho010_alpha10,27,0.1,10,153,69,0.01731503232122121,0.029707890291930106,0.43478260869565216,0.5797101449275363,0.42028985507246375,24.043478260869566,0.13966963310035052
exp2_np27_rho010_alpha10,27,0.1,10,156,65,0.012616833946216092,0.009533439634383356,0.46153846153846156,0.4461538461538462,0.5538461538461539,25.338461538461537,0.04168819088233954
exp2_np27_rho010_alpha10,27,0.1,10,157,63,0.03534144246120854,0.02965956204646414,0.3492063492063492,0.5238095238095238,0.47619047619047616,24.03174603174603,-0.06600637811229074
exp2_np27_rho010_alpha10,27,0.1,10,158,76,0.02254734823327097,0.024183219629246633,0.4342105263157895,0.5,0.5,24.223684210526315,-0.01160937754294458
exp2_np27_rho010_alpha10,27,0.1,10,159,57,0.03180118083077128,0.024500642150122154,0.38596491228070173,0.5263157894736842,0.47368421052631576,29.75438596491228,-0.10381638249795545
exp2_np27_rho010_alpha10,27,0.1,10,160,52,0.02303341375433831,0.030899824567858225,0.34615384615384615,0.6153846153846154,0.38461538461538464,30.634615384615383,-0.19225231486030936
exp2_np27_rho010_alpha10,27,0.1,10,161,61,0.062054273962008376,0.02925006828003074,0.39344262295081966,0.4426229508196721,0.5573770491803278,22.885245901639344,-0.27941236521968243
exp2_np27_rho010_alpha10,27,0.1,10,162,63,0.022677170485763825,0.027244784096097874,0.3968253968253968,0.42857142857142855,0.5714285714285714,21.41269841269841,0.08028136158558358
exp2_np27_rho010_alpha10,27,0.1,10,164,57,0.0379748017794195,0.03165305499794613,0.47368421052631576,0.5614035087719298,0.43859649122807015,23.68421052631579,0.045702603685044044
exp2_np27_rho010_alpha10,27,0.1,10,163,77,0.011511517830533243,0.006837493881445944,0.4805194805194805,0.5714285714285714,0.42857142857142855,23.77922077922078,0.16861607185995747
exp2_np27_rho010_alpha10,27,0.1,10,165,68,0.034896609272117005,0.02541555027282838,0.39705882352941174,0.47058823529411764,0.5294117647058824,28.83823529411765,-0.14654937396827317
exp2_np27_rho010_alpha10,27,0.1,10,166,62,0.023005011230139025,0.03307850064241791,0.45161290322580644,0.5161290322580645,0.4838709677419355,29.967741935483872,-0.0571035601505106
exp2_np27_rho010_alpha10,27,0.1,10,167,70,0.016058079978192703,0.012249391868901505,0.42857142857142855,0.45714285714285713,0.5428571428571428,28.942857142857143,-0.08995894530348492
exp2_np27_rho010_alpha10,27,0.1,10,168,58,0.06927154136108467,0.023299934810436795,0.39655172413793105,0.5344827586206896,0.46551724137931033,27.275862068965516,-0.26497364456429423
exp2_np27_rho010_alpha10,27,0.1,10,170,76,0.02316074286299049,-0.006839789544590413,0.5394736842105263,0.47368421052631576,0.5263157894736842,25.526315789473685,0.206512606579149
exp2_np27_rho010_alpha10,27,0.1,10,172,44,0.01955756873401593,0.016451480665675255,0.36363636363636365,0.5227272727272727,0.4772727272727273,23.704545454545453,-0.047318892440104246
exp2_np27_rho010_alpha10,27,0.1,10,173,81,0.04011604987975663,0.02916274500670113,0.35802469135802467,0.6172839506172839,0.38271604938271603,26.135802469135804,0.15273229260880206
exp2_np27_rho010_alpha10,27,0.1,10,169,72,0.040430140958894044,0.04171938259690888,0.3472222222222222,0.5,0.5,27.555555555555557,-0.014163526621465283
exp2_np27_rho010_alpha10,27,0.1,10,171,63,0.05691005540740914,0.019662029506340772,0.4444444444444444,0.5396825396825397,0.4603174603174603,24.77777777777778,-0.11437954368537452
exp2_np27_rho010_alpha10,27,0.1,10,174,74,0.033627489019538034,0.0053060541880975975,0.4246575342465753,0.547945205479452,0.4520547945205479,20.63013698630137,-0.0721428345279028
exp2_np27_rho010_alpha10,27,0.1,10,175,65,0.03133236397401997,0.016322697132402197,0.38461538461538464,0.5846153846153846,0.4153846153846154,22.676923076923078,0.16079908846795782
exp2_np27_rho010_alpha10,27,0.1,10,176,67,0.021313546130135003,0.013593134305560639,0.47761194029850745,0.3880597014925373,0.6119402985074627,26.16417910447761,0.035414822364722924
exp2_np27_rho010_alpha10,27,0.1,10,177,57,0.03125085887614599,-0.0017271385298229802,0.5087719298245614,0.43859649122807015,0.5614035087719298,26.36842105263158,-0.027016095567460267
exp2_np27_rho010_alpha10,27,0.1,10,179,63,0.04823598414034814,0.03661112840773484,0.25396825396825395,0.6666666666666666,0.3333333333333333,29.206349206349206,-0.07087253186825329
exp2_np27_rho010_alpha10,27,0.1,10,178,82,0.034526857315663545,-0.012431127971654021,0.524390243902439,0.5121951219512195,0.4878048780487805,30.926829268292682,-0.1410093720745254
exp2_np27_rho010_alpha10,27,0.1,10,180,70,0.04241190580430095,0.020083933517907937,0.4142857142857143,0.42857142857142855,0.5714285714285714,26.771428571428572,-0.11008919765628804
exp2_np27_rho010_alpha10,27,0.1,10,181,64,0.026766754339856216,0.033917271556704875,0.359375,0.5625,0.4375,22.84375,-0.1466063039484776
exp2_np27_rho010_alpha10,27,0.1,10,182,66,0.03922191435550488,0.021678715533898885,0.3787878787878788,0.5,0.5,32.10606060606061,-0.07060987075984652
exp2_np27_rho010_alpha10,27,0.1,10,183,68,0.03426190949687083,0.017401989868143897,0.38235294117647056,0.5735294117647058,0.4264705882352941,23.176470588235293,-0.15635704645476037
exp2_np27_rho010_alpha10,27,0.1,10,185,62,0.02615726549777883,0.02384909494005827,0.43548387096774194,0.3870967741935484,0.6129032258064516,25.741935483870968,0.10917137705054537
exp2_np27_rho010_alpha10,27,0.1,10,186,59,0.03135315664886002,0.023547642197962126,0.3559322033898305,0.6271186440677966,0.3728813559322034,23.864406779661017,-0.14854494907457733
exp2_np27_rho010_alpha10,27,0.1,10,188,63,0.008468877783495352,0.017983639347750824,0.4603174603174603,0.47619047619047616,0.5238095238095238,23.825396825396826,0.0219131238393509
exp2_np27_rho010_alpha10,27,0.1,10,184,76,0.02873285293524771,-0.007075571667324976,0.5131578947368421,0.42105263157894735,0.5789473684210527,28.657894736842106,-0.062429092705586935
exp2_np27_rho010_alpha10,27,0.1,10,187,65,0.004215104683629315,0.01755132310872387,0.4153846153846154,0.5538461538461539,0.4461538461538462,23.43076923076923,0.24154305526322659
exp2_np27_rho010_alpha10,27,0.1,10,190,52,0.03666432250818315,0.024613282754538446,0.36538461538461536,0.4807692307692308,0.5192307692307693,22.98076923076923,-0.10223271339456166
exp2_np27_rho010_alpha10,27,0.1,10,189,85,0.024043422800258136,0.019320423121858,0.4,0.5058823529411764,0.49411764705882355,28.63529411764706,-0.07468631400599408
exp2_np27_rho010_alpha10,27,0.1,10,191,62,0.02445481394914783,-0.003092273883012364,0.5161290322580645,0.43548387096774194,0.5645161290322581,22.451612903225808,-0.07214609696484076
exp2_np27_rho010_alpha10,27,0.1,10,192,58,0.03389242537950164,0.02263502592482336,0.41379310344827586,0.46551724137931033,0.5344827586206896,20.103448275862068,0.03250087839741295
exp2_np27_rho010_alpha10,27,0.1,10,193,70,0.022346738221598095,-0.0006302280964414209,0.5285714285714286,0.4857142857142857,0.5142857142857142,29.385714285714286,-0.061504318531726124
exp2_np27_rho010_alpha10,27,0.1,10,194,73,0.034963676433892615,0.009343117982303362,0.4383561643835616,0.5205479452054794,0.4794520547945205,24.26027397260274,-0.0674132599775532
exp2_np27_rho010_alpha10,27,0.1,10,198,50,0.03917233773783794,0.005336243993818712,0.46,0.54,0.46,24.38,-0.2045581642428439
exp2_np27_rho010_alpha10,27,0.1,10,197,56,0.02077037827773544,0.014166950324986605,0.35714285714285715,0.48214285714285715,0.5178571428571429,21.339285714285715,0.14438749017753336
exp2_np27_rho010_alpha10,27,0.1,10,195,69,0.009727496781715061,0.031120963611988905,0.4057971014492754,0.5072463768115942,0.4927536231884058,34.2463768115942,0.06630126985032353
exp2_np27_rho010_alpha10,27,0.1,10,196,61,0.045728936116627,0.029827028873607553,0.4098360655737705,0.6229508196721312,0.3770491803278688,31.885245901639344,-0.05758293640619432
exp2_np27_rho010_alpha10,27,0.1,10,199,49,0.024352583312034857,0.013978102719596208,0.4489795918367347,0.3877551020408163,0.6122448979591837,29.979591836734695,0.23777475874338252
exp2_np27_rho010_alpha2,27,0.1,2,8,111,0.025150696454152795,0.00638240573174631,0.45454545454545453,0.5727272727272728,0.42727272727272725,25.136363636363637,-0.05551222079529168
exp2_np27_rho010_alpha2,27,0.1,2,12,117,0.035190452495372546,0.018920505249505837,0.3805309734513274,0.4690265486725664,0.5309734513274337,30.805309734513273,0.13339479936938906
exp2_np27_rho010_alpha2,27,0.1,2,13,118,0.03652055279053906,0.0068918429128093095,0.4661016949152542,0.6101694915254238,0.3898305084745763,28.02542372881356,-0.11201862012417889
exp2_np27_rho010_alpha2,27,0.1,2,10,110,0.019550227346413762,0.005368668470891791,0.44954128440366975,0.5229357798165137,0.47706422018348627,29.376146788990827,0.08822987823078554
exp2_np27_rho010_alpha2,27,0.1,2,14,102,0.019501436529278555,0.019988834952477497,0.42574257425742573,0.5445544554455446,0.45544554455445546,24.14851485148515,0.14802615404945477
exp2_np27_rho010_alpha2,27,0.1,2,1,120,0.04023168343612163,-0.0016396536948484197,0.5084745762711864,0.4830508474576271,0.5169491525423728,29.85593220338983,-0.10069088374693262
exp2_np27_rho010_alpha2,27,0.1,2,9,121,0.0329855861290148,0.008311832801575214,0.43333333333333335,0.43333333333333335,0.5666666666666667,27.05,0.04067247142357222
exp2_np27_rho010_alpha2,27,0.1,2,2,116,0.03245523092335032,0.011369991043265415,0.40869565217391307,0.6521739130434783,0.34782608695652173,30.51304347826087,-0.14366618119047653
exp2_np27_rho010_alpha2,27,0.1,2,0,108,0.04687890294765307,0.01997702571245652,0.3584905660377358,0.5,0.5,26.754716981132077,-0.08291679801327431
exp2_np27_rho010_alpha2,27,0.1,2,3,105,0.0271909245807844,-0.002513088460103674,0.5242718446601942,0.4854368932038835,0.5145631067961165,24.533980582524272,-0.08042968102290307
exp2_np27_rho010_alpha2,27,0.1,2,5,133,0.0338148052157298,0.006581778362693136,0.4772727272727273,0.4772727272727273,0.5227272727272727,27.083333333333332,-0.09121302515064261
exp2_np27_rho010_alpha2,27,0.1,2,15,110,0.006097931326149652,-0.0034750612662319824,0.5370370370370371,0.5833333333333334,0.4166666666666667,26.39814814814815,0.17018147032076375
exp2_np27_rho010_alpha2,27,0.1,2,11,95,0.06464100616028681,0.009895353406518481,0.4574468085106383,0.6382978723404256,0.3617021276595745,27.819148936170212,-0.2628809752585576
exp2_np27_rho010_alpha2,27,0.1,2,6,125,0.01683765570594855,-0.012064218157052053,0.528,0.568,0.432,31.656,0.055659600967947115
exp2_np27_rho010_alpha2,27,0.1,2,4,107,0.03262854851494008,0.0023323196876599006,0.46153846153846156,0.5384615384615384,0.46153846153846156,25.403846153846153,0.13079372395772648
exp2_np27_rho010_alpha2,27,0.1,2,7,106,0.007663959724278504,0.0028988188225813616,0.44761904761904764,0.47619047619047616,0.5238095238095238,29.580952380952382,-0.012239976341320295
exp2_np27_rho010_alpha2,27,0.1,2,18,107,0.03097851439947094,0.010936592838763026,0.42857142857142855,0.47619047619047616,0.5238095238095238,31.733333333333334,-0.02325948995276998
exp2_np27_rho010_alpha2,27,0.1,2,16,104,0.0224626850495064,-0.012014238027283852,0.5436893203883495,0.49514563106796117,0.5048543689320388,28.728155339805824,0.009794832511071315
exp2_np27_rho010_alpha2,27,0.1,2,19,102,0.04014774734897367,0.01574420624220174,0.4444444444444444,0.45454545454545453,0.5454545454545454,24.545454545454547,0.09036762774605432
exp2_np27_rho010_alpha2,27,0.1,2,17,125,0.013717137071390186,-0.005918833484553687,0.5203252032520326,0.4959349593495935,0.5040650406504065,30.260162601626018,-0.06994006916841021
exp2_np27_rho010_alpha2,27,0.1,2,21,88,0.031340383509339355,-0.012099936144497114,0.5172413793103449,0.5287356321839081,0.47126436781609193,27.724137931034484,-0.033419046953873474
exp2_np27_rho010_alpha2,27,0.1,2,25,124,0.02085939386553518,-0.009690345882233053,0.5289256198347108,0.48760330578512395,0.512396694214876,25.58677685950413,0.17379702243498912
exp2_np27_rho010_alpha2,27,0.1,2,24,105,0.0198528671424499,-0.00137797295837494,0.5048543689320388,0.44660194174757284,0.5533980582524272,24.262135922330096,0.1874393738642221
exp2_np27_rho010_alpha2,27,0.1,2,23,139,0.013533603087463332,0.0024575353137792355,0.463768115942029,0.4855072463768116,0.5144927536231884,32.630434782608695,-0.05545414811131162
exp2_np27_rho010_alpha2,27,0.1,2,22,127,0.04468726288019603,-0.004437636861860383,0.536,0.512,0.488,33.456,-0.15451402103834086
exp2_np27_rho010_alpha2,27,0.1,2,28,107,0.01786200534393291,-0.0034516731032629977,0.5233644859813084,0.4392523364485981,0.5607476635514018,27.822429906542055,0.18057179314276436
exp2_np27_rho010_alpha2,27,0.1,2,27,115,0.046710091553136775,0.017379306405998385,0.39823008849557523,0.5663716814159292,0.4336283185840708,26.194690265486727,-0.1656437924209473
exp2_np27_rho010_alpha2,27,0.1,2,20,108,0.015117585782198904,0.009969616549949656,0.44339622641509435,0.5471698113207547,0.4528301886792453,30.0,0.08651058683567839
exp2_np27_rho010_alpha2,27,0.1,2,29,111,0.031852944832196826,0.008483745249201036,0.4594594594594595,0.4594594594594595,0.5405405405405406,28.45045045045045,0.09239121079233548
exp2_np27_rho010_alpha2,27,0.1,2,30,112,0.02406477026186932,0.0006890114565023531,0.4909090909090909,0.4727272727272727,0.5272727272727272,28.854545454545455,0.15699707867585108
exp2_np27_rho010_alpha2,27,0.1,2,31,108,0.016703087679416917,-0.00814309676445335,0.5754716981132075,0.49056603773584906,0.5094339622641509,31.92452830188679,-0.08163344938743723
exp2_np27_rho010_alpha2,27,0.1,2,26,108,0.034414441893388624,-0.009986626761071093,0.5327102803738317,0.5327102803738317,0.4672897196261682,30.2803738317757,0.025685971151179425
exp2_np27_rho010_alpha2,27,0.1,2,32,98,0.0323914115280827,-0.012729541733133676,0.5612244897959183,0.42857142857142855,0.5714285714285714,26.23469387755102,-0.06340406543522471
exp2_np27_rho010_alpha2,27,0.1,2,33,113,0.029467176822970214,0.010350613150718502,0.45535714285714285,0.5,0.5,24.616071428571427,0.03453224156801318
exp2_np27_rho010_alpha2,27,0.1,2,35,119,0.019086596044273724,0.005876460764529412,0.4358974358974359,0.5470085470085471,0.452991452991453,27.367521367521366,0.023371328862410563
exp2_np27_rho010_alpha2,27,0.1,2,34,111,0.021199256328536014,0.00536825422550713,0.46788990825688076,0.4954128440366973,0.5045871559633027,23.81651376146789,0.07068743650082178
exp2_np27_rho010_alpha2,27,0.1,2,37,131,0.03808788631882001,0.010799346386423991,0.4496124031007752,0.4418604651162791,0.5581395348837209,28.72093023255814,0.03402643031321414
exp2_np27_rho010_alpha2,27,0.1,2,38,109,0.009787835867279496,0.003535102815795277,0.4953271028037383,0.5233644859813084,0.4766355140186916,23.88785046728972,0.13638061068356613
exp2_np27_rho010_alpha2,27,0.1,2,36,110,0.028188229067756757,0.008295617109546516,0.46296296296296297,0.5277777777777778,0.4722222222222222,22.34259259259259,0.18657749806335547
exp2_np27_rho010_alpha2,27,0.1,2,42,131,0.005261378021623549,-0.005842351402455925,0.5193798449612403,0.5503875968992248,0.4496124031007752,27.65891472868217,0.11835824526826053
exp2_np27_rho010_alpha2,27,0.1,2,43,105,0.03381286611231265,0.009797146087370479,0.4215686274509804,0.4803921568627451,0.5196078431372549,30.705882352941178,0.042245325685897846
exp2_np27_rho010_alpha2,27,0.1,2,39,125,0.03764265532064375,0.017095311005073555,0.36065573770491804,0.5245901639344263,0.47540983606557374,26.729508196721312,0.009735093547126736
exp2_np27_rho010_alpha2,27,0.1,2,40,104,0.02184121225170395,-0.010464715738414121,0.5742574257425742,0.48514851485148514,0.5148514851485149,29.73267326732673,0.15488474173906258
exp2_np27_rho010_alpha2,27,0.1,2,41,114,0.013113160563388463,-0.022263127509036806,0.5675675675675675,0.5405405405405406,0.4594594594594595,27.09009009009009,0.033576555167854814
exp2_np27_rho010_alpha2,27,0.1,2,44,120,0.055456355709787825,0.012727699869384601,0.452991452991453,0.5042735042735043,0.49572649572649574,28.034188034188034,-0.28022876617667003
exp2_np27_rho010_alpha2,27,0.1,2,46,112,0.028347473939570458,0.0011430033734836087,0.5,0.43636363636363634,0.5636363636363636,30.581818181818182,0.1053466345383007
exp2_np27_rho010_alpha2,27,0.1,2,45,110,0.00672905716274009,0.006495939315326105,0.48148148148148145,0.3611111111111111,0.6388888888888888,27.39814814814815,0.1673576999316629
exp2_np27_rho010_alpha2,27,0.1,2,47,111,0.02893871645567533,0.000739657216451306,0.5,0.6181818181818182,0.38181818181818183,29.918181818181818,0.11730091311634007
exp2_np27_rho010_alpha2,27,0.1,2,48,131,0.029664679999731314,0.00342357938930693,0.49206349206349204,0.42063492063492064,0.5793650793650794,29.849206349206348,-0.12167301185289905
exp2_np27_rho010_alpha2,27,0.1,2,49,118,0.021790745595806793,-0.0032777503994081414,0.5254237288135594,0.5338983050847458,0.4661016949152542,33.32203389830509,0.09318956760423702
exp2_np27_rho010_alpha2,27,0.1,2,50,107,0.027892035432489363,0.007895017684775851,0.47619047619047616,0.5142857142857142,0.4857142857142857,24.98095238095238,-0.013614626958540398
exp2_np27_rho010_alpha2,27,0.1,2,51,97,0.020618148116125966,0.0010401195310620892,0.4845360824742268,0.4742268041237113,0.5257731958762887,22.814432989690722,0.07696123458332849
exp2_np27_rho010_alpha2,27,0.1,2,52,113,0.043780800845685745,-0.008708531252614282,0.5089285714285714,0.49107142857142855,0.5089285714285714,22.276785714285715,-0.19223256842322428
exp2_np27_rho010_alpha2,27,0.1,2,53,129,0.02916062356081079,0.004618786648149076,0.453125,0.53125,0.46875,28.09375,0.10221678083083685
exp2_np27_rho010_alpha2,27,0.1,2,55,129,0.025443884861001458,0.0037574852983346396,0.4523809523809524,0.4603174603174603,0.5396825396825397,26.428571428571427,-0.020633718458264234
exp2_np27_rho010_alpha2,27,0.1,2,54,124,0.03209083629534788,-0.003471580027495591,0.5284552845528455,0.5203252032520326,0.4796747967479675,25.691056910569106,-0.035407062388850254
exp2_np27_rho010_alpha2,27,0.1,2,58,105,0.03877011897593228,0.001748568977052667,0.4803921568627451,0.43137254901960786,0.5686274509803921,27.725490196078432,0.11552955376408923
exp2_np27_rho010_alpha2,27,0.1,2,56,103,0.02503503361651303,0.005902959770030414,0.45544554455445546,0.49504950495049505,0.504950495049505,22.96039603960396,-0.029852494808252483
exp2_np27_rho010_alpha2,27,0.1,2,59,109,0.027715610267769315,0.008082904375715128,0.4722222222222222,0.48148148148148145,0.5185185185185185,30.37962962962963,-0.17320378958525337
exp2_np27_rho010_alpha2,27,0.1,2,57,121,0.023040533152629557,0.0013084455552911933,0.4957983193277311,0.5294117647058824,0.47058823529411764,33.831932773109244,0.008203156269125218
exp2_np27_rho010_alpha2,27,0.1,2,61,116,0.012557825090757252,-0.009637862042111145,0.5565217391304348,0.4434782608695652,0.5565217391304348,27.721739130434784,0.031222993815463583
exp2_np27_rho010_alpha2,27,0.1,2,60,102,0.013537712343245998,0.00851065817737462,0.42,0.48,0.52,27.3,0.22697532872688908
exp2_np27_rho010_alpha2,27,0.1,2,63,106,0.02622790321858157,0.012731586046977661,0.4174757281553398,0.42718446601941745,0.5728155339805825,28.679611650485437,0.2057522553861588
exp2_np27_rho010_alpha2,27,0.1,2,62,94,0.023845073538048055,0.008405818125284625,0.45054945054945056,0.4945054945054945,0.5054945054945055,29.956043956043956,-0.054637781279270055
exp2_np27_rho010_alpha2,27,0.1,2,64,127,0.03382311878653178,0.008768636348024383,0.4435483870967742,0.6209677419354839,0.3790322580645161,27.379032258064516,-0.14975545945571048
exp2_np27_rho010_alpha2,27,0.1,2,65,107,0.022223543799337536,-0.0027198149036897767,0.5094339622641509,0.5283018867924528,0.4716981132075472,29.42452830188679,0.01199255220639796
exp2_np27_rho010_alpha2,27,0.1,2,68,125,0.01950238710827086,0.006570487143510384,0.4435483870967742,0.4596774193548387,0.5403225806451613,27.080645161290324,-0.03585623780980277
exp2_np27_rho010_alpha2,27,0.1,2,67,113,0.021760862934524037,0.001361108508631137,0.49107142857142855,0.4642857142857143,0.5357142857142857,27.955357142857142,0.16131004698792678
exp2_np27_rho010_alpha2,27,0.1,2,66,100,0.03184919527248642,0.007657091056563647,0.3979591836734694,0.6122448979591837,0.3877551020408163,23.051020408163264,0.06972860489846341
exp2_np27_rho010_alpha2,27,0.1,2,70,107,0.025453078918835536,0.001255411073567192,0.4811320754716981,0.5,0.5,26.17924528301887,0.031958802711389775
exp2_np27_rho010_alpha2,27,0.1,2,69,119,0.038398208480688034,0.005480430408027814,0.45689655172413796,0.5517241379310345,0.4482758620689655,35.25,-0.023900752466675248
exp2_np27_rho010_alpha2,27,0.1,2,71,116,0.03595568934860275,-0.0008133568556702997,0.5043478260869565,0.4260869565217391,0.5739130434782609,27.034782608695654,-0.15766560136882035
exp2_np27_rho010_alpha2,27,0.1,2,72,104,0.00816903736113095,-0.009973272991770976,0.5728155339805825,0.42718446601941745,0.5728155339805825,32.22330097087379,0.12053628587034616
exp2_np27_rho010_alpha2,27,0.1,2,75,123,0.021402524350888193,-0.008997774417962567,0.5491803278688525,0.5163934426229508,0.48360655737704916,26.991803278688526,0.02611830709880713
exp2_np27_rho010_alpha2,27,0.1,2,74,125,0.018343289143150674,0.009992991236430271,0.4274193548387097,0.5080645161290323,0.49193548387096775,28.338709677419356,0.08864059051968941
exp2_np27_rho010_alpha2,27,0.1,2,76,111,0.03286705595586443,0.0016805736049549935,0.46846846846846846,0.5135135135135135,0.4864864864864865,26.98198198198198,-0.19694195142323734
exp2_np27_rho010_alpha2,27,0.1,2,73,114,0.04493884009231586,0.006212927901611209,0.4649122807017544,0.5526315789473685,0.4473684210526316,29.67543859649123,-0.11320144879926111
exp2_np27_rho010_alpha2,27,0.1,2,79,104,0.022204952679094874,0.013639330336324917,0.40594059405940597,0.48514851485148514,0.5148514851485149,29.673267326732674,-0.013626567794582796
exp2_np27_rho010_alpha2,27,0.1,2,78,108,0.0351957766304833,0.0016894288068005636,0.4953271028037383,0.5233644859813084,0.4766355140186916,27.11214953271028,-0.07527508964100314
exp2_np27_rho010_alpha2,27,0.1,2,77,118,0.009504898026808,-0.007365043946569116,0.5172413793103449,0.47413793103448276,0.5258620689655172,33.60344827586207,0.14416867140273215
exp2_np27_rho010_alpha2,27,0.1,2,80,112,0.029454522995793278,0.014237942920444446,0.4594594594594595,0.5225225225225225,0.4774774774774775,26.693693693693692,-0.0846944096948782
exp2_np27_rho010_alpha2,27,0.1,2,81,117,0.019389758867446275,0.0033626137882007967,0.43478260869565216,0.5826086956521739,0.41739130434782606,26.747826086956522,0.16081479734579296
exp2_np27_rho010_alpha2,27,0.1,2,85,111,0.020015597626414444,0.006349141332039565,0.46788990825688076,0.47706422018348627,0.5229357798165137,28.605504587155963,0.19142678414306866
exp2_np27_rho010_alpha2,27,0.1,2,84,129,0.014370506623373941,-0.006097786093722135,0.515625,0.4296875,0.5703125,30.9375,0.008879080522200593
exp2_np27_rho010_alpha2,27,0.1,2,82,83,0.02533945681456735,0.0035531337382712636,0.45,0.475,0.525,26.6,0.07974422854213509
exp2_np27_rho010_alpha2,27,0.1,2,83,111,0.028656428844161638,0.0034509855768325437,0.4485981308411215,0.4672897196261682,0.5327102803738317,31.27102803738318,0.028517189754708076
exp2_np27_rho010_alpha2,27,0.1,2,86,96,0.01588302529614855,-0.0010393230976526446,0.5319148936170213,0.5,0.5,27.382978723404257,0.008730628735039955
exp2_np27_rho010_alpha2,27,0.1,2,87,124,0.019014399317982017,-0.010642414778666343,0.5609756097560976,0.4796747967479675,0.5203252032520326,29.10569105691057,0.10208253910307706
exp2_np27_rho010_alpha2,27,0.1,2,90,114,0.05419984053481412,-0.0030038174169648713,0.5178571428571429,0.6160714285714286,0.38392857142857145,32.732142857142854,-0.19806601657296527
exp2_np27_rho010_alpha2,27,0.1,2,88,119,0.04150654754127139,0.008233659497886237,0.4482758620689655,0.5172413793103449,0.4827586206896552,29.698275862068964,-0.123275450532918
exp2_np27_rho010_alpha2,27,0.1,2,89,125,0.04168123752260782,0.016208337245156912,0.42276422764227645,0.5853658536585366,0.4146341463414634,26.691056910569106,-0.13500511413272595
exp2_np27_rho010_alpha2,27,0.1,2,91,126,0.04659388586981937,0.035990486578451275,0.392,0.496,0.504,36.52,-0.17277193159876186
exp2_np27_rho010_alpha2,27,0.1,2,94,120,0.020122522132811637,-0.0014034867915206917,0.5042016806722689,0.5294117647058824,0.47058823529411764,29.352941176470587,0.026270017479618147
exp2_np27_rho010_alpha2,27,0.1,2,93,95,0.04163717211284123,-0.0016783461865950144,0.5212765957446809,0.5212765957446809,0.4787234042553192,24.180851063829788,-0.16532355789855993
exp2_np27_rho010_alpha2,27,0.1,2,95,108,0.021839695176138513,0.007988220650618771,0.4380952380952381,0.5047619047619047,0.49523809523809526,28.752380952380953,-0.09803052498446635
exp2_np27_rho010_alpha2,27,0.1,2,92,106,0.01720943649079659,0.008426288151232697,0.4423076923076923,0.4230769230769231,0.5769230769230769,31.259615384615383,0.08768005725033273
exp2_np27_rho010_alpha2,27,0.1,2,96,98,0.024357946933459784,0.004380164467517211,0.4791666666666667,0.4791666666666667,0.5208333333333334,27.125,0.06361412906371992
exp2_np27_rho010_alpha2,27,0.1,2,97,108,0.024398765105946,0.012093105367143142,0.48148148148148145,0.5462962962962963,0.4537037037037037,29.12037037037037,0.10587723523667864
exp2_np27_rho010_alpha2,27,0.1,2,101,131,0.016413140924133263,0.009672771478359543,0.4461538461538462,0.5384615384615384,0.46153846153846156,26.446153846153845,0.007254710754120435
exp2_np27_rho010_alpha2,27,0.1,2,99,108,0.006410144822757039,-0.0018321013530400165,0.5327102803738317,0.4672897196261682,0.5327102803738317,25.88785046728972,0.2737307203316539
exp2_np27_rho010_alpha2,27,0.1,2,100,115,0.020186935644889912,-0.0004108458124685299,0.5,0.4824561403508772,0.5175438596491229,29.850877192982455,-0.17087280576121325
exp2_np27_rho010_alpha2,27,0.1,2,98,123,0.022763674247509684,-0.007200467562152646,0.5327868852459017,0.5409836065573771,0.45901639344262296,32.30327868852459,-0.11253661209182386
exp2_np27_rho010_alpha2,27,0.1,2,103,117,0.020775534322954512,0.0030195281425577924,0.47413793103448276,0.5258620689655172,0.47413793103448276,29.92241379310345,0.16122877629897855
exp2_np27_rho010_alpha2,27,0.1,2,102,113,0.0442711697733455,0.015485468495658239,0.40540540540540543,0.4954954954954955,0.5045045045045045,29.846846846846848,-0.08233504170971422
exp2_np27_rho010_alpha2,27,0.1,2,104,117,0.015110020032748687,0.00439003657613668,0.49122807017543857,0.5,0.5,26.81578947368421,0.17358598412906492
exp2_np27_rho010_alpha2,27,0.1,2,108,109,0.021013434166805137,0.001548565436370275,0.4766355140186916,0.4392523364485981,0.5607476635514018,28.813084112149532,0.08566028037511572
exp2_np27_rho010_alpha2,27,0.1,2,110,119,0.02925692341890593,0.0037263326547702924,0.4482758620689655,0.47413793103448276,0.5258620689655172,28.310344827586206,-0.04068745084039495
exp2_np27_rho010_alpha2,27,0.1,2,105,118,0.037478438242573985,-0.00019761439429988314,0.5086206896551724,0.5431034482758621,0.45689655172413796,29.198275862068964,-0.0010988541911543482
exp2_np27_rho010_alpha2,27,0.1,2,109,93,0.024127008632488626,0.01528502087419703,0.4731182795698925,0.4731182795698925,0.5268817204301075,33.30107526881721,0.10844953924519125
exp2_np27_rho010_alpha2,27,0.1,2,106,129,0.021852426914717147,0.0011985520718678089,0.47244094488188976,0.5354330708661418,0.4645669291338583,29.275590551181104,-0.010289411854078558
exp2_np27_rho010_alpha2,27,0.1,2,107,97,0.039316293830779954,0.005819406547286299,0.4583333333333333,0.5833333333333334,0.4166666666666667,28.354166666666668,-0.1797206500795484
exp2_np27_rho010_alpha2,27,0.1,2,111,115,0.010938271293436434,-0.001510656596322324,0.5087719298245614,0.5,0.5,29.62280701754386,-0.07207764399395047
exp2_np27_rho010_alpha2,27,0.1,2,112,123,0.028095346128127974,0.004956196427094994,0.4214876033057851,0.4793388429752066,0.5206611570247934,25.793388429752067,-0.02632692080480032
exp2_np27_rho010_alpha2,27,0.1,2,113,107,0.04794995345584142,0.00872614829229601,0.45714285714285713,0.5142857142857142,0.4857142857142857,31.961904761904762,-0.08535203481380178
exp2_np27_rho010_alpha2,27,0.1,2,116,108,0.03364666562785146,0.018024607294896633,0.40186915887850466,0.4485981308411215,0.5514018691588785,28.953271028037385,0.043773656328620035
exp2_np27_rho010_alpha2,27,0.1,2,114,109,0.024779041947652066,0.00596071382863439,0.4537037037037037,0.4722222222222222,0.5277777777777778,29.324074074074073,0.12318572364549185
exp2_np27_rho010_alpha2,27,0.1,2,115,126,0.0073160549899915425,-0.0007110626111397345,0.5080645161290323,0.47580645161290325,0.5241935483870968,24.903225806451612,0.1713475329893873
exp2_np27_rho010_alpha2,27,0.1,2,118,114,0.011551098757548664,-0.0006139957137891727,0.5132743362831859,0.5398230088495575,0.46017699115044247,25.460176991150444,-0.10231251291499106
exp2_np27_rho010_alpha2,27,0.1,2,117,112,0.038037771296160386,0.008745937648638957,0.44144144144144143,0.5315315315315315,0.46846846846846846,25.54054054054054,-0.20782546040516936
exp2_np27_rho010_alpha2,27,0.1,2,119,109,0.0342492348453782,-0.0007983431648597161,0.5045871559633027,0.5779816513761468,0.42201834862385323,29.513761467889907,-0.019295948880329632
exp2_np27_rho010_alpha2,27,0.1,2,120,123,0.029764526508796244,0.004801899337715909,0.4628099173553719,0.49586776859504134,0.5041322314049587,31.214876033057852,0.052172046628374096
exp2_np27_rho010_alpha2,27,0.1,2,121,109,0.027435079722105633,-0.005879565806679921,0.5370370370370371,0.6759259259259259,0.32407407407407407,28.305555555555557,-0.05378360543493419
exp2_np27_rho010_alpha2,27,0.1,2,123,110,0.03767589229827964,0.01031605719652795,0.4485981308411215,0.5700934579439252,0.42990654205607476,25.39252336448598,-0.1631191766225779
exp2_np27_rho010_alpha2,27,0.1,2,124,126,0.03539512379076512,0.005022337924284415,0.47580645161290325,0.5403225806451613,0.4596774193548387,25.217741935483872,-0.10846150213952423
exp2_np27_rho010_alpha2,27,0.1,2,127,113,0.021521360599153327,-0.00021825951051823722,0.5,0.42857142857142855,0.5714285714285714,26.151785714285715,-0.055080883395875115
exp2_np27_rho010_alpha2,27,0.1,2,126,94,0.050688462401888235,-0.004512502523843942,0.5434782608695652,0.41304347826086957,0.5869565217391305,29.25,-0.21865221446040684
exp2_np27_rho010_alpha2,27,0.1,2,125,122,0.021350927669362994,0.0003450525630346313,0.4915254237288136,0.5508474576271186,0.4491525423728814,23.559322033898304,-0.0051014833182901655
exp2_np27_rho010_alpha2,27,0.1,2,122,120,0.013241230045890503,-0.004038665025421828,0.5258620689655172,0.43103448275862066,0.5689655172413793,32.19827586206897,0.13930484961574205
exp2_np27_rho010_alpha2,27,0.1,2,128,116,0.01258784657059628,-0.008626681909634115,0.5614035087719298,0.4649122807017544,0.5350877192982456,30.842105263157894,0.2948742203472476
exp2_np27_rho010_alpha2,27,0.1,2,129,106,0.03362642538249292,0.0033155543074467886,0.46601941747572817,0.42718446601941745,0.5728155339805825,26.058252427184467,-0.1385453845539167
exp2_np27_rho010_alpha2,27,0.1,2,130,137,0.01681610742442093,0.010929806549810905,0.45925925925925926,0.5407407407407407,0.45925925925925926,26.83703703703704,0.13115028267938936
exp2_np27_rho010_alpha2,27,0.1,2,131,99,0.04740637457560448,0.004648818933143506,0.4791666666666667,0.5625,0.4375,30.09375,-0.06543023254931393
exp2_np27_rho010_alpha2,27,0.1,2,133,102,0.033174852949072214,-0.0006055170121781472,0.5,0.5098039215686274,0.49019607843137253,28.99019607843137,-0.0855178849434631
exp2_np27_rho010_alpha2,27,0.1,2,132,139,0.02536154766088007,-0.00840672787957697,0.5766423357664233,0.5985401459854015,0.40145985401459855,25.116788321167885,-0.024761640801428023
exp2_np27_rho010_alpha2,27,0.1,2,134,125,0.025481454110670657,0.020735434213517756,0.3902439024390244,0.4878048780487805,0.5121951219512195,28.934959349593495,0.06663510323482064
exp2_np27_rho010_alpha2,27,0.1,2,136,118,0.031247995887780808,0.0018023281971633054,0.47863247863247865,0.48717948717948717,0.5128205128205128,27.53846153846154,0.20141943818023947
exp2_np27_rho010_alpha2,27,0.1,2,137,113,0.02135424344165014,-0.012172508353135214,0.5596330275229358,0.44036697247706424,0.5596330275229358,29.94495412844037,0.18284816663447653
exp2_np27_rho010_alpha2,27,0.1,2,135,108,0.03582748771796626,0.02065157794084449,0.41509433962264153,0.5660377358490566,0.4339622641509434,28.066037735849058,-0.09866385333001527
exp2_np27_rho010_alpha2,27,0.1,2,139,115,0.03206017334177791,0.0004095895380826775,0.49557522123893805,0.5398230088495575,0.46017699115044247,26.72566371681416,-0.040265217269443564
exp2_np27_rho010_alpha2,27,0.1,2,138,104,0.02299227285771706,0.002245259460054161,0.4411764705882353,0.45098039215686275,0.5490196078431373,32.34313725490196,0.1859624811877924
exp2_np27_rho010_alpha2,27,0.1,2,141,110,0.032287911130208714,0.00936036976413579,0.4672897196261682,0.5607476635514018,0.4392523364485981,28.093457943925234,-0.08870103952388629
exp2_np27_rho010_alpha2,27,0.1,2,140,119,0.02159414778418901,-0.003757862722630012,0.5084745762711864,0.4661016949152542,0.5338983050847458,27.940677966101696,-0.022192283370634374
exp2_np27_rho010_alpha2,27,0.1,2,142,122,0.0371885575523506,-0.002274102607338513,0.525,0.4083333333333333,0.5916666666666667,29.241666666666667,-0.02934792546432724
exp2_np27_rho010_alpha2,27,0.1,2,143,116,0.04104429794454216,-0.0026919415657751244,0.5565217391304348,0.5130434782608696,0.48695652173913045,29.982608695652175,-0.07208314810232863
exp2_np27_rho010_alpha2,27,0.1,2,144,121,0.041171667888163226,0.01200889997770993,0.42857142857142855,0.5714285714285714,0.42857142857142855,30.65546218487395,-0.08766875150045253
exp2_np27_rho010_alpha2,27,0.1,2,146,108,0.028501442630354906,0.002823037675340423,0.49523809523809526,0.4857142857142857,0.5142857142857142,27.428571428571427,-0.08541544729299615
exp2_np27_rho010_alpha2,27,0.1,2,145,100,0.03521871841086066,0.012094598066163087,0.43434343434343436,0.46464646464646464,0.5353535353535354,33.73737373737374,0.11267561161603946
exp2_np27_rho010_alpha2,27,0.1,2,149,109,0.03758719608902795,0.008215679014412558,0.4339622641509434,0.5188679245283019,0.4811320754716981,27.0,-0.0758017430441737
exp2_np27_rho010_alpha2,27,0.1,2,148,94,0.03343750323994105,0.016224718991274756,0.4065934065934066,0.5054945054945055,0.4945054945054945,25.923076923076923,-0.056542550017027265
exp2_np27_rho010_alpha2,27,0.1,2,147,105,0.022605868056971255,0.005011624640660628,0.4519230769230769,0.5192307692307693,0.4807692307692308,27.91346153846154,-0.03114395289642036
exp2_np27_rho010_alpha2,27,0.1,2,151,114,0.01831330701491989,0.005600343158727483,0.43243243243243246,0.5495495495495496,0.45045045045045046,26.765765765765767,-0.011000963274549018
exp2_np27_rho010_alpha2,27,0.1,2,150,121,0.025293738656248746,0.008032648362854111,0.475,0.5333333333333333,0.4666666666666667,30.175,0.17137792730663387
exp2_np27_rho010_alpha2,27,0.1,2,152,98,0.01904876077692326,0.00972831280684261,0.4329896907216495,0.5567010309278351,0.44329896907216493,27.072164948453608,-0.05870929703240394
exp2_np27_rho010_alpha2,27,0.1,2,155,115,0.025683524877081892,-0.0034346077381268714,0.5132743362831859,0.5752212389380531,0.4247787610619469,28.353982300884955,-0.1465893401948767
exp2_np27_rho010_alpha2,27,0.1,2,153,105,0.019220527794684885,-0.01643680292902383,0.6538461538461539,0.4519230769230769,0.5480769230769231,27.5,0.24382687750568982
exp2_np27_rho010_alpha2,27,0.1,2,154,105,0.026756267625161836,0.005150491017288594,0.4563106796116505,0.5436893203883495,0.4563106796116505,30.271844660194176,-0.10961611546782554
exp2_np27_rho010_alpha2,27,0.1,2,156,127,0.027350609829244733,0.014854436827003603,0.37398373983739835,0.5284552845528455,0.4715447154471545,29.195121951219512,0.03941222290630402
exp2_np27_rho010_alpha2,27,0.1,2,158,109,0.03129488035116879,0.009234156851802844,0.4485981308411215,0.4953271028037383,0.5046728971962616,30.121495327102803,0.007245756506975973
exp2_np27_rho010_alpha2,27,0.1,2,157,100,0.01997562767022833,-0.006162896032195331,0.5816326530612245,0.6122448979591837,0.3877551020408163,32.765306122448976,0.1737782349780486
exp2_np27_rho010_alpha2,27,0.1,2,159,121,0.04288247646601827,0.0032808890687388015,0.4322033898305085,0.4661016949152542,0.5338983050847458,30.796610169491526,-0.005862487704966595
exp2_np27_rho010_alpha2,27,0.1,2,160,130,0.04190933097862491,7.849706885121321e-05,0.5,0.625,0.375,30.890625,-0.2493252601602299
exp2_np27_rho010_alpha2,27,0.1,2,161,109,0.026710137972803055,0.01511380033371923,0.4166666666666667,0.4537037037037037,0.5462962962962963,25.296296296296298,0.16293044987876687
exp2_np27_rho010_alpha2,27,0.1,2,162,106,0.02365221998838278,0.016440985886776893,0.46153846153846156,0.5865384615384616,0.41346153846153844,24.46153846153846,0.12754585194173904
exp2_np27_rho010_alpha2,27,0.1,2,163,111,-0.004016218309993271,-0.015993564502081448,0.5963302752293578,0.5137614678899083,0.48623853211009177,33.330275229357795,0.11136479457320127
exp2_np27_rho010_alpha2,27,0.1,2,164,114,0.02455008497635876,0.007181819536825618,0.48214285714285715,0.5892857142857143,0.4107142857142857,26.035714285714285,0.08735147156152254
exp2_np27_rho010_alpha2,27,0.1,2,165,110,0.02266837464299009,-0.009608115647858462,0.5648148148148148,0.5185185185185185,0.48148148148148145,31.02777777777778,-0.03099941960019198
exp2_np27_rho010_alpha2,27,0.1,2,167,120,0.04465190262953265,0.0043580558434408445,0.4700854700854701,0.5470085470085471,0.452991452991453,30.94017094017094,-0.12980304018570227
exp2_np27_rho010_alpha2,27,0.1,2,168,121,0.02682204682485408,0.0035961382768441297,0.4666666666666667,0.49166666666666664,0.5083333333333333,31.3,0.19275271885391201
exp2_np27_rho010_alpha2,27,0.1,2,166,106,0.029965241934277725,0.008505475052312583,0.41346153846153844,0.5769230769230769,0.4230769230769231,32.60576923076923,0.06771786466774415
exp2_np27_rho010_alpha2,27,0.1,2,170,107,0.018847202017784188,0.011628972891372769,0.4380952380952381,0.47619047619047616,0.5238095238095238,33.904761904761905,-0.15388941758761826
exp2_np27_rho010_alpha2,27,0.1,2,169,115,0.03924644888663364,0.004505410649636943,0.4690265486725664,0.48672566371681414,0.5132743362831859,28.256637168141594,-0.038248294976795105
exp2_np27_rho010_alpha2,27,0.1,2,172,110,0.028977274203946593,0.00820432524779413,0.4444444444444444,0.4166666666666667,0.5833333333333334,24.09259259259259,-0.004408055601919852
exp2_np27_rho010_alpha2,27,0.1,2,171,134,0.0321027379739712,-0.004702345393968521,0.5190839694656488,0.5954198473282443,0.40458015267175573,27.114503816793892,-0.09942033832813
exp2_np27_rho010_alpha2,27,0.1,2,173,119,0.016665589969852204,0.00324140145175722,0.47863247863247865,0.5299145299145299,0.4700854700854701,33.99145299145299,0.0563423567943046
exp2_np27_rho010_alpha2,27,0.1,2,174,129,0.03441111282178617,-0.004660796511781307,0.5275590551181102,0.5196850393700787,0.48031496062992124,26.393700787401574,0.031391890981871326
exp2_np27_rho010_alpha2,27,0.1,2,175,122,0.01992174603772454,0.0009899882105459668,0.4793388429752066,0.5537190082644629,0.4462809917355372,24.93388429752066,0.058122086168554
exp2_np27_rho010_alpha2,27,0.1,2,176,109,0.02846860832044959,0.016239484622358802,0.46296296296296297,0.5,0.5,29.694444444444443,0.22015217985802973
exp2_np27_rho010_alpha2,27,0.1,2,178,116,0.011642038663910668,-0.004551424913490365,0.5132743362831859,0.45132743362831856,0.5486725663716814,28.8141592920354,0.11143167850199347
exp2_np27_rho010_alpha2,27,0.1,2,177,113,0.029474724927385537,0.015880209539318457,0.4144144144144144,0.5405405405405406,0.4594594594594595,25.64864864864865,-0.23646501301957726
exp2_np27_rho010_alpha2,27,0.1,2,179,110,0.0163413478435736,-0.008000945155996142,0.5607476635514018,0.4953271028037383,0.5046728971962616,29.878504672897197,-0.04800740883668807
exp2_np27_rho010_alpha2,27,0.1,2,181,113,0.0467914679284282,0.004476905800794739,0.4864864864864865,0.5045045045045045,0.4954954954954955,24.306306306306308,-0.13962098697506653
exp2_np27_rho010_alpha2,27,0.1,2,180,122,0.02042037780514167,-0.001231998066384854,0.5126050420168067,0.453781512605042,0.5462184873949579,29.310924369747898,0.24217984154962455
exp2_np27_rho010_alpha2,27,0.1,2,182,118,0.015907674418119244,-0.03030859303471356,0.6120689655172413,0.5689655172413793,0.43103448275862066,32.810344827586206,-0.031220000512070616
exp2_np27_rho010_alpha2,27,0.1,2,184,105,-0.006810667185232839,-0.020508488429762828,0.5961538461538461,0.4423076923076923,0.5576923076923077,37.85576923076923,0.24715039384145193
exp2_np27_rho010_alpha2,27,0.1,2,185,121,0.02493145185433767,0.0001459072542480122,0.49166666666666664,0.5583333333333333,0.44166666666666665,29.766666666666666,-0.10119350056018883
exp2_np27_rho010_alpha2,27,0.1,2,183,113,0.02871068692468057,0.007191574662233524,0.4732142857142857,0.5535714285714286,0.44642857142857145,26.214285714285715,-0.026695967396784648
exp2_np27_rho010_alpha2,27,0.1,2,186,118,0.02794243181430883,0.010644759351886357,0.48717948717948717,0.5213675213675214,0.47863247863247865,25.41025641025641,-0.004255651622951504
exp2_np27_rho010_alpha2,27,0.1,2,187,112,0.034054078838336575,-0.0014612262215125682,0.5135135135135135,0.36936936936936937,0.6306306306306306,28.36936936936937,-0.1260959743684333
exp2_np27_rho010_alpha2,27,0.1,2,189,137,0.02664579250164703,0.008177627312307756,0.4117647058823529,0.6176470588235294,0.38235294117647056,27.66176470588235,0.08519387819832683
exp2_np27_rho010_alpha2,27,0.1,2,188,100,0.010540495507758587,-0.005855673108462245,0.5102040816326531,0.5816326530612245,0.41836734693877553,28.642857142857142,0.10338257983610716
exp2_np27_rho010_alpha2,27,0.1,2,190,110,0.033483192397458006,0.01645172932142369,0.42990654205607476,0.5514018691588785,0.4485981308411215,27.411214953271028,0.09284090278919441
exp2_np27_rho010_alpha2,27,0.1,2,191,126,0.028122178719429753,0.0038095666890911595,0.4435483870967742,0.4838709677419355,0.5161290322580645,28.572580645161292,0.1785279433866931
exp2_np27_rho010_alpha2,27,0.1,2,192,103,0.021639936374704998,-0.0077816399795125335,0.5392156862745098,0.45098039215686275,0.5490196078431373,21.705882352941178,-0.048884245309364895
exp2_np27_rho010_alpha2,27,0.1,2,193,120,0.04101202124846674,0.0071604918163563624,0.46218487394957986,0.46218487394957986,0.5378151260504201,31.42016806722689,-0.10575970337480735
exp2_np27_rho010_alpha2,27,0.1,2,195,128,0.016504780228002544,-0.004543191034421135,0.5433070866141733,0.41732283464566927,0.5826771653543307,29.653543307086615,-0.02455814244860215
exp2_np27_rho010_alpha2,27,0.1,2,194,107,0.058612561394037595,0.014517560285682407,0.47619047619047616,0.4380952380952381,0.5619047619047619,31.771428571428572,-0.02651475079876995
exp2_np27_rho010_alpha2,27,0.1,2,196,127,0.0316361709515932,0.00220131035004556,0.49193548387096775,0.5,0.5,25.088709677419356,-0.1507027694840485
exp2_np27_rho010_alpha2,27,0.1,2,197,106,0.03120740277645345,0.0051675518837548395,0.46601941747572817,0.5242718446601942,0.47572815533980584,26.16504854368932,-0.05183463325861897
exp2_np27_rho010_alpha2,27,0.1,2,198,97,0.03747568303891986,0.005668448165546458,0.4421052631578947,0.5368421052631579,0.4631578947368421,27.178947368421053,-0.121757947401546
exp2_np27_rho010_alpha2,27,0.1,2,199,106,0.016536421792867045,0.012773707247613508,0.42857142857142855,0.5047619047619047,0.49523809523809526,32.95238095238095,-0.06284579773255235
exp2_np27_rho010_alpha5,27,0.1,5,10,86,0.05867417716500439,0.009616471195222687,0.43529411764705883,0.5764705882352941,0.4235294117647059,28.729411764705883,-0.20678631002150208
exp2_np27_rho010_alpha5,27,0.1,5,8,78,0.025498963230489037,0.025420745248477594,0.3333333333333333,0.5128205128205128,0.48717948717948717,25.256410256410255,-0.0801337600563337
exp2_np27_rho010_alpha5,27,0.1,5,3,91,0.021120374105945586,0.0009338460210193134,0.48314606741573035,0.43820224719101125,0.5617977528089888,23.685393258426966,0.1448066507823164
exp2_np27_rho010_alpha5,27,0.1,5,14,90,0.02681361658001786,0.019533632599487927,0.3888888888888889,0.5666666666666667,0.43333333333333335,22.366666666666667,0.014290523139769756
exp2_np27_rho010_alpha5,27,0.1,5,9,93,0.06119872042830123,0.033427600397910595,0.40860215053763443,0.6236559139784946,0.3763440860215054,28.483870967741936,-0.1503605097307588
exp2_np27_rho010_alpha5,27,0.1,5,2,88,0.03746447731204702,0.003923148149371336,0.45454545454545453,0.625,0.375,30.71590909090909,-0.15880066884510094
exp2_np27_rho010_alpha5,27,0.1,5,0,87,0.021358650224916384,-0.0027476480914301327,0.5116279069767442,0.45348837209302323,0.5465116279069767,23.627906976744185,0.10769249747588493
exp2_np27_rho010_alpha5,27,0.1,5,6,77,0.03757240203228402,0.004312615969016775,0.4868421052631579,0.3815789473684211,0.618421052631579,32.36842105263158,0.10944656746152624
exp2_np27_rho010_alpha5,27,0.1,5,4,85,0.025510855663742966,-0.00393354687885239,0.5301204819277109,0.5903614457831325,0.40963855421686746,27.180722891566266,0.04217314575882637
exp2_np27_rho010_alpha5,27,0.1,5,5,111,0.03838760450254294,0.02093200553220509,0.3963963963963964,0.4594594594594595,0.5405405405405406,24.55855855855856,-0.06023393318411042
exp2_np27_rho010_alpha5,27,0.1,5,12,79,0.015531527960847441,0.0002679599525756693,0.5,0.5384615384615384,0.46153846153846156,30.0,0.06840720235754302
exp2_np27_rho010_alpha5,27,0.1,5,15,93,0.05163928203322881,0.01598531802298009,0.40217391304347827,0.5,0.5,25.42391304347826,0.03561931021083642
exp2_np27_rho010_alpha5,27,0.1,5,1,80,0.0618638506599235,-0.0022248555779675883,0.5125,0.4375,0.5625,33.7,-0.3415882931099837
exp2_np27_rho010_alpha5,27,0.1,5,11,91,0.0069943759606634895,-0.00807507101553595,0.5444444444444444,0.4222222222222222,0.5777777777777777,25.38888888888889,-0.003504970618972851
exp2_np27_rho010_alpha5,27,0.1,5,7,89,0.012087532116513549,-0.012188425519954471,0.5681818181818182,0.5454545454545454,0.45454545454545453,29.011363636363637,0.07381560147288055
exp2_np27_rho010_alpha5,27,0.1,5,13,76,0.043124751387732606,0.005566735919927623,0.4473684210526316,0.4868421052631579,0.5131578947368421,30.394736842105264,-0.20232478608404098
exp2_np27_rho010_alpha5,27,0.1,5,16,83,0.04377752290367326,0.036161310759545984,0.3170731707317073,0.5,0.5,25.475609756097562,-0.12708556276308283
exp2_np27_rho010_alpha5,27,0.1,5,19,68,0.023293741360704532,0.006956598943588244,0.39705882352941174,0.5,0.5,25.441176470588236,-0.1992956527654318
exp2_np27_rho010_alpha5,27,0.1,5,18,88,0.02604099916328974,0.02559420058838846,0.39080459770114945,0.5402298850574713,0.45977011494252873,28.275862068965516,-0.19759907941487584
exp2_np27_rho010_alpha5,27,0.1,5,17,95,0.035735728481224506,0.008233218026472588,0.40425531914893614,0.5319148936170213,0.46808510638297873,31.26595744680851,-0.1649639854736976
exp2_np27_rho010_alpha5,27,0.1,5,20,80,0.05708497488775831,0.023965956961665036,0.3670886075949367,0.5316455696202531,0.46835443037974683,26.531645569620252,-0.06902678392163401
exp2_np27_rho010_alpha5,27,0.1,5,21,75,0.017972387455429093,0.009965063444071554,0.48,0.5066666666666667,0.49333333333333335,27.56,-0.02692471097163051
exp2_np27_rho010_alpha5,27,0.1,5,22,104,0.03750309276197502,0.0066009153233581586,0.42718446601941745,0.4854368932038835,0.5145631067961165,30.07766990291262,-0.060985194280815225
exp2_np27_rho010_alpha5,27,0.1,5,29,93,0.036503088399595617,-0.00204502345718538,0.5268817204301075,0.4946236559139785,0.5053763440860215,26.93548387096774,-0.1343697528724156
exp2_np27_rho010_alpha5,27,0.1,5,23,104,0.041880432816853275,-0.004555236129261786,0.5288461538461539,0.5288461538461539,0.47115384615384615,35.54807692307692,-0.1920484365255386
exp2_np27_rho010_alpha5,27,0.1,5,25,86,0.01233190611280302,0.008075047504530808,0.47058823529411764,0.5764705882352941,0.4235294117647059,28.49411764705882,-0.037363254035871075
exp2_np27_rho010_alpha5,27,0.1,5,30,105,0.025734344827020902,-0.0041355236316333865,0.5288461538461539,0.5769230769230769,0.4230769230769231,23.923076923076923,0.026977223015549934
exp2_np27_rho010_alpha5,27,0.1,5,24,79,0.029922213588693347,0.014890526125538983,0.4050632911392405,0.5189873417721519,0.4810126582278481,24.632911392405063,-0.16128411235455273
exp2_np27_rho010_alpha5,27,0.1,5,27,83,0.024727441812297326,0.014139212346932162,0.39759036144578314,0.5060240963855421,0.4939759036144578,28.89156626506024,-0.0626726340643639
exp2_np27_rho010_alpha5,27,0.1,5,28,62,0.032939802462331254,-0.00026050534218757804,0.5081967213114754,0.4262295081967213,0.5737704918032787,30.508196721311474,-0.054091457253597874
exp2_np27_rho010_alpha5,27,0.1,5,31,95,0.037845032577502595,0.006732489912510076,0.45263157894736844,0.4631578947368421,0.5368421052631579,30.57894736842105,0.10802750371644167
exp2_np27_rho010_alpha5,27,0.1,5,26,100,0.051723586581367005,-0.0065754099192743,0.5252525252525253,0.5757575757575758,0.42424242424242425,28.07070707070707,-0.16669734505086437
exp2_np27_rho010_alpha5,27,0.1,5,32,78,0.03437390889918349,0.010947910343828138,0.41025641025641024,0.5,0.5,23.397435897435898,-0.17409571903210025
exp2_np27_rho010_alpha5,27,0.1,5,33,92,0.03187180203872822,0.0025299708151722555,0.4725274725274725,0.5604395604395604,0.43956043956043955,27.78021978021978,-0.26248907395272486
exp2_np27_rho010_alpha5,27,0.1,5,35,79,0.02573012026963851,0.020138378141741242,0.4358974358974359,0.5641025641025641,0.4358974358974359,27.602564102564102,0.13083754207946277
exp2_np27_rho010_alpha5,27,0.1,5,34,76,0.02895324826139466,0.005250997375936706,0.4666666666666667,0.48,0.52,26.746666666666666,0.034949853638119165
exp2_np27_rho010_alpha5,27,0.1,5,36,73,0.0010832309218811792,0.005309527178565254,0.4861111111111111,0.375,0.625,20.25,0.013093748603031403
exp2_np27_rho010_alpha5,27,0.1,5,38,79,0.00836751211207074,0.00443889169610312,0.4935064935064935,0.5584415584415584,0.44155844155844154,24.09090909090909,-0.014464171275917835
exp2_np27_rho010_alpha5,27,0.1,5,37,91,0.03608137059185476,0.007826081983083988,0.43956043956043955,0.5384615384615384,0.46153846153846156,29.67032967032967,-0.11581775174666799
exp2_np27_rho010_alpha5,27,0.1,5,40,91,0.031221703752343535,0.002439635360432124,0.4777777777777778,0.5222222222222223,0.4777777777777778,25.122222222222224,-0.09026096627031066
exp2_np27_rho010_alpha5,27,0.1,5,42,101,0.021491371204733135,-0.0043175001784443445,0.5,0.47,0.53,31.24,-0.018872213219609406
exp2_np27_rho010_alpha5,27,0.1,5,41,84,0.04316288321944213,0.01248452152533197,0.4523809523809524,0.47619047619047616,0.5238095238095238,28.55952380952381,-0.14721376677713074
exp2_np27_rho010_alpha5,27,0.1,5,45,96,0.03347194140279478,-0.0032439508866675126,0.5263157894736842,0.47368421052631576,0.5263157894736842,24.726315789473684,-0.05602861539661548
exp2_np27_rho010_alpha5,27,0.1,5,39,93,0.011705149925918017,0.0017857971394548144,0.45161290322580644,0.5376344086021505,0.46236559139784944,24.204301075268816,0.06092951716278098
exp2_np27_rho010_alpha5,27,0.1,5,43,69,0.03822369694928884,0.005476873296790252,0.43478260869565216,0.5942028985507246,0.4057971014492754,31.28985507246377,-0.09942911276822956
exp2_np27_rho010_alpha5,27,0.1,5,44,87,0.03497891013632977,0.01403127999554954,0.3563218390804598,0.5172413793103449,0.4827586206896552,27.344827586206897,-0.0676603170290415
exp2_np27_rho010_alpha5,27,0.1,5,46,92,0.025195739057197037,0.02948406978744078,0.4175824175824176,0.5274725274725275,0.4725274725274725,30.604395604395606,0.02601167957157197
exp2_np27_rho010_alpha5,27,0.1,5,47,91,0.032380309668612474,0.008833501825070478,0.45054945054945056,0.4945054945054945,0.5054945054945055,28.23076923076923,-0.11713304825173468
exp2_np27_rho010_alpha5,27,0.1,5,48,91,0.014108681773534285,-0.004241429360578142,0.5444444444444444,0.5333333333333333,0.4666666666666667,28.77777777777778,-0.009160591142409712
exp2_np27_rho010_alpha5,27,0.1,5,49,92,0.03264305838174799,0.01808146117295628,0.4065934065934066,0.5164835164835165,0.4835164835164835,31.296703296703296,0.07745805273539969
exp2_np27_rho010_alpha5,27,0.1,5,50,87,0.02062284405130156,0.011816693425608982,0.3563218390804598,0.5632183908045977,0.4367816091954023,22.49425287356322,0.024497333333804914
exp2_np27_rho010_alpha5,27,0.1,5,52,85,0.027182628488770146,0.0053155868496137515,0.4588235294117647,0.4117647058823529,0.5882352941176471,24.51764705882353,0.002746325973232901
exp2_np27_rho010_alpha5,27,0.1,5,51,83,0.013374234957745479,0.015127674652866574,0.4146341463414634,0.5121951219512195,0.4878048780487805,20.414634146341463,-0.20444941744946704
exp2_np27_rho010_alpha5,27,0.1,5,53,91,0.03511023853391971,0.007603393426924399,0.449438202247191,0.5056179775280899,0.4943820224719101,32.39325842696629,0.03447883782799276
exp2_np27_rho010_alpha5,27,0.1,5,54,90,0.026954960201242883,0.00723440962576527,0.4666666666666667,0.4444444444444444,0.5555555555555556,29.766666666666666,-0.02331596980552974
exp2_np27_rho010_alpha5,27,0.1,5,55,109,0.04566789021112439,0.0042656568245078574,0.4722222222222222,0.4722222222222222,0.5277777777777778,23.38888888888889,-0.09373962129507883
exp2_np27_rho010_alpha5,27,0.1,5,56,82,0.05206096615841118,0.024401371776914704,0.3780487804878049,0.5487804878048781,0.45121951219512196,22.695121951219512,-0.1742684587515245
exp2_np27_rho010_alpha5,27,0.1,5,57,92,0.010071694828237969,0.01122422314134175,0.45652173913043476,0.5760869565217391,0.42391304347826086,32.56521739130435,-0.023708448505527707
exp2_np27_rho010_alpha5,27,0.1,5,60,80,0.012848972574832241,-0.01949693276411857,0.5443037974683544,0.5189873417721519,0.4810126582278481,25.72151898734177,0.24732984614871864
exp2_np27_rho010_alpha5,27,0.1,5,62,87,0.030689221478616257,-0.00039541153452127276,0.5057471264367817,0.4942528735632184,0.5057471264367817,27.436781609195403,-0.04825012450521368
exp2_np27_rho010_alpha5,27,0.1,5,59,95,0.0423281255201784,0.012569488468797019,0.3829787234042553,0.574468085106383,0.425531914893617,28.01063829787234,-0.194918112934727
exp2_np27_rho010_alpha5,27,0.1,5,61,88,0.06858663232526409,0.012295274577089899,0.36363636363636365,0.5681818181818182,0.4318181818181818,25.96590909090909,-0.1731042628014188
exp2_np27_rho010_alpha5,27,0.1,5,58,89,0.033341574787030676,0.0051416644811155265,0.4827586206896552,0.5057471264367817,0.4942528735632184,28.275862068965516,-0.16107064277430289
exp2_np27_rho010_alpha5,27,0.1,5,63,96,0.048843478446866456,-0.006198894714140035,0.53125,0.4895833333333333,0.5104166666666666,27.802083333333332,-0.17940003020870313
exp2_np27_rho010_alpha5,27,0.1,5,65,87,0.026953374661030458,0.008315868903866708,0.4883720930232558,0.3953488372093023,0.6046511627906976,23.406976744186046,0.012283675903058731
exp2_np27_rho010_alpha5,27,0.1,5,66,66,0.0056520151237378835,2.3709032520358164e-05,0.49230769230769234,0.5692307692307692,0.4307692307692308,22.46153846153846,0.08916704652353147
exp2_np27_rho010_alpha5,27,0.1,5,64,101,0.04504249804040606,0.01552643502796247,0.42574257425742573,0.46534653465346537,0.5346534653465347,26.178217821782177,-0.011916033026227638
exp2_np27_rho010_alpha5,27,0.1,5,68,87,0.04740094586072485,0.021333601822017823,0.43023255813953487,0.5348837209302325,0.46511627906976744,26.127906976744185,0.03244775626200292
exp2_np27_rho010_alpha5,27,0.1,5,69,107,0.052855020443050175,0.011579460948956566,0.42857142857142855,0.6190476190476191,0.38095238095238093,32.10476190476191,-0.16228638589574443
exp2_np27_rho010_alpha5,27,0.1,5,71,84,0.012122542958556177,-0.0042033504772605035,0.5238095238095238,0.6190476190476191,0.38095238095238093,25.88095238095238,0.12447220426271481
exp2_np27_rho010_alpha5,27,0.1,5,70,87,0.026164389697561387,0.007754568041054455,0.47674418604651164,0.5348837209302325,0.46511627906976744,24.6046511627907,0.02820144699266504
exp2_np27_rho010_alpha5,27,0.1,5,67,91,0.0338196991428348,-0.002027123976729328,0.5164835164835165,0.4725274725274725,0.5274725274725275,26.395604395604394,0.009425941032482371
exp2_np27_rho010_alpha5,27,0.1,5,72,100,0.04257114078341909,0.012464569957375993,0.4444444444444444,0.5353535353535354,0.46464646464646464,28.19191919191919,0.05695631431514422
exp2_np27_rho010_alpha5,27,0.1,5,74,111,0.03199509898208012,0.0062362026966202855,0.4909090909090909,0.5454545454545454,0.45454545454545453,29.990909090909092,0.02868347536061069
exp2_np27_rho010_alpha5,27,0.1,5,73,84,0.028088996057737462,-0.0049848185441585535,0.5357142857142857,0.5476190476190477,0.4523809523809524,31.928571428571427,-0.1705100151532104
exp2_np27_rho010_alpha5,27,0.1,5,75,83,0.017493209917245293,-0.006054086017722504,0.5662650602409639,0.5542168674698795,0.4457831325301205,28.096385542168676,-0.1448550447235318
exp2_np27_rho010_alpha5,27,0.1,5,76,78,0.02756930875426682,0.009397757436881982,0.4358974358974359,0.5512820512820513,0.44871794871794873,27.73076923076923,0.05491955145372072
exp2_np27_rho010_alpha5,27,0.1,5,78,80,0.006737052322303959,-0.0065241510354034915,0.5822784810126582,0.4430379746835443,0.5569620253164557,24.911392405063292,0.0461897131649826
exp2_np27_rho010_alpha5,27,0.1,5,77,104,0.01668370386983903,0.005322881385811051,0.4854368932038835,0.5436893203883495,0.4563106796116505,31.514563106796118,-0.0033129697912851596
exp2_np27_rho010_alpha5,27,0.1,5,79,79,0.013660023232077592,-0.0031549575751359527,0.5569620253164557,0.5569620253164557,0.4430379746835443,26.481012658227847,0.09969405779973199
exp2_np27_rho010_alpha5,27,0.1,5,80,88,0.045640177517834536,0.016930122901142042,0.3181818181818182,0.4659090909090909,0.5340909090909091,26.25,-0.2532033854097798
exp2_np27_rho010_alpha5,27,0.1,5,81,76,0.014651086445204615,0.023582458592618316,0.4533333333333333,0.52,0.48,27.52,0.06280664204665184
exp2_np27_rho010_alpha5,27,0.1,5,83,90,0.029156851698071525,0.009596550168735174,0.45555555555555555,0.5555555555555556,0.4444444444444444,29.033333333333335,-0.11042270929594994
exp2_np27_rho010_alpha5,27,0.1,5,82,76,0.02745096768959402,0.0158446449068661,0.40789473684210525,0.5,0.5,22.460526315789473,-0.18029702434499104
exp2_np27_rho010_alpha5,27,0.1,5,87,84,0.040089564678558114,0.020205366989967555,0.4166666666666667,0.5952380952380952,0.40476190476190477,30.80952380952381,-0.12843072090355914
exp2_np27_rho010_alpha5,27,0.1,5,84,92,0.018064458424877996,0.0006026792925153401,0.4777777777777778,0.5666666666666667,0.43333333333333335,32.25555555555555,0.04080142279852698
exp2_np27_rho010_alpha5,27,0.1,5,85,92,0.051229865756975634,-0.0013761845062925104,0.5384615384615384,0.5714285714285714,0.42857142857142855,27.615384615384617,0.01365969360412668
exp2_np27_rho010_alpha5,27,0.1,5,86,79,0.05185712676948728,0.0070363064667340325,0.4358974358974359,0.4358974358974359,0.5641025641025641,24.602564102564102,-0.15379403047848456
exp2_np27_rho010_alpha5,27,0.1,5,88,116,0.01384952155669623,-0.0025277653262305577,0.5172413793103449,0.45689655172413796,0.5431034482758621,23.775862068965516,0.07364205887572263
exp2_np27_rho010_alpha5,27,0.1,5,89,103,0.018602748303045775,0.006359203649883405,0.47572815533980584,0.47572815533980584,0.5242718446601942,24.74757281553398,0.09230923750350466
exp2_np27_rho010_alpha5,27,0.1,5,90,95,0.04070225092724248,0.02401196347482948,0.4631578947368421,0.6210526315789474,0.37894736842105264,30.86315789473684,-0.17387896532992256
exp2_np27_rho010_alpha5,27,0.1,5,92,99,0.03392248936974603,0.0024989524021101772,0.47474747474747475,0.5757575757575758,0.42424242424242425,29.68686868686869,-0.271341278941696
exp2_np27_rho010_alpha5,27,0.1,5,94,76,0.03441308065534698,0.009436594623391859,0.4605263157894737,0.5921052631578947,0.40789473684210525,29.05263157894737,-0.2195344249935464
exp2_np27_rho010_alpha5,27,0.1,5,91,119,0.028365485904604422,-0.009784669149047076,0.5630252100840336,0.5882352941176471,0.4117647058823529,35.48739495798319,-0.1368228970009306
exp2_np27_rho010_alpha5,27,0.1,5,93,73,0.009076407737563288,0.0011680885341212033,0.4657534246575342,0.5205479452054794,0.4794520547945205,23.91780821917808,0.027438706584158184
exp2_np27_rho010_alpha5,27,0.1,5,95,107,0.026954154588293568,0.01806359925217027,0.4528301886792453,0.6226415094339622,0.37735849056603776,27.0,0.0605688637940916
exp2_np27_rho010_alpha5,27,0.1,5,96,84,0.036140990724863674,0.00035586971671675016,0.5,0.4634146341463415,0.5365853658536586,25.5609756097561,-0.0567685162255687
exp2_np27_rho010_alpha5,27,0.1,5,97,94,0.04472545075934671,0.03523101228570269,0.3548387096774194,0.5053763440860215,0.4946236559139785,28.43010752688172,-0.10935047389264156
exp2_np27_rho010_alpha5,27,0.1,5,99,81,0.013149207721182088,0.014402860713967236,0.425,0.4,0.6,23.8,0.06421729350976971
exp2_np27_rho010_alpha5,27,0.1,5,100,96,0.032003982712393166,0.012723754739913495,0.4105263157894737,0.5052631578947369,0.49473684210526314,30.57894736842105,0.013487410742025687
exp2_np27_rho010_alpha5,27,0.1,5,101,81,0.02694922642637747,0.004245903547445362,0.475,0.45,0.55,27.5,0.14805066896603541
exp2_np27_rho010_alpha5,27,0.1,5,98,79,0.015725923666006718,-0.009877501138872091,0.5384615384615384,0.5384615384615384,0.46153846153846156,31.474358974358974,-0.07172696559453252
exp2_np27_rho010_alpha5,27,0.1,5,103,87,0.017532215383219828,0.0037392814251311357,0.46511627906976744,0.45348837209302323,0.5465116279069767,31.53488372093023,0.11515814178761008
exp2_np27_rho010_alpha5,27,0.1,5,102,97,0.030983207161531145,0.004468191248673481,0.46875,0.46875,0.53125,28.739583333333332,0.132192148619387
exp2_np27_rho010_alpha5,27,0.1,5,104,92,0.03712539942020277,0.011907908762324393,0.4673913043478261,0.45652173913043476,0.5434782608695652,24.152173913043477,0.06547065309657253
exp2_np27_rho010_alpha5,27,0.1,5,105,95,0.024503263837461823,0.0028347367521828204,0.45263157894736844,0.4,0.6,26.347368421052632,0.10247398241908624
exp2_np27_rho010_alpha5,27,0.1,5,107,78,0.03755825012534286,0.02413990347486994,0.3684210526315789,0.4868421052631579,0.5131578947368421,23.710526315789473,0.12180650605539851
exp2_np27_rho010_alpha5,27,0.1,5,106,101,0.02536447543333434,-0.011582462733660925,0.594059405940594,0.5247524752475248,0.4752475247524752,26.346534653465348,-0.14453710865624364
exp2_np27_rho010_alpha5,27,0.1,5,109,86,0.03317307946197278,0.0043170472111544456,0.47674418604651164,0.5116279069767442,0.4883720930232558,29.267441860465116,-0.18526482289462787
exp2_np27_rho010_alpha5,27,0.1,5,108,86,0.024708185995266894,-0.002660189821940495,0.5116279069767442,0.4418604651162791,0.5581395348837209,24.58139534883721,-0.05868561825470845
exp2_np27_rho010_alpha5,27,0.1,5,110,93,0.04922755531211851,0.01813876892551214,0.40860215053763443,0.5268817204301075,0.4731182795698925,25.161290322580644,-0.09881506918556104
exp2_np27_rho010_alpha5,27,0.1,5,111,93,0.026704375809790043,0.00911659985658897,0.43010752688172044,0.5268817204301075,0.4731182795698925,30.93548387096774,-0.0883353557336767
exp2_np27_rho010_alpha5,27,0.1,5,112,96,0.04054087404346147,-0.00202278468420225,0.5106382978723404,0.5,0.5,26.372340425531913,0.12235637872518933
exp2_np27_rho010_alpha5,27,0.1,5,113,105,0.028922465475222474,0.0013847879036026356,0.5,0.6538461538461539,0.34615384615384615,29.528846153846153,-0.12092013849531301
exp2_np27_rho010_alpha5,27,0.1,5,114,104,0.032162271469999934,0.0041214737807484525,0.46601941747572817,0.5533980582524272,0.44660194174757284,25.038834951456312,0.0031693753012697803
exp2_np27_rho010_alpha5,27,0.1,5,115,88,0.06207070853118885,0.021965692696991113,0.3953488372093023,0.6046511627906976,0.3953488372093023,28.709302325581394,-0.030204199599785653
exp2_np27_rho010_alpha5,27,0.1,5,116,99,0.02907044429438104,-0.008068706933761938,0.5454545454545454,0.5353535353535354,0.46464646464646464,24.95959595959596,-0.017027320584872982
exp2_np27_rho010_alpha5,27,0.1,5,118,87,0.0330199184004653,0.017208203891982077,0.36046511627906974,0.5348837209302325,0.46511627906976744,28.6046511627907,-0.2012701691082771
exp2_np27_rho010_alpha5,27,0.1,5,117,74,0.013390994649859284,-0.005233200198409449,0.5068493150684932,0.410958904109589,0.589041095890411,26.273972602739725,-0.2048974855826155
exp2_np27_rho010_alpha5,27,0.1,5,120,98,0.026471163861095003,0.0177949033680731,0.44329896907216493,0.6082474226804123,0.3917525773195876,29.88659793814433,-0.11076978183944838
exp2_np27_rho010_alpha5,27,0.1,5,119,87,0.00794498182831313,0.00460304891361929,0.47674418604651164,0.38372093023255816,0.6162790697674418,27.837209302325583,0.1348681324793021
exp2_np27_rho010_alpha5,27,0.1,5,121,83,0.017095949798923687,-0.0020865043329818533,0.524390243902439,0.524390243902439,0.47560975609756095,27.21951219512195,0.17068691677957037
exp2_np27_rho010_alpha5,27,0.1,5,122,93,0.016489222563414774,0.0025000052268495665,0.4891304347826087,0.4891304347826087,0.5108695652173914,29.565217391304348,0.029271387262864275
exp2_np27_rho010_alpha5,27,0.1,5,123,79,0.02621499290184897,-0.00800323508405043,0.5194805194805194,0.5324675324675324,0.4675324675324675,23.051948051948052,-0.05125643101372714
exp2_np27_rho010_alpha5,27,0.1,5,125,73,0.015771264839669688,-0.0029550819566734887,0.5068493150684932,0.4520547945205479,0.547945205479452,25.45205479452055,-0.0730218366988199
exp2_np27_rho010_alpha5,27,0.1,5,124,99,0.03293037748601356,0.0029010880001218986,0.46938775510204084,0.5204081632653061,0.47959183673469385,28.551020408163264,-0.04087180839290648
exp2_np27_rho010_alpha5,27,0.1,5,126,88,0.01859374759570432,0.006057993042421828,0.47126436781609193,0.5632183908045977,0.4367816091954023,25.298850574712645,-0.11596523524247715
exp2_np27_rho010_alpha5,27,0.1,5,127,77,0.008145551418194738,-0.008579434487750781,0.5584415584415584,0.6233766233766234,0.37662337662337664,28.662337662337663,-0.22300808525632496
exp2_np27_rho010_alpha5,27,0.1,5,128,103,0.03767982207419835,0.003221527951520642,0.46601941747572817,0.46601941747572817,0.5339805825242718,28.97087378640777,0.05174813563300064
exp2_np27_rho010_alpha5,27,0.1,5,129,96,0.039852466452798774,0.0062518155444521994,0.4791666666666667,0.5729166666666666,0.4270833333333333,25.791666666666668,-0.15406695459059822
exp2_np27_rho010_alpha5,27,0.1,5,130,108,0.03842202893261574,0.012064696796042718,0.4766355140186916,0.6355140186915887,0.3644859813084112,29.672897196261683,0.070747157857589
exp2_np27_rho010_alpha5,27,0.1,5,131,81,0.060482637213833165,0.01748417449330031,0.3950617283950617,0.654320987654321,0.345679012345679,26.506172839506174,-0.08289607692611976
exp2_np27_rho010_alpha5,27,0.1,5,132,96,0.036863136685050306,0.0071580441638516845,0.4842105263157895,0.5684210526315789,0.43157894736842106,25.073684210526316,-0.1654525682749048
exp2_np27_rho010_alpha5,27,0.1,5,134,81,0.017033338538992738,0.015994688298258897,0.45,0.5125,0.4875,30.6,0.09089694195891922
exp2_np27_rho010_alpha5,27,0.1,5,133,91,0.04289817614672511,0.021239842916233265,0.4175824175824176,0.5934065934065934,0.4065934065934066,27.747252747252748,-0.09506911397706301
exp2_np27_rho010_alpha5,27,0.1,5,137,96,0.04607790483334743,0.011928410214007812,0.4479166666666667,0.5208333333333334,0.4791666666666667,28.604166666666668,0.11832714178396486
exp2_np27_rho010_alpha5,27,0.1,5,136,92,0.03241008925976791,0.002756655099472205,0.45054945054945056,0.5274725274725275,0.4725274725274725,24.846153846153847,-0.055444972410189856
exp2_np27_rho010_alpha5,27,0.1,5,135,81,0.058638943437155124,0.02445836084281172,0.3625,0.4625,0.5375,28.175,-0.21829931184582416
exp2_np27_rho010_alpha5,27,0.1,5,138,99,0.028035770096577265,0.004746494222641395,0.494949494949495,0.5454545454545454,0.45454545454545453,31.252525252525253,-0.09110696382351509
exp2_np27_rho010_alpha5,27,0.1,5,140,119,0.02208456763385042,0.018004574246636373,0.4117647058823529,0.48739495798319327,0.5126050420168067,23.66386554621849,0.010771320447853651
exp2_np27_rho010_alpha5,27,0.1,5,139,83,0.038359814136344976,0.013309849749834513,0.4268292682926829,0.524390243902439,0.47560975609756095,27.829268292682926,-0.1401044152268773
exp2_np27_rho010_alpha5,27,0.1,5,141,97,0.00902109269946327,-0.011343583041272254,0.5567010309278351,0.5463917525773195,0.4536082474226804,25.79381443298969,-0.06420774338775155
exp2_np27_rho010_alpha5,27,0.1,5,142,93,0.0244693511537967,0.0020039112175842533,0.4838709677419355,0.45161290322580644,0.5483870967741935,29.473118279569892,-0.1878883787464935
exp2_np27_rho010_alpha5,27,0.1,5,143,96,0.007716930484502486,-0.0035003346355013676,0.5104166666666666,0.5,0.5,27.885416666666668,0.18930911745843673
exp2_np27_rho010_alpha5,27,0.1,5,144,112,0.04596098208913225,-0.009742202953280543,0.5267857142857143,0.5178571428571429,0.48214285714285715,30.857142857142858,-0.13270031238273364
exp2_np27_rho010_alpha5,27,0.1,5,145,97,0.0296635082807478,0.007069626054225786,0.4375,0.4895833333333333,0.5104166666666666,30.21875,0.05285360512159129
exp2_np27_rho010_alpha5,27,0.1,5,146,83,0.023793807939068067,0.018206707363840557,0.4024390243902439,0.43902439024390244,0.5609756097560976,25.841463414634145,0.06411974981708683
exp2_np27_rho010_alpha5,27,0.1,5,147,82,0.034949168228717506,-0.001240121900642599,0.5061728395061729,0.49382716049382713,0.5061728395061729,28.135802469135804,-0.06955782601461967
exp2_np27_rho010_alpha5,27,0.1,5,148,69,0.055425304629914074,0.01980228568087039,0.39705882352941174,0.5294117647058824,0.47058823529411764,24.13235294117647,-0.23100144587120788
exp2_np27_rho010_alpha5,27,0.1,5,149,82,0.03441313130721356,-0.008521073272700797,0.5609756097560976,0.5487804878048781,0.45121951219512196,24.853658536585368,-0.1938734724933662
exp2_np27_rho010_alpha5,27,0.1,5,150,113,0.03414706222720317,0.01809389789145266,0.375,0.49107142857142855,0.5089285714285714,24.758928571428573,-0.02122732609388255
exp2_np27_rho010_alpha5,27,0.1,5,151,86,0.041093028168966365,-8.267615789314675e-05,0.5232558139534884,0.5116279069767442,0.4883720930232558,23.697674418604652,0.04905843342897574
exp2_np27_rho010_alpha5,27,0.1,5,152,102,0.03974643825472562,0.016102841641686627,0.4117647058823529,0.46078431372549017,0.5392156862745098,25.91176470588235,-0.23476584386312715
exp2_np27_rho010_alpha5,27,0.1,5,155,80,0.019034190152990117,-0.026725307584664293,0.625,0.4625,0.5375,28.4,-0.015055858905539723
exp2_np27_rho010_alpha5,27,0.1,5,153,100,0.037377652386155986,-0.007819258521385208,0.5454545454545454,0.5252525252525253,0.47474747474747475,26.474747474747474,-0.027463362926826416
exp2_np27_rho010_alpha5,27,0.1,5,154,91,0.017584451902001183,-0.002248867536347454,0.5111111111111111,0.45555555555555555,0.5444444444444444,28.022222222222222,0.05684869943155392
exp2_np27_rho010_alpha5,27,0.1,5,156,93,0.012255363790223994,0.004125505659945183,0.4782608695652174,0.43478260869565216,0.5652173913043478,25.706521739130434,-0.032558229540816615
exp2_np27_rho010_alpha5,27,0.1,5,157,100,0.02548936627313223,0.006091588172052909,0.47,0.61,0.39,26.56,0.08476736823084656
exp2_np27_rho010_alpha5,27,0.1,5,158,97,0.04198013918679214,0.00545502438830292,0.4583333333333333,0.53125,0.46875,25.90625,-0.1152900249071618
exp2_np27_rho010_alpha5,27,0.1,5,159,102,0.015925807511707694,0.0033320569464283523,0.47058823529411764,0.45098039215686275,0.5490196078431373,28.34313725490196,0.10232990549645667
exp2_np27_rho010_alpha5,27,0.1,5,160,89,0.029506735190528276,0.014430632288459755,0.48863636363636365,0.5340909090909091,0.4659090909090909,31.625,-0.1233686218381516
exp2_np27_rho010_alpha5,27,0.1,5,161,84,0.03080399195996362,0.0068598343770078785,0.40963855421686746,0.5903614457831325,0.40963855421686746,23.265060240963855,0.08118429191566362
exp2_np27_rho010_alpha5,27,0.1,5,162,67,0.04051865632867029,0.005318023063233035,0.4925373134328358,0.582089552238806,0.417910447761194,26.388059701492537,-0.06655422505566859
exp2_np27_rho010_alpha5,27,0.1,5,163,85,0.03294202408880082,0.021758469783127232,0.3764705882352941,0.611764705882353,0.38823529411764707,28.894117647058824,-0.14411288772224493
exp2_np27_rho010_alpha5,27,0.1,5,164,75,0.034893440360534655,0.017429309926059844,0.3783783783783784,0.5135135135135135,0.4864864864864865,26.905405405405407,0.14380391888195276
exp2_np27_rho010_alpha5,27,0.1,5,165,106,0.022663104579359158,0.008054586089280225,0.4528301886792453,0.4339622641509434,0.5660377358490566,28.77358490566038,-0.08630111217090614
exp2_np27_rho010_alpha5,27,0.1,5,166,96,0.03010584843842527,0.007104481048983757,0.4421052631578947,0.5894736842105263,0.4105263157894737,28.08421052631579,-0.017051098539780863
exp2_np27_rho010_alpha5,27,0.1,5,167,94,0.033337560170671084,-0.0033324469573257076,0.5161290322580645,0.43010752688172044,0.5698924731182796,31.333333333333332,0.02990141869423059
exp2_np27_rho010_alpha5,27,0.1,5,169,86,0.021347879576593384,0.01050289648837932,0.3953488372093023,0.4069767441860465,0.5930232558139535,30.0,0.11418911923077882
exp2_np27_rho010_alpha5,27,0.1,5,170,87,0.020662330348721652,-0.001761723622702327,0.5057471264367817,0.4482758620689655,0.5517241379310345,29.67816091954023,-0.11421907958026076
exp2_np27_rho010_alpha5,27,0.1,5,168,93,0.043874901447535614,0.012076553982246274,0.46236559139784944,0.5161290322580645,0.4838709677419355,30.365591397849464,-0.22410142579707112
exp2_np27_rho010_alpha5,27,0.1,5,171,86,0.03274911517233071,0.01821456155668022,0.45348837209302323,0.5930232558139535,0.4069767441860465,25.569767441860463,0.08747945284067536
exp2_np27_rho010_alpha5,27,0.1,5,172,76,0.05132152565200724,0.020930530131764602,0.3815789473684211,0.5131578947368421,0.4868421052631579,25.157894736842106,0.02291796225127773
exp2_np27_rho010_alpha5,27,0.1,5,173,92,0.05867240231109792,0.027643767771367678,0.42391304347826086,0.5108695652173914,0.4891304347826087,32.07608695652174,-0.0688041929696799
exp2_np27_rho010_alpha5,27,0.1,5,174,91,0.03613960187559827,-0.000405139848558278,0.5111111111111111,0.4666666666666667,0.5333333333333333,26.444444444444443,-0.17080601593732897
exp2_np27_rho010_alpha5,27,0.1,5,175,78,0.02171094958526001,-0.0019133808019353715,0.5128205128205128,0.5512820512820513,0.44871794871794873,27.397435897435898,-0.13715945962982223
exp2_np27_rho010_alpha5,27,0.1,5,176,86,0.03708597263514183,-0.005309314243639118,0.5348837209302325,0.5116279069767442,0.4883720930232558,29.3953488372093,-0.14851614250669123
exp2_np27_rho010_alpha5,27,0.1,5,177,82,0.018877139474306307,0.002433393031759934,0.4691358024691358,0.5308641975308642,0.4691358024691358,24.19753086419753,-0.03133251060504947
exp2_np27_rho010_alpha5,27,0.1,5,178,117,0.043981299144492524,0.013011818959987487,0.4358974358974359,0.5897435897435898,0.41025641025641024,27.512820512820515,-0.08444285420332033
exp2_np27_rho010_alpha5,27,0.1,5,179,104,0.026830253903715035,0.0058345031727409236,0.42718446601941745,0.46601941747572817,0.5339805825242718,27.95145631067961,-0.19105704683721297
exp2_np27_rho010_alpha5,27,0.1,5,180,80,0.02248200579398063,0.0012010032809435245,0.4936708860759494,0.5822784810126582,0.4177215189873418,34.24050632911393,-0.06443525548514105
exp2_np27_rho010_alpha5,27,0.1,5,181,90,0.019904505205777356,0.018197446940063422,0.3977272727272727,0.5681818181818182,0.4318181818181818,24.056818181818183,0.013085259068448662
exp2_np27_rho010_alpha5,27,0.1,5,183,75,0.035703057553475144,0.007327096817578926,0.44,0.41333333333333333,0.5866666666666667,25.14666666666667,0.033638132551200337
exp2_np27_rho010_alpha5,27,0.1,5,182,89,0.03852044369278782,0.015409862435814325,0.34831460674157305,0.6179775280898876,0.38202247191011235,37.674157303370784,-0.038259012442237304
exp2_np27_rho010_alpha5,27,0.1,5,184,93,0.02401492665831051,-0.0015613696671854527,0.5108695652173914,0.4891304347826087,0.5108695652173914,32.27173913043478,-0.1677047243780814
exp2_np27_rho010_alpha5,27,0.1,5,186,89,0.018225692995537897,0.018927213143290267,0.4606741573033708,0.3707865168539326,0.6292134831460674,26.50561797752809,-0.025521174524129213
exp2_np27_rho010_alpha5,27,0.1,5,185,102,0.032056612519058954,0.0033934181062793556,0.48,0.46,0.54,29.58,-0.19171409561193575
exp2_np27_rho010_alpha5,27,0.1,5,187,83,0.02011004774092085,0.004287150216149449,0.4578313253012048,0.5903614457831325,0.40963855421686746,27.156626506024097,-0.09953413914041037
exp2_np27_rho010_alpha5,27,0.1,5,188,92,0.029391063464820445,0.012838900552132326,0.4444444444444444,0.5888888888888889,0.4111111111111111,26.633333333333333,0.13595649794459996
exp2_np27_rho010_alpha5,27,0.1,5,189,88,0.03452933375770729,-0.003533759698713723,0.5227272727272727,0.5340909090909091,0.4659090909090909,30.670454545454547,-0.1037695194449384
exp2_np27_rho010_alpha5,27,0.1,5,190,85,0.03300657516927455,0.009935261765225967,0.4117647058823529,0.5647058823529412,0.43529411764705883,24.48235294117647,-0.17868894658579948
exp2_np27_rho010_alpha5,27,0.1,5,191,81,0.02895426355838215,0.002151312256359894,0.4444444444444444,0.5308641975308642,0.4691358024691358,26.91358024691358,-0.08552106328175063
exp2_np27_rho010_alpha5,27,0.1,5,192,68,0.009078291205165626,0.0026899058835212486,0.4852941176470588,0.5588235294117647,0.4411764705882353,21.235294117647058,0.007617370690453154
exp2_np27_rho010_alpha5,27,0.1,5,193,94,0.01648659617628614,0.003853957184063894,0.45161290322580644,0.41935483870967744,0.5806451612903226,32.344086021505376,0.15650462390288364
exp2_np27_rho010_alpha5,27,0.1,5,194,97,0.01095531107861839,-0.00406594772730795,0.5360824742268041,0.5154639175257731,0.4845360824742268,26.65979381443299,0.16692853953644352
exp2_np27_rho010_alpha5,27,0.1,5,195,115,0.034469549799133865,0.008263194235195392,0.4824561403508772,0.5526315789473685,0.4473684210526316,28.80701754385965,0.00822135905022877
exp2_np27_rho010_alpha5,27,0.1,5,196,93,0.040472271316184326,0.0004372294555849976,0.4946236559139785,0.5268817204301075,0.4731182795698925,28.913978494623656,-0.204777803301385
exp2_np27_rho010_alpha5,27,0.1,5,197,90,0.03374067608095591,0.011268482966471538,0.45555555555555555,0.5222222222222223,0.4777777777777778,23.333333333333332,-0.042213573477491925
exp2_np27_rho010_alpha5,27,0.1,5,198,87,0.03264652867272754,0.018863180845976935,0.37209302325581395,0.5930232558139535,0.4069767441860465,25.767441860465116,-0.22747393646287517
exp2_np27_rho010_alpha5,27,0.1,5,199,100,0.02451156586126322,0.015198964058959152,0.44,0.61,0.39,33.39,0.09279513949502373
exp2_np27_rho015_alpha10,27,0.15,10,3,80,0.0219477917304867,0.0053434637028066945,0.45,0.4625,0.5375,36.3,-0.03869651119797244
exp2_np27_rho015_alpha10,27,0.15,10,0,76,0.03850511378155363,0.019947925030104674,0.42105263157894735,0.4868421052631579,0.5131578947368421,33.30263157894737,-0.013783666516262167
exp2_np27_rho015_alpha10,27,0.15,10,2,84,0.04581359675691143,0.041852256121446274,0.40476190476190477,0.5,0.5,35.38095238095238,-0.15685310978916153
exp2_np27_rho015_alpha10,27,0.15,10,1,96,0.06693676677157395,0.035215367493022676,0.3333333333333333,0.5,0.5,37.677083333333336,-0.17490567782127356
exp2_np27_rho015_alpha10,27,0.15,10,5,90,0.06080599815589468,0.019672440544747705,0.3888888888888889,0.4888888888888889,0.5111111111111111,40.355555555555554,-0.2162244084015558
exp2_np27_rho015_alpha10,27,0.15,10,4,73,0.06349413614822669,0.027722765717514974,0.4520547945205479,0.4520547945205479,0.547945205479452,37.3013698630137,-0.2661076180725434
exp2_np27_rho015_alpha10,27,0.15,10,6,77,0.0701017948332065,0.01414402289088601,0.47368421052631576,0.4868421052631579,0.5131578947368421,51.21052631578947,0.05918111903113065
exp2_np27_rho015_alpha10,27,0.15,10,7,99,0.07523022107357787,0.03557158143569872,0.42424242424242425,0.4444444444444444,0.5555555555555556,36.37373737373738,-0.1691983995981105
exp2_np27_rho015_alpha10,27,0.15,10,9,104,0.037394681936346354,0.016033782643275263,0.41346153846153844,0.46153846153846156,0.5384615384615384,36.13461538461539,0.1547218237134174
exp2_np27_rho015_alpha10,27,0.15,10,8,80,0.08593570351793361,0.05013859069371929,0.34177215189873417,0.6075949367088608,0.3924050632911392,39.379746835443036,-0.19005311677268816
exp2_np27_rho015_alpha10,27,0.15,10,10,91,0.07737629369955688,0.01652547490320888,0.4175824175824176,0.5384615384615384,0.46153846153846156,31.681318681318682,-0.26410209502911886
exp2_np27_rho015_alpha10,27,0.15,10,11,97,0.03087887687953378,0.03296443482655764,0.3917525773195876,0.5051546391752577,0.4948453608247423,34.865979381443296,0.01832648363860361
exp2_np27_rho015_alpha10,27,0.15,10,13,94,0.055081577097648535,0.012622115285571667,0.3191489361702128,0.44680851063829785,0.5531914893617021,32.680851063829785,-0.1304640423014595
exp2_np27_rho015_alpha10,27,0.15,10,12,70,0.049522283179212416,0.024471605844016864,0.37681159420289856,0.5652173913043478,0.43478260869565216,29.07246376811594,-0.20306347391252588
exp2_np27_rho015_alpha10,27,0.15,10,14,74,0.05676666507061484,0.02672565480407396,0.4520547945205479,0.5753424657534246,0.4246575342465753,28.80821917808219,-0.10120940330924602
exp2_np27_rho015_alpha10,27,0.15,10,15,87,0.04437733057851395,0.025935565456197907,0.40229885057471265,0.5287356321839081,0.47126436781609193,39.60919540229885,-0.034783713408585555
exp2_np27_rho015_alpha10,27,0.15,10,16,88,0.0605316150111737,0.02218852973796004,0.4090909090909091,0.5568181818181818,0.4431818181818182,35.43181818181818,-0.08357159063910882
exp2_np27_rho015_alpha10,27,0.15,10,17,85,0.04735340272013841,0.0004731075324979628,0.4880952380952381,0.5119047619047619,0.4880952380952381,34.714285714285715,-0.131684091061144
exp2_np27_rho015_alpha10,27,0.15,10,18,80,0.042159232014338556,0.004640524117021982,0.5,0.55,0.45,37.075,-0.04470613262199849
exp2_np27_rho015_alpha10,27,0.15,10,19,105,0.03183485731090029,0.007842673872060502,0.44761904761904764,0.3904761904761905,0.6095238095238096,38.40952380952381,-0.09110061098915793
exp2_np27_rho015_alpha10,27,0.15,10,20,77,0.03493397860716068,0.0017686449530129877,0.45454545454545453,0.5974025974025974,0.4025974025974026,34.45454545454545,0.042670910920877644
exp2_np27_rho015_alpha10,27,0.15,10,21,77,0.03526779788722802,0.026937183630015404,0.42857142857142855,0.4675324675324675,0.5324675324675324,31.31168831168831,0.10502363220240438
exp2_np27_rho015_alpha10,27,0.15,10,22,102,0.03510867252298861,-0.004470919023450648,0.5196078431372549,0.47058823529411764,0.5294117647058824,34.3921568627451,0.1601607617182017
exp2_np27_rho015_alpha10,27,0.15,10,23,98,0.045946243868740896,0.011282984227148685,0.47959183673469385,0.3979591836734694,0.6020408163265306,40.30612244897959,-0.09632781527649599
exp2_np27_rho015_alpha10,27,0.15,10,24,77,0.04059524978252313,0.010121891490320944,0.4868421052631579,0.47368421052631576,0.5263157894736842,37.89473684210526,-0.2044659202844046
exp2_np27_rho015_alpha10,27,0.15,10,25,82,0.044859323744951336,0.018699169962142825,0.43902439024390244,0.4268292682926829,0.573170731707317,34.707317073170735,-0.022064348101064297
exp2_np27_rho015_alpha10,27,0.15,10,26,91,0.03521517700135217,0.004967061409012707,0.45054945054945056,0.4835164835164835,0.5164835164835165,37.417582417582416,0.06093343309561711
exp2_np27_rho015_alpha10,27,0.15,10,27,88,0.027002817358048804,0.02846606702772103,0.40229885057471265,0.5862068965517241,0.41379310344827586,35.64367816091954,0.09120831947738763
exp2_np27_rho015_alpha10,27,0.15,10,28,76,0.02962786295875103,0.013422678541926913,0.39473684210526316,0.5,0.5,34.026315789473685,-0.1430322177124143
exp2_np27_rho015_alpha10,27,0.15,10,29,73,0.0650240061035683,0.04642022046475702,0.3972602739726027,0.5205479452054794,0.4794520547945205,35.465753424657535,-0.12264888888788426
exp2_np27_rho015_alpha10,27,0.15,10,30,84,0.023062812581959382,0.010579585494927546,0.4523809523809524,0.5952380952380952,0.40476190476190477,28.80952380952381,-0.029250042913864335
exp2_np27_rho015_alpha10,27,0.15,10,31,88,0.050313287369691054,0.01322793274211076,0.4431818181818182,0.5227272727272727,0.4772727272727273,33.61363636363637,-0.21955146159764277
exp2_np27_rho015_alpha10,27,0.15,10,32,86,0.029993755209046104,0.030769988507196366,0.4069767441860465,0.45348837209302323,0.5465116279069767,30.38372093023256,0.03545952451627733
exp2_np27_rho015_alpha10,27,0.15,10,33,78,0.06170724725485794,0.02198684605396206,0.4358974358974359,0.44871794871794873,0.5512820512820513,29.243589743589745,0.13818275690588994
exp2_np27_rho015_alpha10,27,0.15,10,34,98,0.027913960441173547,0.023475970239356325,0.4489795918367347,0.5204081632653061,0.47959183673469385,33.642857142857146,-0.05566593609057616
exp2_np27_rho015_alpha10,27,0.15,10,35,77,0.06418297175349162,0.040216505666001545,0.45454545454545453,0.5584415584415584,0.44155844155844154,32.077922077922075,-0.10928567290735494
exp2_np27_rho015_alpha10,27,0.15,10,36,89,0.10962629524056583,0.08460866432862613,0.3146067415730337,0.550561797752809,0.449438202247191,35.10112359550562,-0.2849873741773156
exp2_np27_rho015_alpha10,27,0.15,10,37,111,0.073830598575334,0.002913449497516929,0.4774774774774775,0.4594594594594595,0.5405405405405406,38.171171171171174,-0.05594290806258058
exp2_np27_rho015_alpha10,27,0.15,10,38,93,0.03304046856518948,0.008295319442728655,0.45161290322580644,0.5161290322580645,0.4838709677419355,31.903225806451612,0.04664930503750516
exp2_np27_rho015_alpha10,27,0.15,10,39,101,0.023777543674637778,0.015606565835550867,0.45544554455445546,0.39603960396039606,0.6039603960396039,34.84158415841584,0.06808347733352155
exp2_np27_rho015_alpha10,27,0.15,10,40,89,0.06795858777273694,0.021188544872163817,0.42696629213483145,0.5730337078651685,0.42696629213483145,32.87640449438202,-0.06437679241349681
exp2_np27_rho015_alpha10,27,0.15,10,41,86,0.032687850872364234,0.019434336973185307,0.3953488372093023,0.45348837209302323,0.5465116279069767,41.81395348837209,0.15683185420794096
exp2_np27_rho015_alpha10,27,0.15,10,42,96,0.06798351358666778,0.03851352598955238,0.3854166666666667,0.4895833333333333,0.5104166666666666,35.114583333333336,-0.21504338449057603
exp2_np27_rho015_alpha10,27,0.15,10,43,77,0.05529238512337097,0.044314089436150006,0.2987012987012987,0.5194805194805194,0.4805194805194805,43.36363636363637,-0.19936382898651142
exp2_np27_rho015_alpha10,27,0.15,10,44,94,0.04883890664896778,0.023386351208886325,0.4731182795698925,0.5376344086021505,0.46236559139784944,35.39784946236559,0.06978728275249449
exp2_np27_rho015_alpha10,27,0.15,10,45,85,0.04134836089053197,0.04263948707549847,0.44047619047619047,0.5476190476190477,0.4523809523809524,29.226190476190474,0.008926082077676398
exp2_np27_rho015_alpha10,27,0.15,10,46,92,0.07349413063666473,0.02022674120966217,0.40217391304347827,0.5652173913043478,0.43478260869565216,41.141304347826086,-0.16246828638455302
exp2_np27_rho015_alpha10,27,0.15,10,47,98,0.08086575796487676,0.023768420700720938,0.3979591836734694,0.4387755102040816,0.5612244897959183,35.92857142857143,-0.1698052745351392
exp2_np27_rho015_alpha10,27,0.15,10,48,90,0.02263329126928103,0.021046447419467817,0.4,0.5555555555555556,0.4444444444444444,35.86666666666667,-0.08134501353528599
exp2_np27_rho015_alpha10,27,0.15,10,49,84,0.03560160211260636,0.019256001718168214,0.40476190476190477,0.44047619047619047,0.5595238095238095,37.57142857142857,0.007136137923588249
exp2_np27_rho015_alpha10,27,0.15,10,50,92,0.03895679647246055,0.01023633517605127,0.44565217391304346,0.5543478260869565,0.44565217391304346,30.91304347826087,0.13349304295154546
exp2_np27_rho015_alpha10,27,0.15,10,51,97,0.0588416089892065,0.035880903603189296,0.4536082474226804,0.4329896907216495,0.5670103092783505,38.07216494845361,0.051333960844104104
exp2_np27_rho015_alpha10,27,0.15,10,52,97,0.04225500157393969,-0.0036130937298524124,0.5208333333333334,0.5208333333333334,0.4791666666666667,35.354166666666664,-0.14501279366141853
exp2_np27_rho015_alpha10,27,0.15,10,53,87,0.06382405022740008,0.04252466586478931,0.313953488372093,0.5232558139534884,0.47674418604651164,36.848837209302324,-0.07086347128955324
exp2_np27_rho015_alpha10,27,0.15,10,54,88,0.04777413139358881,0.031502530863303235,0.38636363636363635,0.6136363636363636,0.38636363636363635,39.69318181818182,-0.10793869088417256
exp2_np27_rho015_alpha10,27,0.15,10,55,113,0.03211794332206115,0.010734729544542354,0.4732142857142857,0.5446428571428571,0.45535714285714285,38.401785714285715,0.1339335741224121
exp2_np27_rho015_alpha10,27,0.15,10,56,88,0.03141946685661577,0.030444584002181863,0.4482758620689655,0.42528735632183906,0.5747126436781609,32.06896551724138,-0.043222559663457914
exp2_np27_rho015_alpha10,27,0.15,10,57,100,0.07157029849812205,0.014929110254908728,0.40404040404040403,0.6060606060606061,0.3939393939393939,43.707070707070706,-0.12352686566881142
exp2_np27_rho015_alpha10,27,0.15,10,58,96,0.03885976018148779,0.03255077636645032,0.3854166666666667,0.5833333333333334,0.4166666666666667,33.614583333333336,-0.06368341874872048
exp2_np27_rho015_alpha10,27,0.15,10,59,95,0.046558898845034356,0.008965990199137686,0.4631578947368421,0.43157894736842106,0.5684210526315789,35.44210526315789,0.1114407010542892
exp2_np27_rho015_alpha10,27,0.15,10,60,92,0.03813118060580672,-0.007130801691072719,0.5494505494505495,0.3956043956043956,0.6043956043956044,29.46153846153846,-0.16000040105302824
exp2_np27_rho015_alpha10,27,0.15,10,61,97,0.0720823028595846,0.03661760807592174,0.3917525773195876,0.6082474226804123,0.3917525773195876,34.7319587628866,-0.008900393411736722
exp2_np27_rho015_alpha10,27,0.15,10,62,81,0.0519876527027367,0.011845387224687087,0.4444444444444444,0.5802469135802469,0.41975308641975306,30.049382716049383,-0.0369205884611212
exp2_np27_rho015_alpha10,27,0.15,10,63,87,0.05305787286431929,0.02753514839630533,0.3793103448275862,0.5057471264367817,0.4942528735632184,29.126436781609197,-0.018810389661654634
exp2_np27_rho015_alpha10,27,0.15,10,64,84,0.07529527092487841,0.010353500414856498,0.43373493975903615,0.4578313253012048,0.5421686746987951,43.24096385542169,-0.2941701270123028
exp2_np27_rho015_alpha10,27,0.15,10,65,87,0.01690270052584105,-0.019123443827171016,0.5581395348837209,0.4069767441860465,0.5930232558139535,35.18604651162791,0.3221346053117038
exp2_np27_rho015_alpha10,27,0.15,10,66,92,0.04508647856018998,0.023536381794068806,0.42391304347826086,0.5760869565217391,0.42391304347826086,35.17391304347826,-0.028885881861358247
exp2_np27_rho015_alpha10,27,0.15,10,67,92,0.06417641012447169,0.05925438126913907,0.4065934065934066,0.6153846153846154,0.38461538461538464,43.879120879120876,0.12954663501554198
exp2_np27_rho015_alpha10,27,0.15,10,68,107,0.058629012585862304,0.02151536742451743,0.4392523364485981,0.3925233644859813,0.6074766355140186,33.08411214953271,-0.2638848256358849
exp2_np27_rho015_alpha10,27,0.15,10,69,90,0.0687607115397666,0.0029546480892772564,0.47191011235955055,0.5617977528089888,0.43820224719101125,43.86516853932584,-0.15238433750549996
exp2_np27_rho015_alpha10,27,0.15,10,70,81,0.025761297034602414,0.0021724691878972635,0.48148148148148145,0.4567901234567901,0.5432098765432098,37.74074074074074,0.14364511204805985
exp2_np27_rho015_alpha10,27,0.15,10,71,82,0.04332393999485861,0.034618992808843174,0.35365853658536583,0.5121951219512195,0.4878048780487805,36.71951219512195,-0.09753680021164664
exp2_np27_rho015_alpha10,27,0.15,10,72,92,0.040046166758710866,0.03684695312654451,0.358695652173913,0.5760869565217391,0.42391304347826086,40.58695652173913,-0.07883279019841188
exp2_np27_rho015_alpha10,27,0.15,10,73,108,0.05858725911020987,0.04867553530131019,0.3333333333333333,0.6018518518518519,0.39814814814814814,35.379629629629626,-0.1226178309296716
exp2_np27_rho015_alpha10,27,0.15,10,74,84,0.036447508978340426,0.01783213438657061,0.4523809523809524,0.6071428571428571,0.39285714285714285,37.166666666666664,-0.06849683800520719
exp2_np27_rho015_alpha10,27,0.15,10,75,76,0.03125529233254182,0.011240084808570305,0.42105263157894735,0.5394736842105263,0.4605263157894737,41.98684210526316,0.025522202840151994
exp2_np27_rho015_alpha10,27,0.15,10,76,81,0.10039190619044498,0.04888193626425785,0.345679012345679,0.5679012345679012,0.43209876543209874,31.493827160493826,-0.26063077406791135
exp2_np27_rho015_alpha10,27,0.15,10,77,107,0.049815290956470665,0.026966526093961996,0.37383177570093457,0.411214953271028,0.5887850467289719,39.86915887850467,-0.12032336955805403
exp2_np27_rho015_alpha10,27,0.15,10,78,92,0.027008478096934564,0.016101252161771384,0.40217391304347827,0.5217391304347826,0.4782608695652174,36.119565217391305,0.052226151506326056
exp2_np27_rho015_alpha10,27,0.15,10,79,80,0.046781417355476626,0.039361384388159504,0.3875,0.625,0.375,40.7375,0.060408199001176666
exp2_np27_rho015_alpha10,27,0.15,10,80,93,0.03900301352493424,-0.0006276778582039455,0.5,0.4782608695652174,0.5217391304347826,40.21739130434783,-0.09666499376947381
exp2_np27_rho015_alpha10,27,0.15,10,81,77,0.036944259953281294,0.0027580402034850238,0.4805194805194805,0.4935064935064935,0.5064935064935064,38.12987012987013,-0.08738614989808101
exp2_np27_rho015_alpha10,27,0.15,10,82,92,0.0774065512414774,0.044163490058229726,0.33695652173913043,0.4673913043478261,0.532608695652174,36.78260869565217,-0.1710111446636656
exp2_np27_rho015_alpha10,27,0.15,10,83,99,0.060069040760451574,0.023285496938688865,0.36363636363636365,0.5353535353535354,0.46464646464646464,42.02020202020202,-0.07676902986494885
exp2_np27_rho015_alpha10,27,0.15,10,84,93,0.07859404172346336,0.021680352219440202,0.44086021505376344,0.5483870967741935,0.45161290322580644,34.666666666666664,-0.19956574275732292
exp2_np27_rho015_alpha10,27,0.15,10,85,88,0.06610486537653255,0.026683310730110765,0.4431818181818182,0.4318181818181818,0.5681818181818182,35.03409090909091,-0.16493477347816626
exp2_np27_rho015_alpha10,27,0.15,10,86,88,0.0682426221374476,0.020884828008247425,0.367816091954023,0.5517241379310345,0.4482758620689655,38.39080459770115,-0.09388911891854622
exp2_np27_rho015_alpha10,27,0.15,10,87,101,0.03351770427377487,-0.0030714026949807405,0.5148514851485149,0.5445544554455446,0.45544554455445546,38.277227722772274,0.18406965402513736
exp2_np27_rho015_alpha10,27,0.15,10,88,121,0.060920231816496716,0.024588274830288803,0.4380165289256198,0.512396694214876,0.48760330578512395,34.31404958677686,-0.10794121328049551
exp2_np27_rho015_alpha10,27,0.15,10,89,96,0.07246974681381205,0.026549973972420204,0.3541666666666667,0.4583333333333333,0.5416666666666666,36.364583333333336,0.09559921844139874
exp2_np27_rho015_alpha10,27,0.15,10,90,102,0.024386198339829804,0.018919095646340534,0.47058823529411764,0.5098039215686274,0.49019607843137253,34.911764705882355,0.18274016733432571
exp2_np27_rho015_alpha10,27,0.15,10,91,107,0.03433012285648782,0.01782282060752305,0.37383177570093457,0.5700934579439252,0.42990654205607476,38.728971962616825,-0.06259556721875839
exp2_np27_rho015_alpha10,27,0.15,10,92,111,0.05749755197585855,0.017610483225471096,0.39090909090909093,0.4818181818181818,0.5181818181818182,37.57272727272727,-0.07264245156718258
exp2_np27_rho015_alpha10,27,0.15,10,93,96,0.06308663929617969,0.03341887226562079,0.40625,0.5208333333333334,0.4791666666666667,36.197916666666664,-0.10484677424793967
exp2_np27_rho015_alpha10,27,0.15,10,94,97,0.06067838096128542,0.022366594184643596,0.3917525773195876,0.5876288659793815,0.41237113402061853,39.58762886597938,0.051593153036322385
exp2_np27_rho015_alpha10,27,0.15,10,95,89,0.0347120272675902,0.022707839715607747,0.4157303370786517,0.5617977528089888,0.43820224719101125,33.71910112359551,0.09978443953212056
exp2_np27_rho015_alpha10,27,0.15,10,96,85,0.05498391832866393,0.0450630017730016,0.36904761904761907,0.4642857142857143,0.5357142857142857,40.19047619047619,-0.0007787535822202041
exp2_np27_rho015_alpha10,27,0.15,10,97,82,0.05340053172128363,0.022138295428570487,0.4567901234567901,0.4567901234567901,0.5432098765432098,32.54320987654321,-0.004221836044439721
exp2_np27_rho015_alpha10,27,0.15,10,98,90,0.019455395089417446,-0.010237757585588092,0.5340909090909091,0.5113636363636364,0.48863636363636365,33.53409090909091,0.003388577373485147
exp2_np27_rho015_alpha10,27,0.15,10,99,100,0.05675819438856368,0.012408854998224417,0.48,0.68,0.32,28.68,-0.08250517282730734
exp2_np27_rho015_alpha10,27,0.15,10,100,84,0.04959196806283347,0.0300678916191206,0.2857142857142857,0.6309523809523809,0.36904761904761907,32.57142857142857,-0.20146730746077623
exp2_np27_rho015_alpha10,27,0.15,10,101,102,0.04126793484823999,-0.0052504190237172566,0.5098039215686274,0.5588235294117647,0.4411764705882353,38.6078431372549,-0.07353622943845636
exp2_np27_rho015_alpha10,27,0.15,10,102,89,0.08420182686823158,0.012919285893806531,0.4772727272727273,0.5454545454545454,0.45454545454545453,33.85227272727273,0.001468342767025089
exp2_np27_rho015_alpha10,27,0.15,10,103,118,0.06299206134168711,0.013922729551219426,0.47863247863247865,0.5726495726495726,0.42735042735042733,42.7008547008547,-0.047453138749319175
exp2_np27_rho015_alpha10,27,0.15,10,104,95,0.06499282904153968,0.0037682694246008452,0.4421052631578947,0.5157894736842106,0.4842105263157895,48.8,-0.3071347090081707
exp2_np27_rho015_alpha10,27,0.15,10,105,89,0.048953443138106775,0.008329534338487043,0.4943820224719101,0.5168539325842697,0.48314606741573035,35.831460674157306,0.024844322910648097
exp2_np27_rho015_alpha10,27,0.15,10,106,99,0.05545316836660723,0.01055060976856037,0.47474747474747475,0.494949494949495,0.5050505050505051,30.262626262626263,-0.11920431336590069
exp2_np27_rho015_alpha10,27,0.15,10,107,86,0.03503775597787013,0.03477292313424307,0.38372093023255816,0.4883720930232558,0.5116279069767442,36.45348837209303,0.026443626667642404
exp2_np27_rho015_alpha10,27,0.15,10,108,84,0.03633728348035566,0.03433985484837887,0.4166666666666667,0.5952380952380952,0.40476190476190477,33.45238095238095,0.19879107522815528
exp2_np27_rho015_alpha10,27,0.15,10,109,93,0.05290526546781776,0.021174338230353307,0.3118279569892473,0.5483870967741935,0.45161290322580644,32.494623655913976,-0.022649062307041407
exp2_np27_rho015_alpha10,27,0.15,10,110,92,0.05467256889063614,0.019199748418634144,0.41304347826086957,0.5978260869565217,0.40217391304347827,35.59782608695652,-0.002468880525083824
exp2_np27_rho015_alpha10,27,0.15,10,111,100,0.02946474634274234,0.024725657116268174,0.44,0.59,0.41,40.94,0.014359880376825557
exp2_np27_rho015_alpha10,27,0.15,10,112,98,0.05105923527351608,0.03554318971997983,0.32653061224489793,0.5204081632653061,0.47959183673469385,37.45918367346939,-0.1739260834992323
exp2_np27_rho015_alpha10,27,0.15,10,113,83,0.040944765541651384,-0.010347493966223809,0.5421686746987951,0.5542168674698795,0.4457831325301205,36.68674698795181,-0.021607937257790793
exp2_np27_rho015_alpha10,27,0.15,10,114,87,0.02799914671873046,0.0008946171866135444,0.4942528735632184,0.45977011494252873,0.5402298850574713,29.379310344827587,0.09582672107996902
exp2_np27_rho015_alpha10,27,0.15,10,115,93,0.07238995664072274,0.047068194013276,0.3333333333333333,0.5268817204301075,0.4731182795698925,38.086021505376344,-0.2752530472785277
exp2_np27_rho015_alpha10,27,0.15,10,116,90,0.03422107828602636,-0.003092157968454412,0.5,0.5111111111111111,0.4888888888888889,31.666666666666668,0.03776997940620541
exp2_np27_rho015_alpha10,27,0.15,10,117,86,0.0394834719358074,-0.0016627703943532524,0.5058823529411764,0.49411764705882355,0.5058823529411764,32.68235294117647,-0.09769577551660537
exp2_np27_rho015_alpha10,27,0.15,10,118,103,0.025133433386583717,0.01442991005989569,0.47572815533980584,0.5048543689320388,0.49514563106796117,38.57281553398058,0.039571992382930535
exp2_np27_rho015_alpha10,27,0.15,10,119,91,0.060111336815650444,-0.010056711886201164,0.5054945054945055,0.5494505494505495,0.45054945054945056,40.1978021978022,-0.1838046785618341
exp2_np27_rho015_alpha10,27,0.15,10,120,92,0.030393240762583654,0.007074130713146332,0.4782608695652174,0.5652173913043478,0.43478260869565216,33.40217391304348,0.06957118631905103
exp2_np27_rho015_alpha10,27,0.15,10,121,81,0.03656407724681014,0.009224097399672893,0.4567901234567901,0.5679012345679012,0.43209876543209874,36.407407407407405,-0.19376397490932074
exp2_np27_rho015_alpha10,27,0.15,10,122,78,0.028918997976183445,0.0017846145560138638,0.5,0.5769230769230769,0.4230769230769231,41.11538461538461,-0.012590017808787822
exp2_np27_rho015_alpha10,27,0.15,10,123,91,0.024644032847037197,-0.002995127971577638,0.5384615384615384,0.5824175824175825,0.4175824175824176,42.582417582417584,0.006720818103538031
exp2_np27_rho015_alpha10,27,0.15,10,124,93,0.0672192961511893,0.03165527121353584,0.3655913978494624,0.5698924731182796,0.43010752688172044,46.40860215053763,-0.2670203994762433
exp2_np27_rho015_alpha10,27,0.15,10,125,108,0.03844604551169232,0.010397203038248648,0.4074074074074074,0.49074074074074076,0.5092592592592593,34.611111111111114,-0.09365842728494912
exp2_np27_rho015_alpha10,27,0.15,10,126,79,0.04817174063558817,0.008603108163146356,0.44871794871794873,0.6282051282051282,0.3717948717948718,40.47435897435897,-0.12984241578362435
exp2_np27_rho015_alpha10,27,0.15,10,127,86,0.09071735197753934,0.041327830143960576,0.4069767441860465,0.47674418604651164,0.5232558139534884,37.95348837209303,-0.1017779382017215
exp2_np27_rho015_alpha10,27,0.15,10,128,90,0.05158251423913738,0.010020829850010848,0.4444444444444444,0.6,0.4,39.27777777777778,-0.07715375102751132
exp2_np27_rho015_alpha10,27,0.15,10,129,104,0.02647037818471828,0.020045062971425054,0.4077669902912621,0.5436893203883495,0.4563106796116505,44.728155339805824,-0.02453922305105323
exp2_np27_rho015_alpha10,27,0.15,10,130,86,0.057335221446531984,0.01715130520888586,0.3953488372093023,0.5697674418604651,0.43023255813953487,33.093023255813954,-0.24595123498765337
exp2_np27_rho015_alpha10,27,0.15,10,131,84,0.0869442496061706,0.019693828093878984,0.40476190476190477,0.5357142857142857,0.4642857142857143,37.55952380952381,-0.3078478259024359
exp2_np27_rho015_alpha10,27,0.15,10,132,88,0.05771910903445238,0.038603772473857934,0.3409090909090909,0.5113636363636364,0.48863636363636365,39.89772727272727,-0.12567164682232562
exp2_np27_rho015_alpha10,27,0.15,10,133,83,0.05434754304274545,0.018527531881828985,0.4578313253012048,0.5542168674698795,0.4457831325301205,32.72289156626506,-0.21253558190797478
exp2_np27_rho015_alpha10,27,0.15,10,134,86,0.03731112698315359,0.037585609049642255,0.38372093023255816,0.6162790697674418,0.38372093023255816,29.813953488372093,-0.13170790097540172
exp2_np27_rho015_alpha10,27,0.15,10,135,81,0.07358017933325475,0.04348905150221949,0.4,0.4625,0.5375,41.95,0.05667986066641459
exp2_np27_rho015_alpha10,27,0.15,10,136,89,0.07566691220958954,0.027005706430249354,0.3595505617977528,0.5168539325842697,0.48314606741573035,33.91011235955056,-0.17511468637033004
exp2_np27_rho015_alpha10,27,0.15,10,137,81,0.031733577362578265,0.02393688702195451,0.32098765432098764,0.5432098765432098,0.4567901234567901,37.58024691358025,0.1566549928004905
exp2_np27_rho015_alpha10,27,0.15,10,138,77,0.03316442032199151,0.014450798194756587,0.4155844155844156,0.5714285714285714,0.42857142857142855,31.233766233766232,0.16721599004074902
exp2_np27_rho015_alpha10,27,0.15,10,139,82,0.05515226356450517,0.04294521946451635,0.35802469135802467,0.5925925925925926,0.4074074074074074,37.333333333333336,-0.12007541649395896
exp2_np27_rho015_alpha10,27,0.15,10,140,74,0.07369465591198318,0.019290479587028564,0.3918918918918919,0.5135135135135135,0.4864864864864865,34.5,-0.12135283889372622
exp2_np27_rho015_alpha10,27,0.15,10,141,93,0.049345548662091857,0.03160986222791218,0.43478260869565216,0.5108695652173914,0.4891304347826087,33.44565217391305,0.02147663976048744
exp2_np27_rho015_alpha10,27,0.15,10,142,73,0.06703209211847211,0.00807757848418511,0.4246575342465753,0.5616438356164384,0.4383561643835616,40.54794520547945,-0.18458402461593756
exp2_np27_rho015_alpha10,27,0.15,10,143,68,0.06736557083914822,0.038807592065924545,0.3088235294117647,0.47058823529411764,0.5294117647058824,41.0,-0.264622811985931
exp2_np27_rho015_alpha10,27,0.15,10,144,94,0.04855987238118653,0.04198579901021837,0.35106382978723405,0.5,0.5,32.9468085106383,-0.10732020504974321
exp2_np27_rho015_alpha10,27,0.15,10,145,87,0.03285652320221141,0.04620915641753687,0.40229885057471265,0.6091954022988506,0.39080459770114945,31.977011494252874,-0.05497973262000861
exp2_np27_rho015_alpha10,27,0.15,10,146,59,0.054384665805684955,0.05197358446002642,0.288135593220339,0.4406779661016949,0.559322033898305,36.23728813559322,-0.2969058820563035
exp2_np27_rho015_alpha10,27,0.15,10,147,87,0.0554574572925805,0.019381525426918067,0.40229885057471265,0.4482758620689655,0.5517241379310345,38.89655172413793,-0.1778238179002338
exp2_np27_rho015_alpha10,27,0.15,10,148,80,0.060909129740351196,0.02772609436063611,0.3875,0.6,0.4,38.575,-0.31683511104225714
exp2_np27_rho015_alpha10,27,0.15,10,149,104,0.036959169099190975,0.0026026571874764315,0.5,0.49038461538461536,0.5096153846153846,37.19230769230769,0.09380004078253491
exp2_np27_rho015_alpha10,27,0.15,10,150,75,0.0626600247688007,0.001649505233145554,0.49333333333333335,0.38666666666666666,0.6133333333333333,35.346666666666664,-0.10891343616145009
exp2_np27_rho015_alpha10,27,0.15,10,151,66,0.05335529171137798,0.03416576251394421,0.36363636363636365,0.5303030303030303,0.4696969696969697,33.303030303030305,-0.1076431712875896
exp2_np27_rho015_alpha10,27,0.15,10,152,85,0.09870712942965054,0.04104878746028451,0.4,0.611764705882353,0.38823529411764707,36.4,-0.18082848040041358
exp2_np27_rho015_alpha10,27,0.15,10,153,74,0.07108233763812814,0.0010756748721800768,0.4864864864864865,0.47297297297297297,0.527027027027027,36.21621621621622,-0.07115845747789985
exp2_np27_rho015_alpha10,27,0.15,10,154,77,0.07196682064801956,0.039159150509855856,0.3246753246753247,0.45454545454545453,0.5454545454545454,40.96103896103896,-0.22447864584052923
exp2_np27_rho015_alpha10,27,0.15,10,155,89,0.01955824553657322,0.010895841390749172,0.45454545454545453,0.6022727272727273,0.3977272727272727,34.68181818181818,-0.0599715952295411
exp2_np27_rho015_alpha10,27,0.15,10,156,89,0.061579843979458315,0.06196293133613029,0.30337078651685395,0.5730337078651685,0.42696629213483145,37.51685393258427,-0.03900751249069692
exp2_np27_rho015_alpha10,27,0.15,10,157,96,0.05282520073824768,0.006754060454688737,0.46875,0.5208333333333334,0.4791666666666667,32.0625,-0.10114026119888277
exp2_np27_rho015_alpha10,27,0.15,10,158,96,0.030995838894668493,0.021545210810632653,0.3854166666666667,0.5208333333333334,0.4791666666666667,31.552083333333332,0.046362200318312986
exp2_np27_rho015_alpha10,27,0.15,10,159,106,0.034692248120121665,0.012488511115079426,0.46226415094339623,0.5660377358490566,0.4339622641509434,39.990566037735846,-0.03972515136396325
exp2_np27_rho015_alpha10,27,0.15,10,160,75,0.044022034823441296,0.018675465505669564,0.44,0.5466666666666666,0.4533333333333333,35.24,0.04433418320434552
exp2_np27_rho015_alpha10,27,0.15,10,161,86,0.04697178755020697,0.012615799384260384,0.43023255813953487,0.5,0.5,31.813953488372093,0.01997871731542646
exp2_np27_rho015_alpha10,27,0.15,10,162,82,0.07676407828989747,0.014844674132050706,0.38271604938271603,0.6296296296296297,0.37037037037037035,32.54320987654321,-0.1912233137380188
exp2_np27_rho015_alpha10,27,0.15,10,163,60,0.07908732565801695,0.019749794282216016,0.3333333333333333,0.5166666666666667,0.48333333333333334,42.56666666666667,-0.052107060137384587
exp2_np27_rho015_alpha10,27,0.15,10,164,81,0.03119983803134872,0.02426909028012858,0.3950617283950617,0.48148148148148145,0.5185185185185185,35.32098765432099,-0.06338141377500327
exp2_np27_rho015_alpha10,27,0.15,10,165,94,0.03862430896641873,0.007131737342831457,0.48936170212765956,0.48936170212765956,0.5106382978723404,36.1063829787234,-0.040658730586115764
exp2_np27_rho015_alpha10,27,0.15,10,166,99,0.0603427138988555,0.04149040999368658,0.32989690721649484,0.5257731958762887,0.4742268041237113,33.45360824742268,-0.17985926403818908
exp2_np27_rho015_alpha10,27,0.15,10,167,112,0.056456480436742125,0.04932517818280102,0.32142857142857145,0.5625,0.4375,36.651785714285715,-0.18258153188362036
exp2_np27_rho015_alpha10,27,0.15,10,168,86,0.046885547874467484,0.021375054228190304,0.32558139534883723,0.6162790697674418,0.38372093023255816,35.95348837209303,0.02931706331601644
exp2_np27_rho015_alpha10,27,0.15,10,169,99,0.04236125414418107,0.03255337512301404,0.45918367346938777,0.47959183673469385,0.5204081632653061,42.13265306122449,-0.012933181113627503
exp2_np27_rho015_alpha10,27,0.15,10,170,92,0.03367913819471509,0.010362344377691457,0.45652173913043476,0.4891304347826087,0.5108695652173914,36.358695652173914,-0.11290413970872841
exp2_np27_rho015_alpha10,27,0.15,10,171,92,0.05896180917500558,0.0367139429356973,0.3804347826086957,0.5760869565217391,0.42391304347826086,39.17391304347826,-0.07849982928880188
exp2_np27_rho015_alpha10,27,0.15,10,172,93,0.027442392228438396,0.014602038546291496,0.43010752688172044,0.3978494623655914,0.6021505376344086,39.666666666666664,0.05609832757330167
exp2_np27_rho015_alpha10,27,0.15,10,173,102,0.05032303290648642,0.016185236860449148,0.45098039215686275,0.45098039215686275,0.5490196078431373,39.833333333333336,-0.20004780171954736
exp2_np27_rho015_alpha10,27,0.15,10,174,82,0.06706719090822229,0.0464807383962178,0.3950617283950617,0.5555555555555556,0.4444444444444444,31.641975308641975,-0.11798698528592186
exp2_np27_rho015_alpha10,27,0.15,10,175,92,0.0364406094061339,0.02055245826501162,0.43478260869565216,0.5217391304347826,0.4782608695652174,37.02173913043478,-0.08690815450316505
exp2_np27_rho015_alpha10,27,0.15,10,176,82,0.043726837923653256,0.013921390949680479,0.3950617283950617,0.4567901234567901,0.5432098765432098,37.370370370370374,-0.18483374475943545
exp2_np27_rho015_alpha10,27,0.15,10,177,81,0.04397103474377044,0.02220694799887113,0.4125,0.5375,0.4625,42.3875,0.1767755535770408
exp2_np27_rho015_alpha10,27,0.15,10,178,86,0.054802089814062975,0.01792103922936983,0.4069767441860465,0.5,0.5,31.58139534883721,0.0830540867796631
exp2_np27_rho015_alpha10,27,0.15,10,179,94,0.04669573795347861,0.045748743605219744,0.3870967741935484,0.5698924731182796,0.43010752688172044,32.505376344086024,-0.1395578522259868
exp2_np27_rho015_alpha10,27,0.15,10,180,86,0.04842905016130898,0.011725188107167384,0.4883720930232558,0.5581395348837209,0.4418604651162791,34.651162790697676,-0.05300384432470802
exp2_np27_rho015_alpha10,27,0.15,10,181,81,0.040635550762589255,0.03088410112769946,0.4074074074074074,0.32098765432098764,0.6790123456790124,31.37037037037037,0.0008301658973143874
exp2_np27_rho015_alpha10,27,0.15,10,182,79,0.057069013066279387,0.030576775002470136,0.379746835443038,0.5569620253164557,0.4430379746835443,35.721518987341774,-0.023495735103794203
exp2_np27_rho015_alpha10,27,0.15,10,183,100,0.04155158678029317,0.01979933343993112,0.38,0.51,0.49,29.36,-0.0346428809953803
exp2_np27_rho015_alpha10,27,0.15,10,184,88,0.07302174792578044,0.03388567352203875,0.3793103448275862,0.5517241379310345,0.4482758620689655,41.770114942528735,-0.11321229496471528
exp2_np27_rho015_alpha10,27,0.15,10,185,89,0.04941855131583868,0.004675735295862182,0.4606741573033708,0.4943820224719101,0.5056179775280899,36.258426966292134,-0.045620048442792674
exp2_np27_rho015_alpha10,27,0.15,10,186,90,0.03313023445966211,0.021643981505116372,0.4666666666666667,0.5777777777777777,0.4222222222222222,38.388888888888886,0.13609240124582087
exp2_np27_rho015_alpha10,27,0.15,10,187,78,0.05594123323922268,0.010640850434863403,0.48717948717948717,0.5384615384615384,0.46153846153846156,39.01282051282051,-0.23940624814448927
exp2_np27_rho015_alpha10,27,0.15,10,188,82,0.048074086600935866,0.01277040559788123,0.4634146341463415,0.5365853658536586,0.4634146341463415,37.329268292682926,0.07600844807767881
exp2_np27_rho015_alpha10,27,0.15,10,189,112,0.044257828169714596,0.02149767409624026,0.42857142857142855,0.49107142857142855,0.5089285714285714,35.5625,-0.0888918202788096
exp2_np27_rho015_alpha10,27,0.15,10,190,80,0.02111217446964686,-0.008082543242853735,0.525,0.5875,0.4125,30.8125,0.027452957040585365
exp2_np27_rho015_alpha10,27,0.15,10,191,87,0.027009347656454588,0.004795637667296404,0.45977011494252873,0.5402298850574713,0.45977011494252873,31.32183908045977,0.0399116164999763
exp2_np27_rho015_alpha10,27,0.15,10,192,80,0.060320554227200895,0.031508692932278315,0.35443037974683544,0.5316455696202531,0.46835443037974683,34.037974683544306,-0.10583344285535147
exp2_np27_rho015_alpha10,27,0.15,10,193,73,0.060794743264533824,0.026157514708308405,0.3698630136986301,0.4794520547945205,0.5205479452054794,31.671232876712327,0.04236971790737288
exp2_np27_rho015_alpha10,27,0.15,10,194,99,0.05470692212243637,0.028814011251890648,0.32323232323232326,0.5151515151515151,0.48484848484848486,36.898989898989896,-0.07288064818004633
exp2_np27_rho015_alpha10,27,0.15,10,195,80,0.05875048906148931,0.0007198230541285433,0.4875,0.625,0.375,39.0125,-0.12624644123164383
exp2_np27_rho015_alpha10,27,0.15,10,196,101,0.07146921708738523,0.03654342383165421,0.38613861386138615,0.5544554455445545,0.44554455445544555,36.851485148514854,-0.18484987122584368
exp2_np27_rho015_alpha10,27,0.15,10,197,92,0.035041248877519714,-0.007645215914331871,0.5434782608695652,0.5217391304347826,0.4782608695652174,37.05434782608695,0.014323447611218992
exp2_np27_rho015_alpha10,27,0.15,10,198,86,0.02848928341102516,0.031188040381584514,0.35294117647058826,0.5764705882352941,0.4235294117647059,42.56470588235294,0.09281612936616927
exp2_np27_rho015_alpha10,27,0.15,10,199,72,0.08368085542705984,0.021016930299242453,0.3888888888888889,0.5,0.5,41.986111111111114,-0.016391043991936458
exp2_np27_rho015_alpha2,27,0.15,2,14,123,0.006726913084178014,-0.01152962371041344,0.5702479338842975,0.4793388429752066,0.5206611570247934,33.86776859504132,0.20640437106460124
exp2_np27_rho015_alpha2,27,0.15,2,8,144,0.03809680294723541,0.009637087891348095,0.4084507042253521,0.4154929577464789,0.5845070422535211,39.96478873239437,-0.058211213464858434
exp2_np27_rho015_alpha2,27,0.15,2,0,133,0.021030144915875612,0.0117566265434208,0.4496124031007752,0.5968992248062015,0.40310077519379844,34.651162790697676,0.1649313170712975
exp2_np27_rho015_alpha2,27,0.15,2,9,147,0.017125761659970807,0.005265485432159878,0.4965034965034965,0.6013986013986014,0.3986013986013986,40.16083916083916,-0.022428514027693056
exp2_np27_rho015_alpha2,27,0.15,2,12,121,0.05238000921307707,0.009222138430803994,0.4406779661016949,0.4915254237288136,0.5084745762711864,37.41525423728814,-0.20074862983562863
exp2_np27_rho015_alpha2,27,0.15,2,2,117,0.013967097660004911,-0.006247898423334064,0.5,0.5344827586206896,0.46551724137931033,40.69827586206897,0.10462273050860482
exp2_np27_rho015_alpha2,27,0.15,2,1,133,0.035593216351843864,0.013910158722398869,0.36363636363636365,0.4621212121212121,0.5378787878787878,41.77272727272727,0.013884760661912176
exp2_np27_rho015_alpha2,27,0.15,2,5,156,0.022350002341174964,0.0034862667232973266,0.4697986577181208,0.5234899328859061,0.47651006711409394,33.671140939597315,0.024392404522261615
exp2_np27_rho015_alpha2,27,0.15,2,7,144,0.027242147829670577,-0.004161899873938779,0.55,0.55,0.45,43.364285714285714,0.0038511349167152423
exp2_np27_rho015_alpha2,27,0.15,2,13,116,0.026092697540630337,0.008864659390414253,0.40869565217391307,0.6086956521739131,0.391304347826087,40.45217391304348,0.09599428967175705
exp2_np27_rho015_alpha2,27,0.15,2,10,134,0.022152554730894603,0.006276951394320385,0.45454545454545453,0.5757575757575758,0.42424242424242425,37.50757575757576,-0.010337563298452658
exp2_np27_rho015_alpha2,27,0.15,2,15,138,0.04374124226452036,0.008352515083567269,0.4632352941176471,0.4338235294117647,0.5661764705882353,41.11029411764706,-0.15549271407144588
exp2_np27_rho015_alpha2,27,0.15,2,4,120,0.04244981064967614,0.010963956070123793,0.4358974358974359,0.5811965811965812,0.4188034188034188,41.9059829059829,0.004178364367734085
exp2_np27_rho015_alpha2,27,0.15,2,6,137,0.01213759672253585,-0.0060648794346818136,0.5939849624060151,0.44360902255639095,0.556390977443609,44.233082706766915,0.006073918861258641
exp2_np27_rho015_alpha2,27,0.15,2,11,141,0.037234753890250265,0.008498335416011749,0.45985401459854014,0.48905109489051096,0.5109489051094891,34.824817518248175,-0.07149635211286012
exp2_np27_rho015_alpha2,27,0.15,2,3,159,0.03061004748085807,0.005608222735135726,0.45161290322580644,0.5806451612903226,0.41935483870967744,34.68387096774194,-0.09277423059007403
exp2_np27_rho015_alpha2,27,0.15,2,17,113,0.05154381880623822,0.032432163290833316,0.3669724770642202,0.5504587155963303,0.44954128440366975,41.03669724770642,-0.2348290029789875
exp2_np27_rho015_alpha2,27,0.15,2,18,119,0.014350627099293365,0.0023704692053838627,0.4745762711864407,0.6016949152542372,0.3983050847457627,44.58474576271186,0.12708921414733207
exp2_np27_rho015_alpha2,27,0.15,2,16,132,0.016280108514020238,-0.016071866760036357,0.5736434108527132,0.5348837209302325,0.46511627906976744,39.310077519379846,0.08712567189645268
exp2_np27_rho015_alpha2,27,0.15,2,21,126,0.016927767683815237,0.00800875765317155,0.47540983606557374,0.4918032786885246,0.5081967213114754,33.549180327868854,0.29660546031801044
exp2_np27_rho015_alpha2,27,0.15,2,19,154,0.03533894796868651,0.00916799613149788,0.45098039215686275,0.43790849673202614,0.5620915032679739,37.26143790849673,-0.06275652131656832
exp2_np27_rho015_alpha2,27,0.15,2,20,124,0.02931244637270026,0.014243712438504197,0.3902439024390244,0.4796747967479675,0.5203252032520326,37.86178861788618,-0.0367299059957539
exp2_np27_rho015_alpha2,27,0.15,2,22,133,0.03790949206477391,-0.016873032255905862,0.5426356589147286,0.4573643410852713,0.5426356589147286,41.224806201550386,-0.05274601975647831
exp2_np27_rho015_alpha2,27,0.15,2,23,127,0.026743811262808642,0.0068795478502128304,0.464,0.416,0.584,45.848,0.0447640450311487
exp2_np27_rho015_alpha2,27,0.15,2,24,158,0.035167997153217515,0.00516100321637758,0.44516129032258067,0.535483870967742,0.4645161290322581,35.14193548387097,-0.07825819251661613
exp2_np27_rho015_alpha2,27,0.15,2,27,137,0.019129301801428675,0.009533015275282608,0.45588235294117646,0.5514705882352942,0.4485294117647059,41.77205882352941,0.09459830016035198
exp2_np27_rho015_alpha2,27,0.15,2,25,118,0.03086024395286124,-0.0028801168481100703,0.5043478260869565,0.391304347826087,0.6086956521739131,47.23478260869565,-0.009872240077525055
exp2_np27_rho015_alpha2,27,0.15,2,26,132,0.027924801318441005,0.021128550477723884,0.4198473282442748,0.46564885496183206,0.5343511450381679,42.76335877862596,0.01930184396991583
exp2_np27_rho015_alpha2,27,0.15,2,31,140,0.03267825196465451,0.014890259292105412,0.45588235294117646,0.5220588235294118,0.47794117647058826,38.1764705882353,-0.09474163954668446
exp2_np27_rho015_alpha2,27,0.15,2,29,105,0.0168792008784115,0.0031489472712307176,0.47572815533980584,0.44660194174757284,0.5533980582524272,44.44660194174757,0.13222424413040573
exp2_np27_rho015_alpha2,27,0.15,2,28,140,0.04488862716898124,0.01703258470983915,0.4244604316546763,0.5107913669064749,0.4892086330935252,36.56115107913669,-0.07002148253193737
exp2_np27_rho015_alpha2,27,0.15,2,30,111,0.03330347780610911,0.00660346314002247,0.42342342342342343,0.5765765765765766,0.42342342342342343,41.0990990990991,0.06141399278680449
exp2_np27_rho015_alpha2,27,0.15,2,33,127,0.02527865750527474,-0.010516579358652578,0.5447154471544715,0.5203252032520326,0.4796747967479675,33.8780487804878,0.04704513871935294
exp2_np27_rho015_alpha2,27,0.15,2,34,130,0.013592111332610131,0.01052755937482619,0.4453125,0.5,0.5,37.7578125,0.08503905699708553
exp2_np27_rho015_alpha2,27,0.15,2,35,132,0.03848716929730507,0.007035411519901835,0.46511627906976744,0.6434108527131783,0.35658914728682173,38.224806201550386,0.05966333273801305
exp2_np27_rho015_alpha2,27,0.15,2,32,130,0.042781414224566175,0.0024809246588279876,0.49206349206349204,0.5476190476190477,0.4523809523809524,35.46031746031746,-0.0413011432911494
exp2_np27_rho015_alpha2,27,0.15,2,36,131,0.009745070831402934,0.008884380834754513,0.4453125,0.46875,0.53125,39.1484375,0.06444661952471388
exp2_np27_rho015_alpha2,27,0.15,2,37,123,0.049647328439285286,0.005600342368654587,0.45081967213114754,0.4918032786885246,0.5081967213114754,47.81147540983606,-0.2511361864551242
exp2_np27_rho015_alpha2,27,0.15,2,38,125,0.026192530898830228,0.009086866973190055,0.3821138211382114,0.4959349593495935,0.5040650406504065,37.65040650406504,-0.1020483423878803
exp2_np27_rho015_alpha2,27,0.15,2,39,143,0.017708004240903283,0.0015307380017492989,0.47183098591549294,0.4859154929577465,0.5140845070422535,41.88732394366197,0.07691799715435402
exp2_np27_rho015_alpha2,27,0.15,2,40,124,0.04454458315829814,0.0037543938532582644,0.4672131147540984,0.5163934426229508,0.48360655737704916,34.35245901639344,-0.057932385578725966
exp2_np27_rho015_alpha2,27,0.15,2,41,156,0.03739874708101278,0.0245119104602054,0.38311688311688313,0.5194805194805194,0.4805194805194805,37.88961038961039,0.1083596022330504
exp2_np27_rho015_alpha2,27,0.15,2,43,126,0.04566451655386778,0.007782835269731336,0.4435483870967742,0.5161290322580645,0.4838709677419355,43.854838709677416,-0.04622756358717338
exp2_np27_rho015_alpha2,27,0.15,2,44,147,0.014929138629810951,-0.00753099348971098,0.5244755244755245,0.5104895104895105,0.48951048951048953,42.20979020979021,0.14079370890601947
exp2_np27_rho015_alpha2,27,0.15,2,42,135,0.018049638979325024,-0.005380833261065199,0.5488721804511278,0.39849624060150374,0.6015037593984962,41.766917293233085,0.12812829027089787
exp2_np27_rho015_alpha2,27,0.15,2,45,121,0.021114598405609763,0.001972504358354943,0.4666666666666667,0.5083333333333333,0.49166666666666664,33.13333333333333,0.027673057864944103
exp2_np27_rho015_alpha2,27,0.15,2,46,120,0.019666372931967654,-0.000943809510956406,0.5299145299145299,0.5128205128205128,0.48717948717948717,41.26495726495727,0.19806696962395098
exp2_np27_rho015_alpha2,27,0.15,2,47,129,0.05477407336879529,0.015679146795674725,0.4645669291338583,0.4409448818897638,0.5590551181102362,42.574803149606296,-0.07396748944963073
exp2_np27_rho015_alpha2,27,0.15,2,48,132,0.014059352389325583,-0.016077856637434884,0.576,0.448,0.552,40.736,0.08188183959823613
exp2_np27_rho015_alpha2,27,0.15,2,50,136,0.035534641663760566,0.01573968291255845,0.44360902255639095,0.46616541353383456,0.5338345864661654,35.21804511278196,-0.14973461278983888
exp2_np27_rho015_alpha2,27,0.15,2,49,134,0.01806522180782254,-0.00793846525195363,0.5692307692307692,0.5153846153846153,0.4846153846153846,40.92307692307692,0.0360751706786363
exp2_np27_rho015_alpha2,27,0.15,2,52,130,0.03445792507143278,-0.0023043044315134154,0.5196850393700787,0.49606299212598426,0.5039370078740157,37.56692913385827,-0.10526207942482543
exp2_np27_rho015_alpha2,27,0.15,2,51,135,0.038945838744970665,0.01607437205581963,0.4230769230769231,0.5923076923076923,0.4076923076923077,44.39230769230769,-0.005853573975791683
exp2_np27_rho015_alpha2,27,0.15,2,53,126,0.03532411236604669,0.020815881488823074,0.4146341463414634,0.5447154471544715,0.45528455284552843,43.09756097560975,-0.0030798059056852665
exp2_np27_rho015_alpha2,27,0.15,2,56,127,0.02129880026662834,0.0036709261515683878,0.4715447154471545,0.45528455284552843,0.5447154471544715,39.22764227642276,0.09235644157688674
exp2_np27_rho015_alpha2,27,0.15,2,54,126,0.021882929654739928,0.010911557158665097,0.41935483870967744,0.4838709677419355,0.5161290322580645,41.28225806451613,0.19435031953368923
exp2_np27_rho015_alpha2,27,0.15,2,55,127,0.007184039144663051,-0.0026731010323963744,0.5245901639344263,0.5,0.5,46.942622950819676,0.16690789243833096
exp2_np27_rho015_alpha2,27,0.15,2,64,115,0.020011201711194818,-0.005538800857502579,0.5132743362831859,0.504424778761062,0.49557522123893805,41.02654867256637,0.16982248599175062
exp2_np27_rho015_alpha2,27,0.15,2,63,123,0.015824824778072063,0.006991948698393813,0.475,0.44166666666666665,0.5583333333333333,33.475,0.14015477789149614
exp2_np27_rho015_alpha2,27,0.15,2,57,145,0.020040522122653198,0.004393285819977777,0.47183098591549294,0.5,0.5,40.028169014084504,0.1002601922537162
exp2_np27_rho015_alpha2,27,0.15,2,60,138,0.024180275354965287,0.0031656029311015743,0.45185185185185184,0.37037037037037035,0.6296296296296297,35.91851851851852,0.1465503988697039
exp2_np27_rho015_alpha2,27,0.15,2,58,123,0.03932500797951487,0.012167079273895709,0.4583333333333333,0.5666666666666667,0.43333333333333335,46.05833333333333,-0.029223285508429512
exp2_np27_rho015_alpha2,27,0.15,2,61,138,0.025164402154881856,-0.0008758039513416804,0.5073529411764706,0.35294117647058826,0.6470588235294118,37.875,0.061255737615394885
exp2_np27_rho015_alpha2,27,0.15,2,65,143,0.04187471539078599,-0.012152273803852864,0.5460992907801419,0.624113475177305,0.375886524822695,38.815602836879435,-0.07374070663370254
exp2_np27_rho015_alpha2,27,0.15,2,67,128,0.024038080135111693,-0.01061589562372589,0.5634920634920635,0.5079365079365079,0.49206349206349204,47.1031746031746,-0.009200618736991961
exp2_np27_rho015_alpha2,27,0.15,2,59,122,0.03249552134217244,-0.008998117699482666,0.5166666666666667,0.48333333333333334,0.5166666666666667,39.81666666666667,-0.13853198180229745
exp2_np27_rho015_alpha2,27,0.15,2,68,121,0.01892681617771322,-0.008701895934613013,0.5666666666666667,0.55,0.45,40.65833333333333,-0.039338605878361126
exp2_np27_rho015_alpha2,27,0.15,2,62,117,0.015433067510246713,-0.006746035247408244,0.5789473684210527,0.4298245614035088,0.5701754385964912,38.58771929824562,0.04823665919025791
exp2_np27_rho015_alpha2,27,0.15,2,66,110,0.031777744537882575,-0.0019704026390261475,0.5370370370370371,0.49074074074074076,0.5092592592592593,46.666666666666664,-0.0018633903026043252
exp2_np27_rho015_alpha2,27,0.15,2,69,137,0.03697071478376954,0.0019598772785354157,0.4740740740740741,0.4740740740740741,0.5259259259259259,46.02962962962963,-0.13989668474688738
exp2_np27_rho015_alpha2,27,0.15,2,70,121,0.03294567306967367,0.011538447230678983,0.4576271186440678,0.5677966101694916,0.4322033898305085,44.83050847457627,-0.009864958284992537
exp2_np27_rho015_alpha2,27,0.15,2,71,144,0.02572027611976914,-0.003309266905050734,0.5755395683453237,0.4748201438848921,0.5251798561151079,34.25179856115108,0.004165433506134125
exp2_np27_rho015_alpha2,27,0.15,2,72,153,0.02940604648465777,0.0188807583725481,0.40268456375838924,0.5302013422818792,0.4697986577181208,40.06711409395973,0.017220979457494855
exp2_np27_rho015_alpha2,27,0.15,2,74,139,0.01724000105473909,-0.019524859155606755,0.5620437956204379,0.49635036496350365,0.5036496350364964,35.956204379562045,0.0934382632660112
exp2_np27_rho015_alpha2,27,0.15,2,78,139,0.020256270720410318,0.0113058849455836,0.44029850746268656,0.4701492537313433,0.5298507462686567,40.43283582089552,0.13533236154267433
exp2_np27_rho015_alpha2,27,0.15,2,79,129,0.04969770034912417,0.006879368634580274,0.4444444444444444,0.6111111111111112,0.3888888888888889,43.095238095238095,-0.07246204438576181
exp2_np27_rho015_alpha2,27,0.15,2,73,136,0.04673878103603101,0.006474666859445755,0.4701492537313433,0.5298507462686567,0.4701492537313433,41.73880597014925,-0.10364491120749748
exp2_np27_rho015_alpha2,27,0.15,2,75,130,0.019743766538509074,-0.02224756588055854,0.6015625,0.4296875,0.5703125,37.3125,0.11388863202068787
exp2_np27_rho015_alpha2,27,0.15,2,77,126,0.02618343794544084,0.014184337220407794,0.47580645161290325,0.47580645161290325,0.5241935483870968,48.16935483870968,0.07470304372416174
exp2_np27_rho015_alpha2,27,0.15,2,80,149,0.025505411420177895,0.0022314528654234778,0.4827586206896552,0.5379310344827586,0.46206896551724136,36.57241379310345,0.16707153765838698
exp2_np27_rho015_alpha2,27,0.15,2,76,133,0.030095043610179277,-0.0035379063341465233,0.5384615384615384,0.45384615384615384,0.5461538461538461,34.323076923076925,0.01684780401797887
exp2_np27_rho015_alpha2,27,0.15,2,82,135,0.04492653594019298,0.014512109391267458,0.43609022556390975,0.5639097744360902,0.43609022556390975,40.35338345864662,-0.03537237345626699
exp2_np27_rho015_alpha2,27,0.15,2,81,119,0.014500322378348982,-0.007162374576497044,0.5630252100840336,0.5462184873949579,0.453781512605042,38.79831932773109,0.08954945540539555
exp2_np27_rho015_alpha2,27,0.15,2,83,130,0.04000501298446675,0.02953249099530364,0.35714285714285715,0.5238095238095238,0.47619047619047616,44.80952380952381,0.06794543597639606
exp2_np27_rho015_alpha2,27,0.15,2,84,118,0.046063289309664114,0.032107232745718584,0.4051724137931034,0.5689655172413793,0.43103448275862066,42.16379310344828,-0.2616726252217209
exp2_np27_rho015_alpha2,27,0.15,2,86,113,0.031107549335095377,0.00992351875962072,0.4166666666666667,0.5092592592592593,0.49074074074074076,39.98148148148148,0.028385405839276557
exp2_np27_rho015_alpha2,27,0.15,2,85,122,0.053426485709618075,0.012962397562926498,0.3644067796610169,0.4661016949152542,0.5338983050847458,44.57627118644068,-0.15266440599491451
exp2_np27_rho015_alpha2,27,0.15,2,89,129,0.02353471662261283,-0.0027446251579457126,0.5079365079365079,0.5079365079365079,0.49206349206349204,40.166666666666664,0.18186141059956942
exp2_np27_rho015_alpha2,27,0.15,2,87,122,0.03556581601626857,0.0031446485673902735,0.4745762711864407,0.5338983050847458,0.4661016949152542,46.19491525423729,-0.07016976857195575
exp2_np27_rho015_alpha2,27,0.15,2,88,131,0.01228257282667075,-0.003805953601345724,0.5158730158730159,0.5158730158730159,0.48412698412698413,43.48412698412698,0.08219723549436005
exp2_np27_rho015_alpha2,27,0.15,2,95,144,0.04209292781765222,0.0187842608883253,0.4154929577464789,0.5140845070422535,0.4859154929577465,36.54225352112676,-0.1771847513856784
exp2_np27_rho015_alpha2,27,0.15,2,93,126,0.035502356327862715,-0.0010115839107109892,0.5040650406504065,0.44715447154471544,0.5528455284552846,37.90243902439025,-0.028416863955762206
exp2_np27_rho015_alpha2,27,0.15,2,90,120,0.05969548644556113,0.003895241401343341,0.4830508474576271,0.5084745762711864,0.4915254237288136,42.88135593220339,-0.22927091275034292
exp2_np27_rho015_alpha2,27,0.15,2,94,120,0.03942584037026977,0.010787926399533188,0.4322033898305085,0.5423728813559322,0.4576271186440678,43.813559322033896,-0.09600030523753302
exp2_np27_rho015_alpha2,27,0.15,2,92,119,0.0196154948341845,0.000710315691247132,0.5,0.5344827586206896,0.46551724137931033,46.672413793103445,0.10859220611556289
exp2_np27_rho015_alpha2,27,0.15,2,91,135,0.027728334557462937,-0.0004190929747753813,0.5,0.5,0.5,45.014925373134325,0.00636043590124091
exp2_np27_rho015_alpha2,27,0.15,2,97,142,0.026022501629219208,-0.009674311785581313,0.5357142857142857,0.5428571428571428,0.45714285714285713,36.48571428571429,0.11215922323675748
exp2_np27_rho015_alpha2,27,0.15,2,96,127,0.015448322208155368,0.010892769746435604,0.424,0.504,0.496,40.792,0.05365865690520804
exp2_np27_rho015_alpha2,27,0.15,2,99,149,0.03579472847666074,0.011147767448373536,0.45517241379310347,0.5241379310344828,0.47586206896551725,33.358620689655176,0.021125634842157955
exp2_np27_rho015_alpha2,27,0.15,2,98,111,0.03464479720866729,0.013152498708998372,0.45871559633027525,0.6146788990825688,0.3853211009174312,48.54128440366973,-0.1478949665783688
exp2_np27_rho015_alpha2,27,0.15,2,100,123,0.023219766560569892,0.005537122492443203,0.49166666666666664,0.48333333333333334,0.5166666666666667,38.99166666666667,0.15649691717392758
exp2_np27_rho015_alpha2,27,0.15,2,102,132,0.01654127751983589,-0.015079303727127957,0.6434108527131783,0.46511627906976744,0.5348837209302325,39.65891472868217,0.13643964989577936
exp2_np27_rho015_alpha2,27,0.15,2,101,136,0.03148445018065477,0.0033322443208660957,0.44274809160305345,0.5038167938931297,0.4961832061068702,40.20610687022901,-0.16116130189098932
exp2_np27_rho015_alpha2,27,0.15,2,103,148,0.036665109296927144,0.005600810433126213,0.4825174825174825,0.46153846153846156,0.5384615384615384,45.01398601398601,-0.05109941536142768
exp2_np27_rho015_alpha2,27,0.15,2,104,149,0.0267003688665896,0.00890179742080166,0.4236111111111111,0.4861111111111111,0.5138888888888888,44.673611111111114,-0.07893837579488897
exp2_np27_rho015_alpha2,27,0.15,2,106,122,0.03357800790326154,0.0038951605289634372,0.48760330578512395,0.4297520661157025,0.5702479338842975,35.900826446280995,-0.0021363092806712474
exp2_np27_rho015_alpha2,27,0.15,2,105,121,0.02464081028461423,-0.006847061374002372,0.5378151260504201,0.4957983193277311,0.5042016806722689,39.890756302521005,0.035503218136830945
exp2_np27_rho015_alpha2,27,0.15,2,109,122,0.017043440495545174,0.010587937028798677,0.4789915966386555,0.5126050420168067,0.48739495798319327,35.63865546218487,0.04327716530621131
exp2_np27_rho015_alpha2,27,0.15,2,108,133,0.02467924022262061,-0.001219440428909202,0.5348837209302325,0.4496124031007752,0.5503875968992248,36.689922480620154,0.030985434745568162
exp2_np27_rho015_alpha2,27,0.15,2,107,140,0.0309296104764175,0.0015115501793587782,0.48905109489051096,0.45255474452554745,0.5474452554744526,32.07299270072993,0.20361110833373114
exp2_np27_rho015_alpha2,27,0.15,2,111,132,0.038763564433843274,0.010521080080581058,0.4263565891472868,0.5503875968992248,0.4496124031007752,40.6124031007752,-0.11139214100931683
exp2_np27_rho015_alpha2,27,0.15,2,110,132,0.052379607463806516,-0.004027041578910762,0.5348837209302325,0.5658914728682171,0.43410852713178294,38.96124031007752,-0.1501966029654195
exp2_np27_rho015_alpha2,27,0.15,2,114,110,0.008674707061663737,0.009006290218160462,0.46226415094339623,0.5094339622641509,0.49056603773584906,37.66981132075472,0.005417860587687832
exp2_np27_rho015_alpha2,27,0.15,2,113,138,0.025325329066421053,0.0206006334945954,0.39552238805970147,0.5522388059701493,0.44776119402985076,37.507462686567166,0.08057560670898473
exp2_np27_rho015_alpha2,27,0.15,2,112,122,0.03468118624187778,0.005623140586482833,0.49586776859504134,0.5289256198347108,0.47107438016528924,41.86776859504132,-0.012820317720854757
exp2_np27_rho015_alpha2,27,0.15,2,115,126,0.03930384909390411,0.013717539674114487,0.4032258064516129,0.46774193548387094,0.532258064516129,36.153225806451616,0.051240954019306485
exp2_np27_rho015_alpha2,27,0.15,2,116,131,0.028768455844687953,0.003504939876659563,0.46511627906976744,0.5038759689922481,0.49612403100775193,34.16279069767442,-0.07168998879124064
exp2_np27_rho015_alpha2,27,0.15,2,118,128,0.018091373169498683,0.002787880401385223,0.4796747967479675,0.4959349593495935,0.5040650406504065,46.016260162601625,-0.00808012150027825
exp2_np27_rho015_alpha2,27,0.15,2,117,120,0.03271250418436434,0.0039840089026217385,0.49137931034482757,0.5603448275862069,0.4396551724137931,39.83620689655172,0.044981120538067514
exp2_np27_rho015_alpha2,27,0.15,2,119,123,0.01844228602792383,-0.0033322816998930804,0.5447154471544715,0.5284552845528455,0.4715447154471545,40.53658536585366,0.12894142403179423
exp2_np27_rho015_alpha2,27,0.15,2,122,144,0.029200699338914612,-0.001870882259233042,0.5035460992907801,0.5531914893617021,0.44680851063829785,35.680851063829785,-0.07845047647534674
exp2_np27_rho015_alpha2,27,0.15,2,120,132,0.01988321570292028,0.005412468139129878,0.48091603053435117,0.42748091603053434,0.5725190839694656,39.36641221374046,0.11735038891345644
exp2_np27_rho015_alpha2,27,0.15,2,121,128,0.031465758980093995,0.0021481904597875356,0.4959349593495935,0.4065040650406504,0.5934959349593496,36.91056910569106,0.06051266183564641
exp2_np27_rho015_alpha2,27,0.15,2,125,130,0.02575108766931055,0.0028009541496567536,0.48031496062992124,0.47244094488188976,0.5275590551181102,37.574803149606296,0.06145985079719959
exp2_np27_rho015_alpha2,27,0.15,2,123,142,0.04002390431074802,0.001029761382459693,0.4928571428571429,0.4642857142857143,0.5357142857142857,39.51428571428571,-0.1409445180660348
exp2_np27_rho015_alpha2,27,0.15,2,127,149,0.0324539554768963,0.0002920136079742619,0.4863013698630137,0.5273972602739726,0.4726027397260274,39.513698630136986,-0.1382000217991301
exp2_np27_rho015_alpha2,27,0.15,2,124,148,0.026046807537547234,0.0015481437548690025,0.496551724137931,0.4827586206896552,0.5172413793103449,41.39310344827586,0.1323650812617841
exp2_np27_rho015_alpha2,27,0.15,2,126,124,0.017402013966532324,0.001999174929879999,0.48360655737704916,0.45081967213114754,0.5491803278688525,41.18852459016394,0.25858729511661277
exp2_np27_rho015_alpha2,27,0.15,2,128,137,0.03868787058585377,0.021796281955071883,0.37593984962406013,0.5338345864661654,0.46616541353383456,39.49624060150376,-0.07577527612045432
exp2_np27_rho015_alpha2,27,0.15,2,129,160,0.03228471571671012,0.0012572634925342996,0.4968152866242038,0.5923566878980892,0.40764331210191085,41.68789808917197,-0.06289570004972166
exp2_np27_rho015_alpha2,27,0.15,2,130,139,0.011072490143776493,-0.007011810546161179,0.5289855072463768,0.5869565217391305,0.41304347826086957,37.7536231884058,0.23565594522892302
exp2_np27_rho015_alpha2,27,0.15,2,131,115,0.020033425523725352,0.00348759310596769,0.48672566371681414,0.5486725663716814,0.45132743362831856,41.15929203539823,0.10388833764635227
exp2_np27_rho015_alpha2,27,0.15,2,132,125,0.03543856728049828,0.017324246167760737,0.4180327868852459,0.4426229508196721,0.5573770491803278,45.22950819672131,-0.11536992371897528
exp2_np27_rho015_alpha2,27,0.15,2,133,136,0.029405581637629224,-0.006055569232779057,0.5259259259259259,0.5407407407407407,0.45925925925925926,33.7037037037037,-0.018870544934953264
exp2_np27_rho015_alpha2,27,0.15,2,134,132,0.011865517920512832,-0.006782873826070457,0.5271317829457365,0.46511627906976744,0.5348837209302325,38.201550387596896,0.20493874306965304
exp2_np27_rho015_alpha2,27,0.15,2,135,132,-0.001519860405114914,-0.0032124907326416263,0.5714285714285714,0.4365079365079365,0.5634920634920635,41.698412698412696,0.1947811511623894
exp2_np27_rho015_alpha2,27,0.15,2,136,144,0.039308972631777676,0.005257649961841082,0.48226950354609927,0.5531914893617021,0.44680851063829785,38.666666666666664,-0.10283633190994161
exp2_np27_rho015_alpha2,27,0.15,2,139,150,0.037833690428401345,-0.008830206967701315,0.5306122448979592,0.5374149659863946,0.46258503401360546,35.89795918367347,-0.12195032055271675
exp2_np27_rho015_alpha2,27,0.15,2,138,129,0.04419921105189737,0.020928073664930658,0.384,0.512,0.488,39.896,-0.20474994563803622
exp2_np27_rho015_alpha2,27,0.15,2,137,134,0.04238170215480232,0.0035337631793170843,0.48484848484848486,0.5075757575757576,0.49242424242424243,38.09090909090909,-0.10884149402539425
exp2_np27_rho015_alpha2,27,0.15,2,140,126,0.046097603096582965,0.019425766669471933,0.45081967213114754,0.6311475409836066,0.36885245901639346,38.19672131147541,-0.009920573713995587
exp2_np27_rho015_alpha2,27,0.15,2,142,157,0.027919237221132844,0.005968677102427655,0.43137254901960786,0.45751633986928103,0.5424836601307189,37.97385620915033,0.22605727728242295
exp2_np27_rho015_alpha2,27,0.15,2,141,137,0.024396828592465045,0.001668488000024837,0.47761194029850745,0.5970149253731343,0.40298507462686567,39.07462686567164,-0.02737509470210631
exp2_np27_rho015_alpha2,27,0.15,2,143,139,0.028268998717078633,0.011227922660832945,0.4411764705882353,0.5294117647058824,0.47058823529411764,37.3014705882353,-0.05863767150231891
exp2_np27_rho015_alpha2,27,0.15,2,144,118,0.02229814162640049,-0.0036415210557705358,0.5344827586206896,0.4482758620689655,0.5517241379310345,37.758620689655174,0.02977710880026393
exp2_np27_rho015_alpha2,27,0.15,2,145,126,0.048808174851173294,0.017391365432893657,0.448,0.528,0.472,35.52,-0.04603548474742115
exp2_np27_rho015_alpha2,27,0.15,2,147,124,0.027005520393525682,0.0013694265222516933,0.49166666666666664,0.5166666666666667,0.48333333333333334,37.983333333333334,0.08501018144263628
exp2_np27_rho015_alpha2,27,0.15,2,146,125,0.005448401900562119,0.003994483739155896,0.4715447154471545,0.5447154471544715,0.45528455284552843,39.642276422764226,0.08018551620572682
exp2_np27_rho015_alpha2,27,0.15,2,148,132,0.021441193036666827,0.001536062654791337,0.46511627906976744,0.4263565891472868,0.5736434108527132,37.1937984496124,0.010918770398713584
exp2_np27_rho015_alpha2,27,0.15,2,149,138,0.029956931233804048,0.018375320290753727,0.42424242424242425,0.5606060606060606,0.4393939393939394,43.03030303030303,-0.012764261812128266
exp2_np27_rho015_alpha2,27,0.15,2,150,130,0.018895624299648882,-0.006940463594042434,0.5390625,0.4375,0.5625,38.9453125,-0.14261298953213394
exp2_np27_rho015_alpha2,27,0.15,2,151,124,0.007181486135298249,-0.011687840894391677,0.5772357723577236,0.5040650406504065,0.4959349593495935,34.48780487804878,0.20046699572121143
exp2_np27_rho015_alpha2,27,0.15,2,153,137,0.03018092712565711,-0.005356091682969577,0.5227272727272727,0.45454545454545453,0.5454545454545454,39.45454545454545,-0.017881619300711166
exp2_np27_rho015_alpha2,27,0.15,2,152,118,0.025926775803708117,0.010834479674624031,0.4152542372881356,0.6440677966101694,0.3559322033898305,37.71186440677966,0.012447340674576781
exp2_np27_rho015_alpha2,27,0.15,2,154,139,0.03811301172436167,0.0038349479321855284,0.4740740740740741,0.4962962962962963,0.5037037037037037,39.577777777777776,0.02373737316750626
exp2_np27_rho015_alpha2,27,0.15,2,156,150,0.027971700376693175,0.006793571811456012,0.4527027027027027,0.5135135135135135,0.4864864864864865,38.729729729729726,-0.038130467436994844
exp2_np27_rho015_alpha2,27,0.15,2,155,116,0.04440993912998159,0.0009101966900799674,0.4824561403508772,0.5175438596491229,0.4824561403508772,40.13157894736842,-0.18592793546701608
exp2_np27_rho015_alpha2,27,0.15,2,157,140,0.04898717287008878,-0.000543475348785627,0.5,0.5217391304347826,0.4782608695652174,40.7536231884058,-0.106881070185936
exp2_np27_rho015_alpha2,27,0.15,2,159,132,0.021798977333841587,-0.005330361601266542,0.5307692307692308,0.5538461538461539,0.4461538461538462,44.56923076923077,0.027979092936011224
exp2_np27_rho015_alpha2,27,0.15,2,158,114,0.003609266782547897,-0.006124952134873851,0.5363636363636364,0.5636363636363636,0.43636363636363634,40.27272727272727,0.21080177105861955
exp2_np27_rho015_alpha2,27,0.15,2,161,131,0.0444475540801307,-0.006193668887803483,0.5190839694656488,0.4198473282442748,0.5801526717557252,35.23664122137404,-0.08002101641032834
exp2_np27_rho015_alpha2,27,0.15,2,160,126,0.035615885110748154,0.00586769171888335,0.4918032786885246,0.6229508196721312,0.3770491803278688,37.08196721311475,-0.10759459897736258
exp2_np27_rho015_alpha2,27,0.15,2,162,130,0.02782318970233063,-0.008234637596769012,0.5625,0.578125,0.421875,35.5703125,0.1416946606162809
exp2_np27_rho015_alpha2,27,0.15,2,163,128,0.02679680210876977,-0.009309142549129845,0.5447154471544715,0.4959349593495935,0.5040650406504065,41.357723577235774,0.2158699355033896
exp2_np27_rho015_alpha2,27,0.15,2,164,146,0.024794943589829588,0.005017274665886973,0.4722222222222222,0.5763888888888888,0.4236111111111111,36.513888888888886,-0.00830334783764225
exp2_np27_rho015_alpha2,27,0.15,2,166,115,0.035813527450414634,0.003428874562874107,0.4909090909090909,0.5454545454545454,0.45454545454545453,39.40909090909091,-0.09197512380965542
exp2_np27_rho015_alpha2,27,0.15,2,165,125,0.0439697633706311,0.012295628778558054,0.4462809917355372,0.5371900826446281,0.4628099173553719,41.21487603305785,-0.01188191257681276
exp2_np27_rho015_alpha2,27,0.15,2,167,135,0.01845675006444367,-0.0003524202142610733,0.5037593984962406,0.5338345864661654,0.46616541353383456,41.12781954887218,-0.026020953076364237
exp2_np27_rho015_alpha2,27,0.15,2,168,114,0.021935330608020838,-0.011071794205453678,0.5945945945945946,0.5315315315315315,0.46846846846846846,42.62162162162162,0.22402643943726744
exp2_np27_rho015_alpha2,27,0.15,2,170,127,0.014568579411518033,5.1806927099384836e-05,0.5,0.4444444444444444,0.5555555555555556,41.82539682539682,0.043695286734057266
exp2_np27_rho015_alpha2,27,0.15,2,172,135,0.03525109374450507,-0.004370829226133743,0.5263157894736842,0.518796992481203,0.48120300751879697,43.17293233082707,-0.06284465490545352
exp2_np27_rho015_alpha2,27,0.15,2,171,125,0.029255371274261338,0.014094304677990444,0.4596774193548387,0.5483870967741935,0.45161290322580644,41.814516129032256,0.06689164979522202
exp2_np27_rho015_alpha2,27,0.15,2,169,133,0.02326707350928158,0.003459538582772037,0.4461538461538462,0.4153846153846154,0.5846153846153846,46.55384615384615,-0.09973232958979562
exp2_np27_rho015_alpha2,27,0.15,2,173,118,0.04203733667534674,0.009746925420452524,0.46551724137931033,0.49137931034482757,0.5086206896551724,46.3448275862069,-0.18102326062573268
exp2_np27_rho015_alpha2,27,0.15,2,175,131,0.02307122351646682,0.007579013795236733,0.4153846153846154,0.5230769230769231,0.47692307692307695,40.11538461538461,0.058988215325286884
exp2_np27_rho015_alpha2,27,0.15,2,174,136,0.04781745638391716,0.0026523024930011907,0.47761194029850745,0.5522388059701493,0.44776119402985076,36.30597014925373,-0.09667203852184773
exp2_np27_rho015_alpha2,27,0.15,2,177,136,0.016904905466104434,0.005339221733849264,0.4666666666666667,0.45185185185185184,0.5481481481481482,40.629629629629626,0.07457949285945518
exp2_np27_rho015_alpha2,27,0.15,2,176,137,0.03281421831091342,0.023824825373711,0.37037037037037035,0.5481481481481482,0.45185185185185184,35.02962962962963,-0.11312280293343743
exp2_np27_rho015_alpha2,27,0.15,2,178,127,0.02595533467724153,0.011380341871122468,0.45901639344262296,0.5409836065573771,0.45901639344262296,38.877049180327866,0.030733217953352696
exp2_np27_rho015_alpha2,27,0.15,2,179,149,0.012782110747396512,-6.337650867482836e-05,0.5034013605442177,0.5034013605442177,0.4965986394557823,38.19047619047619,0.17026276717170774
exp2_np27_rho015_alpha2,27,0.15,2,180,131,0.019622524914508954,0.010249013172892063,0.48031496062992124,0.48031496062992124,0.5196850393700787,40.118110236220474,0.1064868010933981
exp2_np27_rho015_alpha2,27,0.15,2,183,137,0.02994996077484623,0.00023841980212502278,0.4962962962962963,0.4962962962962963,0.5037037037037037,34.925925925925924,0.02187007811795488
exp2_np27_rho015_alpha2,27,0.15,2,181,138,0.03358626299708178,0.0019278487663578758,0.47761194029850745,0.5373134328358209,0.4626865671641791,32.649253731343286,-0.13777444551698273
exp2_np27_rho015_alpha2,27,0.15,2,182,119,0.032518572989233344,0.013186897717106127,0.4260869565217391,0.45217391304347826,0.5478260869565217,47.81739130434783,0.01659307882428037
exp2_np27_rho015_alpha2,27,0.15,2,184,144,0.007482860318287543,-0.004078872902206321,0.5035460992907801,0.48936170212765956,0.5106382978723404,42.255319148936174,0.05959348098861485
exp2_np27_rho015_alpha2,27,0.15,2,185,124,0.02587593309461718,-0.001581377798239636,0.5371900826446281,0.4380165289256198,0.5619834710743802,42.16528925619835,0.03577057810199455
exp2_np27_rho015_alpha2,27,0.15,2,186,128,0.024120500970716413,0.00540133902859008,0.4634146341463415,0.44715447154471544,0.5528455284552846,42.28455284552845,0.08814645832534833
exp2_np27_rho015_alpha2,27,0.15,2,188,127,0.01562665505475683,0.020335030043233004,0.384,0.536,0.464,39.808,0.11376524085332225
exp2_np27_rho015_alpha2,27,0.15,2,187,125,0.03147024331572214,-0.0025654979177121007,0.5245901639344263,0.5737704918032787,0.4262295081967213,40.72950819672131,-0.038480337361725125
exp2_np27_rho015_alpha2,27,0.15,2,189,135,0.011379422231513982,-0.001091983839909716,0.553030303030303,0.5,0.5,41.14393939393939,0.08943837821405425
exp2_np27_rho015_alpha2,27,0.15,2,190,113,0.03422864298194408,-0.00585461654419106,0.5545454545454546,0.43636363636363634,0.5636363636363636,38.67272727272727,0.0027554428466593
exp2_np27_rho015_alpha2,27,0.15,2,192,120,0.018946864466944255,-0.003424423305727675,0.5083333333333333,0.36666666666666664,0.6333333333333333,38.875,0.03355608025046815
exp2_np27_rho015_alpha2,27,0.15,2,191,135,0.02578791390426752,-0.012254192640198891,0.5681818181818182,0.6060606060606061,0.3939393939393939,37.015151515151516,0.04151726371468429
exp2_np27_rho015_alpha2,27,0.15,2,193,130,0.03154459049492515,0.002015303835023019,0.49206349206349204,0.5238095238095238,0.47619047619047616,36.523809523809526,0.05412756065729454
exp2_np27_rho015_alpha2,27,0.15,2,194,137,0.05286692473312526,0.010752998265441072,0.48507462686567165,0.5149253731343284,0.48507462686567165,36.61940298507463,-0.18905036273533576
exp2_np27_rho015_alpha2,27,0.15,2,195,126,0.03506830871538721,0.0017289796793682477,0.4838709677419355,0.5645161290322581,0.43548387096774194,40.75806451612903,-0.017883981573877532
exp2_np27_rho015_alpha2,27,0.15,2,196,141,0.01529970547090228,-0.004832337045985291,0.539568345323741,0.5539568345323741,0.4460431654676259,37.280575539568346,0.16318814081420865
exp2_np27_rho015_alpha2,27,0.15,2,197,135,0.02540004013706162,0.013744429357912757,0.4772727272727273,0.49242424242424243,0.5075757575757576,37.92424242424242,-0.0036898010503080034
exp2_np27_rho015_alpha2,27,0.15,2,198,132,0.029337902946786606,0.0034698404539268424,0.4696969696969697,0.6363636363636364,0.36363636363636365,44.93939393939394,0.09576063855361486
exp2_np27_rho015_alpha2,27,0.15,2,199,142,0.03268889019072551,0.013405271588140977,0.4460431654676259,0.38848920863309355,0.6115107913669064,41.81294964028777,-0.03341973856399155
exp2_np27_rho015_alpha5,27,0.15,5,13,105,0.024984942230088403,0.012057246754793471,0.4519230769230769,0.5480769230769231,0.4519230769230769,39.61538461538461,0.11224318209144372
exp2_np27_rho015_alpha5,27,0.15,5,0,116,0.023998543339194704,0.005382431484485917,0.4396551724137931,0.5344827586206896,0.46551724137931033,34.37931034482759,-0.06159598326603103
exp2_np27_rho015_alpha5,27,0.15,5,1,94,0.0530328505058023,0.017304214012230368,0.425531914893617,0.6276595744680851,0.3723404255319149,41.638297872340424,-0.1317983972925156
exp2_np27_rho015_alpha5,27,0.15,5,5,117,0.05793031782611349,0.007308996005673585,0.42735042735042733,0.5042735042735043,0.49572649572649574,34.36752136752137,-0.16975479435580187
exp2_np27_rho015_alpha5,27,0.15,5,7,114,0.04679544597059934,0.03412448808900859,0.415929203539823,0.5663716814159292,0.4336283185840708,46.557522123893804,-0.21315112201982908
exp2_np27_rho015_alpha5,27,0.15,5,9,119,0.02817391366246586,0.004368293325033967,0.423728813559322,0.4915254237288136,0.5084745762711864,41.44915254237288,0.035431575194234975
exp2_np27_rho015_alpha5,27,0.15,5,2,118,0.023399708352733563,0.0034020114429216264,0.48717948717948717,0.5042735042735043,0.49572649572649574,36.1025641025641,0.09605289893481213
exp2_np27_rho015_alpha5,27,0.15,5,3,107,0.031554166844624434,-0.007844167910892708,0.5288461538461539,0.5673076923076923,0.4326923076923077,39.09615384615385,-0.059736343123218
exp2_np27_rho015_alpha5,27,0.15,5,6,131,0.050419490242568206,-0.003677192142081509,0.5076923076923077,0.5307692307692308,0.46923076923076923,37.46923076923077,-0.03089672000822019
exp2_np27_rho015_alpha5,27,0.15,5,10,125,0.04682553577808294,0.013101627761719747,0.3983739837398374,0.4715447154471545,0.5284552845528455,37.31707317073171,-0.1666203560812153
exp2_np27_rho015_alpha5,27,0.15,5,11,119,0.042655822184255086,0.013594783268822574,0.4051724137931034,0.5344827586206896,0.46551724137931033,35.25,-0.15189065914619074
exp2_np27_rho015_alpha5,27,0.15,5,8,101,0.0631481654787968,0.03368924133830653,0.34,0.48,0.52,42.98,-0.1270123958216627
exp2_np27_rho015_alpha5,27,0.15,5,15,111,0.042274589434163914,-0.004428171187984109,0.5454545454545454,0.6272727272727273,0.37272727272727274,41.64545454545455,-0.09788153318336038
exp2_np27_rho015_alpha5,27,0.15,5,12,105,0.04984890018523102,0.007121480928625523,0.44660194174757284,0.5242718446601942,0.47572815533980584,33.50485436893204,-0.09906911390620772
exp2_np27_rho015_alpha5,27,0.15,5,14,101,0.030500215377734823,-0.002102814349868254,0.5353535353535354,0.40404040404040403,0.5959595959595959,33.41414141414141,0.16072347763846967
exp2_np27_rho015_alpha5,27,0.15,5,4,111,0.04290942974317125,0.011110731289337039,0.44036697247706424,0.3486238532110092,0.6513761467889908,37.37614678899082,0.20298289728973762
exp2_np27_rho015_alpha5,27,0.15,5,17,110,0.017573598704882055,0.004222743360317693,0.4485981308411215,0.4392523364485981,0.5607476635514018,34.89719626168224,0.124930679190698
exp2_np27_rho015_alpha5,27,0.15,5,18,100,0.03582847411945779,-0.006266317142753941,0.5050505050505051,0.4444444444444444,0.5555555555555556,42.656565656565654,0.12733391084844692
exp2_np27_rho015_alpha5,27,0.15,5,16,111,0.04201140968273157,0.029188923481168416,0.36363636363636365,0.6636363636363637,0.33636363636363636,38.90909090909091,-0.07085233346984199
exp2_np27_rho015_alpha5,27,0.15,5,19,118,0.037840710402857025,-0.01040957834370726,0.5299145299145299,0.5042735042735043,0.49572649572649574,44.34188034188034,-0.08117417587871376
exp2_np27_rho015_alpha5,27,0.15,5,22,127,0.047042714919311064,0.01736943389184109,0.4596774193548387,0.47580645161290325,0.5241935483870968,39.82258064516129,-0.23289579150065362
exp2_np27_rho015_alpha5,27,0.15,5,20,97,0.042356136427575276,-0.008312599056818915,0.5520833333333334,0.5208333333333334,0.4791666666666667,33.791666666666664,-0.027411567994047207
exp2_np27_rho015_alpha5,27,0.15,5,24,105,0.03808769228218274,0.006174402761967013,0.47115384615384615,0.47115384615384615,0.5288461538461539,36.11538461538461,0.09763034867348142
exp2_np27_rho015_alpha5,27,0.15,5,21,103,0.032877380175543036,0.002792215503774731,0.47,0.6,0.4,32.53,-0.13975884456784865
exp2_np27_rho015_alpha5,27,0.15,5,23,121,0.03195104163736589,-0.007239038085750771,0.5041322314049587,0.4380165289256198,0.5619834710743802,43.48760330578512,-0.06839548476273277
exp2_np27_rho015_alpha5,27,0.15,5,27,117,0.057725453235606,0.010460527327456504,0.4396551724137931,0.5431034482758621,0.45689655172413796,38.63793103448276,-0.08605983801972579
exp2_np27_rho015_alpha5,27,0.15,5,25,118,0.040853338209438705,0.011810074681731564,0.46153846153846156,0.5641025641025641,0.4358974358974359,36.94017094017094,-0.04245641774625072
exp2_np27_rho015_alpha5,27,0.15,5,26,112,0.02829320898163579,0.009444491209053218,0.4774774774774775,0.5855855855855856,0.4144144144144144,42.18018018018018,-0.031058003745450268
exp2_np27_rho015_alpha5,27,0.15,5,28,94,0.031028625551752474,-0.01098459168456678,0.5161290322580645,0.6021505376344086,0.3978494623655914,40.11827956989247,-0.016910843274098496
exp2_np27_rho015_alpha5,27,0.15,5,30,117,0.047003166592336124,0.022557258219787713,0.4188034188034188,0.5128205128205128,0.48717948717948717,32.64102564102564,-0.1257318696636948
exp2_np27_rho015_alpha5,27,0.15,5,29,117,0.015529374775220692,-0.006996215647944837,0.5172413793103449,0.5689655172413793,0.43103448275862066,38.23275862068966,0.07763406754852584
exp2_np27_rho015_alpha5,27,0.15,5,31,123,0.026248578852442278,-0.005865850066833822,0.5491803278688525,0.4918032786885246,0.5081967213114754,38.08196721311475,0.09874265949545087
exp2_np27_rho015_alpha5,27,0.15,5,33,107,0.018619452775794975,0.006538238705873667,0.4666666666666667,0.41904761904761906,0.580952380952381,33.628571428571426,-0.0038933778296540485
exp2_np27_rho015_alpha5,27,0.15,5,32,104,0.03339413380203967,0.008052243371157175,0.47572815533980584,0.4563106796116505,0.5436893203883495,34.679611650485434,-0.09055627514201436
exp2_np27_rho015_alpha5,27,0.15,5,34,110,0.04221536722257005,0.0053273573980652245,0.48623853211009177,0.44954128440366975,0.5504587155963303,39.25688073394495,-0.04992307491082605
exp2_np27_rho015_alpha5,27,0.15,5,35,112,0.03735206116769649,0.014611543564117646,0.36936936936936937,0.5495495495495496,0.45045045045045046,39.45945945945946,0.03278476666312934
exp2_np27_rho015_alpha5,27,0.15,5,36,107,0.02173420245437295,0.00339902334193809,0.48598130841121495,0.514018691588785,0.48598130841121495,39.2803738317757,0.12509687340742728
exp2_np27_rho015_alpha5,27,0.15,5,39,115,0.022662413443020918,-0.001134908647549615,0.504424778761062,0.5663716814159292,0.4336283185840708,40.5929203539823,0.10534519955086252
exp2_np27_rho015_alpha5,27,0.15,5,37,105,-0.004399910726121319,-0.00762240056168384,0.5769230769230769,0.4423076923076923,0.5576923076923077,47.19230769230769,0.16798035115184157
exp2_np27_rho015_alpha5,27,0.15,5,40,94,0.0373981418331839,0.0035807771562739177,0.4838709677419355,0.4731182795698925,0.5268817204301075,36.16129032258065,0.08082906916691375
exp2_np27_rho015_alpha5,27,0.15,5,38,116,0.03937698347423645,0.012274487969786918,0.4298245614035088,0.5789473684210527,0.42105263157894735,35.81578947368421,0.03475435676471136
exp2_np27_rho015_alpha5,27,0.15,5,41,116,0.04188784502315923,0.024621817030243243,0.33043478260869563,0.5304347826086957,0.46956521739130436,41.14782608695652,-0.14425319529888192
exp2_np27_rho015_alpha5,27,0.15,5,42,103,0.03882215334613079,0.0014321696074799384,0.5,0.49019607843137253,0.5098039215686274,45.0,-0.004526126682006104
exp2_np27_rho015_alpha5,27,0.15,5,43,131,0.04274332978881631,0.017130303896309762,0.4230769230769231,0.5384615384615384,0.46153846153846156,35.44615384615385,-0.08332882333439176
exp2_np27_rho015_alpha5,27,0.15,5,46,121,0.025471478426049226,-0.007242074979759039,0.5294117647058824,0.453781512605042,0.5462184873949579,35.52100840336134,0.005882169045507777
exp2_np27_rho015_alpha5,27,0.15,5,44,117,0.02598437189176702,0.0033825948439369924,0.4473684210526316,0.5175438596491229,0.4824561403508772,43.04385964912281,0.017015068508703903
exp2_np27_rho015_alpha5,27,0.15,5,45,111,0.02626678820455361,0.0017014992644481808,0.4818181818181818,0.5909090909090909,0.4090909090909091,32.736363636363635,0.0001248391389669444
exp2_np27_rho015_alpha5,27,0.15,5,47,100,0.04221877943693016,0.01604267300425999,0.43434343434343436,0.3838383838383838,0.6161616161616161,43.343434343434346,-0.026315573809001912
exp2_np27_rho015_alpha5,27,0.15,5,48,100,0.03253299906346303,0.005162580258201821,0.4444444444444444,0.5252525252525253,0.47474747474747475,39.888888888888886,-0.08194206487358226
exp2_np27_rho015_alpha5,27,0.15,5,49,120,0.05467191498246654,0.029830924835306583,0.3277310924369748,0.5882352941176471,0.4117647058823529,38.42016806722689,-0.16238529500067161
exp2_np27_rho015_alpha5,27,0.15,5,50,94,0.04374237935892065,-0.004249860551508888,0.5053763440860215,0.44086021505376344,0.5591397849462365,39.634408602150536,-0.11941324248724569
exp2_np27_rho015_alpha5,27,0.15,5,51,119,0.04198682519777484,0.018327023196876624,0.41739130434782606,0.5739130434782609,0.4260869565217391,43.74782608695652,-0.0599709718097518
exp2_np27_rho015_alpha5,27,0.15,5,54,110,0.04136939734982524,-0.01293187495357273,0.5963302752293578,0.5412844036697247,0.45871559633027525,33.60550458715596,-0.061091654611631324
exp2_np27_rho015_alpha5,27,0.15,5,53,94,0.037167536255677265,0.011010712519707422,0.40217391304347827,0.5543478260869565,0.44565217391304346,43.77173913043478,-0.011392247600637458
exp2_np27_rho015_alpha5,27,0.15,5,56,99,0.035151297551963556,-0.009709970431367232,0.5555555555555556,0.41414141414141414,0.5858585858585859,38.38383838383838,-0.01897697870646918
exp2_np27_rho015_alpha5,27,0.15,5,52,134,0.023623664734222456,-0.016313116270167072,0.6090225563909775,0.5338345864661654,0.46616541353383456,32.142857142857146,0.0075134175981074235
exp2_np27_rho015_alpha5,27,0.15,5,55,121,0.042767491301410054,0.007214237974447535,0.46218487394957986,0.5798319327731093,0.42016806722689076,42.79831932773109,-0.1462532063697724
exp2_np27_rho015_alpha5,27,0.15,5,57,124,0.023137009225212588,0.004254776016334283,0.4918032786885246,0.5491803278688525,0.45081967213114754,39.942622950819676,0.18202490654165251
exp2_np27_rho015_alpha5,27,0.15,5,58,126,0.037737190196570285,0.004852063562454045,0.4523809523809524,0.5793650793650794,0.42063492063492064,35.98412698412698,0.046008727378770285
exp2_np27_rho015_alpha5,27,0.15,5,59,93,0.03848779892517423,0.007805613517830601,0.45161290322580644,0.4731182795698925,0.5268817204301075,41.98924731182796,-0.2403890165740372
exp2_np27_rho015_alpha5,27,0.15,5,60,105,0.05257211693271036,0.004913827518866931,0.4854368932038835,0.5533980582524272,0.44660194174757284,36.83495145631068,-0.19349603968665313
exp2_np27_rho015_alpha5,27,0.15,5,62,110,0.028494660521689683,0.005717654462965793,0.45454545454545453,0.5818181818181818,0.41818181818181815,38.75454545454546,-0.02802926560693135
exp2_np27_rho015_alpha5,27,0.15,5,61,101,0.039648932821602846,0.015956225864252715,0.42,0.61,0.39,39.55,-0.016841297496446292
exp2_np27_rho015_alpha5,27,0.15,5,63,115,0.04405956725620048,0.0038740246170267945,0.4649122807017544,0.543859649122807,0.45614035087719296,38.91228070175438,0.011208739730977451
exp2_np27_rho015_alpha5,27,0.15,5,64,103,0.052723765365114104,0.02563936106761755,0.39215686274509803,0.5490196078431373,0.45098039215686275,41.05882352941177,-0.09724113104480674
exp2_np27_rho015_alpha5,27,0.15,5,65,116,0.0601958616818607,0.01701474326281094,0.4051724137931034,0.49137931034482757,0.5086206896551724,41.38793103448276,-0.10091284384857563
exp2_np27_rho015_alpha5,27,0.15,5,66,120,0.03768243138137772,0.01100608673082526,0.42016806722689076,0.42857142857142855,0.5714285714285714,37.04201680672269,0.03171473263556396
exp2_np27_rho015_alpha5,27,0.15,5,69,131,0.01923707577883211,-0.01318916100949341,0.5461538461538461,0.43846153846153846,0.5615384615384615,41.4,0.10870990590421763
exp2_np27_rho015_alpha5,27,0.15,5,70,111,0.027606376049690736,0.01051375304115787,0.4090909090909091,0.5272727272727272,0.4727272727272727,38.45454545454545,-0.028104192338222637
exp2_np27_rho015_alpha5,27,0.15,5,68,109,0.04649890258720621,0.001284252413274789,0.49074074074074076,0.6111111111111112,0.3888888888888889,38.76851851851852,-0.17467655767608342
exp2_np27_rho015_alpha5,27,0.15,5,67,118,0.05000673013810619,0.02685010012178335,0.3793103448275862,0.5258620689655172,0.47413793103448276,46.28448275862069,-0.04001182437109678
exp2_np27_rho015_alpha5,27,0.15,5,72,123,0.02690215252075919,0.003795809419406382,0.4297520661157025,0.6115702479338843,0.3884297520661157,41.099173553719005,0.011562515051337426
exp2_np27_rho015_alpha5,27,0.15,5,73,108,0.029040775536877984,-0.00021226142867281084,0.5046728971962616,0.4766355140186916,0.5233644859813084,42.981308411214954,0.13130133225107027
exp2_np27_rho015_alpha5,27,0.15,5,74,106,0.01695446585141194,0.0066923777075191815,0.4811320754716981,0.5094339622641509,0.49056603773584906,37.27358490566038,0.22627014694506462
exp2_np27_rho015_alpha5,27,0.15,5,71,106,0.03416032763778802,0.0100307382140441,0.47619047619047616,0.5142857142857142,0.4857142857142857,38.60952380952381,-0.0656101082277634
exp2_np27_rho015_alpha5,27,0.15,5,76,128,0.007814230617570908,-0.019062113543394155,0.6349206349206349,0.49206349206349204,0.5079365079365079,30.738095238095237,0.13287760442523114
exp2_np27_rho015_alpha5,27,0.15,5,75,117,0.053768321247223506,0.00290428894116479,0.49137931034482757,0.49137931034482757,0.5086206896551724,38.08620689655172,-0.159010587094992
exp2_np27_rho015_alpha5,27,0.15,5,77,117,0.022593352046975174,0.012476402462392677,0.4434782608695652,0.4434782608695652,0.5565217391304348,45.93043478260869,0.1711790334395352
exp2_np27_rho015_alpha5,27,0.15,5,78,126,0.02741007624803194,0.007620860975910304,0.4634146341463415,0.5853658536585366,0.4146341463414634,37.05691056910569,-0.004553589852903414
exp2_np27_rho015_alpha5,27,0.15,5,79,123,0.022317586769987793,1.8235175620606725e-05,0.5,0.5737704918032787,0.4262295081967213,37.50819672131148,-0.04397480727896954
exp2_np27_rho015_alpha5,27,0.15,5,80,111,0.03916827816767905,-0.003092041387607658,0.5321100917431193,0.5871559633027523,0.41284403669724773,42.36697247706422,-0.15193789713592598
exp2_np27_rho015_alpha5,27,0.15,5,81,98,0.037182482805234784,0.004962065370333946,0.4639175257731959,0.6082474226804123,0.3917525773195876,35.95876288659794,0.0973675329330024
exp2_np27_rho015_alpha5,27,0.15,5,82,109,0.04622456919802,0.019600110991473407,0.40186915887850466,0.5887850467289719,0.411214953271028,40.598130841121495,-0.012657950927723972
exp2_np27_rho015_alpha5,27,0.15,5,85,116,0.039588582396660014,0.011705439020501807,0.4051724137931034,0.5603448275862069,0.4396551724137931,41.0948275862069,-0.07413826467485328
exp2_np27_rho015_alpha5,27,0.15,5,86,112,0.021695682753239343,0.003928983914350148,0.4909090909090909,0.43636363636363634,0.5636363636363636,35.263636363636365,0.17274088701367216
exp2_np27_rho015_alpha5,27,0.15,5,84,100,0.03161857448048612,0.005577325467548633,0.48484848484848486,0.5252525252525253,0.47474747474747475,41.505050505050505,-0.03287762409695791
exp2_np27_rho015_alpha5,27,0.15,5,83,100,0.026094894279041683,-0.0026364766596458367,0.5353535353535354,0.6666666666666666,0.3333333333333333,46.01010101010101,0.11726337463357228
exp2_np27_rho015_alpha5,27,0.15,5,87,113,0.07184569986032398,0.0106631568474711,0.42857142857142855,0.6607142857142857,0.3392857142857143,46.69642857142857,-0.15647512458294077
exp2_np27_rho015_alpha5,27,0.15,5,88,119,0.0003763084001650848,-0.018719520446852655,0.5555555555555556,0.5299145299145299,0.4700854700854701,43.82051282051282,0.14922403358625214
exp2_np27_rho015_alpha5,27,0.15,5,90,121,0.024406208828141433,-0.0010584014780787854,0.5166666666666667,0.45,0.55,39.7,0.11675073621802652
exp2_np27_rho015_alpha5,27,0.15,5,89,116,0.02403946609660198,-0.0021653905268248508,0.5221238938053098,0.49557522123893805,0.504424778761062,41.203539823008846,0.03574843149218262
exp2_np27_rho015_alpha5,27,0.15,5,92,126,0.02295437483807773,0.01755399037377492,0.45161290322580644,0.532258064516129,0.46774193548387094,38.064516129032256,-0.01265312410842499
exp2_np27_rho015_alpha5,27,0.15,5,91,132,0.03795029414397467,0.014465296335002265,0.4198473282442748,0.5343511450381679,0.46564885496183206,45.57251908396947,0.06830259389378128
exp2_np27_rho015_alpha5,27,0.15,5,93,114,0.04337114143879214,0.0010005552276961538,0.4778761061946903,0.5132743362831859,0.48672566371681414,39.26548672566372,-0.1446164137828961
exp2_np27_rho015_alpha5,27,0.15,5,94,124,0.045219444826179754,0.01984869309912618,0.3629032258064516,0.46774193548387094,0.532258064516129,38.45161290322581,-0.025662680097169013
exp2_np27_rho015_alpha5,27,0.15,5,95,102,0.03891649797485257,0.008476002862053633,0.45544554455445546,0.49504950495049505,0.504950495049505,43.51485148514851,-0.1134875059249713
exp2_np27_rho015_alpha5,27,0.15,5,96,119,0.02030415138442476,-0.020262135421279304,0.5932203389830508,0.5169491525423728,0.4830508474576271,40.32203389830509,-0.059720118240708435
exp2_np27_rho015_alpha5,27,0.15,5,97,110,0.020878865971157925,0.011937017169822539,0.41284403669724773,0.5229357798165137,0.47706422018348627,38.091743119266056,0.14224796692751948
exp2_np27_rho015_alpha5,27,0.15,5,98,118,0.039610297351312135,0.03824643227026536,0.3706896551724138,0.5344827586206896,0.46551724137931033,41.12931034482759,-0.040989911993353015
exp2_np27_rho015_alpha5,27,0.15,5,99,107,0.014834583038039901,0.0021147053749537292,0.47619047619047616,0.6476190476190476,0.3523809523809524,39.79047619047619,0.17623217940310884
exp2_np27_rho015_alpha5,27,0.15,5,100,121,0.046007867516092836,0.0027687393563065044,0.4628099173553719,0.5289256198347108,0.47107438016528924,33.02479338842975,-0.007018267477062986
exp2_np27_rho015_alpha5,27,0.15,5,101,114,0.030965860599304958,0.01321135651776073,0.4298245614035088,0.5087719298245614,0.49122807017543857,39.921052631578945,-0.06316794931910073
exp2_np27_rho015_alpha5,27,0.15,5,103,121,0.036537757961389666,0.01909860369176597,0.4406779661016949,0.5084745762711864,0.4915254237288136,54.940677966101696,0.04059969488166799
exp2_np27_rho015_alpha5,27,0.15,5,102,123,0.04825340948912151,0.015369649905765392,0.45081967213114754,0.38524590163934425,0.6147540983606558,34.032786885245905,-0.012674847827362598
exp2_np27_rho015_alpha5,27,0.15,5,104,127,0.05570372664832436,0.011671675876200993,0.4330708661417323,0.5039370078740157,0.49606299212598426,41.125984251968504,-0.047158854827359
exp2_np27_rho015_alpha5,27,0.15,5,106,109,0.03391704397233969,-0.008493936066516383,0.5229357798165137,0.47706422018348627,0.5229357798165137,34.45871559633027,-0.03742413823463669
exp2_np27_rho015_alpha5,27,0.15,5,108,107,0.019872781032269415,-0.007116685316402638,0.5192307692307693,0.46153846153846156,0.5384615384615384,39.25,0.13390915924690788
exp2_np27_rho015_alpha5,27,0.15,5,107,95,0.047793430483067015,0.011750762909970458,0.425531914893617,0.4787234042553192,0.5212765957446809,38.41489361702128,-0.23426173149972176
exp2_np27_rho015_alpha5,27,0.15,5,109,115,0.03055632573468155,0.014398931608830878,0.36607142857142855,0.5357142857142857,0.4642857142857143,34.0625,0.2231254307702019
exp2_np27_rho015_alpha5,27,0.15,5,105,112,0.03943801107354435,0.01648093555699992,0.44642857142857145,0.5267857142857143,0.4732142857142857,37.19642857142857,-0.028438179406076097
exp2_np27_rho015_alpha5,27,0.15,5,110,118,0.017585378535337887,0.009859579480259839,0.46956521739130436,0.5478260869565217,0.45217391304347826,37.29565217391304,-0.008990094061551998
exp2_np27_rho015_alpha5,27,0.15,5,111,116,0.04007284874566867,-0.0027476956002638886,0.5175438596491229,0.5701754385964912,0.4298245614035088,44.90350877192982,-0.16102970079051598
exp2_np27_rho015_alpha5,27,0.15,5,112,130,0.04234330244735096,0.013033061215089958,0.4765625,0.5859375,0.4140625,33.921875,0.00028157362368670956
exp2_np27_rho015_alpha5,27,0.15,5,113,102,0.039698651871220576,0.0012078828725807789,0.49,0.46,0.54,36.61,-0.20828584637354014
exp2_np27_rho015_alpha5,27,0.15,5,114,103,0.04167442032104247,-0.011520794199346263,0.5742574257425742,0.45544554455445546,0.5445544554455446,30.821782178217823,-0.015596844451847615
exp2_np27_rho015_alpha5,27,0.15,5,116,135,0.056187188152805635,0.0247899074609772,0.3880597014925373,0.5223880597014925,0.47761194029850745,32.44776119402985,-0.17614956969434842
exp2_np27_rho015_alpha5,27,0.15,5,117,119,0.03481092401229467,0.0008012060128463894,0.4827586206896552,0.4827586206896552,0.5172413793103449,36.508620689655174,0.019607387984404884
exp2_np27_rho015_alpha5,27,0.15,5,115,111,0.03177378298012126,0.012122937800486788,0.4774774774774775,0.5585585585585585,0.44144144144144143,36.387387387387385,0.027108881029403772
exp2_np27_rho015_alpha5,27,0.15,5,118,116,0.037413662363536423,0.008486664911676822,0.42105263157894735,0.4824561403508772,0.5175438596491229,38.89473684210526,-0.03844800243329696
exp2_np27_rho015_alpha5,27,0.15,5,120,107,0.03168736529204716,0.008978385132256683,0.41904761904761906,0.6,0.4,42.27619047619048,0.09336983336574138
exp2_np27_rho015_alpha5,27,0.15,5,119,113,0.01417437766670945,0.010045323866414435,0.4732142857142857,0.5089285714285714,0.49107142857142855,38.517857142857146,0.0048922258867784875
exp2_np27_rho015_alpha5,27,0.15,5,122,116,0.023743001851585618,-0.0034548880933868986,0.5132743362831859,0.5221238938053098,0.4778761061946903,39.584070796460175,0.1359786732921297
exp2_np27_rho015_alpha5,27,0.15,5,121,113,0.05854888133885044,0.003316662637109502,0.4732142857142857,0.42857142857142855,0.5714285714285714,38.089285714285715,-0.09350771077751922
exp2_np27_rho015_alpha5,27,0.15,5,123,112,0.034564387722380845,0.0009233276976861049,0.4818181818181818,0.4818181818181818,0.5181818181818182,45.29090909090909,0.03664673428285304
exp2_np27_rho015_alpha5,27,0.15,5,125,126,0.05282069804772346,-0.003873628418519459,0.536,0.552,0.448,32.36,0.035690191852425925
exp2_np27_rho015_alpha5,27,0.15,5,124,120,0.03638706364348136,-0.00042740339198132915,0.5042735042735043,0.3418803418803419,0.6581196581196581,49.85470085470085,-0.09562667172896483
exp2_np27_rho015_alpha5,27,0.15,5,126,120,0.025914721517058682,-0.009923328200378112,0.576271186440678,0.423728813559322,0.576271186440678,37.30508474576271,0.11793550158683282
exp2_np27_rho015_alpha5,27,0.15,5,127,111,0.04469861735025997,0.00843353514433165,0.4636363636363636,0.509090909090909,0.4909090909090909,39.6,-0.02848428251961159
exp2_np27_rho015_alpha5,27,0.15,5,128,116,0.03017588526502469,0.0190775761883204,0.43478260869565216,0.5304347826086957,0.46956521739130436,35.73913043478261,-0.0401370561595546
exp2_np27_rho015_alpha5,27,0.15,5,129,120,0.03903508751221151,0.004888359646613161,0.48739495798319327,0.5126050420168067,0.48739495798319327,45.1764705882353,0.048863352629536005
exp2_np27_rho015_alpha5,27,0.15,5,130,107,0.02145731095282595,0.002217991351699755,0.5,0.5849056603773585,0.41509433962264153,41.339622641509436,0.02623237593254767
exp2_np27_rho015_alpha5,27,0.15,5,131,104,0.08185938231253444,0.023766834778554013,0.3883495145631068,0.4368932038834951,0.5631067961165048,40.44660194174757,-0.2351339911891431
exp2_np27_rho015_alpha5,27,0.15,5,133,96,0.0647018071012214,0.021279758399471937,0.425531914893617,0.5319148936170213,0.46808510638297873,38.659574468085104,-0.11003725184797941
exp2_np27_rho015_alpha5,27,0.15,5,132,138,0.03666373051307722,0.017831138040643957,0.41605839416058393,0.5547445255474452,0.44525547445255476,37.78102189781022,-0.04216618283366946
exp2_np27_rho015_alpha5,27,0.15,5,135,105,0.026089257270395,0.005510985764256127,0.49514563106796117,0.4077669902912621,0.5922330097087378,40.37864077669903,0.16356284785580022
exp2_np27_rho015_alpha5,27,0.15,5,134,96,0.038049054554648944,0.010943422074281006,0.4479166666666667,0.46875,0.53125,33.072916666666664,-0.11907852727190524
exp2_np27_rho015_alpha5,27,0.15,5,136,112,0.024463987694947564,0.013105568569647286,0.41964285714285715,0.5357142857142857,0.4642857142857143,39.6875,-0.001963198357206268
exp2_np27_rho015_alpha5,27,0.15,5,138,101,0.018261849662446126,-0.007955566281200532,0.5445544554455446,0.48514851485148514,0.5148514851485149,39.28712871287129,0.28107589755570656
exp2_np27_rho015_alpha5,27,0.15,5,137,126,0.032584815520434844,0.013712408331128856,0.424,0.6,0.4,36.832,-0.008588394286343129
exp2_np27_rho015_alpha5,27,0.15,5,140,98,0.02178227808120949,0.0098203049190011,0.4791666666666667,0.5208333333333334,0.4791666666666667,38.979166666666664,-0.04794412644055476
exp2_np27_rho015_alpha5,27,0.15,5,139,115,0.047824510659852396,0.00858343859665478,0.4778761061946903,0.4778761061946903,0.5221238938053098,36.7787610619469,-0.16899444551012005
exp2_np27_rho015_alpha5,27,0.15,5,141,104,0.027319675744315552,-0.004670229006999982,0.5145631067961165,0.5339805825242718,0.46601941747572817,38.067961165048544,-0.09797531832510845
exp2_np27_rho015_alpha5,27,0.15,5,142,115,0.045191385442735856,0.003986128773338926,0.45132743362831856,0.5575221238938053,0.4424778761061947,47.10619469026549,0.010948412007232435
exp2_np27_rho015_alpha5,27,0.15,5,143,101,0.054200718375597964,0.022335261002949025,0.42424242424242425,0.494949494949495,0.5050505050505051,44.656565656565654,-0.221285708764335
exp2_np27_rho015_alpha5,27,0.15,5,144,116,0.009773003703582462,-0.01335470983071474,0.543859649122807,0.543859649122807,0.45614035087719296,35.19298245614035,0.030694700299665218
exp2_np27_rho015_alpha5,27,0.15,5,147,107,0.024754415791087083,0.013858310739442992,0.4339622641509434,0.5660377358490566,0.4339622641509434,38.075471698113205,-0.08205263963871776
exp2_np27_rho015_alpha5,27,0.15,5,145,105,0.0497349127473579,0.015086874064901501,0.44761904761904764,0.5333333333333333,0.4666666666666667,37.06666666666667,-0.005351727293093487
exp2_np27_rho015_alpha5,27,0.15,5,149,106,0.024279676664223954,-0.01287485749210493,0.6095238095238096,0.42857142857142855,0.5714285714285714,42.59047619047619,0.08315920837968645
exp2_np27_rho015_alpha5,27,0.15,5,148,115,0.02898268178262155,-0.004015279816336204,0.5178571428571429,0.5,0.5,34.267857142857146,0.020994847292075697
exp2_np27_rho015_alpha5,27,0.15,5,146,104,0.039139153457358,0.01404144103945626,0.3942307692307692,0.5673076923076923,0.4326923076923077,36.02884615384615,0.059659708247576125
exp2_np27_rho015_alpha5,27,0.15,5,150,107,0.04258118832996808,0.024765282474337624,0.38095238095238093,0.44761904761904764,0.5523809523809524,39.2,-0.0015637649683451047
exp2_np27_rho015_alpha5,27,0.15,5,151,113,0.03253006858649089,0.013251250862431618,0.41964285714285715,0.5714285714285714,0.42857142857142855,30.705357142857142,0.0077199836187668925
exp2_np27_rho015_alpha5,27,0.15,5,153,120,0.052386971293185806,-0.026437230256765254,0.6083333333333333,0.5583333333333333,0.44166666666666665,35.96666666666667,-0.014013885614941766
exp2_np27_rho015_alpha5,27,0.15,5,154,118,0.032492997962986735,-0.0010114624478250178,0.5213675213675214,0.47863247863247865,0.5213675213675214,38.05128205128205,-0.04662574595900895
exp2_np27_rho015_alpha5,27,0.15,5,152,94,0.035052723832951216,0.007777478935241611,0.425531914893617,0.48936170212765956,0.5106382978723404,33.319148936170215,-0.11116637050861025
exp2_np27_rho015_alpha5,27,0.15,5,155,113,0.04122704476112326,-0.01812260286854528,0.5765765765765766,0.5315315315315315,0.46846846846846846,38.090090090090094,-0.074606868385757
exp2_np27_rho015_alpha5,27,0.15,5,156,136,0.002728148156963748,-0.015337164198935938,0.5514705882352942,0.5441176470588235,0.45588235294117646,38.470588235294116,0.26600133743087057
exp2_np27_rho015_alpha5,27,0.15,5,158,100,0.05477246227144834,0.002876281257766067,0.48,0.57,0.43,37.34,-0.14698883551488312
exp2_np27_rho015_alpha5,27,0.15,5,157,120,0.013863180094194766,0.01638561917570147,0.4152542372881356,0.3898305084745763,0.6101694915254238,39.95762711864407,0.06593986804413535
exp2_np27_rho015_alpha5,27,0.15,5,159,116,0.03889267249374398,0.017178731044972473,0.41739130434782606,0.46956521739130436,0.5304347826086957,44.7304347826087,-0.0037883879305947196
exp2_np27_rho015_alpha5,27,0.15,5,160,111,0.047345919800236856,-0.0015424124505183379,0.5,0.5545454545454546,0.44545454545454544,36.163636363636364,-0.11465178128278676
exp2_np27_rho015_alpha5,27,0.15,5,161,100,0.03796832184207627,-0.011697235189128907,0.54,0.38,0.62,34.6,0.028502278275950064
exp2_np27_rho015_alpha5,27,0.15,5,164,121,0.052401509124311955,-0.01054422778081543,0.5666666666666667,0.48333333333333334,0.5166666666666667,36.85,-0.14117072087561333
exp2_np27_rho015_alpha5,27,0.15,5,162,105,0.025915483007952565,0.010459592364123083,0.44660194174757284,0.5436893203883495,0.4563106796116505,34.786407766990294,0.08540712720888742
exp2_np27_rho015_alpha5,27,0.15,5,163,115,0.015792705734535006,-0.01248680233177435,0.5526315789473685,0.543859649122807,0.45614035087719296,38.29824561403509,-0.002299604111620394
exp2_np27_rho015_alpha5,27,0.15,5,165,136,0.03408939689833245,0.004406405697098492,0.49624060150375937,0.518796992481203,0.48120300751879697,36.278195488721806,0.0365411818962051
exp2_np27_rho015_alpha5,27,0.15,5,167,122,0.0412628769484637,0.0070483855855734134,0.4628099173553719,0.5702479338842975,0.4297520661157025,40.84297520661157,-0.18347217733129054
exp2_np27_rho015_alpha5,27,0.15,5,166,93,0.04670455645046791,0.010150361161274102,0.43478260869565216,0.532608695652174,0.4673913043478261,42.5,-0.1392713925862024
exp2_np27_rho015_alpha5,27,0.15,5,168,108,0.04947109039749046,0.012896320401308614,0.4716981132075472,0.4056603773584906,0.5943396226415094,36.14150943396226,-0.146609685409759
exp2_np27_rho015_alpha5,27,0.15,5,170,107,0.028469710697112387,0.006723852814566111,0.46226415094339623,0.44339622641509435,0.5566037735849056,37.4811320754717,-0.04306316170099747
exp2_np27_rho015_alpha5,27,0.15,5,169,119,0.031652938770073594,0.010649422851158885,0.4491525423728814,0.423728813559322,0.576271186440678,47.516949152542374,0.13518743221452226
exp2_np27_rho015_alpha5,27,0.15,5,171,117,0.020874696601902692,-0.0068209510197823064,0.5555555555555556,0.5470085470085471,0.452991452991453,39.23076923076923,-0.044541830204208925
exp2_np27_rho015_alpha5,27,0.15,5,172,122,0.03382302467449594,0.01789263313405076,0.371900826446281,0.49586776859504134,0.5041322314049587,35.62809917355372,-0.05900006181810214
exp2_np27_rho015_alpha5,27,0.15,5,173,123,0.043323441270263024,0.008752406846057159,0.47540983606557374,0.5409836065573771,0.45901639344262296,38.09836065573771,-0.027900158759784438
exp2_np27_rho015_alpha5,27,0.15,5,174,97,0.06566118911765645,0.00589971300551051,0.46808510638297873,0.5851063829787234,0.4148936170212766,38.5531914893617,-0.23012879050609802
exp2_np27_rho015_alpha5,27,0.15,5,175,117,0.03132355486562736,0.017403551720926558,0.41025641025641024,0.48717948717948717,0.5128205128205128,38.35042735042735,0.011919665643816782
exp2_np27_rho015_alpha5,27,0.15,5,176,112,0.02844403744069196,0.010463642544429774,0.4774774774774775,0.5585585585585585,0.44144144144144143,33.81981981981982,-0.13337491980539512
exp2_np27_rho015_alpha5,27,0.15,5,178,135,0.05435407984945962,-0.005430593319720067,0.5223880597014925,0.44029850746268656,0.5597014925373134,36.08955223880597,-0.07432178027825997
exp2_np27_rho015_alpha5,27,0.15,5,177,134,0.03669681203140257,0.0059681044803889804,0.4696969696969697,0.48484848484848486,0.5151515151515151,37.56818181818182,0.08641666897893742
exp2_np27_rho015_alpha5,27,0.15,5,179,97,0.01745208291469041,0.017580537617247316,0.3894736842105263,0.5263157894736842,0.47368421052631576,42.810526315789474,-0.05763567258464513
exp2_np27_rho015_alpha5,27,0.15,5,188,120,0.008141052887135894,-0.000349529698992157,0.5084745762711864,0.4406779661016949,0.559322033898305,34.567796610169495,0.18603877747449668
exp2_np27_rho015_alpha5,27,0.15,5,183,96,0.020153034103290796,8.356299898704123e-05,0.4791666666666667,0.5416666666666666,0.4583333333333333,35.520833333333336,-0.007049727232754297
exp2_np27_rho015_alpha5,27,0.15,5,185,113,0.040459723637540974,-0.0012185820485894894,0.5089285714285714,0.45535714285714285,0.5446428571428571,37.17857142857143,-0.14724991728886
exp2_np27_rho015_alpha5,27,0.15,5,186,99,0.021546774057232657,0.008453536282665652,0.45918367346938777,0.5306122448979592,0.46938775510204084,43.47959183673469,0.012374379138414332
exp2_np27_rho015_alpha5,27,0.15,5,184,104,0.01369795016312735,-0.0053918094982576825,0.5196078431372549,0.4215686274509804,0.5784313725490197,46.19607843137255,0.13132723829772766
exp2_np27_rho015_alpha5,27,0.15,5,182,116,0.03905870608849642,-0.0008851900174100535,0.5043478260869565,0.5043478260869565,0.4956521739130435,40.40869565217391,-0.07239730484314993
exp2_np27_rho015_alpha5,27,0.15,5,180,131,0.03321939297646497,0.006706801694759346,0.4153846153846154,0.5,0.5,34.51538461538462,0.04315845784262593
exp2_np27_rho015_alpha5,27,0.15,5,190,99,0.03497802083098816,0.007729938490876442,0.46938775510204084,0.5,0.5,38.275510204081634,-0.10002650171552765
exp2_np27_rho015_alpha5,27,0.15,5,181,102,0.0350071426112091,-0.02872708380633071,0.5742574257425742,0.5742574257425742,0.42574257425742573,35.20792079207921,0.023192620722768387
exp2_np27_rho015_alpha5,27,0.15,5,187,94,0.05167415105158149,-7.628001860382483e-06,0.5161290322580645,0.5161290322580645,0.4838709677419355,40.494623655913976,-0.16070592375303816
exp2_np27_rho015_alpha5,27,0.15,5,193,102,0.03418493181158212,0.0047986513297213484,0.49019607843137253,0.5098039215686274,0.49019607843137253,40.84313725490196,0.014875408402436105
exp2_np27_rho015_alpha5,27,0.15,5,191,105,0.022068048394652817,-0.004461671380021848,0.5480769230769231,0.4807692307692308,0.5192307692307693,39.42307692307692,0.16205454324429816
exp2_np27_rho015_alpha5,27,0.15,5,192,107,0.04725169864432406,-0.002353215557674204,0.514018691588785,0.4485981308411215,0.5514018691588785,34.953271028037385,-0.07428347823864978
exp2_np27_rho015_alpha5,27,0.15,5,189,127,0.049271143706570764,0.0037745517895921843,0.48412698412698413,0.42857142857142855,0.5714285714285714,40.15079365079365,-0.03583421808236753
exp2_np27_rho015_alpha5,27,0.15,5,194,108,0.045924113896658826,0.037249086571178314,0.3584905660377358,0.4811320754716981,0.5188679245283019,44.716981132075475,-0.17617895010667786
exp2_np27_rho015_alpha5,27,0.15,5,195,117,0.06363219914941096,0.016050387782104103,0.4,0.591304347826087,0.40869565217391307,38.46086956521739,-0.21172216507492284
exp2_np27_rho015_alpha5,27,0.15,5,197,116,0.031704086302508774,0.011215950361889604,0.4473684210526316,0.5263157894736842,0.47368421052631576,38.91228070175438,0.00790488568366257
exp2_np27_rho015_alpha5,27,0.15,5,198,113,0.06726701584737789,0.02067691151406148,0.4017857142857143,0.6339285714285714,0.36607142857142855,38.276785714285715,-0.147858969961895
exp2_np27_rho015_alpha5,27,0.15,5,196,109,0.0748262371917427,0.000391731893589764,0.5,0.5648148148148148,0.4351851851851852,39.2962962962963,-0.2165499378337338
exp2_np27_rho015_alpha5,27,0.15,5,199,114,0.034322106595622986,-0.014991135279601941,0.5877192982456141,0.4824561403508772,0.5175438596491229,46.40350877192982,-0.06331204337022167
exp2_np3_rho005_alpha10,3,0.05,10,8,0,,,,,,,
exp2_np3_rho005_alpha10,3,0.05,10,5,0,,,,,,,
exp2_np3_rho005_alpha10,3,0.05,10,6,0,,,,,,,
exp2_np3_rho005_alpha10,3,0.05,10,3,0,,,,,,,
exp2_np3_rho005_alpha10,3,0.05,10,4,0,,,,,,,
exp2_np3_rho005_alpha10,3,0.05,10,12,0,,,,,,,
exp2_np3_rho005_alpha10,3,0.05,10,7,0,,,,,,,
exp2_np3_rho005_alpha10,3,0.05,10,0,0,,,,,,,
exp2_np3_rho005_alpha10,3,0.05,10,2,0,,,,,,,
exp2_np3_rho005_alpha10,3,0.05,10,10,0,,,,,,,
exp2_np3_rho005_alpha10,3,0.05,10,13,0,,,,,,,
exp2_np3_rho005_alpha10,3,0.05,10,11,0,,,,,,,
exp2_np3_rho005_alpha10,3,0.05,10,1,0,,,,,,,
exp2_np3_rho005_alpha10,3,0.05,10,14,0,,,,,,,
exp2_np3_rho005_alpha10,3,0.05,10,9,0,,,,,,,
exp2_np3_rho005_alpha10,3,0.05,10,15,0,,,,,,,
exp2_np3_rho005_alpha10,3,0.05,10,20,0,,,,,,,
exp2_np3_rho005_alpha10,3,0.05,10,16,0,,,,,,,
exp2_np3_rho005_alpha10,3,0.05,10,18,0,,,,,,,
exp2_np3_rho005_alpha10,3,0.05,10,17,0,,,,,,,
exp2_np3_rho005_alpha10,3,0.05,10,19,0,,,,,,,
exp2_np3_rho005_alpha10,3,0.05,10,21,0,,,,,,,
exp2_np3_rho005_alpha10,3,0.05,10,22,0,,,,,,,
exp2_np3_rho005_alpha10,3,0.05,10,27,0,,,,,,,
exp2_np3_rho005_alpha10,3,0.05,10,24,0,,,,,,,
exp2_np3_rho005_alpha10,3,0.05,10,25,0,,,,,,,
exp2_np3_rho005_alpha10,3,0.05,10,28,0,,,,,,,
exp2_np3_rho005_alpha10,3,0.05,10,30,0,,,,,,,
exp2_np3_rho005_alpha10,3,0.05,10,23,0,,,,,,,
exp2_np3_rho005_alpha10,3,0.05,10,29,0,,,,,,,
exp2_np3_rho005_alpha10,3,0.05,10,26,0,,,,,,,
exp2_np3_rho005_alpha10,3,0.05,10,31,0,,,,,,,
exp2_np3_rho005_alpha10,3,0.05,10,33,0,,,,,,,
exp2_np3_rho005_alpha10,3,0.05,10,37,0,,,,,,,
exp2_np3_rho005_alpha10,3,0.05,10,35,0,,,,,,,
exp2_np3_rho005_alpha10,3,0.05,10,34,0,,,,,,,
exp2_np3_rho005_alpha10,3,0.05,10,32,0,,,,,,,
exp2_np3_rho005_alpha10,3,0.05,10,36,0,,,,,,,
exp2_np3_rho005_alpha10,3,0.05,10,39,0,,,,,,,
exp2_np3_rho005_alpha10,3,0.05,10,41,0,,,,,,,
exp2_np3_rho005_alpha10,3,0.05,10,38,0,,,,,,,
exp2_np3_rho005_alpha10,3,0.05,10,40,0,,,,,,,
exp2_np3_rho005_alpha10,3,0.05,10,42,0,,,,,,,
exp2_np3_rho005_alpha10,3,0.05,10,44,0,,,,,,,
exp2_np3_rho005_alpha10,3,0.05,10,43,0,,,,,,,
exp2_np3_rho005_alpha10,3,0.05,10,46,0,,,,,,,
exp2_np3_rho005_alpha10,3,0.05,10,45,0,,,,,,,
exp2_np3_rho005_alpha10,3,0.05,10,47,0,,,,,,,
exp2_np3_rho005_alpha10,3,0.05,10,49,0,,,,,,,
exp2_np3_rho005_alpha10,3,0.05,10,48,0,,,,,,,
exp2_np3_rho005_alpha10,3,0.05,10,51,0,,,,,,,
exp2_np3_rho005_alpha10,3,0.05,10,50,0,,,,,,,
exp2_np3_rho005_alpha10,3,0.05,10,52,0,,,,,,,
exp2_np3_rho005_alpha10,3,0.05,10,53,0,,,,,,,
exp2_np3_rho005_alpha10,3,0.05,10,55,0,,,,,,,
exp2_np3_rho005_alpha10,3,0.05,10,57,0,,,,,,,
exp2_np3_rho005_alpha10,3,0.05,10,54,0,,,,,,,
exp2_np3_rho005_alpha10,3,0.05,10,56,0,,,,,,,
exp2_np3_rho005_alpha10,3,0.05,10,61,0,,,,,,,
exp2_np3_rho005_alpha10,3,0.05,10,58,0,,,,,,,
exp2_np3_rho005_alpha10,3,0.05,10,59,0,,,,,,,
exp2_np3_rho005_alpha10,3,0.05,10,63,0,,,,,,,
exp2_np3_rho005_alpha10,3,0.05,10,60,0,,,,,,,
exp2_np3_rho005_alpha10,3,0.05,10,62,0,,,,,,,
exp2_np3_rho005_alpha10,3,0.05,10,66,0,,,,,,,
exp2_np3_rho005_alpha10,3,0.05,10,69,0,,,,,,,
exp2_np3_rho005_alpha10,3,0.05,10,64,0,,,,,,,
exp2_np3_rho005_alpha10,3,0.05,10,73,0,,,,,,,
exp2_np3_rho005_alpha10,3,0.05,10,67,0,,,,,,,
exp2_np3_rho005_alpha10,3,0.05,10,65,0,,,,,,,
exp2_np3_rho005_alpha10,3,0.05,10,68,0,,,,,,,
exp2_np3_rho005_alpha10,3,0.05,10,70,0,,,,,,,
exp2_np3_rho005_alpha10,3,0.05,10,75,0,,,,,,,
exp2_np3_rho005_alpha10,3,0.05,10,74,0,,,,,,,
exp2_np3_rho005_alpha10,3,0.05,10,72,0,,,,,,,
exp2_np3_rho005_alpha10,3,0.05,10,71,0,,,,,,,
exp2_np3_rho005_alpha10,3,0.05,10,78,0,,,,,,,
exp2_np3_rho005_alpha10,3,0.05,10,77,0,,,,,,,
exp2_np3_rho005_alpha10,3,0.05,10,76,0,,,,,,,
exp2_np3_rho005_alpha10,3,0.05,10,79,0,,,,,,,
exp2_np3_rho005_alpha10,3,0.05,10,80,0,,,,,,,
exp2_np3_rho005_alpha10,3,0.05,10,81,0,,,,,,,
exp2_np3_rho005_alpha10,3,0.05,10,82,0,,,,,,,
exp2_np3_rho005_alpha10,3,0.05,10,85,0,,,,,,,
exp2_np3_rho005_alpha10,3,0.05,10,83,0,,,,,,,
exp2_np3_rho005_alpha10,3,0.05,10,84,0,,,,,,,
exp2_np3_rho005_alpha10,3,0.05,10,86,0,,,,,,,
exp2_np3_rho005_alpha10,3,0.05,10,89,0,,,,,,,
exp2_np3_rho005_alpha10,3,0.05,10,87,0,,,,,,,
exp2_np3_rho005_alpha10,3,0.05,10,90,0,,,,,,,
exp2_np3_rho005_alpha10,3,0.05,10,91,0,,,,,,,
exp2_np3_rho005_alpha10,3,0.05,10,88,0,,,,,,,
exp2_np3_rho005_alpha10,3,0.05,10,92,0,,,,,,,
exp2_np3_rho005_alpha10,3,0.05,10,93,0,,,,,,,
exp2_np3_rho005_alpha10,3,0.05,10,95,0,,,,,,,
exp2_np3_rho005_alpha10,3,0.05,10,94,0,,,,,,,
exp2_np3_rho005_alpha10,3,0.05,10,96,0,,,,,,,
exp2_np3_rho005_alpha10,3,0.05,10,97,0,,,,,,,
exp2_np3_rho005_alpha10,3,0.05,10,99,0,,,,,,,
exp2_np3_rho005_alpha10,3,0.05,10,98,0,,,,,,,
exp2_np3_rho005_alpha10,3,0.05,10,101,0,,,,,,,
exp2_np3_rho005_alpha10,3,0.05,10,103,0,,,,,,,
exp2_np3_rho005_alpha10,3,0.05,10,100,0,,,,,,,
exp2_np3_rho005_alpha10,3,0.05,10,104,0,,,,,,,
exp2_np3_rho005_alpha10,3,0.05,10,105,0,,,,,,,
exp2_np3_rho005_alpha10,3,0.05,10,102,0,,,,,,,
exp2_np3_rho005_alpha10,3,0.05,10,106,0,,,,,,,
exp2_np3_rho005_alpha10,3,0.05,10,107,0,,,,,,,
exp2_np3_rho005_alpha10,3,0.05,10,108,0,,,,,,,
exp2_np3_rho005_alpha10,3,0.05,10,109,0,,,,,,,
exp2_np3_rho005_alpha10,3,0.05,10,110,0,,,,,,,
exp2_np3_rho005_alpha10,3,0.05,10,111,0,,,,,,,
exp2_np3_rho005_alpha10,3,0.05,10,112,0,,,,,,,
exp2_np3_rho005_alpha10,3,0.05,10,113,0,,,,,,,
exp2_np3_rho005_alpha10,3,0.05,10,115,0,,,,,,,
exp2_np3_rho005_alpha10,3,0.05,10,114,1,-0.0018314127701710703,-0.0018314127701710703,1.0,1.0,0.0,17.0,
exp2_np3_rho005_alpha10,3,0.05,10,118,0,,,,,,,
exp2_np3_rho005_alpha10,3,0.05,10,120,0,,,,,,,
exp2_np3_rho005_alpha10,3,0.05,10,119,0,,,,,,,
exp2_np3_rho005_alpha10,3,0.05,10,117,0,,,,,,,
exp2_np3_rho005_alpha10,3,0.05,10,116,0,,,,,,,
exp2_np3_rho005_alpha10,3,0.05,10,123,0,,,,,,,
exp2_np3_rho005_alpha10,3,0.05,10,121,0,,,,,,,
exp2_np3_rho005_alpha10,3,0.05,10,122,0,,,,,,,
exp2_np3_rho005_alpha10,3,0.05,10,124,0,,,,,,,
exp2_np3_rho005_alpha10,3,0.05,10,125,0,,,,,,,
exp2_np3_rho005_alpha10,3,0.05,10,126,0,,,,,,,
exp2_np3_rho005_alpha10,3,0.05,10,127,0,,,,,,,
exp2_np3_rho005_alpha10,3,0.05,10,128,0,,,,,,,
exp2_np3_rho005_alpha10,3,0.05,10,129,0,,,,,,,
exp2_np3_rho005_alpha10,3,0.05,10,131,0,,,,,,,
exp2_np3_rho005_alpha10,3,0.05,10,130,0,,,,,,,
exp2_np3_rho005_alpha10,3,0.05,10,132,0,,,,,,,
exp2_np3_rho005_alpha10,3,0.05,10,133,0,,,,,,,
exp2_np3_rho005_alpha10,3,0.05,10,135,0,,,,,,,
exp2_np3_rho005_alpha10,3,0.05,10,134,3,-0.002148803252938277,0.050175980363139416,0.3333333333333333,0.6666666666666666,0.3333333333333333,25.0,-0.6273677239687929
exp2_np3_rho005_alpha10,3,0.05,10,136,0,,,,,,,
exp2_np3_rho005_alpha10,3,0.05,10,137,0,,,,,,,
exp2_np3_rho005_alpha10,3,0.05,10,139,0,,,,,,,
exp2_np3_rho005_alpha10,3,0.05,10,138,0,,,,,,,
exp2_np3_rho005_alpha10,3,0.05,10,140,0,,,,,,,
exp2_np3_rho005_alpha10,3,0.05,10,141,0,,,,,,,
exp2_np3_rho005_alpha10,3,0.05,10,143,0,,,,,,,
exp2_np3_rho005_alpha10,3,0.05,10,142,0,,,,,,,
exp2_np3_rho005_alpha10,3,0.05,10,144,0,,,,,,,
exp2_np3_rho005_alpha10,3,0.05,10,145,0,,,,,,,
exp2_np3_rho005_alpha10,3,0.05,10,147,0,,,,,,,
exp2_np3_rho005_alpha10,3,0.05,10,146,0,,,,,,,
exp2_np3_rho005_alpha10,3,0.05,10,148,0,,,,,,,
exp2_np3_rho005_alpha10,3,0.05,10,149,0,,,,,,,
exp2_np3_rho005_alpha10,3,0.05,10,152,0,,,,,,,
exp2_np3_rho005_alpha10,3,0.05,10,150,0,,,,,,,
exp2_np3_rho005_alpha10,3,0.05,10,151,0,,,,,,,
exp2_np3_rho005_alpha10,3,0.05,10,154,0,,,,,,,
exp2_np3_rho005_alpha10,3,0.05,10,153,0,,,,,,,
exp2_np3_rho005_alpha10,3,0.05,10,155,0,,,,,,,
exp2_np3_rho005_alpha10,3,0.05,10,156,0,,,,,,,
exp2_np3_rho005_alpha10,3,0.05,10,157,0,,,,,,,
exp2_np3_rho005_alpha10,3,0.05,10,158,0,,,,,,,
exp2_np3_rho005_alpha10,3,0.05,10,159,0,,,,,,,
exp2_np3_rho005_alpha10,3,0.05,10,160,0,,,,,,,
exp2_np3_rho005_alpha10,3,0.05,10,161,0,,,,,,,
exp2_np3_rho005_alpha10,3,0.05,10,162,0,,,,,,,
exp2_np3_rho005_alpha10,3,0.05,10,165,0,,,,,,,
exp2_np3_rho005_alpha10,3,0.05,10,164,0,,,,,,,
exp2_np3_rho005_alpha10,3,0.05,10,163,0,,,,,,,
exp2_np3_rho005_alpha10,3,0.05,10,167,0,,,,,,,
exp2_np3_rho005_alpha10,3,0.05,10,168,0,,,,,,,
exp2_np3_rho005_alpha10,3,0.05,10,166,0,,,,,,,
exp2_np3_rho005_alpha10,3,0.05,10,169,0,,,,,,,
exp2_np3_rho005_alpha10,3,0.05,10,170,0,,,,,,,
exp2_np3_rho005_alpha10,3,0.05,10,171,0,,,,,,,
exp2_np3_rho005_alpha10,3,0.05,10,172,0,,,,,,,
exp2_np3_rho005_alpha10,3,0.05,10,173,0,,,,,,,
exp2_np3_rho005_alpha10,3,0.05,10,174,0,,,,,,,
exp2_np3_rho005_alpha10,3,0.05,10,175,0,,,,,,,
exp2_np3_rho005_alpha10,3,0.05,10,176,0,,,,,,,
exp2_np3_rho005_alpha10,3,0.05,10,177,0,,,,,,,
exp2_np3_rho005_alpha10,3,0.05,10,178,0,,,,,,,
exp2_np3_rho005_alpha10,3,0.05,10,180,0,,,,,,,
exp2_np3_rho005_alpha10,3,0.05,10,179,0,,,,,,,
exp2_np3_rho005_alpha10,3,0.05,10,181,0,,,,,,,
exp2_np3_rho005_alpha10,3,0.05,10,183,0,,,,,,,
exp2_np3_rho005_alpha10,3,0.05,10,184,0,,,,,,,
exp2_np3_rho005_alpha10,3,0.05,10,182,0,,,,,,,
exp2_np3_rho005_alpha10,3,0.05,10,185,0,,,,,,,
exp2_np3_rho005_alpha10,3,0.05,10,186,0,,,,,,,
exp2_np3_rho005_alpha10,3,0.05,10,187,0,,,,,,,
exp2_np3_rho005_alpha10,3,0.05,10,188,0,,,,,,,
exp2_np3_rho005_alpha10,3,0.05,10,191,0,,,,,,,
exp2_np3_rho005_alpha10,3,0.05,10,189,0,,,,,,,
exp2_np3_rho005_alpha10,3,0.05,10,190,0,,,,,,,
exp2_np3_rho005_alpha10,3,0.05,10,192,1,-0.14535679076636132,-0.14535679076636132,1.0,1.0,0.0,25.0,
exp2_np3_rho005_alpha10,3,0.05,10,197,0,,,,,,,
exp2_np3_rho005_alpha10,3,0.05,10,194,0,,,,,,,
exp2_np3_rho005_alpha10,3,0.05,10,195,0,,,,,,,
exp2_np3_rho005_alpha10,3,0.05,10,193,0,,,,,,,
exp2_np3_rho005_alpha10,3,0.05,10,196,0,,,,,,,
exp2_np3_rho005_alpha10,3,0.05,10,198,0,,,,,,,
exp2_np3_rho005_alpha10,3,0.05,10,199,0,,,,,,,
exp2_np3_rho005_alpha2,3,0.05,2,0,11,-0.03232054108354464,-0.015342616607599169,0.6666666666666666,0.3333333333333333,0.6666666666666666,19.0,
exp2_np3_rho005_alpha2,3,0.05,2,11,17,0.014937683710703024,-0.0068661585163578565,0.5294117647058824,0.47058823529411764,0.5294117647058824,18.0,
exp2_np3_rho005_alpha2,3,0.05,2,15,18,0.04231722177584585,0.05757425665082838,0.3125,0.4375,0.5625,28.5,-0.5909604588644259
exp2_np3_rho005_alpha2,3,0.05,2,10,11,-0.03079716650024302,-0.024742794892406828,0.7,0.6,0.4,23.0,
exp2_np3_rho005_alpha2,3,0.05,2,5,10,0.061135824476451224,0.024775949815889042,0.2222222222222222,0.7777777777777778,0.2222222222222222,27.0,
exp2_np3_rho005_alpha2,3,0.05,2,6,16,0.05995975688232876,0.0008449290419676458,0.4666666666666667,0.5333333333333333,0.4666666666666667,27.0,
exp2_np3_rho005_alpha2,3,0.05,2,9,16,0.05953731517944113,0.015454017842051027,0.42857142857142855,0.35714285714285715,0.6428571428571429,23.0,
exp2_np3_rho005_alpha2,3,0.05,2,7,14,-0.023115043235856243,-0.038470341664344154,0.6153846153846154,0.38461538461538464,0.6153846153846154,21.0,
exp2_np3_rho005_alpha2,3,0.05,2,3,20,-0.001349530967897519,0.0225882309383012,0.47368421052631576,0.3157894736842105,0.6842105263157895,24.0,
exp2_np3_rho005_alpha2,3,0.05,2,4,11,0.01749110625498207,4.667348688558448e-05,0.5,0.375,0.625,17.0,
exp2_np3_rho005_alpha2,3,0.05,2,12,9,0.055311085656040926,0.01645859754602297,0.375,0.375,0.625,19.0,
exp2_np3_rho005_alpha2,3,0.05,2,8,11,0.014359667174918744,0.03146289483781972,0.4,0.5,0.5,24.0,
exp2_np3_rho005_alpha2,3,0.05,2,1,17,0.020072965856847924,-0.002528321343085782,0.5,0.4375,0.5625,21.375,-0.8381899707873688
exp2_np3_rho005_alpha2,3,0.05,2,2,13,0.021832430486139236,0.010102492388893047,0.38461538461538464,0.38461538461538464,0.6153846153846154,25.0,
exp2_np3_rho005_alpha2,3,0.05,2,13,16,-0.024795791497253417,-0.03211368454575636,0.6875,0.25,0.75,18.0,
exp2_np3_rho005_alpha2,3,0.05,2,14,16,0.05000206306113887,-0.014339637774337888,0.6,0.4,0.6,22.0,
exp2_np3_rho005_alpha2,3,0.05,2,21,15,-0.006603930590171662,-0.02200146399792402,0.6428571428571429,0.5,0.5,19.0,
exp2_np3_rho005_alpha2,3,0.05,2,16,13,0.0012092986960454688,0.0002826291481907717,0.5,0.6666666666666666,0.3333333333333333,21.0,
exp2_np3_rho005_alpha2,3,0.05,2,17,12,-0.001579377854814061,0.0019703194717290984,0.45454545454545453,0.6363636363636364,0.36363636363636365,23.0,
exp2_np3_rho005_alpha2,3,0.05,2,19,12,0.02009450085779786,0.013352470005276729,0.36363636363636365,0.5454545454545454,0.45454545454545453,23.272727272727273,-0.03874155027169611
exp2_np3_rho005_alpha2,3,0.05,2,23,11,-0.0249945579888843,-0.015051748039030866,0.7,0.6,0.4,25.0,
exp2_np3_rho005_alpha2,3,0.05,2,20,12,0.00308333810846059,-0.00213768089060018,0.5454545454545454,0.36363636363636365,0.6363636363636364,20.0,
exp2_np3_rho005_alpha2,3,0.05,2,18,12,0.004303696086300283,-0.0076103461486658475,0.7272727272727273,0.45454545454545453,0.5454545454545454,20.0,
exp2_np3_rho005_alpha2,3,0.05,2,25,7,0.14987631980164398,0.052125933008493774,0.14285714285714285,0.42857142857142855,0.5714285714285714,22.285714285714285,-0.8985676968147432
exp2_np3_rho005_alpha2,3,0.05,2,24,11,-0.011804984083946776,-0.008583903075915167,0.5555555555555556,0.6666666666666666,0.3333333333333333,17.0,
exp2_np3_rho005_alpha2,3,0.05,2,28,4,-0.04119864662131582,-0.13779908748741487,0.6666666666666666,0.3333333333333333,0.6666666666666666,20.0,
exp2_np3_rho005_alpha2,3,0.05,2,22,9,0.012810172570495068,0.0007104668424924299,0.4444444444444444,0.5555555555555556,0.4444444444444444,16.0,
exp2_np3_rho005_alpha2,3,0.05,2,29,13,0.11090165820866314,0.09356739861182195,0.2727272727272727,0.18181818181818182,0.8181818181818182,26.272727272727273,-0.8478229760693478
exp2_np3_rho005_alpha2,3,0.05,2,26,17,0.03568432449021864,0.004958657773281416,0.4666666666666667,0.4,0.6,26.266666666666666,-0.8896695096723822
exp2_np3_rho005_alpha2,3,0.05,2,30,12,0.04483484190589042,-0.015974715530981953,0.6,0.6,0.4,18.0,
exp2_np3_rho005_alpha2,3,0.05,2,27,21,0.05858470837144365,0.05410251180055692,0.4,0.4,0.6,21.5,-0.6963271236397001
exp2_np3_rho005_alpha2,3,0.05,2,31,16,0.010739439555324002,0.05116503922392468,0.42857142857142855,0.5,0.5,30.0,
exp2_np3_rho005_alpha2,3,0.05,2,32,8,0.021164760454900313,-0.013385798718545061,0.7142857142857143,0.7142857142857143,0.2857142857142857,22.285714285714285,-0.8697616603183409
exp2_np3_rho005_alpha2,3,0.05,2,34,12,0.07253840036382614,0.04990113646400118,0.2727272727272727,0.45454545454545453,0.5454545454545454,21.181818181818183,-0.7723573504452612
exp2_np3_rho005_alpha2,3,0.05,2,33,8,-0.01648039489164277,-0.02886534975057309,0.625,0.625,0.375,21.0,
exp2_np3_rho005_alpha2,3,0.05,2,36,14,0.053301188505919375,0.0033287474430450104,0.46153846153846156,0.38461538461538464,0.6153846153846154,22.0,-0.8303314029422657
exp2_np3_rho005_alpha2,3,0.05,2,37,14,-0.0062248556794231025,-0.01931965064144192,0.5833333333333334,0.5833333333333334,0.4166666666666667,21.0,
exp2_np3_rho005_alpha2,3,0.05,2,38,11,0.04417762649997678,0.06505461348970787,0.36363636363636365,0.45454545454545453,0.5454545454545454,24.09090909090909,-0.6888482661005368
exp2_np3_rho005_alpha2,3,0.05,2,35,10,0.04822660488785315,0.03793711664269317,0.2,0.7,0.3,24.0,
exp2_np3_rho005_alpha2,3,0.05,2,43,17,0.034610509306873996,0.026458791116091618,0.4,0.4,0.6,25.866666666666667,-0.5268367232374647
exp2_np3_rho005_alpha2,3,0.05,2,44,18,0.03530219770718167,0.02588580736908952,0.4,0.4,0.6,23.0,
exp2_np3_rho005_alpha2,3,0.05,2,39,9,0.013574496693987767,0.024522639382610123,0.4444444444444444,0.6666666666666666,0.3333333333333333,22.0,
exp2_np3_rho005_alpha2,3,0.05,2,41,16,0.021999058865568286,-0.03500858933436657,0.5333333333333333,0.3333333333333333,0.6666666666666666,21.0,
exp2_np3_rho005_alpha2,3,0.05,2,46,18,0.04192970852168311,-0.008106893904369805,0.5555555555555556,0.3888888888888889,0.6111111111111112,26.055555555555557,-0.9620405969605037
exp2_np3_rho005_alpha2,3,0.05,2,40,17,0.03435113048210218,-0.029127039913890762,0.6,0.5333333333333333,0.4666666666666667,23.0,
exp2_np3_rho005_alpha2,3,0.05,2,42,15,0.002615658618826485,0.012240780633905324,0.46153846153846156,0.5384615384615384,0.46153846153846156,21.0,
exp2_np3_rho005_alpha2,3,0.05,2,45,13,0.0553272047491955,-0.028606163138060303,0.6923076923076923,0.3076923076923077,0.6923076923076923,25.307692307692307,-0.820068307013099
exp2_np3_rho005_alpha2,3,0.05,2,47,14,0.062453285752913056,0.0117624811654502,0.4166666666666667,0.3333333333333333,0.6666666666666666,18.416666666666668,-0.8526368935058554
exp2_np3_rho005_alpha2,3,0.05,2,48,13,0.03125907553603147,0.03632530491625907,0.38461538461538464,0.5384615384615384,0.46153846153846156,27.0,
exp2_np3_rho005_alpha2,3,0.05,2,55,9,0.015582974790303992,-0.0020571778546809583,0.5555555555555556,0.7777777777777778,0.2222222222222222,22.0,
exp2_np3_rho005_alpha2,3,0.05,2,52,15,-0.015334469797689137,0.013521814870814275,0.46153846153846156,0.46153846153846156,0.5384615384615384,21.0,
exp2_np3_rho005_alpha2,3,0.05,2,50,16,-0.018595462812880714,-0.017894675388165915,0.5625,0.4375,0.5625,26.25,-0.037278425915661766
exp2_np3_rho005_alpha2,3,0.05,2,49,17,0.002778429018529734,0.00014462962138050983,0.47058823529411764,0.4117647058823529,0.5882352941176471,20.705882352941178,0.18645125656561456
exp2_np3_rho005_alpha2,3,0.05,2,53,8,-0.001077503677575642,-0.003774405455921226,0.5,0.625,0.375,24.5,-0.382379654194722
exp2_np3_rho005_alpha2,3,0.05,2,54,2,0.025534419791552132,0.025534419791552132,0.0,1.0,0.0,24.0,
exp2_np3_rho005_alpha2,3,0.05,2,57,15,0.007224582410641707,0.014181763489000243,0.35714285714285715,0.7142857142857143,0.2857142857142857,19.0,
exp2_np3_rho005_alpha2,3,0.05,2,51,9,0.12546282628113214,0.03266496934215102,0.3333333333333333,0.4444444444444444,0.5555555555555556,19.77777777777778,-0.8640310633513075
exp2_np3_rho005_alpha2,3,0.05,2,56,12,-0.020908175211016438,-0.0014711283221204852,0.5,0.5833333333333334,0.4166666666666667,25.0,
exp2_np3_rho005_alpha2,3,0.05,2,63,10,0.023918148513416893,-0.006869018114714187,0.625,0.625,0.375,25.0,
exp2_np3_rho005_alpha2,3,0.05,2,59,12,0.06552183709376343,0.02985650916023097,0.4166666666666667,0.4166666666666667,0.5833333333333334,20.833333333333332,-0.9695464310707054
exp2_np3_rho005_alpha2,3,0.05,2,58,14,0.07994721290759939,0.052518726144463734,0.35714285714285715,0.6428571428571429,0.35714285714285715,24.357142857142858,-0.9464860480545954
exp2_np3_rho005_alpha2,3,0.05,2,61,19,0.020328869288231348,0.021000909261752465,0.3888888888888889,0.4444444444444444,0.5555555555555556,25.0,
exp2_np3_rho005_alpha2,3,0.05,2,60,13,0.06093630517833322,0.002561917397022384,0.38461538461538464,0.46153846153846156,0.5384615384615384,20.615384615384617,0.9580476503427457
exp2_np3_rho005_alpha2,3,0.05,2,62,12,-0.010039768075894084,-0.034822406736371825,0.7,0.4,0.6,18.0,
exp2_np3_rho005_alpha2,3,0.05,2,65,12,-0.06428425403541782,-0.09679418767551251,0.6,0.4,0.6,23.0,
exp2_np3_rho005_alpha2,3,0.05,2,64,6,0.038499501782473335,0.06870953473502128,0.3333333333333333,0.5,0.5,19.0,
exp2_np3_rho005_alpha2,3,0.05,2,67,16,0.001155239525063164,-0.012513706619159848,0.5333333333333333,0.6666666666666666,0.3333333333333333,22.0,
exp2_np3_rho005_alpha2,3,0.05,2,66,8,0.052132929649168824,0.006245197031722771,0.5,0.5,0.5,16.75,-0.9197358473771373
exp2_np3_rho005_alpha2,3,0.05,2,69,14,0.02510712147660778,-0.030297906372639627,0.6428571428571429,0.35714285714285715,0.6428571428571429,23.0,
exp2_np3_rho005_alpha2,3,0.05,2,68,13,0.1408684058681141,0.00015692333548056325,0.45454545454545453,0.36363636363636365,0.6363636363636364,25.0,
exp2_np3_rho005_alpha2,3,0.05,2,71,13,-0.04676983940547045,-0.046242394296911016,0.5833333333333334,0.5,0.5,26.0,
exp2_np3_rho005_alpha2,3,0.05,2,76,12,0.06253305678806025,-0.04369726640179916,0.6363636363636364,0.2727272727272727,0.7272727272727273,30.272727272727273,-0.7033260663541271
exp2_np3_rho005_alpha2,3,0.05,2,72,14,0.03774646881536973,0.049041542849862285,0.21428571428571427,0.7142857142857143,0.2857142857142857,23.0,
exp2_np3_rho005_alpha2,3,0.05,2,70,11,0.019238340614045234,0.02964556756093817,0.4,0.7,0.3,23.0,
exp2_np3_rho005_alpha2,3,0.05,2,74,11,-0.013894283558769427,-0.013890560406349728,0.6,0.6,0.4,26.0,
exp2_np3_rho005_alpha2,3,0.05,2,73,9,0.007687150896136746,-0.006782916128523553,0.6666666666666666,0.3333333333333333,0.6666666666666666,27.0,
exp2_np3_rho005_alpha2,3,0.05,2,78,12,-0.05206496225278571,-0.05325643662119761,0.8333333333333334,0.6666666666666666,0.3333333333333333,22.0,
exp2_np3_rho005_alpha2,3,0.05,2,77,11,0.06177537432417992,-0.026180110803567747,0.6,0.5,0.5,23.7,-0.921500223195734
exp2_np3_rho005_alpha2,3,0.05,2,75,10,0.023234565567766596,0.00509354211689983,0.5,0.375,0.625,18.0,
exp2_np3_rho005_alpha2,3,0.05,2,79,10,-0.00916140212509574,-0.006597808396585414,0.5555555555555556,0.6666666666666666,0.3333333333333333,22.0,
exp2_np3_rho005_alpha2,3,0.05,2,80,19,0.03608391667948203,-0.004104662338718867,0.5294117647058824,0.7058823529411765,0.29411764705882354,22.705882352941178,-0.4000391889934878
exp2_np3_rho005_alpha2,3,0.05,2,81,12,-0.008668561654641945,0.013968395767889774,0.45454545454545453,0.5454545454545454,0.45454545454545453,23.0,
exp2_np3_rho005_alpha2,3,0.05,2,82,10,0.030874368011647134,-0.0056974345011693295,0.5,0.5,0.5,21.0,
exp2_np3_rho005_alpha2,3,0.05,2,85,8,0.07786543656319354,0.0739172480095549,0.2857142857142857,0.7142857142857143,0.2857142857142857,19.285714285714285,-0.849626039160145
exp2_np3_rho005_alpha2,3,0.05,2,83,16,-0.033054024828532334,-0.04227131385438465,0.6666666666666666,0.3333333333333333,0.6666666666666666,26.0,
exp2_np3_rho005_alpha2,3,0.05,2,84,12,0.020585924810895124,-0.00870596513708577,0.5833333333333334,0.5833333333333334,0.4166666666666667,21.0,
exp2_np3_rho005_alpha2,3,0.05,2,86,19,0.09417215705468096,0.007574490658271316,0.4375,0.5,0.5,22.3125,-0.7465086491301365
exp2_np3_rho005_alpha2,3,0.05,2,87,11,0.013647792347431064,-0.016009003014601397,0.6666666666666666,0.3333333333333333,0.6666666666666666,20.444444444444443,-0.9334498048524086
exp2_np3_rho005_alpha2,3,0.05,2,88,20,-0.014093085652759019,-0.0485900999189437,0.6111111111111112,0.4444444444444444,0.5555555555555556,29.0,
exp2_np3_rho005_alpha2,3,0.05,2,91,14,0.07723230364774893,0.0662327111421579,0.23076923076923078,0.5384615384615384,0.46153846153846156,21.0,
exp2_np3_rho005_alpha2,3,0.05,2,89,13,0.04325855933194418,-0.024114291813548405,0.6153846153846154,0.5384615384615384,0.46153846153846156,17.615384615384617,-0.936571230810799
exp2_np3_rho005_alpha2,3,0.05,2,90,15,0.029817490051388593,0.016218648410911474,0.42857142857142855,0.5,0.5,22.0,
exp2_np3_rho005_alpha2,3,0.05,2,92,15,0.03112202270898301,-0.03712890525652934,0.6,0.3333333333333333,0.6666666666666666,26.333333333333332,-0.7184806688142453
exp2_np3_rho005_alpha2,3,0.05,2,94,15,0.08344080046740902,0.006432346519896548,0.4,0.2,0.8,19.933333333333334,-0.6984261563439711
exp2_np3_rho005_alpha2,3,0.05,2,93,16,-0.004655458425760628,-0.0004162212752127914,0.5333333333333333,0.6,0.4,23.266666666666666,-0.38185341776531934
exp2_np3_rho005_alpha2,3,0.05,2,95,19,0.010245682392989246,0.012776381978401474,0.47058823529411764,0.5882352941176471,0.4117647058823529,26.0,
exp2_np3_rho005_alpha2,3,0.05,2,96,6,0.17311091006985238,0.05904223948145759,0.16666666666666666,0.3333333333333333,0.6666666666666666,24.666666666666668,0.7494287367962297
exp2_np3_rho005_alpha2,3,0.05,2,97,12,-0.01668289832532264,-0.050192520618797865,0.6363636363636364,0.45454545454545453,0.5454545454545454,27.0,
exp2_np3_rho005_alpha2,3,0.05,2,98,12,-0.045445520426462625,-0.04111704704234187,0.75,0.25,0.75,24.0,
exp2_np3_rho005_alpha2,3,0.05,2,100,17,0.026651273913424065,-0.0019374132647307363,0.5294117647058824,0.47058823529411764,0.5294117647058824,29.0,
exp2_np3_rho005_alpha2,3,0.05,2,99,11,0.023215536783332612,0.031388662175185544,0.4,0.7,0.3,20.4,-0.17196917307705364
exp2_np3_rho005_alpha2,3,0.05,2,101,11,0.041733619001850464,-0.021985391117207875,0.5,0.5,0.5,20.0,
exp2_np3_rho005_alpha2,3,0.05,2,103,16,0.03268748074701821,-0.023778811998953486,0.6666666666666666,0.6,0.4,19.466666666666665,0.9146655271056828
exp2_np3_rho005_alpha2,3,0.05,2,102,12,0.0652468149237844,-0.040198591240829806,0.5555555555555556,0.5555555555555556,0.4444444444444444,22.88888888888889,-0.8877570047320701
exp2_np3_rho005_alpha2,3,0.05,2,105,20,0.08874312160752966,-0.006984371894638741,0.65,0.4,0.6,27.7,-0.8707993602260556
exp2_np3_rho005_alpha2,3,0.05,2,104,11,0.03338030019043013,0.03815455623833319,0.2222222222222222,0.4444444444444444,0.5555555555555556,20.0,
exp2_np3_rho005_alpha2,3,0.05,2,108,14,0.03935085221477154,-0.01029959664387281,0.6428571428571429,0.5714285714285714,0.42857142857142855,23.285714285714285,-0.6056945851601573
exp2_np3_rho005_alpha2,3,0.05,2,109,15,0.011444488686222101,0.0006749739670719457,0.5,0.42857142857142855,0.5714285714285714,21.0,
exp2_np3_rho005_alpha2,3,0.05,2,107,7,0.09567249935685888,0.0012988964738536168,0.42857142857142855,0.7142857142857143,0.2857142857142857,23.0,
exp2_np3_rho005_alpha2,3,0.05,2,106,17,0.07109709173778267,0.021957224046773582,0.47058823529411764,0.7058823529411765,0.29411764705882354,24.0,
exp2_np3_rho005_alpha2,3,0.05,2,110,9,0.016114125384820512,0.030319731319083054,0.3333333333333333,0.7777777777777778,0.2222222222222222,22.333333333333332,-0.5054769889479627
exp2_np3_rho005_alpha2,3,0.05,2,111,13,0.10510391054743984,0.06845245809738021,0.18181818181818182,0.7272727272727273,0.2727272727272727,18.0,
exp2_np3_rho005_alpha2,3,0.05,2,112,9,0.042509548288808804,0.051589049831185285,0.2857142857142857,0.42857142857142855,0.5714285714285714,27.0,
exp2_np3_rho005_alpha2,3,0.05,2,113,14,0.006420680571633586,0.005069675891294256,0.5,0.35714285714285715,0.6428571428571429,28.0,
exp2_np3_rho005_alpha2,3,0.05,2,114,11,0.037572679737218125,-0.03269712733215524,0.5454545454545454,0.45454545454545453,0.5454545454545454,24.181818181818183,-0.8839290284478248
exp2_np3_rho005_alpha2,3,0.05,2,115,12,0.08684986492393598,0.03218882275086887,0.36363636363636365,0.45454545454545453,0.5454545454545454,21.818181818181817,-0.9533758499018018
exp2_np3_rho005_alpha2,3,0.05,2,117,12,0.04755735787859994,-0.015206017882738898,0.5454545454545454,0.45454545454545453,0.5454545454545454,25.0,
exp2_np3_rho005_alpha2,3,0.05,2,118,12,0.03339989328333193,0.03805918919725304,0.2,0.5,0.5,27.0,
exp2_np3_rho005_alpha2,3,0.05,2,120,15,0.053886289864612774,0.018534784211384547,0.46153846153846156,0.5384615384615384,0.46153846153846156,22.923076923076923,-0.7134910613960108
exp2_np3_rho005_alpha2,3,0.05,2,116,16,0.008971239621966871,0.03362581538090925,0.35714285714285715,0.35714285714285715,0.6428571428571429,24.0,
exp2_np3_rho005_alpha2,3,0.05,2,119,9,-0.026154458568136585,-0.04668357564185088,0.75,0.5,0.5,17.0,
exp2_np3_rho005_alpha2,3,0.05,2,121,10,0.08353813785837447,-0.0026287255873240767,0.5,0.5,0.5,30.0,
exp2_np3_rho005_alpha2,3,0.05,2,124,16,0.07745559054314594,0.03387587205197784,0.3125,0.5,0.5,26.0,-0.7056232406369388
exp2_np3_rho005_alpha2,3,0.05,2,122,19,0.09356376805886474,-0.0033639840768326934,0.5263157894736842,0.3684210526315789,0.631578947368421,22.157894736842106,-0.80229882167895
exp2_np3_rho005_alpha2,3,0.05,2,123,23,-0.016351347454311205,-0.012659174062914058,0.5909090909090909,0.36363636363636365,0.6363636363636364,20.0,
exp2_np3_rho005_alpha2,3,0.05,2,125,9,-0.016875200639137253,-0.016723099469293068,0.5555555555555556,0.4444444444444444,0.5555555555555556,24.333333333333332,0.1097792442897788
exp2_np3_rho005_alpha2,3,0.05,2,126,9,-0.07330081489734697,-0.08328249593328474,0.75,0.375,0.625,24.0,
exp2_np3_rho005_alpha2,3,0.05,2,127,13,0.023189607096821642,0.011042824373578064,0.46153846153846156,0.3076923076923077,0.6923076923076923,27.46153846153846,-0.565607263440005
exp2_np3_rho005_alpha2,3,0.05,2,128,20,0.019708130453273263,0.0072156498114703815,0.45,0.4,0.6,26.15,-0.6734137811526586
exp2_np3_rho005_alpha2,3,0.05,2,129,14,0.05364113856624849,0.027286402512842756,0.46153846153846156,0.3076923076923077,0.6923076923076923,22.0,
exp2_np3_rho005_alpha2,3,0.05,2,130,12,0.07827260739101695,0.044043398963475866,0.45454545454545453,0.45454545454545453,0.5454545454545454,25.0,
exp2_np3_rho005_alpha2,3,0.05,2,131,15,-0.001431447425018614,-0.0018958648618165874,0.5,0.42857142857142855,0.5714285714285714,25.0,
exp2_np3_rho005_alpha2,3,0.05,2,133,9,0.02693200384369237,0.007313444017516879,0.42857142857142855,0.5714285714285714,0.42857142857142855,24.0,
exp2_np3_rho005_alpha2,3,0.05,2,132,16,-0.012953052611136875,0.0024676782961723376,0.46153846153846156,0.5384615384615384,0.46153846153846156,21.0,
exp2_np3_rho005_alpha2,3,0.05,2,134,14,0.03909463193160434,-0.0032654635721698355,0.5384615384615384,0.5384615384615384,0.46153846153846156,27.0,
exp2_np3_rho005_alpha2,3,0.05,2,138,16,0.006912511385801068,-0.0020892099655265284,0.5714285714285714,0.35714285714285715,0.6428571428571429,29.0,
exp2_np3_rho005_alpha2,3,0.05,2,136,10,-0.0004613909615015288,-0.0005060074698892691,0.5,0.6,0.4,27.0,
exp2_np3_rho005_alpha2,3,0.05,2,137,20,0.042041085780348424,-0.04547886952910085,0.6666666666666666,0.3888888888888889,0.6111111111111112,22.0,
exp2_np3_rho005_alpha2,3,0.05,2,135,18,0.05464009467916488,0.007119260077773415,0.4444444444444444,0.4444444444444444,0.5555555555555556,21.166666666666668,0.925703116976375
exp2_np3_rho005_alpha2,3,0.05,2,140,9,0.00031595811152174136,-0.01872873041933154,0.625,0.5,0.5,20.0,
exp2_np3_rho005_alpha2,3,0.05,2,139,13,0.05232838561217052,-0.007462544285317563,0.6923076923076923,0.46153846153846156,0.5384615384615384,22.0,
exp2_np3_rho005_alpha2,3,0.05,2,143,12,0.014135630165899115,0.020323505478631265,0.5,0.6,0.4,17.3,-0.7173215969715557
exp2_np3_rho005_alpha2,3,0.05,2,141,13,0.007840155153288805,-1.980302233706155e-05,0.5,0.75,0.25,21.0,
exp2_np3_rho005_alpha2,3,0.05,2,142,13,0.048159744273917386,-0.0011987656552916448,0.5454545454545454,0.5454545454545454,0.45454545454545453,16.0,
exp2_np3_rho005_alpha2,3,0.05,2,144,11,0.06302528536750777,-0.03390768835696001,0.6,0.4,0.6,23.0,
exp2_np3_rho005_alpha2,3,0.05,2,145,12,0.016624450921643996,0.018835749695563564,0.3333333333333333,0.5833333333333334,0.4166666666666667,23.25,-0.7011424139387383
exp2_np3_rho005_alpha2,3,0.05,2,146,16,0.07499426993017763,0.06004371875498293,0.3333333333333333,0.7333333333333333,0.26666666666666666,22.4,-0.9202785115718086
exp2_np3_rho005_alpha2,3,0.05,2,149,14,-0.008643550969326785,-0.015483001253048023,0.6666666666666666,0.5,0.5,24.0,
exp2_np3_rho005_alpha2,3,0.05,2,147,13,0.02505438399736744,0.01972455633448078,0.4166666666666667,0.25,0.75,23.0,
exp2_np3_rho005_alpha2,3,0.05,2,148,10,0.06374569216135534,-0.02356282606931437,0.5555555555555556,0.3333333333333333,0.6666666666666666,23.0,
exp2_np3_rho005_alpha2,3,0.05,2,151,9,0.03404946444288248,0.05230047227959922,0.375,0.5,0.5,27.0,
exp2_np3_rho005_alpha2,3,0.05,2,152,12,0.05995822540684474,0.05572516084540258,0.36363636363636365,0.5454545454545454,0.45454545454545453,24.181818181818183,-0.6780682678180204
exp2_np3_rho005_alpha2,3,0.05,2,150,19,0.03643484756559642,0.028151166334135613,0.2222222222222222,0.3888888888888889,0.6111111111111112,22.38888888888889,-0.54608332897036
exp2_np3_rho005_alpha2,3,0.05,2,154,14,0.0431575467609068,0.03450569559017147,0.46153846153846156,0.38461538461538464,0.6153846153846154,27.0,
exp2_np3_rho005_alpha2,3,0.05,2,156,12,0.028849180710541364,0.0064426073985233145,0.45454545454545453,0.5454545454545454,0.45454545454545453,20.09090909090909,-0.8705532615009226
exp2_np3_rho005_alpha2,3,0.05,2,153,8,0.013101596781541325,0.007140722524290766,0.42857142857142855,0.2857142857142857,0.7142857142857143,23.0,
exp2_np3_rho005_alpha2,3,0.05,2,158,20,-0.01226758317371399,-0.020811114042985412,0.6666666666666666,0.3888888888888889,0.6111111111111112,21.0,
exp2_np3_rho005_alpha2,3,0.05,2,155,11,0.06505471769322091,-0.013499826835159823,0.5,0.375,0.625,25.125,-0.9198797361694907
exp2_np3_rho005_alpha2,3,0.05,2,157,20,-0.01050430338636036,-0.017564155877550114,0.6842105263157895,0.5263157894736842,0.47368421052631576,25.0,
exp2_np3_rho005_alpha2,3,0.05,2,159,14,0.018241937839514562,0.012216161185573782,0.46153846153846156,0.5384615384615384,0.46153846153846156,16.0,
exp2_np3_rho005_alpha2,3,0.05,2,160,17,-0.002205137455099655,0.0006763147639201605,0.47058823529411764,0.5294117647058824,0.47058823529411764,25.529411764705884,-0.7973213453817011
exp2_np3_rho005_alpha2,3,0.05,2,161,15,0.053650865400680856,-0.009753274749509266,0.5333333333333333,0.4666666666666667,0.5333333333333333,16.666666666666668,-0.9437334396465873
exp2_np3_rho005_alpha2,3,0.05,2,162,16,0.04769373335405736,0.0005590469471803416,0.4666666666666667,0.4,0.6,20.0,
exp2_np3_rho005_alpha2,3,0.05,2,163,14,0.05455154773763097,-0.024929174765663475,0.5833333333333334,0.4166666666666667,0.5833333333333334,21.0,
exp2_np3_rho005_alpha2,3,0.05,2,164,14,-0.027822713910988044,-0.026708169542307925,0.6666666666666666,0.5,0.5,19.333333333333332,-0.07965879785009046
exp2_np3_rho005_alpha2,3,0.05,2,165,17,0.044722884880174826,0.030393606944953966,0.47058823529411764,0.5294117647058824,0.47058823529411764,21.705882352941178,-0.9173720452067737
exp2_np3_rho005_alpha2,3,0.05,2,166,9,-0.03869691419946215,-0.02526648259552111,0.6666666666666666,0.3333333333333333,0.6666666666666666,26.0,
exp2_np3_rho005_alpha2,3,0.05,2,168,13,-0.004091523489237729,-0.0065136286876845695,0.5,0.5833333333333334,0.4166666666666667,19.0,
exp2_np3_rho005_alpha2,3,0.05,2,167,14,0.005241438232932956,0.009709092340454806,0.5,0.5,0.5,24.0,
exp2_np3_rho005_alpha2,3,0.05,2,169,19,0.043536566634490854,0.00917922482834932,0.42105263157894735,0.47368421052631576,0.5263157894736842,23.42105263157895,-0.8779558695496321
exp2_np3_rho005_alpha2,3,0.05,2,170,12,-0.008075693989220145,-0.03590343729091572,0.5833333333333334,0.25,0.75,29.0,
exp2_np3_rho005_alpha2,3,0.05,2,171,15,-0.0015878856798498585,0.006254758912085379,0.38461538461538464,0.5384615384615384,0.46153846153846156,20.0,
exp2_np3_rho005_alpha2,3,0.05,2,172,13,0.03154219421381888,0.019846052734747488,0.45454545454545453,0.7272727272727273,0.2727272727272727,17.0,
exp2_np3_rho005_alpha2,3,0.05,2,174,11,-0.03212511303642456,-0.024960544090375514,0.5454545454545454,0.36363636363636365,0.6363636363636364,25.0,
exp2_np3_rho005_alpha2,3,0.05,2,175,11,-0.0033344859894087974,-0.015267145221103728,0.5,0.7,0.3,26.0,
exp2_np3_rho005_alpha2,3,0.05,2,173,12,0.06792322342104401,0.03442960604324874,0.36363636363636365,0.5454545454545454,0.45454545454545453,20.363636363636363,-0.9081861967774244
exp2_np3_rho005_alpha2,3,0.05,2,176,13,0.0126134571634308,-0.00813608471685967,0.5,0.5833333333333334,0.4166666666666667,20.0,
exp2_np3_rho005_alpha2,3,0.05,2,177,18,0.011550487707638248,-0.003911932651045724,0.5,0.2777777777777778,0.7222222222222222,20.0,
exp2_np3_rho005_alpha2,3,0.05,2,179,8,-0.036121688993520404,-0.04135306837534802,0.5714285714285714,0.42857142857142855,0.5714285714285714,26.0,
exp2_np3_rho005_alpha2,3,0.05,2,178,15,0.018608227430852078,0.03452268974423456,0.2857142857142857,0.2857142857142857,0.7142857142857143,16.0,
exp2_np3_rho005_alpha2,3,0.05,2,180,13,-0.025643741229912864,-0.025864935677049505,0.75,0.3333333333333333,0.6666666666666666,18.0,
exp2_np3_rho005_alpha2,3,0.05,2,181,12,0.032197346287917705,0.044193190205012556,0.3333333333333333,0.4166666666666667,0.5833333333333334,21.0,
exp2_np3_rho005_alpha2,3,0.05,2,182,13,0.08787870660586099,0.034156223634587146,0.25,0.5833333333333334,0.4166666666666667,23.0,
exp2_np3_rho005_alpha2,3,0.05,2,183,15,-0.023086180768387976,-0.04037889202087053,0.7857142857142857,0.35714285714285715,0.6428571428571429,20.0,
exp2_np3_rho005_alpha2,3,0.05,2,184,11,0.011621484273643911,0.004154877013625491,0.5,0.7,0.3,21.7,-0.4840013576609958
exp2_np3_rho005_alpha2,3,0.05,2,187,11,0.021179423878478064,0.007271970313025289,0.4,0.7,0.3,25.1,-0.7576177315994677
exp2_np3_rho005_alpha2,3,0.05,2,186,20,0.019890624083552924,0.00702501886802942,0.5,0.6111111111111112,0.3888888888888889,23.333333333333332,-0.34902657887082
exp2_np3_rho005_alpha2,3,0.05,2,189,11,0.004786768117076592,0.015031084183975807,0.3333333333333333,0.6666666666666666,0.3333333333333333,19.0,
exp2_np3_rho005_alpha2,3,0.05,2,185,16,0.04132155502712796,-0.04384980077429734,0.6,0.4,0.6,16.6,-0.8955939791555689
exp2_np3_rho005_alpha2,3,0.05,2,188,16,-0.008906456471444398,-0.004047423553702245,0.5333333333333333,0.4666666666666667,0.5333333333333333,22.0,
exp2_np3_rho005_alpha2,3,0.05,2,191,13,0.01983677558394274,-0.01548695217797924,0.5833333333333334,0.5,0.5,19.0,
exp2_np3_rho005_alpha2,3,0.05,2,190,16,0.006819166042206781,0.0017007070112584621,0.4375,0.5625,0.4375,23.0,
exp2_np3_rho005_alpha2,3,0.05,2,192,14,0.04002848961865016,0.03163567352043195,0.46153846153846156,0.46153846153846156,0.5384615384615384,28.846153846153847,-0.8255870322845279
exp2_np3_rho005_alpha2,3,0.05,2,194,13,0.023044538581782053,0.004788585134717582,0.4166666666666667,0.5,0.5,26.083333333333332,-0.6908705000916142
exp2_np3_rho005_alpha2,3,0.05,2,193,9,0.00353526036729912,-0.00607487489040226,0.5,0.5,0.5,19.0,
exp2_np3_rho005_alpha2,3,0.05,2,196,11,-0.0062773681364250485,-0.02998165271004538,0.6363636363636364,0.8181818181818182,0.18181818181818182,21.0,
exp2_np3_rho005_alpha2,3,0.05,2,198,21,0.051174886253704276,0.0303455847176739,0.42857142857142855,0.47619047619047616,0.5238095238095238,22.714285714285715,-0.9200905139824856
exp2_np3_rho005_alpha2,3,0.05,2,197,18,0.04515024488093838,0.010960367237509594,0.29411764705882354,0.29411764705882354,0.7058823529411765,23.58823529411765,-0.9009273097372374
exp2_np3_rho005_alpha2,3,0.05,2,195,13,0.01976090827936024,0.0024723724264203994,0.5,0.3333333333333333,0.6666666666666666,26.0,
exp2_np3_rho005_alpha2,3,0.05,2,199,7,0.008159110886019652,0.04596077526147058,0.3333333333333333,0.3333333333333333,0.6666666666666666,21.0,
exp2_np3_rho005_alpha5,3,0.05,5,5,3,0.009547273988501045,0.02293372489742307,0.3333333333333333,0.0,1.0,22.0,-0.7591761806451073
exp2_np3_rho005_alpha5,3,0.05,5,7,3,-0.06089293445990022,-0.08352345275251327,0.6666666666666666,0.6666666666666666,0.3333333333333333,17.666666666666668,-0.9241854918381616
exp2_np3_rho005_alpha5,3,0.05,5,6,3,0.10269655313143271,0.10205022000145725,0.0,0.6666666666666666,0.3333333333333333,27.0,
exp2_np3_rho005_alpha5,3,0.05,5,9,2,0.014714433769216662,0.014714433769216662,0.5,1.0,0.0,18.5,
exp2_np3_rho005_alpha5,3,0.05,5,2,1,0.0015251931071968983,0.0015251931071968983,0.0,1.0,0.0,25.0,
exp2_np3_rho005_alpha5,3,0.05,5,10,2,0.07338527673914808,0.07338527673914808,0.0,0.5,0.5,20.0,
exp2_np3_rho005_alpha5,3,0.05,5,3,2,0.20454573793906938,0.20454573793906938,0.0,1.0,0.0,24.0,
exp2_np3_rho005_alpha5,3,0.05,5,0,2,-0.19558198738529953,-0.19558198738529953,1.0,1.0,0.0,19.0,
exp2_np3_rho005_alpha5,3,0.05,5,1,2,-0.062135030365662924,-0.062135030365662924,1.0,1.0,0.0,16.0,
exp2_np3_rho005_alpha5,3,0.05,5,15,1,0.049643370218410254,0.049643370218410254,0.0,1.0,0.0,29.0,
exp2_np3_rho005_alpha5,3,0.05,5,14,1,-0.01496593776102273,-0.01496593776102273,1.0,1.0,0.0,22.0,
exp2_np3_rho005_alpha5,3,0.05,5,4,0,,,,,,,
exp2_np3_rho005_alpha5,3,0.05,5,8,6,0.08034481128305766,0.050765674706270136,0.16666666666666666,0.5,0.5,19.5,-0.725086758200958
exp2_np3_rho005_alpha5,3,0.05,5,13,0,,,,,,,
exp2_np3_rho005_alpha5,3,0.05,5,12,1,0.07366156742198715,0.07366156742198715,0.0,0.0,1.0,13.0,
exp2_np3_rho005_alpha5,3,0.05,5,11,1,0.05044763742790792,0.05044763742790792,0.0,1.0,0.0,18.0,
exp2_np3_rho005_alpha5,3,0.05,5,17,3,0.024585944871578835,0.024585944871578835,0.5,0.5,0.5,19.5,
exp2_np3_rho005_alpha5,3,0.05,5,21,4,0.013530320759323367,-0.005789429991039263,0.6666666666666666,0.3333333333333333,0.6666666666666666,16.666666666666668,0.23400113251691543
exp2_np3_rho005_alpha5,3,0.05,5,16,4,0.0010783419763604751,-0.03632543746721417,0.75,0.25,0.75,18.5,-0.9865705775220087
exp2_np3_rho005_alpha5,3,0.05,5,19,3,0.1955963122517268,0.04071693739598814,0.0,0.6666666666666666,0.3333333333333333,20.333333333333332,-0.9997359817298344
exp2_np3_rho005_alpha5,3,0.05,5,26,7,0.02334184868052918,-0.01627947748895764,0.5714285714285714,0.2857142857142857,0.7142857142857143,25.571428571428573,-0.6544930873950527
exp2_np3_rho005_alpha5,3,0.05,5,20,2,0.1918734308196428,0.1918734308196428,0.0,1.0,0.0,15.0,
exp2_np3_rho005_alpha5,3,0.05,5,18,0,,,,,,,
exp2_np3_rho005_alpha5,3,0.05,5,24,1,0.06433125363164027,0.06433125363164027,0.0,0.0,1.0,17.0,
exp2_np3_rho005_alpha5,3,0.05,5,30,0,,,,,,,
exp2_np3_rho005_alpha5,3,0.05,5,22,1,-0.045119607704571685,-0.045119607704571685,1.0,0.0,1.0,16.0,
exp2_np3_rho005_alpha5,3,0.05,5,23,7,0.006832793086314507,0.05851405829637013,0.2857142857142857,0.42857142857142855,0.5714285714285714,24.142857142857142,-0.28174569084539985
exp2_np3_rho005_alpha5,3,0.05,5,25,1,0.17150054933749814,0.17150054933749814,0.0,0.0,1.0,10.0,
exp2_np3_rho005_alpha5,3,0.05,5,27,1,0.19785049338400196,0.19785049338400196,0.0,0.0,1.0,14.0,
exp2_np3_rho005_alpha5,3,0.05,5,28,3,0.184143681776798,-0.003971486041557171,0.6666666666666666,0.3333333333333333,0.6666666666666666,17.333333333333332,-0.9952636547459104
exp2_np3_rho005_alpha5,3,0.05,5,29,1,0.06537547009105005,0.06537547009105005,0.0,1.0,0.0,12.0,
exp2_np3_rho005_alpha5,3,0.05,5,31,8,-0.02303047659325108,0.0098005782127073,0.375,0.375,0.625,28.75,-0.2341158447119979
exp2_np3_rho005_alpha5,3,0.05,5,34,3,0.1404186175014459,0.11284685435813735,0.3333333333333333,0.6666666666666666,0.3333333333333333,15.0,-0.9375026181347077
exp2_np3_rho005_alpha5,3,0.05,5,37,5,0.12445566051653678,0.013982287040106733,0.4,0.4,0.6,17.8,-0.8816590612587208
exp2_np3_rho005_alpha5,3,0.05,5,35,3,0.04962254517663597,0.06785105951443438,0.0,0.6666666666666666,0.3333333333333333,21.666666666666668,-0.3748801454997779
exp2_np3_rho005_alpha5,3,0.05,5,33,1,0.04442739006765439,0.04442739006765439,0.0,0.0,1.0,15.0,
exp2_np3_rho005_alpha5,3,0.05,5,32,2,-0.12321335797124622,-0.12321335797124622,1.0,0.0,1.0,24.0,
exp2_np3_rho005_alpha5,3,0.05,5,36,2,0.012867534716926698,0.012867534716926698,0.5,0.5,0.5,16.5,
exp2_np3_rho005_alpha5,3,0.05,5,39,3,0.02683259310342212,0.01319800560646911,0.0,0.3333333333333333,0.6666666666666666,20.666666666666668,0.6502265819913381
exp2_np3_rho005_alpha5,3,0.05,5,45,7,0.07662037809342058,0.05368535567891719,0.2857142857142857,0.8571428571428571,0.14285714285714285,24.714285714285715,-0.8967209571273715
exp2_np3_rho005_alpha5,3,0.05,5,46,7,0.0196056158433034,-0.000646543430239177,0.5714285714285714,0.5714285714285714,0.42857142857142855,25.571428571428573,-0.796295411924909
exp2_np3_rho005_alpha5,3,0.05,5,47,3,0.2011454437576671,0.03959084483499353,0.3333333333333333,0.6666666666666666,0.3333333333333333,14.0,-0.27788145061253355
exp2_np3_rho005_alpha5,3,0.05,5,43,3,0.0039911037002913945,0.0023894838159312926,0.3333333333333333,0.3333333333333333,0.6666666666666666,24.0,-0.8956979584503175
exp2_np3_rho005_alpha5,3,0.05,5,42,2,0.3471465692997011,0.3471465692997011,0.5,0.0,1.0,16.5,
exp2_np3_rho005_alpha5,3,0.05,5,44,4,-0.11317894047842669,-0.11317894047842669,1.0,1.0,0.0,19.5,
exp2_np3_rho005_alpha5,3,0.05,5,41,0,,,,,,,
exp2_np3_rho005_alpha5,3,0.05,5,38,3,-0.0016896059627612796,0.05231621390243113,0.3333333333333333,0.3333333333333333,0.6666666666666666,21.666666666666668,-0.5418666323726103
exp2_np3_rho005_alpha5,3,0.05,5,40,0,,,,,,,
exp2_np3_rho005_alpha5,3,0.05,5,48,2,-0.013987317207374783,-0.013987317207374783,0.5,0.0,1.0,23.5,
exp2_np3_rho005_alpha5,3,0.05,5,49,3,0.04259572811782153,0.04731422931911844,0.3333333333333333,0.3333333333333333,0.6666666666666666,19.333333333333332,-0.8348106776887148
exp2_np3_rho005_alpha5,3,0.05,5,51,3,0.23323253803890953,0.08293492557345772,0.0,1.0,0.0,17.0,-0.9947786441444422
exp2_np3_rho005_alpha5,3,0.05,5,52,3,0.03992645841083586,0.05535490918695363,0.3333333333333333,0.6666666666666666,0.3333333333333333,14.333333333333334,-0.9758612491405801
exp2_np3_rho005_alpha5,3,0.05,5,50,2,0.18574065081643498,0.18574065081643498,0.0,0.5,0.5,19.5,
exp2_np3_rho005_alpha5,3,0.05,5,54,2,0.18452072289810006,0.18452072289810006,0.5,0.5,0.5,19.5,
exp2_np3_rho005_alpha5,3,0.05,5,53,9,0.030702223325760534,0.016276291632293827,0.3333333333333333,0.5555555555555556,0.4444444444444444,24.666666666666668,0.09883546234508157
exp2_np3_rho005_alpha5,3,0.05,5,59,1,0.7008742314916123,0.7008742314916123,0.0,1.0,0.0,12.0,
exp2_np3_rho005_alpha5,3,0.05,5,55,0,,,,,,,
exp2_np3_rho005_alpha5,3,0.05,5,57,1,-0.0434858793835593,-0.0434858793835593,1.0,1.0,0.0,19.0,
exp2_np3_rho005_alpha5,3,0.05,5,56,3,0.05452977790276551,0.05414157390034546,0.0,0.3333333333333333,0.6666666666666666,22.0,-0.871933625803878
exp2_np3_rho005_alpha5,3,0.05,5,58,1,0.05889380239756825,0.05889380239756825,0.0,1.0,0.0,13.0,
exp2_np3_rho005_alpha5,3,0.05,5,61,2,-0.11040846177256824,-0.11040846177256824,1.0,0.0,1.0,20.5,
exp2_np3_rho005_alpha5,3,0.05,5,60,0,,,,,,,
exp2_np3_rho005_alpha5,3,0.05,5,63,2,0.359052797098832,0.359052797098832,0.0,0.5,0.5,14.5,
exp2_np3_rho005_alpha5,3,0.05,5,62,1,,,,,,,
exp2_np3_rho005_alpha5,3,0.05,5,65,3,0.37362420287086806,0.37362420287086806,0.0,1.0,0.0,22.5,
exp2_np3_rho005_alpha5,3,0.05,5,64,1,-0.12186124124581887,-0.12186124124581887,1.0,0.0,1.0,19.0,
exp2_np3_rho005_alpha5,3,0.05,5,66,0,,,,,,,
exp2_np3_rho005_alpha5,3,0.05,5,67,2,0.18929441400766134,0.18929441400766134,0.0,0.5,0.5,17.5,
exp2_np3_rho005_alpha5,3,0.05,5,68,2,-0.07684313665789322,-0.07684313665789322,0.5,0.5,0.5,22.0,
exp2_np3_rho005_alpha5,3,0.05,5,69,3,-0.037153021197120197,-0.04063654551550844,0.6666666666666666,0.6666666666666666,0.3333333333333333,21.333333333333332,-0.8843623927682531
exp2_np3_rho005_alpha5,3,0.05,5,73,3,-0.049453668744747624,-0.06482400157582457,0.6666666666666666,0.0,1.0,27.0,
exp2_np3_rho005_alpha5,3,0.05,5,75,2,0.22466763887274244,0.22466763887274244,0.0,0.0,1.0,14.5,
exp2_np3_rho005_alpha5,3,0.05,5,70,1,-0.1055087911383863,-0.1055087911383863,1.0,0.0,1.0,16.0,
exp2_np3_rho005_alpha5,3,0.05,5,72,1,0.1486457222599329,0.1486457222599329,0.0,0.0,1.0,19.0,
exp2_np3_rho005_alpha5,3,0.05,5,71,1,0.10489438126871597,0.10489438126871597,0.0,1.0,0.0,15.0,
exp2_np3_rho005_alpha5,3,0.05,5,74,6,0.010912102318160274,0.012082270149295748,0.5,0.5,0.5,24.666666666666668,-0.4226480855538795
exp2_np3_rho005_alpha5,3,0.05,5,76,2,0.05660507687644323,0.05660507687644323,0.0,0.0,1.0,27.0,
exp2_np3_rho005_alpha5,3,0.05,5,77,0,,,,,,,
exp2_np3_rho005_alpha5,3,0.05,5,78,3,-0.010036857175459287,-0.029192811270987384,0.6666666666666666,0.3333333333333333,0.6666666666666666,19.333333333333332,0.16742590261607074
exp2_np3_rho005_alpha5,3,0.05,5,79,2,0.09801211147018218,0.09801211147018218,0.0,0.5,0.5,17.5,
exp2_np3_rho005_alpha5,3,0.05,5,81,2,0.13533855469397515,0.13533855469397515,0.5,0.5,0.5,15.0,
exp2_np3_rho005_alpha5,3,0.05,5,80,3,0.24087647459487135,0.12525729268205055,0.3333333333333333,0.3333333333333333,0.6666666666666666,18.333333333333332,-0.6811270358742485
exp2_np3_rho005_alpha5,3,0.05,5,82,3,0.0288505819823112,0.03382881575107799,0.3333333333333333,0.6666666666666666,0.3333333333333333,19.666666666666668,0.902621400549179
exp2_np3_rho005_alpha5,3,0.05,5,83,2,0.1751826580519018,0.1751826580519018,0.0,0.5,0.5,18.0,
exp2_np3_rho005_alpha5,3,0.05,5,84,0,,,,,,,
exp2_np3_rho005_alpha5,3,0.05,5,90,3,0.048937156246617285,-0.1057950716046081,0.6666666666666666,1.0,0.0,16.666666666666668,-0.8704796951706288
exp2_np3_rho005_alpha5,3,0.05,5,86,0,,,,,,,
exp2_np3_rho005_alpha5,3,0.05,5,85,3,0.2051590428616802,0.07389240386812101,0.0,0.6666666666666666,0.3333333333333333,13.666666666666666,-0.5812708766534812
exp2_np3_rho005_alpha5,3,0.05,5,87,1,-0.025592168071972843,-0.025592168071972843,1.0,0.0,1.0,21.0,
exp2_np3_rho005_alpha5,3,0.05,5,88,2,0.12826363029730636,0.12826363029730636,0.0,1.0,0.0,26.0,
exp2_np3_rho005_alpha5,3,0.05,5,91,3,0.22255079517729648,-0.021255676485643527,0.6666666666666666,0.0,1.0,17.0,0.42632388554478995
exp2_np3_rho005_alpha5,3,0.05,5,89,0,,,,,,,
exp2_np3_rho005_alpha5,3,0.05,5,93,6,0.006836368952000201,-0.003678481957218427,0.5,0.5,0.5,23.0,-0.8389247183046498
exp2_np3_rho005_alpha5,3,0.05,5,92,2,0.009864718877992118,0.009864718877992118,0.0,0.0,1.0,23.0,
exp2_np3_rho005_alpha5,3,0.05,5,94,2,0.19695617826163092,0.19695617826163092,0.0,0.5,0.5,16.0,
exp2_np3_rho005_alpha5,3,0.05,5,95,1,-0.021692287787274722,-0.021692287787274722,1.0,1.0,0.0,13.0,
exp2_np3_rho005_alpha5,3,0.05,5,96,9,0.046369535173807326,0.0053869941571376145,0.3333333333333333,0.2222222222222222,0.7777777777777778,20.0,-0.9164843971721702
exp2_np3_rho005_alpha5,3,0.05,5,97,3,0.04776498604185816,0.0572755250527468,0.3333333333333333,1.0,0.0,21.333333333333332,-0.8015513510007486
exp2_np3_rho005_alpha5,3,0.05,5,98,3,-0.03432541086350641,-0.057625761842967194,0.6666666666666666,1.0,0.0,21.333333333333332,-0.9754808679793473
exp2_np3_rho005_alpha5,3,0.05,5,99,3,0.2897606551340412,0.10350321868400325,0.0,0.6666666666666666,0.3333333333333333,15.666666666666666,-0.7477680836688813
exp2_np3_rho005_alpha5,3,0.05,5,101,3,-0.043139395050665996,-0.04480787219306759,0.6666666666666666,0.0,1.0,17.666666666666668,0.8485079219943096
exp2_np3_rho005_alpha5,3,0.05,5,103,2,0.3308723496367092,0.3308723496367092,0.0,1.0,0.0,19.0,
exp2_np3_rho005_alpha5,3,0.05,5,104,2,0.4373771705383711,0.4373771705383711,0.0,0.5,0.5,17.0,
exp2_np3_rho005_alpha5,3,0.05,5,100,3,0.03718107689102812,0.02327223277023105,0.3333333333333333,0.0,1.0,23.666666666666668,-0.9124994585745054
exp2_np3_rho005_alpha5,3,0.05,5,102,0,,,,,,,
exp2_np3_rho005_alpha5,3,0.05,5,105,2,0.014464316989744042,0.014464316989744042,0.5,0.0,1.0,24.0,
exp2_np3_rho005_alpha5,3,0.05,5,109,4,0.15040866959898014,-0.04027706814941601,0.75,0.75,0.25,16.5,-0.7762751887782985
exp2_np3_rho005_alpha5,3,0.05,5,106,3,0.030213387803790976,0.027339937565374228,0.3333333333333333,0.6666666666666666,0.3333333333333333,22.333333333333332,0.03197166621619502
exp2_np3_rho005_alpha5,3,0.05,5,107,3,-0.013748066493869024,0.013301915212831972,0.3333333333333333,0.6666666666666666,0.3333333333333333,19.0,0.9725097607861314
exp2_np3_rho005_alpha5,3,0.05,5,108,3,0.008184178864914552,0.00043673356142015507,0.3333333333333333,0.3333333333333333,0.6666666666666666,20.666666666666668,0.8383789267701361
exp2_np3_rho005_alpha5,3,0.05,5,110,1,-0.16998717676641384,-0.16998717676641384,1.0,1.0,0.0,12.0,
exp2_np3_rho005_alpha5,3,0.05,5,111,4,0.268096004372586,0.09652688293653977,0.0,0.3333333333333333,0.6666666666666666,14.0,-0.5383033762922165
exp2_np3_rho005_alpha5,3,0.05,5,112,3,-0.07359812181732088,-0.06708854297212419,1.0,0.3333333333333333,0.6666666666666666,25.0,-0.10760633203728319
exp2_np3_rho005_alpha5,3,0.05,5,113,2,0.008137090049874729,0.008137090049874729,0.5,0.0,1.0,25.0,
exp2_np3_rho005_alpha5,3,0.05,5,114,1,-0.1333382600645452,-0.1333382600645452,1.0,1.0,0.0,17.0,
exp2_np3_rho005_alpha5,3,0.05,5,115,3,0.3067488933453901,0.1169828949349494,0.0,1.0,0.0,16.333333333333332,-0.7699676584712484
exp2_np3_rho005_alpha5,3,0.05,5,117,6,-0.05009075435196205,-0.010750206295603082,0.6666666666666666,0.8333333333333334,0.16666666666666666,23.166666666666668,-0.384465682210581
exp2_np3_rho005_alpha5,3,0.05,5,116,2,0.3970746077499072,0.3970746077499072,0.0,0.5,0.5,19.0,
exp2_np3_rho005_alpha5,3,0.05,5,119,0,,,,,,,
exp2_np3_rho005_alpha5,3,0.05,5,120,8,0.12183724035445775,0.007098941721833452,0.5,0.5,0.5,21.125,-0.9668573997419396
exp2_np3_rho005_alpha5,3,0.05,5,118,4,0.21345149316496959,0.059499179062006746,0.25,0.75,0.25,20.75,-0.8345696272172753
exp2_np3_rho005_alpha5,3,0.05,5,124,2,-0.0265777715372697,-0.0265777715372697,0.5,0.0,1.0,21.5,
exp2_np3_rho005_alpha5,3,0.05,5,125,3,-0.011431186332320506,-0.007511768073130476,0.6666666666666666,0.6666666666666666,0.3333333333333333,22.333333333333332,-0.8315460392967843
exp2_np3_rho005_alpha5,3,0.05,5,121,6,-0.021617418286676553,-0.007873154796700366,0.5,0.5,0.5,28.666666666666668,-0.4247629723198537
exp2_np3_rho005_alpha5,3,0.05,5,123,0,,,,,,,
exp2_np3_rho005_alpha5,3,0.05,5,122,2,0.06101305349423303,0.06101305349423303,0.0,0.5,0.5,19.5,
exp2_np3_rho005_alpha5,3,0.05,5,126,3,0.24754459933091688,-0.000715876239302915,0.6666666666666666,0.6666666666666666,0.3333333333333333,18.0,-0.97475498142158
exp2_np3_rho005_alpha5,3,0.05,5,127,2,0.044583659887381444,0.044583659887381444,0.5,0.5,0.5,22.0,
exp2_np3_rho005_alpha5,3,0.05,5,128,3,-0.010388514275497881,0.02573944078533774,0.3333333333333333,0.3333333333333333,0.6666666666666666,23.666666666666668,-0.4185035395609061
exp2_np3_rho005_alpha5,3,0.05,5,129,2,-0.018065648597670236,-0.018065648597670236,1.0,0.5,0.5,17.0,
exp2_np3_rho005_alpha5,3,0.05,5,130,0,,,,,,,
exp2_np3_rho005_alpha5,3,0.05,5,131,1,0.09756850235804304,0.09756850235804304,0.0,0.0,1.0,19.0,
exp2_np3_rho005_alpha5,3,0.05,5,133,1,0.10281499062184896,0.10281499062184896,0.0,1.0,0.0,24.0,
exp2_np3_rho005_alpha5,3,0.05,5,135,3,0.212933918595439,0.027131612751384537,0.3333333333333333,0.3333333333333333,0.6666666666666666,17.666666666666668,-0.9855962312592714
exp2_np3_rho005_alpha5,3,0.05,5,134,0,,,,,,,
exp2_np3_rho005_alpha5,3,0.05,5,132,8,-0.018070198679948617,-0.015068713093315367,0.5714285714285714,0.42857142857142855,0.5714285714285714,19.714285714285715,0.1901628619881623
exp2_np3_rho005_alpha5,3,0.05,5,137,2,0.0550161433545564,0.0550161433545564,0.0,0.5,0.5,22.0,
exp2_np3_rho005_alpha5,3,0.05,5,138,0,,,,,,,
exp2_np3_rho005_alpha5,3,0.05,5,140,7,0.09364152886994326,0.04473738412218431,0.42857142857142855,0.42857142857142855,0.5714285714285714,17.857142857142858,-0.8129641177479872
exp2_np3_rho005_alpha5,3,0.05,5,136,0,,,,,,,
exp2_np3_rho005_alpha5,3,0.05,5,142,1,0.38117691631351125,0.38117691631351125,0.0,0.0,1.0,14.0,
exp2_np3_rho005_alpha5,3,0.05,5,141,2,0.1895360401986066,0.1895360401986066,0.5,0.5,0.5,15.5,
exp2_np3_rho005_alpha5,3,0.05,5,139,0,,,,,,,
exp2_np3_rho005_alpha5,3,0.05,5,143,0,,,,,,,
exp2_np3_rho005_alpha5,3,0.05,5,144,3,0.3356648054689015,0.3075540313539413,0.0,0.0,1.0,27.0,0.8999374867425962
exp2_np3_rho005_alpha5,3,0.05,5,145,1,0.03439881998153549,0.03439881998153549,0.0,1.0,0.0,24.0,
exp2_np3_rho005_alpha5,3,0.05,5,147,4,-0.014255468377598982,-0.05560928175337665,0.6666666666666666,0.3333333333333333,0.6666666666666666,21.0,-0.9898653684438303
exp2_np3_rho005_alpha5,3,0.05,5,146,5,0.06432391395182258,0.032177884144636515,0.2,0.8,0.2,23.0,
exp2_np3_rho005_alpha5,3,0.05,5,151,3,0.303441867674187,0.08015681055664992,0.3333333333333333,0.6666666666666666,0.3333333333333333,22.0,-0.9950552985440921
exp2_np3_rho005_alpha5,3,0.05,5,149,5,0.04486626053316023,-0.004616315812710159,0.5,0.25,0.75,20.75,-0.9023552596610478
exp2_np3_rho005_alpha5,3,0.05,5,150,1,0.11147017571273121,0.11147017571273121,0.0,1.0,0.0,12.0,
exp2_np3_rho005_alpha5,3,0.05,5,148,1,0.03628533845899984,0.03628533845899984,0.0,0.0,1.0,23.0,
exp2_np3_rho005_alpha5,3,0.05,5,153,2,0.08683256471379552,0.08683256471379552,0.0,1.0,0.0,19.0,
exp2_np3_rho005_alpha5,3,0.05,5,152,8,0.005929012441818204,0.0316462977158678,0.375,0.625,0.375,23.875,0.1453497982470066
exp2_np3_rho005_alpha5,3,0.05,5,154,0,,,,,,,
exp2_np3_rho005_alpha5,3,0.05,5,156,3,0.15025195381137646,-0.09624423292852757,0.6666666666666666,0.0,1.0,17.666666666666668,-0.9086362379122116
exp2_np3_rho005_alpha5,3,0.05,5,158,3,0.11348230463935109,-0.0546901441955594,0.6666666666666666,0.0,1.0,17.333333333333332,-0.9854558844797097
exp2_np3_rho005_alpha5,3,0.05,5,155,3,0.012524178061958047,0.012081528816413112,0.3333333333333333,0.3333333333333333,0.6666666666666666,22.666666666666668,-0.8722697722909971
exp2_np3_rho005_alpha5,3,0.05,5,157,1,0.05335371311308901,0.05335371311308901,0.0,1.0,0.0,14.0,
exp2_np3_rho005_alpha5,3,0.05,5,159,0,,,,,,,
exp2_np3_rho005_alpha5,3,0.05,5,160,2,-0.021097427999467566,-0.021097427999467566,1.0,0.5,0.5,21.5,
exp2_np3_rho005_alpha5,3,0.05,5,161,0,,,,,,,
exp2_np3_rho005_alpha5,3,0.05,5,162,4,0.06318283317337858,-0.0008016415719742653,0.5,0.5,0.5,17.5,-0.9589502294637595
exp2_np3_rho005_alpha5,3,0.05,5,163,0,,,,,,,
exp2_np3_rho005_alpha5,3,0.05,5,166,0,,,,,,,
exp2_np3_rho005_alpha5,3,0.05,5,165,2,-0.04271366737893523,-0.04271366737893523,0.5,0.5,0.5,19.5,
exp2_np3_rho005_alpha5,3,0.05,5,164,5,0.17203563825449475,0.09127349244669603,0.2,0.6,0.4,19.2,0.13347274245688306
exp2_np3_rho005_alpha5,3,0.05,5,169,6,-0.0353536557216921,-0.03098210473693186,0.8333333333333334,0.8333333333333334,0.16666666666666666,24.0,
exp2_np3_rho005_alpha5,3,0.05,5,167,4,0.29453764138770855,0.12491743209031947,0.0,0.75,0.25,17.0,-0.6663760642372935
exp2_np3_rho005_alpha5,3,0.05,5,168,0,,,,,,,
exp2_np3_rho005_alpha5,3,0.05,5,170,3,-0.037497073381591285,-0.08492183608072246,0.6666666666666666,0.6666666666666666,0.3333333333333333,26.666666666666668,-0.9904018931060282
exp2_np3_rho005_alpha5,3,0.05,5,172,3,0.5128191716951701,0.6481840618286432,0.0,1.0,0.0,12.666666666666666,-0.9376644674796916
exp2_np3_rho005_alpha5,3,0.05,5,171,3,0.02997532354136201,0.02997532354136201,0.5,0.5,0.5,17.0,
exp2_np3_rho005_alpha5,3,0.05,5,173,4,0.24038078186740583,0.18639321329887348,0.0,0.6666666666666666,0.3333333333333333,18.666666666666668,-0.9405708920674406
exp2_np3_rho005_alpha5,3,0.05,5,174,2,0.0003054822963970416,0.0003054822963970416,0.5,0.0,1.0,22.5,
exp2_np3_rho005_alpha5,3,0.05,5,175,2,-0.004941252025339793,-0.004941252025339793,0.5,1.0,0.0,19.5,
exp2_np3_rho005_alpha5,3,0.05,5,176,2,0.061762376652503725,0.061762376652503725,0.5,0.5,0.5,17.0,
exp2_np3_rho005_alpha5,3,0.05,5,177,2,-0.04808303926409785,-0.04808303926409785,1.0,0.0,1.0,17.5,
exp2_np3_rho005_alpha5,3,0.05,5,178,1,0.3034035036625262,0.3034035036625262,0.0,0.0,1.0,13.0,
exp2_np3_rho005_alpha5,3,0.05,5,180,2,0.1150556851206117,0.1150556851206117,0.5,0.5,0.5,15.0,
exp2_np3_rho005_alpha5,3,0.05,5,179,6,-0.037004829338843415,-0.048994282573409986,0.6666666666666666,0.6666666666666666,0.3333333333333333,24.666666666666668,0.5031077700327706
exp2_np3_rho005_alpha5,3,0.05,5,183,5,-0.00011033979010246497,0.02284667719634559,0.4,0.8,0.2,18.0,0.6023593961786371
exp2_np3_rho005_alpha5,3,0.05,5,181,2,-0.008946986487514241,-0.008946986487514241,0.5,0.5,0.5,18.0,
exp2_np3_rho005_alpha5,3,0.05,5,182,8,-0.030058823492037923,-0.045719502687513014,0.625,0.5,0.5,21.875,0.41002330371215534
exp2_np3_rho005_alpha5,3,0.05,5,184,2,-0.15611491932395616,-0.15611491932395616,1.0,0.0,1.0,19.5,
exp2_np3_rho005_alpha5,3,0.05,5,185,0,,,,,,,
exp2_np3_rho005_alpha5,3,0.05,5,186,2,-0.02123057306890841,-0.02123057306890841,0.5,1.0,0.0,22.5,
exp2_np3_rho005_alpha5,3,0.05,5,188,2,-0.05830916890340676,-0.05830916890340676,1.0,1.0,0.0,18.5,
exp2_np3_rho005_alpha5,3,0.05,5,187,6,0.1518088034910816,0.06845666975977993,0.3333333333333333,0.5,0.5,21.5,-0.8430520356583112
exp2_np3_rho005_alpha5,3,0.05,5,189,3,0.34634829111354115,0.3935064153810419,0.3333333333333333,1.0,0.0,13.666666666666666,-0.9147431613580161
exp2_np3_rho005_alpha5,3,0.05,5,190,0,,,,,,,
exp2_np3_rho005_alpha5,3,0.05,5,191,1,0.06470252930210307,0.06470252930210307,0.0,0.0,1.0,19.0,
exp2_np3_rho005_alpha5,3,0.05,5,193,4,0.11108081240027423,0.05182384930195916,0.25,0.0,1.0,16.25,-0.8245235372167955
exp2_np3_rho005_alpha5,3,0.05,5,194,6,0.25307079052317133,0.11165266038924893,0.3333333333333333,0.6666666666666666,0.3333333333333333,21.5,-0.9570313035237382
exp2_np3_rho005_alpha5,3,0.05,5,192,6,0.010929033979288091,0.00043141864202489444,0.5,0.5,0.5,29.166666666666668,0.5044782624329305
exp2_np3_rho005_alpha5,3,0.05,5,198,1,0.045453045888179666,0.045453045888179666,0.0,1.0,0.0,23.0,
exp2_np3_rho005_alpha5,3,0.05,5,196,1,0.09252581908496715,0.09252581908496715,0.0,1.0,0.0,21.0,
exp2_np3_rho005_alpha5,3,0.05,5,195,3,0.001115388578074435,0.04888042771666257,0.3333333333333333,1.0,0.0,23.666666666666668,-0.5815341983628901
exp2_np3_rho005_alpha5,3,0.05,5,197,3,0.14910422280696226,-0.022460855652160383,0.6666666666666666,0.3333333333333333,0.6666666666666666,23.333333333333332,-0.997843549849865
exp2_np3_rho005_alpha5,3,0.05,5,199,6,0.093592912853103,-0.0064099330466800275,0.5,0.3333333333333333,0.6666666666666666,19.166666666666668,-0.965389590091197
exp2_np3_rho010_alpha10,3,0.1,10,1,0,,,,,,,
exp2_np3_rho010_alpha10,3,0.1,10,8,0,,,,,,,
exp2_np3_rho010_alpha10,3,0.1,10,10,8,0.09425276651272396,0.09004116298562259,0.25,0.625,0.375,34.75,-0.17842841325866404
exp2_np3_rho010_alpha10,3,0.1,10,5,0,,,,,,,
exp2_np3_rho010_alpha10,3,0.1,10,13,0,,,,,,,
exp2_np3_rho010_alpha10,3,0.1,10,11,0,,,,,,,
exp2_np3_rho010_alpha10,3,0.1,10,0,0,,,,,,,
exp2_np3_rho010_alpha10,3,0.1,10,9,5,0.12871612903867397,0.22112363847552707,0.4,0.0,1.0,28.8,0.4366962931959619
exp2_np3_rho010_alpha10,3,0.1,10,12,8,0.16670388704989691,0.20382931731695653,0.25,0.5,0.5,38.5,-0.41793743911718145
exp2_np3_rho010_alpha10,3,0.1,10,4,7,0.0016868454096632085,-0.08301930785669054,0.5714285714285714,0.42857142857142855,0.5714285714285714,33.0,-0.540481043691446
exp2_np3_rho010_alpha10,3,0.1,10,15,8,0.1097992374227651,0.07621308564664808,0.375,0.5,0.5,33.5,0.017322389167555394
exp2_np3_rho010_alpha10,3,0.1,10,2,8,0.08808139682232352,0.06582986782210343,0.25,0.5,0.5,38.75,-0.04442665393285409
exp2_np3_rho010_alpha10,3,0.1,10,7,5,0.09913657578690423,0.09686650747087722,0.4,0.0,1.0,31.2,-0.35034837013866593
exp2_np3_rho010_alpha10,3,0.1,10,6,0,,,,,,,
exp2_np3_rho010_alpha10,3,0.1,10,3,0,,,,,,,
exp2_np3_rho010_alpha10,3,0.1,10,14,4,0.14510679585715325,0.17318412630975555,0.25,0.75,0.25,25.25,0.5798155199760132
exp2_np3_rho010_alpha10,3,0.1,10,17,0,,,,,,,
exp2_np3_rho010_alpha10,3,0.1,10,19,6,0.05011318867864286,0.07726170574252755,0.3333333333333333,0.8333333333333334,0.16666666666666666,29.0,0.18070421399528186
exp2_np3_rho010_alpha10,3,0.1,10,16,5,0.18118619225396576,0.14747256105601902,0.0,0.2,0.8,29.6,-0.1435691215588385
exp2_np3_rho010_alpha10,3,0.1,10,21,0,,,,,,,
exp2_np3_rho010_alpha10,3,0.1,10,18,5,0.08045139643872545,0.07181855970198026,0.4,0.2,0.8,31.8,-0.7518766002151068
exp2_np3_rho010_alpha10,3,0.1,10,25,5,0.18160515307506664,0.1911907000641886,0.2,0.4,0.6,29.0,-0.6670993443440281
exp2_np3_rho010_alpha10,3,0.1,10,24,0,,,,,,,
exp2_np3_rho010_alpha10,3,0.1,10,23,0,,,,,,,
exp2_np3_rho010_alpha10,3,0.1,10,20,0,,,,,,,
exp2_np3_rho010_alpha10,3,0.1,10,30,0,,,,,,,
exp2_np3_rho010_alpha10,3,0.1,10,26,0,,,,,,,
exp2_np3_rho010_alpha10,3,0.1,10,27,6,0.1330048621745498,0.0959969350812484,0.5,0.3333333333333333,0.6666666666666666,33.0,-0.23072184005936913
exp2_np3_rho010_alpha10,3,0.1,10,22,0,,,,,,,
exp2_np3_rho010_alpha10,3,0.1,10,29,2,0.2620175889091141,0.2620175889091141,0.0,0.0,1.0,22.5,
exp2_np3_rho010_alpha10,3,0.1,10,31,8,0.13765045642598053,0.05739800032671116,0.2857142857142857,0.5714285714285714,0.42857142857142855,40.142857142857146,-0.7025771700211632
exp2_np3_rho010_alpha10,3,0.1,10,28,0,,,,,,,
exp2_np3_rho010_alpha10,3,0.1,10,33,2,-0.0777925524782841,-0.0777925524782841,1.0,0.5,0.5,20.5,
exp2_np3_rho010_alpha10,3,0.1,10,32,0,,,,,,,
exp2_np3_rho010_alpha10,3,0.1,10,38,2,0.2860995396036219,0.2860995396036219,0.0,0.5,0.5,19.5,
exp2_np3_rho010_alpha10,3,0.1,10,41,4,0.18211536258940475,0.11458367616040555,0.25,0.75,0.25,27.0,-0.18669917259915647
exp2_np3_rho010_alpha10,3,0.1,10,37,10,0.0015182432060831808,-0.0455466928012509,0.6,0.6,0.4,37.8,0.513619789250662
exp2_np3_rho010_alpha10,3,0.1,10,34,0,,,,,,,
exp2_np3_rho010_alpha10,3,0.1,10,35,8,0.05935796449573516,0.09393522379942087,0.25,0.625,0.375,37.25,-0.2642721708515252
exp2_np3_rho010_alpha10,3,0.1,10,42,5,0.1064136900392473,0.0922634216303777,0.2,0.4,0.6,32.4,-0.348592601871558
exp2_np3_rho010_alpha10,3,0.1,10,39,7,0.17749425699152394,0.10388875316939217,0.2857142857142857,0.42857142857142855,0.5714285714285714,35.285714285714285,-0.5896858718807335
exp2_np3_rho010_alpha10,3,0.1,10,43,7,0.012600292377593572,0.021751454248890134,0.42857142857142855,0.42857142857142855,0.5714285714285714,36.714285714285715,-0.3356520368424092
exp2_np3_rho010_alpha10,3,0.1,10,36,0,,,,,,,
exp2_np3_rho010_alpha10,3,0.1,10,40,0,,,,,,,
exp2_np3_rho010_alpha10,3,0.1,10,45,7,0.11315524510401063,0.18419829145734212,0.2857142857142857,0.5714285714285714,0.42857142857142855,32.42857142857143,-0.40487007743843
exp2_np3_rho010_alpha10,3,0.1,10,44,5,0.10332077529741923,0.04614791355122794,0.4,0.8,0.2,30.6,-0.2743383420098382
exp2_np3_rho010_alpha10,3,0.1,10,46,9,0.06667390136679271,0.08994677673130802,0.3333333333333333,0.5555555555555556,0.4444444444444444,39.888888888888886,-0.0867313839360024
exp2_np3_rho010_alpha10,3,0.1,10,47,0,,,,,,,
exp2_np3_rho010_alpha10,3,0.1,10,48,0,,,,,,,
exp2_np3_rho010_alpha10,3,0.1,10,49,8,-0.040242829092034915,0.021521839082332406,0.375,0.5,0.5,43.875,-0.23301561441772053
exp2_np3_rho010_alpha10,3,0.1,10,50,7,-0.016286742430584717,-0.020175794004212655,0.7142857142857143,0.5714285714285714,0.42857142857142855,31.285714285714285,0.2827928779878875
exp2_np3_rho010_alpha10,3,0.1,10,54,7,0.025631126207248705,-0.055050431120895915,0.5714285714285714,0.42857142857142855,0.5714285714285714,30.285714285714285,-0.1225198637972695
exp2_np3_rho010_alpha10,3,0.1,10,51,0,,,,,,,
exp2_np3_rho010_alpha10,3,0.1,10,55,0,,,,,,,
exp2_np3_rho010_alpha10,3,0.1,10,52,0,,,,,,,
exp2_np3_rho010_alpha10,3,0.1,10,53,5,0.12235877131390165,0.09551209998964616,0.4,0.6,0.4,31.4,-0.4611085151762672
exp2_np3_rho010_alpha10,3,0.1,10,57,4,-0.041035432777099645,-0.0916157563886566,0.75,0.5,0.5,40.75,-0.8670999976112315
exp2_np3_rho010_alpha10,3,0.1,10,56,0,,,,,,,
exp2_np3_rho010_alpha10,3,0.1,10,58,7,0.08730578903433361,0.00963899020138026,0.2857142857142857,0.7142857142857143,0.2857142857142857,35.142857142857146,-0.5793991582662671
exp2_np3_rho010_alpha10,3,0.1,10,61,5,0.039845633697335,0.15728051532763665,0.4,0.6,0.4,29.2,-0.5653516624304208
exp2_np3_rho010_alpha10,3,0.1,10,59,0,,,,,,,
exp2_np3_rho010_alpha10,3,0.1,10,62,2,0.012908800584400915,0.012908800584400915,0.5,0.0,1.0,24.0,
exp2_np3_rho010_alpha10,3,0.1,10,63,6,-0.048627012144420924,-0.09879052899326224,0.6666666666666666,0.5,0.5,37.5,0.3515441042962382
exp2_np3_rho010_alpha10,3,0.1,10,60,0,,,,,,,
exp2_np3_rho010_alpha10,3,0.1,10,64,6,-0.03976029944816991,-0.08003290624618264,0.6666666666666666,0.3333333333333333,0.6666666666666666,40.666666666666664,-0.39696734812691464
exp2_np3_rho010_alpha10,3,0.1,10,66,0,,,,,,,
exp2_np3_rho010_alpha10,3,0.1,10,67,6,0.02568328465171558,0.05266497452001273,0.3333333333333333,0.5,0.5,38.833333333333336,-0.18296827589366707
exp2_np3_rho010_alpha10,3,0.1,10,65,0,,,,,,,
exp2_np3_rho010_alpha10,3,0.1,10,71,4,0.07987976072309699,0.0716137454487824,0.25,0.5,0.5,26.75,0.39351450634824076
exp2_np3_rho010_alpha10,3,0.1,10,68,0,,,,,,,
exp2_np3_rho010_alpha10,3,0.1,10,72,4,0.1638375401467207,0.19542659495465342,0.25,0.25,0.75,28.0,0.05566907638297921
exp2_np3_rho010_alpha10,3,0.1,10,70,0,,,,,,,
exp2_np3_rho010_alpha10,3,0.1,10,69,2,0.09386560145265221,0.09386560145265221,0.0,0.0,1.0,20.5,
exp2_np3_rho010_alpha10,3,0.1,10,74,6,0.04454898768533546,0.10671117221503046,0.4,0.2,0.8,38.2,0.3056993883718488
exp2_np3_rho010_alpha10,3,0.1,10,73,4,0.22886167928494938,0.2181286334523116,0.0,1.0,0.0,36.0,0.5534346497159179
exp2_np3_rho010_alpha10,3,0.1,10,75,6,-0.031795894389425726,-0.07771329705625751,0.6666666666666666,0.8333333333333334,0.16666666666666666,31.333333333333332,0.48766789914679176
exp2_np3_rho010_alpha10,3,0.1,10,76,5,0.05653242724678531,0.014600144796228953,0.4,0.6,0.4,28.4,-0.012702744261539124
exp2_np3_rho010_alpha10,3,0.1,10,77,2,0.19803272255787308,0.19803272255787308,0.0,0.5,0.5,33.5,
exp2_np3_rho010_alpha10,3,0.1,10,78,0,,,,,,,
exp2_np3_rho010_alpha10,3,0.1,10,79,0,,,,,,,
exp2_np3_rho010_alpha10,3,0.1,10,80,0,,,,,,,
exp2_np3_rho010_alpha10,3,0.1,10,81,2,0.010165471767468848,0.010165471767468848,0.5,0.0,1.0,26.5,
exp2_np3_rho010_alpha10,3,0.1,10,83,0,,,,,,,
exp2_np3_rho010_alpha10,3,0.1,10,82,5,-0.03314535372029015,-0.030608036736607058,0.5,0.25,0.75,29.25,-0.24755987124384557
exp2_np3_rho010_alpha10,3,0.1,10,84,3,-0.04778391985123628,-0.1535965410277118,0.6666666666666666,0.0,1.0,34.0,-0.9559321761566748
exp2_np3_rho010_alpha10,3,0.1,10,86,0,,,,,,,
exp2_np3_rho010_alpha10,3,0.1,10,87,6,0.08199662286666554,0.03445988729133331,0.5,0.5,0.5,34.833333333333336,-0.13156960787941852
exp2_np3_rho010_alpha10,3,0.1,10,85,0,,,,,,,
exp2_np3_rho010_alpha10,3,0.1,10,89,7,0.12619308020117703,0.01991713863593514,0.42857142857142855,0.7142857142857143,0.2857142857142857,34.57142857142857,-0.23406429382375002
exp2_np3_rho010_alpha10,3,0.1,10,90,7,-0.0976211089250117,-0.12160725383726545,0.8333333333333334,0.6666666666666666,0.3333333333333333,43.666666666666664,0.25992641548648426
exp2_np3_rho010_alpha10,3,0.1,10,88,6,0.03830252410042038,0.12276633026315675,0.3333333333333333,0.5,0.5,39.5,-0.4857986361748767
exp2_np3_rho010_alpha10,3,0.1,10,92,0,,,,,,,
exp2_np3_rho010_alpha10,3,0.1,10,94,5,0.0670670143398949,0.03174855331260673,0.4,0.4,0.6,29.4,0.47007332015663017
exp2_np3_rho010_alpha10,3,0.1,10,91,6,-0.10882109872085251,-0.16020540899093572,0.8333333333333334,0.5,0.5,60.166666666666664,-0.857837886762124
exp2_np3_rho010_alpha10,3,0.1,10,95,0,,,,,,,
exp2_np3_rho010_alpha10,3,0.1,10,93,0,,,,,,,
exp2_np3_rho010_alpha10,3,0.1,10,97,0,,,,,,,
exp2_np3_rho010_alpha10,3,0.1,10,96,0,,,,,,,
exp2_np3_rho010_alpha10,3,0.1,10,99,5,0.19716070473481687,0.10261773761547754,0.4,0.2,0.8,28.6,-0.8697915763851477
exp2_np3_rho010_alpha10,3,0.1,10,100,5,-0.008426591159259011,-0.11034347626076979,0.6,0.0,1.0,31.8,-0.1823205989003775
exp2_np3_rho010_alpha10,3,0.1,10,101,5,0.07047480491881633,0.077951742828958,0.4,0.2,0.8,30.4,-0.35681019431202043
exp2_np3_rho010_alpha10,3,0.1,10,98,0,,,,,,,
exp2_np3_rho010_alpha10,3,0.1,10,102,0,,,,,,,
exp2_np3_rho010_alpha10,3,0.1,10,104,0,,,,,,,
exp2_np3_rho010_alpha10,3,0.1,10,103,5,-0.11829295587518888,-0.174485520765157,0.8,0.0,1.0,31.8,0.9606872005979491
exp2_np3_rho010_alpha10,3,0.1,10,105,0,,,,,,,
exp2_np3_rho010_alpha10,3,0.1,10,108,0,,,,,,,
exp2_np3_rho010_alpha10,3,0.1,10,106,5,0.010675810615027892,0.08092190154540191,0.2,0.4,0.6,30.4,-0.28145204833305465
exp2_np3_rho010_alpha10,3,0.1,10,107,0,,,,,,,
exp2_np3_rho010_alpha10,3,0.1,10,109,0,,,,,,,
exp2_np3_rho010_alpha10,3,0.1,10,111,0,,,,,,,
exp2_np3_rho010_alpha10,3,0.1,10,110,0,,,,,,,
exp2_np3_rho010_alpha10,3,0.1,10,112,0,,,,,,,
exp2_np3_rho010_alpha10,3,0.1,10,113,0,,,,,,,
exp2_np3_rho010_alpha10,3,0.1,10,114,0,,,,,,,
exp2_np3_rho010_alpha10,3,0.1,10,117,0,,,,,,,
exp2_np3_rho010_alpha10,3,0.1,10,115,0,,,,,,,
exp2_np3_rho010_alpha10,3,0.1,10,116,4,0.04597344130895875,0.04530932663342124,0.0,0.5,0.5,27.75,-0.7592115627945983
exp2_np3_rho010_alpha10,3,0.1,10,118,0,,,,,,,
exp2_np3_rho010_alpha10,3,0.1,10,119,6,-0.07278954993330562,-0.08865648303660834,0.6666666666666666,0.8333333333333334,0.16666666666666666,32.666666666666664,0.23736964029635052
exp2_np3_rho010_alpha10,3,0.1,10,120,5,-0.045180963600880905,-0.07467685717622086,0.6,0.2,0.8,32.4,-0.13519040700002288
exp2_np3_rho010_alpha10,3,0.1,10,123,0,,,,,,,
exp2_np3_rho010_alpha10,3,0.1,10,121,0,,,,,,,
exp2_np3_rho010_alpha10,3,0.1,10,122,0,,,,,,,
exp2_np3_rho010_alpha10,3,0.1,10,124,0,,,,,,,
exp2_np3_rho010_alpha10,3,0.1,10,127,8,0.12029126005669559,0.17089354975220772,0.14285714285714285,0.5714285714285714,0.42857142857142855,39.0,-0.3155527458807396
exp2_np3_rho010_alpha10,3,0.1,10,125,0,,,,,,,
exp2_np3_rho010_alpha10,3,0.1,10,126,6,0.028185626287583254,0.03789160081735732,0.5,0.6666666666666666,0.3333333333333333,34.0,0.06674534105400068
exp2_np3_rho010_alpha10,3,0.1,10,128,0,,,,,,,
exp2_np3_rho010_alpha10,3,0.1,10,129,0,,,,,,,
exp2_np3_rho010_alpha10,3,0.1,10,130,2,0.1961752346971668,0.1961752346971668,0.0,1.0,0.0,33.0,
exp2_np3_rho010_alpha10,3,0.1,10,131,0,,,,,,,
exp2_np3_rho010_alpha10,3,0.1,10,132,2,0.13119344602247196,0.13119344602247196,0.0,1.0,0.0,33.5,
exp2_np3_rho010_alpha10,3,0.1,10,134,2,-0.0401829282202093,-0.0401829282202093,1.0,0.5,0.5,21.0,
exp2_np3_rho010_alpha10,3,0.1,10,133,0,,,,,,,
exp2_np3_rho010_alpha10,3,0.1,10,138,0,,,,,,,
exp2_np3_rho010_alpha10,3,0.1,10,136,2,0.4054592422299623,0.4054592422299623,0.5,0.5,0.5,24.5,
exp2_np3_rho010_alpha10,3,0.1,10,135,0,,,,,,,
exp2_np3_rho010_alpha10,3,0.1,10,140,2,0.22662130839750816,0.22662130839750816,0.0,0.5,0.5,23.0,
exp2_np3_rho010_alpha10,3,0.1,10,139,0,,,,,,,
exp2_np3_rho010_alpha10,3,0.1,10,137,0,,,,,,,
exp2_np3_rho010_alpha10,3,0.1,10,141,0,,,,,,,
exp2_np3_rho010_alpha10,3,0.1,10,142,0,,,,,,,
exp2_np3_rho010_alpha10,3,0.1,10,143,4,0.048476519066998236,0.12454850235838677,0.25,0.75,0.25,36.5,-0.6743162065099044
exp2_np3_rho010_alpha10,3,0.1,10,144,2,-0.09664310576216018,-0.09664310576216018,0.5,0.0,1.0,27.0,
exp2_np3_rho010_alpha10,3,0.1,10,145,2,-0.03845244358031108,-0.03845244358031108,0.5,0.5,0.5,21.5,
exp2_np3_rho010_alpha10,3,0.1,10,146,0,,,,,,,
exp2_np3_rho010_alpha10,3,0.1,10,148,0,,,,,,,
exp2_np3_rho010_alpha10,3,0.1,10,147,0,,,,,,,
exp2_np3_rho010_alpha10,3,0.1,10,149,0,,,,,,,
exp2_np3_rho010_alpha10,3,0.1,10,150,0,,,,,,,
exp2_np3_rho010_alpha10,3,0.1,10,151,0,,,,,,,
exp2_np3_rho010_alpha10,3,0.1,10,152,11,-0.006998831577853567,-0.0030873639173414347,0.5454545454545454,0.8181818181818182,0.18181818181818182,36.72727272727273,-0.06724031471159839
exp2_np3_rho010_alpha10,3,0.1,10,153,5,0.14133203597938557,0.05235957918837464,0.2,0.4,0.6,30.4,-0.3199527180720927
exp2_np3_rho010_alpha10,3,0.1,10,159,6,0.13922583648356346,0.23183373486245085,0.3333333333333333,0.6666666666666666,0.3333333333333333,33.833333333333336,-0.15899237889922652
exp2_np3_rho010_alpha10,3,0.1,10,156,0,,,,,,,
exp2_np3_rho010_alpha10,3,0.1,10,154,0,,,,,,,
exp2_np3_rho010_alpha10,3,0.1,10,155,5,0.46407220708898683,0.20274024751379738,0.2,0.6,0.4,29.2,-0.678257949933211
exp2_np3_rho010_alpha10,3,0.1,10,158,5,0.04435089899606304,0.08358947523904892,0.4,0.4,0.6,31.4,-0.23311597806754855
exp2_np3_rho010_alpha10,3,0.1,10,157,0,,,,,,,
exp2_np3_rho010_alpha10,3,0.1,10,160,8,0.058880309639188444,0.04391860588284624,0.5,0.375,0.625,45.375,0.1971039180195253
exp2_np3_rho010_alpha10,3,0.1,10,161,4,0.24984258837519313,0.14482635648076503,0.25,0.75,0.25,24.5,0.07698918873408667
exp2_np3_rho010_alpha10,3,0.1,10,163,6,0.006508280786599781,0.020034559376859384,0.3333333333333333,0.6666666666666666,0.3333333333333333,35.0,0.10262772211621013
exp2_np3_rho010_alpha10,3,0.1,10,162,2,0.1940799992326956,0.1940799992326956,0.5,0.0,1.0,22.5,
exp2_np3_rho010_alpha10,3,0.1,10,164,2,0.38178416454019404,0.38178416454019404,0.5,0.0,1.0,24.5,
exp2_np3_rho010_alpha10,3,0.1,10,165,0,,,,,,,
exp2_np3_rho010_alpha10,3,0.1,10,170,0,,,,,,,
exp2_np3_rho010_alpha10,3,0.1,10,167,2,0.061154828784925286,0.061154828784925286,0.5,0.0,1.0,34.5,
exp2_np3_rho010_alpha10,3,0.1,10,171,0,,,,,,,
exp2_np3_rho010_alpha10,3,0.1,10,166,0,,,,,,,
exp2_np3_rho010_alpha10,3,0.1,10,169,0,,,,,,,
exp2_np3_rho010_alpha10,3,0.1,10,168,5,0.19157453541746888,0.12951323365287593,0.2,0.6,0.4,33.4,-0.20457622193839428
exp2_np3_rho010_alpha10,3,0.1,10,172,5,0.19938264206627157,0.11712551945483174,0.2,0.0,1.0,27.0,-0.3155785179665392
exp2_np3_rho010_alpha10,3,0.1,10,174,0,,,,,,,
exp2_np3_rho010_alpha10,3,0.1,10,173,5,0.09162401698111004,0.07469875075645316,0.4,0.4,0.6,31.6,-0.4140564427639311
exp2_np3_rho010_alpha10,3,0.1,10,175,0,,,,,,,
exp2_np3_rho010_alpha10,3,0.1,10,176,8,-0.010229784551354704,0.03221749345766112,0.375,0.5,0.5,37.5,-0.0859409276111285
exp2_np3_rho010_alpha10,3,0.1,10,177,0,,,,,,,
exp2_np3_rho010_alpha10,3,0.1,10,180,8,0.04430685293044001,0.027770993178203973,0.5,0.25,0.75,38.75,-0.31524438831752705
exp2_np3_rho010_alpha10,3,0.1,10,181,2,0.2648021956725608,0.2648021956725608,0.5,0.0,1.0,22.5,
exp2_np3_rho010_alpha10,3,0.1,10,178,5,0.10240800179306823,0.10850341496636329,0.2,1.0,0.0,31.6,-0.011056958124447392
exp2_np3_rho010_alpha10,3,0.1,10,179,0,,,,,,,
exp2_np3_rho010_alpha10,3,0.1,10,182,4,0.03254618306504353,0.015048784245302649,0.5,0.5,0.5,28.75,0.47992316391828727
exp2_np3_rho010_alpha10,3,0.1,10,186,4,0.3502053060004775,0.27921853866173096,0.0,0.5,0.5,24.5,-0.024468576329560086
exp2_np3_rho010_alpha10,3,0.1,10,184,0,,,,,,,
exp2_np3_rho010_alpha10,3,0.1,10,183,6,0.07800844921306904,0.1350151173402021,0.3333333333333333,0.3333333333333333,0.6666666666666666,31.166666666666668,-0.03162340760674163
exp2_np3_rho010_alpha10,3,0.1,10,190,2,0.12126510035604898,0.12126510035604898,0.5,0.5,0.5,26.0,
exp2_np3_rho010_alpha10,3,0.1,10,187,0,,,,,,,
exp2_np3_rho010_alpha10,3,0.1,10,189,6,-0.039107902530866046,0.012772161539307714,0.5,0.5,0.5,34.833333333333336,-0.10865972777811728
exp2_np3_rho010_alpha10,3,0.1,10,185,11,0.08762931069033347,0.02267228856621717,0.45454545454545453,0.5454545454545454,0.45454545454545453,42.18181818181818,-0.397215160016553
exp2_np3_rho010_alpha10,3,0.1,10,191,5,0.19846347831743766,0.09991969684201685,0.4,0.4,0.6,31.6,0.05814196843750342
exp2_np3_rho010_alpha10,3,0.1,10,188,2,0.13998969272935424,0.13998969272935424,0.0,0.0,1.0,23.0,
exp2_np3_rho010_alpha10,3,0.1,10,193,2,0.03064030269996154,0.03064030269996154,0.5,0.0,1.0,25.0,
exp2_np3_rho010_alpha10,3,0.1,10,195,5,-0.008829499963573895,-0.14509868959537275,0.6,0.6,0.4,33.8,0.04215699683517829
exp2_np3_rho010_alpha10,3,0.1,10,196,0,,,,,,,
exp2_np3_rho010_alpha10,3,0.1,10,197,0,,,,,,,
exp2_np3_rho010_alpha10,3,0.1,10,198,0,,,,,,,
exp2_np3_rho010_alpha10,3,0.1,10,199,7,0.09769730712089889,0.0638088053663326,0.14285714285714285,0.8571428571428571,0.14285714285714285,43.142857142857146,-0.043688214524260104
exp2_np3_rho010_alpha10,3,0.1,10,192,0,,,,,,,
exp2_np3_rho010_alpha10,3,0.1,10,194,5,0.28993539557279746,0.3252165649820977,0.25,0.75,0.25,36.25,-0.8428605629670312
exp2_np3_rho010_alpha2,3,0.1,2,3,11,0.07877193153397331,0.024081878813097646,0.4444444444444444,0.3333333333333333,0.6666666666666666,36.44444444444444,-0.9653812887625352
exp2_np3_rho010_alpha2,3,0.1,2,0,9,0.03646393522859537,0.054222557710353225,0.3333333333333333,0.8333333333333334,0.16666666666666666,40.0,
exp2_np3_rho010_alpha2,3,0.1,2,6,19,0.04184112741292241,-0.01334461373369944,0.5882352941176471,0.5294117647058824,0.47058823529411764,48.94117647058823,-0.8304811211622147
exp2_np3_rho010_alpha2,3,0.1,2,15,17,-0.031367426072896186,-0.03877966655004883,0.6428571428571429,0.42857142857142855,0.5714285714285714,42.0,
exp2_np3_rho010_alpha2,3,0.1,2,12,23,0.011318633130842803,-0.00013000539709873138,0.5,0.55,0.45,49.0,
exp2_np3_rho010_alpha2,3,0.1,2,14,25,0.03412564002547649,-0.021535635899314176,0.55,0.35,0.65,37.5,-0.7768736624863725
exp2_np3_rho010_alpha2,3,0.1,2,4,15,0.025624374731645524,-0.04153892487884736,0.8181818181818182,0.5454545454545454,0.45454545454545453,40.45454545454545,-0.9814201797813666
exp2_np3_rho010_alpha2,3,0.1,2,5,21,0.03989893581228408,-0.025384785978572744,0.631578947368421,0.3157894736842105,0.6842105263157895,45.0,
exp2_np3_rho010_alpha2,3,0.1,2,13,19,0.028508650362493587,-0.0014970064708981212,0.5294117647058824,0.5882352941176471,0.4117647058823529,43.23529411764706,-0.8866703629097901
exp2_np3_rho010_alpha2,3,0.1,2,8,20,0.039462416148455186,-0.015601984629166399,0.5555555555555556,0.4444444444444444,0.5555555555555556,40.833333333333336,-0.7144261170411543
exp2_np3_rho010_alpha2,3,0.1,2,11,22,0.06782498008179885,0.012478265907224007,0.47368421052631576,0.5263157894736842,0.47368421052631576,42.0,
exp2_np3_rho010_alpha2,3,0.1,2,1,20,-0.017166244516328682,-0.050128005261605324,0.7777777777777778,0.4444444444444444,0.5555555555555556,47.55555555555556,-0.7369725880942526
exp2_np3_rho010_alpha2,3,0.1,2,9,14,0.11503259269503774,0.0833041537233683,0.25,0.5833333333333334,0.4166666666666667,40.5,-0.9204044939645152
exp2_np3_rho010_alpha2,3,0.1,2,2,21,0.07522524653814344,0.032201642230260674,0.35294117647058826,0.5294117647058824,0.47058823529411764,48.588235294117645,-0.8532496634506157
exp2_np3_rho010_alpha2,3,0.1,2,7,19,0.048714319066931626,0.04617764973746841,0.35294117647058826,0.47058823529411764,0.5294117647058824,45.23529411764706,-0.8430708227727557
exp2_np3_rho010_alpha2,3,0.1,2,10,31,0.06475991310252474,0.010423461901264197,0.4482758620689655,0.5862068965517241,0.41379310344827586,43.275862068965516,-0.6756596892529444
exp2_np3_rho010_alpha2,3,0.1,2,16,21,-0.01853798215615643,-0.009482200489719705,0.5625,0.5625,0.4375,42.0,
exp2_np3_rho010_alpha2,3,0.1,2,17,18,-0.019114945674381614,0.00649919643125596,0.46153846153846156,0.3076923076923077,0.6923076923076923,48.0,
exp2_np3_rho010_alpha2,3,0.1,2,21,8,0.08396610436955705,-0.019533797245997686,0.5,0.3333333333333333,0.6666666666666666,37.833333333333336,-0.9656477220242362
exp2_np3_rho010_alpha2,3,0.1,2,19,17,-0.002240977263796462,-0.06446682057112296,0.5625,0.3125,0.6875,37.5625,-0.8526769827938792
exp2_np3_rho010_alpha2,3,0.1,2,22,9,0.09494542793732334,-0.008926397132644759,0.5714285714285714,0.42857142857142855,0.5714285714285714,50.0,-0.9575600995031256
exp2_np3_rho010_alpha2,3,0.1,2,18,23,0.0002206161069939994,0.01001699719706739,0.42105263157894735,0.3684210526315789,0.631578947368421,46.526315789473685,-0.8388033878378596
exp2_np3_rho010_alpha2,3,0.1,2,20,23,-0.012239500973116484,-0.02986099000898479,0.5555555555555556,0.3888888888888889,0.6111111111111112,46.0,
exp2_np3_rho010_alpha2,3,0.1,2,24,18,0.13995017086250364,0.02092104842059106,0.35714285714285715,0.42857142857142855,0.5714285714285714,37.07142857142857,-0.6584755523853665
exp2_np3_rho010_alpha2,3,0.1,2,30,15,0.08802376145309886,-0.0055831750121919654,0.5454545454545454,0.45454545454545453,0.5454545454545454,41.27272727272727,-0.908211117145622
exp2_np3_rho010_alpha2,3,0.1,2,26,19,0.04651617000822768,-0.04143861051334241,0.6666666666666666,0.3333333333333333,0.6666666666666666,47.4,-0.5214675776597987
exp2_np3_rho010_alpha2,3,0.1,2,25,19,0.08457874717081397,0.061421557403813054,0.35294117647058826,0.47058823529411764,0.5294117647058824,42.705882352941174,-0.790944293723801
exp2_np3_rho010_alpha2,3,0.1,2,29,24,0.08529987907738774,0.028118802994344883,0.3181818181818182,0.5,0.5,44.54545454545455,-0.6382724539841694
exp2_np3_rho010_alpha2,3,0.1,2,27,25,0.09027924324043321,0.006172444136031352,0.43478260869565216,0.4782608695652174,0.5217391304347826,42.17391304347826,-0.73345840182659
exp2_np3_rho010_alpha2,3,0.1,2,23,20,0.06743466554520751,-0.003281396470031339,0.5294117647058824,0.4117647058823529,0.5882352941176471,55.1764705882353,-0.5329687906505405
exp2_np3_rho010_alpha2,3,0.1,2,31,17,0.06484190440083536,0.038419285564538,0.35714285714285715,0.35714285714285715,0.6428571428571429,47.0,
exp2_np3_rho010_alpha2,3,0.1,2,28,18,0.09132634527950367,0.05860881738789825,0.4375,0.625,0.375,39.75,-0.526350049582999
exp2_np3_rho010_alpha2,3,0.1,2,32,15,-0.01656502634888272,-0.03764938134718854,0.6666666666666666,0.5,0.5,37.0,
exp2_np3_rho010_alpha2,3,0.1,2,34,10,0.06903545006306044,0.006256398871293367,0.5,0.375,0.625,34.25,-0.9254342224575756
exp2_np3_rho010_alpha2,3,0.1,2,36,13,-0.008238214036088265,-0.036896532319457886,0.625,0.5,0.5,35.0,
exp2_np3_rho010_alpha2,3,0.1,2,33,16,0.02384570294431005,-0.02643783751666673,0.6428571428571429,0.2857142857142857,0.7142857142857143,40.357142857142854,-0.8744692481972338
exp2_np3_rho010_alpha2,3,0.1,2,37,31,0.05775232765189992,0.04311729387657959,0.35714285714285715,0.5357142857142857,0.4642857142857143,48.0,
exp2_np3_rho010_alpha2,3,0.1,2,35,22,0.051825065398208504,-0.0006607324189684682,0.5,0.4,0.6,48.25,0.7845831356450387
exp2_np3_rho010_alpha2,3,0.1,2,38,16,0.014759751217857647,0.037086699922360467,0.38461538461538464,0.38461538461538464,0.6153846153846154,36.0,
exp2_np3_rho010_alpha2,3,0.1,2,42,19,0.02634141146427499,0.004405898101672356,0.5,0.375,0.625,48.4375,-0.8900615868970226
exp2_np3_rho010_alpha2,3,0.1,2,40,19,-0.0021609535520290546,-0.01275177100982905,0.625,0.625,0.375,42.0,
exp2_np3_rho010_alpha2,3,0.1,2,39,19,0.01433083332703844,-0.03340615049456064,0.5625,0.625,0.375,45.0,
exp2_np3_rho010_alpha2,3,0.1,2,43,19,0.025663134973839163,-0.022529991717777698,0.6666666666666666,0.6666666666666666,0.3333333333333333,47.6,-0.9260989967123202
exp2_np3_rho010_alpha2,3,0.1,2,41,21,0.046137674335971636,0.027002032949162036,0.42105263157894735,0.5789473684210527,0.42105263157894735,42.526315789473685,-0.8282397576893251
exp2_np3_rho010_alpha2,3,0.1,2,47,16,0.06386443174064008,0.024050794018726673,0.42857142857142855,0.6428571428571429,0.35714285714285715,44.142857142857146,-0.8925978062562753
exp2_np3_rho010_alpha2,3,0.1,2,44,23,0.00888265674137597,-0.029978059130685075,0.5789473684210527,0.5263157894736842,0.47368421052631576,46.0,
exp2_np3_rho010_alpha2,3,0.1,2,45,22,0.06304878800224077,0.0048907898233787606,0.42857142857142855,0.38095238095238093,0.6190476190476191,42.76190476190476,-0.7372408184507814
exp2_np3_rho010_alpha2,3,0.1,2,46,21,0.032326232751364585,-0.013103151479497477,0.5263157894736842,0.47368421052631576,0.5263157894736842,48.421052631578945,-0.8537739529302453
exp2_np3_rho010_alpha2,3,0.1,2,48,19,0.10762716413004833,0.05433697409753968,0.1111111111111111,0.4444444444444444,0.5555555555555556,43.666666666666664,-0.929861648314296
exp2_np3_rho010_alpha2,3,0.1,2,50,26,0.054376121802529334,0.00379308396990119,0.47619047619047616,0.42857142857142855,0.5714285714285714,38.76190476190476,-0.8623347222026585
exp2_np3_rho010_alpha2,3,0.1,2,49,14,0.015976805176959024,-0.06209338279011645,0.6666666666666666,0.16666666666666666,0.8333333333333334,51.0,
exp2_np3_rho010_alpha2,3,0.1,2,52,13,0.0652771463204806,0.0278725639202948,0.4444444444444444,0.3333333333333333,0.6666666666666666,36.888888888888886,-0.9093406810376294
exp2_np3_rho010_alpha2,3,0.1,2,51,21,0.014426639771878969,0.010592982630464931,0.3125,0.5625,0.4375,34.0,
exp2_np3_rho010_alpha2,3,0.1,2,54,11,0.14270714927418862,0.05979653205988589,0.3,0.7,0.3,38.4,-0.8058391045817761
exp2_np3_rho010_alpha2,3,0.1,2,53,25,-0.011426748046614628,-0.01507514430792467,0.5454545454545454,0.5454545454545454,0.45454545454545453,47.0,
exp2_np3_rho010_alpha2,3,0.1,2,56,16,-0.05244012805605861,-0.0706688734110692,0.75,0.3333333333333333,0.6666666666666666,36.0,
exp2_np3_rho010_alpha2,3,0.1,2,55,16,-0.0037796039531589653,-0.0004548874268524017,0.5384615384615384,0.5384615384615384,0.46153846153846156,45.0,
exp2_np3_rho010_alpha2,3,0.1,2,57,17,-0.0022526239419576656,0.00310611411906514,0.4666666666666667,0.3333333333333333,0.6666666666666666,53.0,
exp2_np3_rho010_alpha2,3,0.1,2,59,16,-0.014238220566614375,-0.02219372131499453,0.7857142857142857,0.5714285714285714,0.42857142857142855,43.0,-0.7092543051941231
exp2_np3_rho010_alpha2,3,0.1,2,60,21,0.0655224293571212,0.060669609108224165,0.2777777777777778,0.6111111111111112,0.3888888888888889,41.27777777777778,-0.8520740355408051
exp2_np3_rho010_alpha2,3,0.1,2,58,16,0.07703760941931972,-0.007892628951064573,0.5384615384615384,0.46153846153846156,0.5384615384615384,45.0,
exp2_np3_rho010_alpha2,3,0.1,2,62,12,0.020237897137606115,0.01373240610547466,0.3333333333333333,0.5,0.5,42.0,
exp2_np3_rho010_alpha2,3,0.1,2,61,21,0.08437727984150194,0.004047208983332773,0.42105263157894735,0.3684210526315789,0.631578947368421,41.421052631578945,-0.8184301555656895
exp2_np3_rho010_alpha2,3,0.1,2,63,28,-0.01803241874058774,-0.01991134897273028,0.6153846153846154,0.5,0.5,45.0,
exp2_np3_rho010_alpha2,3,0.1,2,66,18,-0.012060237549697206,-0.011426741689398945,0.5333333333333333,0.4666666666666667,0.5333333333333333,34.0,
exp2_np3_rho010_alpha2,3,0.1,2,64,26,0.04540305081399832,0.04413831706563576,0.4090909090909091,0.5454545454545454,0.45454545454545453,47.0,
exp2_np3_rho010_alpha2,3,0.1,2,65,20,0.036434992414319516,-0.014756413434771964,0.631578947368421,0.42105263157894735,0.5789473684210527,41.63157894736842,-0.8753411803813699
exp2_np3_rho010_alpha2,3,0.1,2,67,23,0.051538445888917386,-0.005932947221491958,0.55,0.45,0.55,46.0,
exp2_np3_rho010_alpha2,3,0.1,2,70,18,0.023394518711033874,0.0034308803901406115,0.4375,0.375,0.625,39.4375,-0.8907502026473112
exp2_np3_rho010_alpha2,3,0.1,2,69,19,0.052454630762708676,0.032623275160827525,0.47058823529411764,0.5294117647058824,0.47058823529411764,52.470588235294116,-0.9017377996845324
exp2_np3_rho010_alpha2,3,0.1,2,68,17,0.06319607053088139,-0.01884454802789426,0.5625,0.5625,0.4375,44.0625,-0.7363074513770735
exp2_np3_rho010_alpha2,3,0.1,2,72,18,0.04423266335620208,-0.0010885861106175732,0.5,0.35714285714285715,0.6428571428571429,52.0,
exp2_np3_rho010_alpha2,3,0.1,2,71,22,-0.010290178102568293,-0.02705447028167063,0.6,0.5,0.5,43.0,
exp2_np3_rho010_alpha2,3,0.1,2,73,19,0.06126840326318045,0.02360629483250465,0.4375,0.375,0.625,50.0,
exp2_np3_rho010_alpha2,3,0.1,2,74,18,-0.010555075192462068,0.002485368053195991,0.4666666666666667,0.3333333333333333,0.6666666666666666,46.0,
exp2_np3_rho010_alpha2,3,0.1,2,76,25,0.03252260981656367,0.010199838462762845,0.45454545454545453,0.5909090909090909,0.4090909090909091,41.04545454545455,-0.7530628669583288
exp2_np3_rho010_alpha2,3,0.1,2,75,20,-0.02747291994615948,-0.028844837813063684,0.6470588235294118,0.5882352941176471,0.4117647058823529,44.0,
exp2_np3_rho010_alpha2,3,0.1,2,78,16,0.026871533358740287,-0.0399404466442288,0.6153846153846154,0.3076923076923077,0.6923076923076923,41.46153846153846,0.3745306683022226
exp2_np3_rho010_alpha2,3,0.1,2,77,20,0.08110239886510826,-0.0013175659201203338,0.5,0.2777777777777778,0.7222222222222222,53.0,
exp2_np3_rho010_alpha2,3,0.1,2,79,19,0.05610994054857462,0.03821215533857192,0.2,0.4666666666666667,0.5333333333333333,45.86666666666667,-0.8563269843082645
exp2_np3_rho010_alpha2,3,0.1,2,80,19,-0.019147440462274734,-0.0036583733740154223,0.5625,0.3125,0.6875,43.0,
exp2_np3_rho010_alpha2,3,0.1,2,82,9,-0.02397461132488018,-0.04326860455698611,0.8571428571428571,0.42857142857142855,0.5714285714285714,37.0,
exp2_np3_rho010_alpha2,3,0.1,2,83,16,0.0008326543948240164,0.006006422075048867,0.46153846153846156,0.46153846153846156,0.5384615384615384,45.0,
exp2_np3_rho010_alpha2,3,0.1,2,81,23,0.023574580213921056,0.004407487432433577,0.42105263157894735,0.5263157894736842,0.47368421052631576,41.26315789473684,-0.8290112351747352
exp2_np3_rho010_alpha2,3,0.1,2,84,15,0.02549791762216574,0.0036561288959955363,0.46153846153846156,0.5384615384615384,0.46153846153846156,48.15384615384615,-0.6853127586020162
exp2_np3_rho010_alpha2,3,0.1,2,87,22,0.024652783539509348,-0.00035327628507531017,0.5,0.6,0.4,48.25,-0.797062873949588
exp2_np3_rho010_alpha2,3,0.1,2,86,17,0.02257095119032968,0.018718242195657986,0.4666666666666667,0.4666666666666667,0.5333333333333333,37.0,
exp2_np3_rho010_alpha2,3,0.1,2,85,21,0.014128428414935298,0.010778062250931697,0.3888888888888889,0.6111111111111112,0.3888888888888889,46.0,
exp2_np3_rho010_alpha2,3,0.1,2,88,20,-0.004186233572187066,-0.009214282116339234,0.5882352941176471,0.4117647058823529,0.5882352941176471,47.0,
exp2_np3_rho010_alpha2,3,0.1,2,89,20,0.08575033237459306,0.0782468536546741,0.4375,0.375,0.625,44.1875,-0.6693479396462847
exp2_np3_rho010_alpha2,3,0.1,2,90,23,0.016223830720826893,-0.03558681292170318,0.6,0.35,0.65,54.0,
exp2_np3_rho010_alpha2,3,0.1,2,92,19,0.032474037258080894,0.01954804797031784,0.4117647058823529,0.35294117647058826,0.6470588235294118,47.294117647058826,-0.7578187536299391
exp2_np3_rho010_alpha2,3,0.1,2,93,10,0.08525165398410471,0.008638432388828221,0.3333333333333333,0.5555555555555556,0.4444444444444444,34.0,-0.8905543202850429
exp2_np3_rho010_alpha2,3,0.1,2,91,23,0.0063778211838585895,0.006618711876652306,0.45,0.45,0.55,62.0,
exp2_np3_rho010_alpha2,3,0.1,2,94,13,0.1434574233933421,0.08974682100565046,0.3333333333333333,0.3333333333333333,0.6666666666666666,42.083333333333336,-0.6343138861354484
exp2_np3_rho010_alpha2,3,0.1,2,95,19,0.051070231696392646,0.021278887247737188,0.35294117647058826,0.4117647058823529,0.5882352941176471,47.0,
exp2_np3_rho010_alpha2,3,0.1,2,96,12,0.09964410410177171,0.06181160014400966,0.2,0.3,0.7,39.0,
exp2_np3_rho010_alpha2,3,0.1,2,97,18,0.033033995038378616,0.029832465130988695,0.375,0.375,0.625,45.0,
exp2_np3_rho010_alpha2,3,0.1,2,98,22,0.047469725578428525,-0.01601221850609358,0.55,0.55,0.45,53.0,
exp2_np3_rho010_alpha2,3,0.1,2,99,15,0.01820898267442601,0.004220094696816723,0.5,0.3,0.7,39.0,
exp2_np3_rho010_alpha2,3,0.1,2,100,18,-0.010722121772092625,-0.005352072910568051,0.5,0.7142857142857143,0.2857142857142857,48.0,-0.42388412115549434
exp2_np3_rho010_alpha2,3,0.1,2,101,24,0.04459041593169913,0.013658691523331434,0.47619047619047616,0.3333333333333333,0.6666666666666666,44.57142857142857,-0.6298600354306688
exp2_np3_rho010_alpha2,3,0.1,2,102,16,0.03527652083265785,0.03751266450038715,0.21428571428571427,0.7142857142857143,0.2857142857142857,44.642857142857146,-0.5197402987851746
exp2_np3_rho010_alpha2,3,0.1,2,104,17,-0.018762579995233963,-0.05339419346110219,0.6666666666666666,0.5333333333333333,0.4666666666666667,43.0,
exp2_np3_rho010_alpha2,3,0.1,2,103,17,0.010357250859700724,-0.006848802241325558,0.5333333333333333,0.4,0.6,49.0,
exp2_np3_rho010_alpha2,3,0.1,2,106,22,0.0959729351793049,0.038913077501240956,0.42105263157894735,0.5263157894736842,0.47368421052631576,49.31578947368421,0.6898652125631076
exp2_np3_rho010_alpha2,3,0.1,2,107,14,0.001045260819290128,-0.028749443002693997,0.6666666666666666,0.5,0.5,37.0,-0.8580323492252239
exp2_np3_rho010_alpha2,3,0.1,2,105,23,0.023911143402259267,0.03668016345172376,0.3333333333333333,0.5238095238095238,0.47619047619047616,46.095238095238095,-0.25322375627871124
exp2_np3_rho010_alpha2,3,0.1,2,111,17,0.003058456934474485,-0.0015460003989646864,0.5,0.4166666666666667,0.5833333333333334,47.0,
exp2_np3_rho010_alpha2,3,0.1,2,109,23,0.04264476193148991,0.04883799575279468,0.3684210526315789,0.42105263157894735,0.5789473684210527,44.36842105263158,-0.7459646841170694
exp2_np3_rho010_alpha2,3,0.1,2,110,21,0.06539276363145138,0.03380356848617172,0.47368421052631576,0.42105263157894735,0.5789473684210527,42.63157894736842,-0.9116059550412398
exp2_np3_rho010_alpha2,3,0.1,2,108,22,0.025069241654177433,0.018537869235884408,0.35,0.55,0.45,41.0,
exp2_np3_rho010_alpha2,3,0.1,2,112,17,0.06826448045765021,0.024346303820071746,0.42857142857142855,0.42857142857142855,0.5714285714285714,42.0,
exp2_np3_rho010_alpha2,3,0.1,2,114,22,0.03402974252151898,-0.0037160658929327184,0.5294117647058824,0.4117647058823529,0.5882352941176471,42.0,
exp2_np3_rho010_alpha2,3,0.1,2,113,15,0.05918484993963217,0.0327788060580021,0.38461538461538464,0.46153846153846156,0.5384615384615384,48.38461538461539,-0.9073144584470774
exp2_np3_rho010_alpha2,3,0.1,2,115,15,0.10146002364578857,0.03205851127004111,0.42857142857142855,0.42857142857142855,0.5714285714285714,43.0,-0.5275584469985254
exp2_np3_rho010_alpha2,3,0.1,2,116,15,0.012354268577070929,-0.011216344226755659,0.5833333333333334,0.5833333333333334,0.4166666666666667,43.0,
exp2_np3_rho010_alpha2,3,0.1,2,118,19,0.04037922077886994,0.015982001309822635,0.47058823529411764,0.35294117647058826,0.6470588235294118,40.11764705882353,-0.9799271865892181
exp2_np3_rho010_alpha2,3,0.1,2,117,22,0.0047059235811040484,-0.044163522154498036,0.6111111111111112,0.2777777777777778,0.7222222222222222,43.05555555555556,-0.888013849744389
exp2_np3_rho010_alpha2,3,0.1,2,123,17,-0.013612243652703053,-0.05764040701468787,0.7333333333333333,0.6,0.4,36.666666666666664,-0.8906270767021268
exp2_np3_rho010_alpha2,3,0.1,2,119,18,0.0071464917384725,-0.0512819833001279,0.6153846153846154,0.38461538461538464,0.6153846153846154,46.0,
exp2_np3_rho010_alpha2,3,0.1,2,120,17,0.04601667796804699,-0.03446406787679113,0.5333333333333333,0.5333333333333333,0.4666666666666667,48.666666666666664,-0.7974353247822108
exp2_np3_rho010_alpha2,3,0.1,2,122,22,0.028042433613322572,0.020650806871165273,0.35294117647058826,0.6470588235294118,0.35294117647058826,47.35294117647059,-0.7816129340992378
exp2_np3_rho010_alpha2,3,0.1,2,121,21,0.02124961017973507,-0.0062425136712542795,0.5789473684210527,0.5789473684210527,0.42105263157894735,40.94736842105263,-0.6237338326650936
exp2_np3_rho010_alpha2,3,0.1,2,125,14,0.022529407792473366,0.0030799154398146733,0.5,0.25,0.75,38.0,
exp2_np3_rho010_alpha2,3,0.1,2,124,21,0.07077185786367046,0.08333497642321408,0.3125,0.5,0.5,43.0,
exp2_np3_rho010_alpha2,3,0.1,2,126,18,0.06503935038677809,-0.009881597275773757,0.5294117647058824,0.4117647058823529,0.5882352941176471,43.23529411764706,-0.7999659288396525
exp2_np3_rho010_alpha2,3,0.1,2,127,23,-0.024829625887867815,-0.039102721536160345,0.6842105263157895,0.42105263157894735,0.5789473684210527,43.10526315789474,-0.6503659831358273
exp2_np3_rho010_alpha2,3,0.1,2,128,19,0.022035618973743072,0.02322167628006433,0.35294117647058826,0.47058823529411764,0.5294117647058824,50.0,
exp2_np3_rho010_alpha2,3,0.1,2,130,14,0.10143692805049964,0.07176395743857134,0.3,0.4,0.6,48.0,
exp2_np3_rho010_alpha2,3,0.1,2,129,27,0.0010234050581587083,-0.00656986278878513,0.52,0.48,0.52,43.0,
exp2_np3_rho010_alpha2,3,0.1,2,132,14,-0.012930094420967375,-0.032295917668766716,0.75,0.5,0.5,45.0,
exp2_np3_rho010_alpha2,3,0.1,2,131,13,0.014100864455679001,-0.024566150026535283,0.6363636363636364,0.36363636363636365,0.6363636363636364,41.09090909090909,-0.6074894398911544
exp2_np3_rho010_alpha2,3,0.1,2,133,21,0.05961479216563351,0.039444241198962615,0.3157894736842105,0.47368421052631576,0.5263157894736842,44.36842105263158,-0.8630245625767983
exp2_np3_rho010_alpha2,3,0.1,2,134,19,0.027465027420031596,0.014927867932122751,0.4375,0.3125,0.6875,49.0,
exp2_np3_rho010_alpha2,3,0.1,2,135,18,0.010562724155071748,-0.006746498707977722,0.5384615384615384,0.46153846153846156,0.5384615384615384,44.0,
exp2_np3_rho010_alpha2,3,0.1,2,141,10,-0.015549792858173461,-0.01880088103610511,0.6,0.2,0.8,42.0,
exp2_np3_rho010_alpha2,3,0.1,2,137,18,-0.01925463244712544,-0.05686169824390719,0.625,0.375,0.625,45.0625,-0.4549196679973042
exp2_np3_rho010_alpha2,3,0.1,2,138,23,0.0029182812516886764,-0.012238130391989621,0.5238095238095238,0.42857142857142855,0.5714285714285714,50.0,
exp2_np3_rho010_alpha2,3,0.1,2,136,20,0.08299317643460179,0.043684101685845356,0.2777777777777778,0.3888888888888889,0.6111111111111112,43.22222222222222,-0.7706614320295512
exp2_np3_rho010_alpha2,3,0.1,2,139,20,0.004630088188622594,0.028839033832716687,0.4375,0.25,0.75,45.0,
exp2_np3_rho010_alpha2,3,0.1,2,140,23,0.05282916784192175,0.04727750445827539,0.2857142857142857,0.38095238095238093,0.6190476190476191,42.904761904761905,-0.8148661855053969
exp2_np3_rho010_alpha2,3,0.1,2,142,11,0.07492410683517875,0.07250813553847024,0.3333333333333333,0.4444444444444444,0.5555555555555556,47.22222222222222,-0.810736618998311
exp2_np3_rho010_alpha2,3,0.1,2,143,23,0.028470476207822903,-0.004348306132745172,0.5,0.4,0.6,47.75,-0.5353094137251243
exp2_np3_rho010_alpha2,3,0.1,2,144,26,0.037388640999745745,0.011447377297589156,0.43478260869565216,0.43478260869565216,0.5652173913043478,51.0,
exp2_np3_rho010_alpha2,3,0.1,2,145,19,0.06540242894381312,-0.005275626649287268,0.5294117647058824,0.4117647058823529,0.5882352941176471,47.64705882352941,-0.6680781917019996
exp2_np3_rho010_alpha2,3,0.1,2,146,19,0.047279306006679116,0.049886391000403485,0.3333333333333333,0.5333333333333333,0.4666666666666667,41.2,-0.749102453372997
exp2_np3_rho010_alpha2,3,0.1,2,147,17,-0.021994606876092306,-0.012840177863326474,0.6,0.4666666666666667,0.5333333333333333,47.0,
exp2_np3_rho010_alpha2,3,0.1,2,149,11,-0.029485368051762606,-0.048219754848360274,0.7777777777777778,0.3333333333333333,0.6666666666666666,40.0,
exp2_np3_rho010_alpha2,3,0.1,2,148,21,0.05861408620904684,0.08105705087046022,0.3684210526315789,0.42105263157894735,0.5789473684210527,35.94736842105263,-0.7895942486767993
exp2_np3_rho010_alpha2,3,0.1,2,151,14,0.011537164414572384,0.0004283210779312263,0.5,0.5,0.5,40.5,-0.7327436740039316
exp2_np3_rho010_alpha2,3,0.1,2,150,24,0.08061550961149766,0.004896324331582491,0.4782608695652174,0.6086956521739131,0.391304347826087,46.73913043478261,-0.8429649825855939
exp2_np3_rho010_alpha2,3,0.1,2,152,14,0.008559257022588898,0.0014118515931360598,0.5,0.5,0.5,44.0,
exp2_np3_rho010_alpha2,3,0.1,2,154,15,0.12458579121166125,0.07929363376880927,0.2,0.6,0.4,42.4,-0.9637756148345582
exp2_np3_rho010_alpha2,3,0.1,2,156,20,0.016087492101416048,-0.002544669971422664,0.5,0.5,0.5,43.833333333333336,-0.747550671457514
exp2_np3_rho010_alpha2,3,0.1,2,155,11,-0.009156684543969784,-0.028640637301664995,0.625,0.75,0.25,44.0,
exp2_np3_rho010_alpha2,3,0.1,2,153,28,0.031525198113792355,0.00457414043999016,0.48,0.4,0.6,43.0,
exp2_np3_rho010_alpha2,3,0.1,2,158,19,0.0055697998659334225,0.004319024167991792,0.5,0.375,0.625,47.0,
exp2_np3_rho010_alpha2,3,0.1,2,157,18,0.012110104676826383,-0.025738648735139424,0.5625,0.5,0.5,44.0625,-0.22354956542477758
exp2_np3_rho010_alpha2,3,0.1,2,159,28,0.050503383435258724,0.01942411215960682,0.44,0.56,0.44,49.0,
exp2_np3_rho010_alpha2,3,0.1,2,160,21,0.058005378598191465,0.0028769044188043935,0.47619047619047616,0.5238095238095238,0.47619047619047616,49.80952380952381,-0.8335041913654465
exp2_np3_rho010_alpha2,3,0.1,2,161,20,0.03561634049928846,0.008224741215059783,0.4444444444444444,0.5,0.5,38.27777777777778,-0.9329881806371957
exp2_np3_rho010_alpha2,3,0.1,2,162,12,0.05512865724665188,-0.006579594411117107,0.6,0.4,0.6,36.9,-0.9677951381097201
exp2_np3_rho010_alpha2,3,0.1,2,163,24,0.00907325853966729,-0.009015459431667594,0.6111111111111112,0.3888888888888889,0.6111111111111112,50.0,
exp2_np3_rho010_alpha2,3,0.1,2,164,16,0.04843584363144921,-0.03480879311495011,0.5714285714285714,0.42857142857142855,0.5714285714285714,43.57142857142857,-0.8524349903992534
exp2_np3_rho010_alpha2,3,0.1,2,165,13,0.04145747648164252,-0.005799853063753524,0.5,0.5,0.5,47.5,-0.9537471326807391
exp2_np3_rho010_alpha2,3,0.1,2,166,25,0.06135381859180442,0.014508766161239084,0.4,0.6,0.4,46.75,-0.841379619124811
exp2_np3_rho010_alpha2,3,0.1,2,167,17,-0.044206832592692424,-0.08993114042020922,0.8125,0.4375,0.5625,48.125,-0.8456786567427789
exp2_np3_rho010_alpha2,3,0.1,2,169,22,0.06678103955011208,0.020850900656697924,0.5,0.4444444444444444,0.5555555555555556,44.22222222222222,-0.772982514172181
exp2_np3_rho010_alpha2,3,0.1,2,170,16,0.06693117059719295,0.04133889061718765,0.46153846153846156,0.46153846153846156,0.5384615384615384,51.0,-0.8497310437443065
exp2_np3_rho010_alpha2,3,0.1,2,172,16,-0.04102546717032967,-0.04778198082109242,0.6923076923076923,0.23076923076923078,0.7692307692307693,38.0,
exp2_np3_rho010_alpha2,3,0.1,2,171,26,-0.04129273081104277,-0.0458623977171686,0.65,0.5,0.5,47.0,
exp2_np3_rho010_alpha2,3,0.1,2,173,23,0.01848660665274955,-0.008198128130648463,0.5714285714285714,0.42857142857142855,0.5714285714285714,49.904761904761905,-0.8550624844151152
exp2_np3_rho010_alpha2,3,0.1,2,168,17,0.015992558584730636,0.01861125124540619,0.35714285714285715,0.42857142857142855,0.5714285714285714,50.0,
exp2_np3_rho010_alpha2,3,0.1,2,174,20,0.06375280910589273,0.02436031700537633,0.3333333333333333,0.4444444444444444,0.5555555555555556,44.27777777777778,-0.8924560297654603
exp2_np3_rho010_alpha2,3,0.1,2,175,18,0.01657019189187925,-0.03299667871759171,0.6875,0.375,0.625,43.0,
exp2_np3_rho010_alpha2,3,0.1,2,177,20,0.05487863423495446,-0.018581284302388035,0.5555555555555556,0.4444444444444444,0.5555555555555556,39.333333333333336,-0.7520861647331987
exp2_np3_rho010_alpha2,3,0.1,2,176,24,0.08380124729794075,0.03291605025660971,0.38095238095238093,0.42857142857142855,0.5714285714285714,45.23809523809524,-0.5849768871879533
exp2_np3_rho010_alpha2,3,0.1,2,181,21,-0.00046331597785546447,0.009939599087264384,0.4444444444444444,0.3333333333333333,0.6666666666666666,42.0,
exp2_np3_rho010_alpha2,3,0.1,2,179,16,0.05768191852015354,-0.003984404450157797,0.5384615384615384,0.6923076923076923,0.3076923076923077,48.0,
exp2_np3_rho010_alpha2,3,0.1,2,178,27,0.0657830620764132,0.020357154259545318,0.43478260869565216,0.30434782608695654,0.6956521739130435,47.78260869565217,-0.7768897583489806
exp2_np3_rho010_alpha2,3,0.1,2,180,22,0.036697501903726684,0.01821607711741091,0.3888888888888889,0.3333333333333333,0.6666666666666666,46.888888888888886,-0.015269537082012903
exp2_np3_rho010_alpha2,3,0.1,2,183,16,0.10644904017217661,0.024409263756397515,0.46153846153846156,0.6153846153846154,0.38461538461538464,39.38461538461539,-0.8105079114152631
exp2_np3_rho010_alpha2,3,0.1,2,182,18,0.028404537211960235,0.014529564505645798,0.375,0.4375,0.5625,56.0,
exp2_np3_rho010_alpha2,3,0.1,2,184,20,0.05689617886768847,0.014096861358090962,0.4444444444444444,0.5,0.5,52.611111111111114,-0.8566130952631924
exp2_np3_rho010_alpha2,3,0.1,2,186,16,-0.0016985669556959873,-0.03700282549282585,0.6428571428571429,0.5714285714285714,0.42857142857142855,41.07142857142857,-0.8818578001104584
exp2_np3_rho010_alpha2,3,0.1,2,187,17,0.10946909086498688,0.10720909872157414,0.3333333333333333,0.6666666666666666,0.3333333333333333,44.0,
exp2_np3_rho010_alpha2,3,0.1,2,189,18,0.007235103495758066,-0.01510256962597678,0.625,0.5,0.5,47.3125,-0.4945635559895506
exp2_np3_rho010_alpha2,3,0.1,2,190,13,-0.000368375381153907,-0.013029386683999444,0.5,0.4,0.6,39.0,
exp2_np3_rho010_alpha2,3,0.1,2,188,19,0.03275542847171036,0.001153655456765712,0.4666666666666667,0.4,0.6,42.0,-0.9693884381648441
exp2_np3_rho010_alpha2,3,0.1,2,191,22,0.04718107566884368,0.02258529657596009,0.3333333333333333,0.2777777777777778,0.7222222222222222,46.22222222222222,-0.8035859447076763
exp2_np3_rho010_alpha2,3,0.1,2,185,16,0.03275673248950569,0.05954129516320883,0.42857142857142855,0.5,0.5,50.0,
exp2_np3_rho010_alpha2,3,0.1,2,192,17,-0.03783752779159404,-0.033136637756342235,0.6428571428571429,0.35714285714285715,0.6428571428571429,36.0,
exp2_np3_rho010_alpha2,3,0.1,2,193,21,0.00267379906118352,0.008932360035949216,0.42105263157894735,0.47368421052631576,0.5263157894736842,50.0,
exp2_np3_rho010_alpha2,3,0.1,2,196,27,0.06080075056005699,0.03182058580759506,0.34782608695652173,0.4782608695652174,0.5217391304347826,43.78260869565217,-0.8526413779057785
exp2_np3_rho010_alpha2,3,0.1,2,194,14,0.054039086208357734,0.03570699666793109,0.4166666666666667,0.5,0.5,46.0,-0.6907662715777372
exp2_np3_rho010_alpha2,3,0.1,2,197,17,0.11846259077762203,0.04592939905722382,0.4666666666666667,0.6666666666666666,0.3333333333333333,38.6,-0.6471102476614711
exp2_np3_rho010_alpha2,3,0.1,2,195,16,0.07783814791488983,0.03543086803977413,0.3076923076923077,0.6153846153846154,0.38461538461538464,52.0,
exp2_np3_rho010_alpha2,3,0.1,2,198,21,0.041845611404085534,0.02651834447654533,0.45,0.6,0.4,40.3,-0.9147135155881035
exp2_np3_rho010_alpha2,3,0.1,2,199,14,0.0002671219983692759,-0.010460906611260867,0.5833333333333334,0.5,0.5,51.0,
exp2_np3_rho010_alpha5,3,0.1,5,10,12,0.0869022403241921,0.01667118674768142,0.5,0.7,0.3,42.8,-0.571431640522468
exp2_np3_rho010_alpha5,3,0.1,5,0,9,0.24679478353127898,0.18699239239370424,0.2222222222222222,0.5555555555555556,0.4444444444444444,33.666666666666664,-0.8074828687273137
exp2_np3_rho010_alpha5,3,0.1,5,11,11,0.16489577986038303,0.08155379636042737,0.1,0.4,0.6,36.6,-0.9088701340509575
exp2_np3_rho010_alpha5,3,0.1,5,5,10,0.04561092764271931,-0.09524591097564006,0.6666666666666666,0.5555555555555556,0.4444444444444444,41.333333333333336,-0.8465659813759987
exp2_np3_rho010_alpha5,3,0.1,5,8,4,0.3022091377498759,0.19961974735415478,0.3333333333333333,0.0,1.0,27.666666666666668,-0.6438395873414481
exp2_np3_rho010_alpha5,3,0.1,5,12,12,0.11312459416140667,-0.017078286285055366,0.5833333333333334,0.5833333333333334,0.4166666666666667,42.0,-0.8819645265894588
exp2_np3_rho010_alpha5,3,0.1,5,2,9,0.23086725660355376,0.141559572049216,0.4444444444444444,0.2222222222222222,0.7777777777777778,40.0,-0.8422635845623933
exp2_np3_rho010_alpha5,3,0.1,5,15,5,0.45246408204247635,0.4563227887138148,0.5,0.75,0.25,29.5,-0.9983430538686884
exp2_np3_rho010_alpha5,3,0.1,5,6,12,0.0016702809924964868,0.025434893299273842,0.4,0.6,0.4,47.9,0.17098372900477837
exp2_np3_rho010_alpha5,3,0.1,5,3,8,0.1606936897835013,0.06344262791552069,0.25,0.375,0.625,29.5,-0.7038159186855638
exp2_np3_rho010_alpha5,3,0.1,5,9,8,0.06730984143911123,-0.024186598398951098,0.625,0.5,0.5,34.125,-0.8235197052895621
exp2_np3_rho010_alpha5,3,0.1,5,1,5,0.06165437463739446,0.04968274609023471,0.0,0.3333333333333333,0.6666666666666666,44.333333333333336,-0.9980783654843114
exp2_np3_rho010_alpha5,3,0.1,5,7,14,0.12304169747147638,0.016960573827893732,0.5,0.5,0.5,41.357142857142854,-0.8872962675167084
exp2_np3_rho010_alpha5,3,0.1,5,4,19,0.07681529858697778,0.028463743425670707,0.375,0.5,0.5,40.1875,-0.7287969360029073
exp2_np3_rho010_alpha5,3,0.1,5,13,8,0.07865790164630747,0.0736052390662687,0.42857142857142855,0.5714285714285714,0.42857142857142855,38.57142857142857,-0.8877154010379235
exp2_np3_rho010_alpha5,3,0.1,5,14,10,0.08113411748121446,0.026328902423443434,0.25,0.375,0.625,35.5,-0.9631864093100712
exp2_np3_rho010_alpha5,3,0.1,5,16,15,0.052487881759116076,0.05997111373807584,0.2727272727272727,0.36363636363636365,0.6363636363636364,41.0,0.4501597391220433
exp2_np3_rho010_alpha5,3,0.1,5,20,11,0.0746785710733553,-0.0006634639900893191,0.5555555555555556,0.8888888888888888,0.1111111111111111,44.666666666666664,-0.9797423668374251
exp2_np3_rho010_alpha5,3,0.1,5,23,11,-0.025960774435820098,-0.07191398435005869,0.6666666666666666,0.5555555555555556,0.4444444444444444,52.22222222222222,-0.6419329178939557
exp2_np3_rho010_alpha5,3,0.1,5,26,7,0.13213296273781808,0.04174862014067848,0.2857142857142857,0.2857142857142857,0.7142857142857143,37.142857142857146,-0.8481786620040245
exp2_np3_rho010_alpha5,3,0.1,5,18,10,0.1921356608300083,0.06763133612512284,0.2222222222222222,0.3333333333333333,0.6666666666666666,40.55555555555556,-0.9307011881024062
exp2_np3_rho010_alpha5,3,0.1,5,17,10,0.07908112857571481,0.05966632106743619,0.375,0.5,0.5,46.125,-0.8651493870110009
exp2_np3_rho010_alpha5,3,0.1,5,22,10,0.1146268928160632,0.10807261615429287,0.375,0.5,0.5,49.0,-0.5824191439416115
exp2_np3_rho010_alpha5,3,0.1,5,19,11,0.07295604307738639,-0.008260984509846026,0.5,0.4,0.6,34.6,-0.8749350072618532
exp2_np3_rho010_alpha5,3,0.1,5,25,14,-0.04686227428763227,-0.06551641545777276,0.6666666666666666,0.4166666666666667,0.5833333333333334,42.666666666666664,-0.09909235116374426
exp2_np3_rho010_alpha5,3,0.1,5,21,13,0.04925315330301284,-0.02469008825230734,0.6363636363636364,0.5454545454545454,0.45454545454545453,37.36363636363637,-0.9409890332700769
exp2_np3_rho010_alpha5,3,0.1,5,27,15,0.1399742807895185,0.02460592195469058,0.4,0.6666666666666666,0.3333333333333333,39.6,-0.7048911871120457
exp2_np3_rho010_alpha5,3,0.1,5,24,8,0.21634813564433086,0.11921531317944467,0.25,0.5,0.5,30.375,-0.8986762821934126
exp2_np3_rho010_alpha5,3,0.1,5,30,8,0.15522276546215114,-0.030632994590782836,0.5714285714285714,0.42857142857142855,0.5714285714285714,36.285714285714285,-0.9619714439001933
exp2_np3_rho010_alpha5,3,0.1,5,29,16,0.0942962518785766,0.06778177146150899,0.4,0.4666666666666667,0.5333333333333333,42.4,-0.9293591211046832
exp2_np3_rho010_alpha5,3,0.1,5,31,14,0.0948389095223596,-0.023552310259608245,0.6428571428571429,0.6428571428571429,0.35714285714285715,41.357142857142854,-0.9407152896872216
exp2_np3_rho010_alpha5,3,0.1,5,28,10,0.03562407629357567,-0.07343685499298136,0.75,0.625,0.375,39.625,-0.9772361226317837
exp2_np3_rho010_alpha5,3,0.1,5,32,11,0.10073270541837814,0.004309552933238869,0.4444444444444444,0.5555555555555556,0.4444444444444444,34.55555555555556,-0.9481229633261701
exp2_np3_rho010_alpha5,3,0.1,5,33,8,0.05726194376051937,0.005282566839154956,0.5,0.5,0.5,38.166666666666664,-0.885012881306282
exp2_np3_rho010_alpha5,3,0.1,5,35,12,0.07140872778061992,0.04953935231053386,0.36363636363636365,0.6363636363636364,0.36363636363636365,42.09090909090909,-0.370718066802995
exp2_np3_rho010_alpha5,3,0.1,5,34,9,0.007795529197913376,-0.1446050424433003,0.625,0.75,0.25,31.75,-0.7667117002890745
exp2_np3_rho010_alpha5,3,0.1,5,40,12,0.09903747892622147,0.03949357112788032,0.36363636363636365,0.6363636363636364,0.36363636363636365,38.45454545454545,-0.8651360065824184
exp2_np3_rho010_alpha5,3,0.1,5,37,10,0.18636288097582132,0.10745144070934876,0.125,0.625,0.375,45.25,-0.953835321805233
exp2_np3_rho010_alpha5,3,0.1,5,39,9,0.0684876313674262,0.004688837683552993,0.5,0.75,0.25,40.375,-0.6353001827631594
exp2_np3_rho010_alpha5,3,0.1,5,36,16,0.010531593431118832,0.013137762670136777,0.5,0.4166666666666667,0.5833333333333334,33.166666666666664,-0.31560886492254986
exp2_np3_rho010_alpha5,3,0.1,5,43,10,0.1503550112119461,0.07375517338029303,0.3,0.7,0.3,40.1,-0.8580221767894533
exp2_np3_rho010_alpha5,3,0.1,5,38,9,0.10293120665643196,-0.025913165283714346,0.625,0.25,0.75,31.875,-0.7485230635730784
exp2_np3_rho010_alpha5,3,0.1,5,41,9,0.2014397581012435,0.11343211323154367,0.2222222222222222,0.5555555555555556,0.4444444444444444,36.44444444444444,-0.842894356211413
exp2_np3_rho010_alpha5,3,0.1,5,42,11,0.13090585707522395,0.08291045093696336,0.3,0.5,0.5,43.3,-0.48171009296874406
exp2_np3_rho010_alpha5,3,0.1,5,47,10,0.11570422491147551,0.07453735181686572,0.3,0.4,0.6,38.3,-0.7343312435733073
exp2_np3_rho010_alpha5,3,0.1,5,46,11,0.10150888690690119,0.08154169989673088,0.3,0.4,0.6,44.0,-0.8047782406794838
exp2_np3_rho010_alpha5,3,0.1,5,44,13,0.0654779727641035,-0.0393673016581908,0.6,0.5,0.5,44.4,0.02644971150211445
exp2_np3_rho010_alpha5,3,0.1,5,45,10,0.08496234238106787,0.12165123752918294,0.4444444444444444,0.4444444444444444,0.5555555555555556,44.44444444444444,0.6735253896415709
exp2_np3_rho010_alpha5,3,0.1,5,52,8,0.15048773474215466,0.1050564374284928,0.2857142857142857,0.5714285714285714,0.42857142857142855,34.0,-0.851608304466393
exp2_np3_rho010_alpha5,3,0.1,5,48,10,0.20008178828702733,0.19476411756906176,0.4,0.3,0.7,39.0,-0.673840457433317
exp2_np3_rho010_alpha5,3,0.1,5,49,9,0.05357802138748004,-0.09888947430625716,0.5555555555555556,0.5555555555555556,0.4444444444444444,45.111111111111114,-0.8918769418256642
exp2_np3_rho010_alpha5,3,0.1,5,60,13,0.12910946873321535,-0.001368407999550847,0.5,0.5833333333333334,0.4166666666666667,37.916666666666664,-0.9316663254794993
exp2_np3_rho010_alpha5,3,0.1,5,55,6,0.01913192881669179,0.01842960682415784,0.25,0.25,0.75,39.75,0.05184252396835191
exp2_np3_rho010_alpha5,3,0.1,5,50,12,0.1142632991873707,0.05020792612856617,0.2727272727272727,0.6363636363636364,0.36363636363636365,35.72727272727273,-0.434875491311701
exp2_np3_rho010_alpha5,3,0.1,5,51,7,0.1735106976845881,-0.005933218168407528,0.5714285714285714,0.7142857142857143,0.2857142857142857,31.142857142857142,-0.21707786430847073
exp2_np3_rho010_alpha5,3,0.1,5,56,7,0.03415924814843357,-0.09723398344381273,0.5714285714285714,0.2857142857142857,0.7142857142857143,28.428571428571427,-0.7424611057013736
exp2_np3_rho010_alpha5,3,0.1,5,54,8,0.1456480004877968,0.027039469157744023,0.5,0.75,0.25,31.625,-0.707679426066753
exp2_np3_rho010_alpha5,3,0.1,5,53,16,0.05544448844816563,-0.016636082440413702,0.5625,0.5625,0.4375,40.8125,-0.7058718893355266
exp2_np3_rho010_alpha5,3,0.1,5,59,11,0.06774424754257069,-0.027196335816936035,0.6,0.6,0.4,40.2,-0.8080266539223308
exp2_np3_rho010_alpha5,3,0.1,5,58,9,-0.01387979983057388,-0.07388689070586718,0.6,0.4,0.6,45.0,
exp2_np3_rho010_alpha5,3,0.1,5,61,14,0.06000234718113462,0.009899720971100923,0.5,0.5,0.5,40.25,-0.9268426939772042
exp2_np3_rho010_alpha5,3,0.1,5,62,11,0.1246747018006972,0.012228286848091408,0.36363636363636365,0.45454545454545453,0.5454545454545454,36.09090909090909,-0.7610183159035199
exp2_np3_rho010_alpha5,3,0.1,5,57,16,0.03870769687937615,0.06641476382808342,0.4666666666666667,0.4,0.6,50.6,-0.77011184734931
exp2_np3_rho010_alpha5,3,0.1,5,63,9,0.07840831318628794,0.009703036876786975,0.375,0.5,0.5,38.875,-0.9436966692434781
exp2_np3_rho010_alpha5,3,0.1,5,64,14,0.04703829744970308,0.035178253644894575,0.4166666666666667,0.6666666666666666,0.3333333333333333,47.0,
exp2_np3_rho010_alpha5,3,0.1,5,65,9,0.11712933181055234,0.07100402881205703,0.4444444444444444,0.4444444444444444,0.5555555555555556,38.666666666666664,-0.7438186106728014
exp2_np3_rho010_alpha5,3,0.1,5,66,10,0.11658142475643618,0.06528285344258755,0.375,0.375,0.625,34.375,0.5832323618585114
exp2_np3_rho010_alpha5,3,0.1,5,68,12,0.15051363587557706,0.09679486797301795,0.4166666666666667,0.5,0.5,41.416666666666664,-0.8861156969627687
exp2_np3_rho010_alpha5,3,0.1,5,67,13,0.05004331435880947,0.047139933004045176,0.36363636363636365,0.6363636363636364,0.36363636363636365,44.36363636363637,-0.09766163072609037
exp2_np3_rho010_alpha5,3,0.1,5,69,16,-0.009566444102246623,-0.018204176953512174,0.5714285714285714,0.42857142857142855,0.5714285714285714,53.214285714285715,-0.5285800415247223
exp2_np3_rho010_alpha5,3,0.1,5,72,18,0.09281838659142384,0.07920832241942755,0.17647058823529413,0.6470588235294118,0.35294117647058826,48.294117647058826,-0.8554149313067945
exp2_np3_rho010_alpha5,3,0.1,5,71,7,0.21113659738022786,0.026831280323263762,0.42857142857142855,0.2857142857142857,0.7142857142857143,33.142857142857146,-0.8424204433508807
exp2_np3_rho010_alpha5,3,0.1,5,70,7,0.4181418807576637,0.16002607374198252,0.14285714285714285,0.5714285714285714,0.42857142857142855,29.428571428571427,-0.984034553489199
exp2_np3_rho010_alpha5,3,0.1,5,76,9,0.07502743716338156,-0.011182795772358478,0.625,0.375,0.625,36.75,-0.8171380319191238
exp2_np3_rho010_alpha5,3,0.1,5,74,7,0.17083162995720183,0.0961563629732507,0.16666666666666666,0.6666666666666666,0.3333333333333333,38.333333333333336,-0.7094559813008317
exp2_np3_rho010_alpha5,3,0.1,5,77,13,0.07633757646030737,0.025049496413376282,0.5,0.5,0.5,51.5,-0.6832275052231183
exp2_np3_rho010_alpha5,3,0.1,5,73,8,0.191946199132623,0.2191374150719234,0.125,0.375,0.625,38.75,-0.5466351777698729
exp2_np3_rho010_alpha5,3,0.1,5,75,14,-0.029951155143063717,-0.004938443362806133,0.5,0.4166666666666667,0.5833333333333334,42.916666666666664,-0.3674330707301432
exp2_np3_rho010_alpha5,3,0.1,5,78,6,0.04643922212005798,0.06824772079629327,0.4,0.4,0.6,34.4,-0.8004600314536214
exp2_np3_rho010_alpha5,3,0.1,5,79,11,0.1401592202241793,0.06504333631896397,0.36363636363636365,0.36363636363636365,0.6363636363636364,40.09090909090909,-0.8159319300664353
exp2_np3_rho010_alpha5,3,0.1,5,80,10,0.09046284088208406,0.11066828589363542,0.3333333333333333,0.5555555555555556,0.4444444444444444,37.888888888888886,-0.4756519180618809
exp2_np3_rho010_alpha5,3,0.1,5,81,16,0.038888528151985645,-0.005730827647276726,0.5333333333333333,0.4,0.6,40.733333333333334,-0.8262669991951417
exp2_np3_rho010_alpha5,3,0.1,5,82,6,0.19550154264021669,0.1124139870205787,0.25,0.5,0.5,34.75,-0.9361227557592623
exp2_np3_rho010_alpha5,3,0.1,5,83,12,0.04205174285472394,0.009027120305124647,0.5,0.3333333333333333,0.6666666666666666,39.083333333333336,-0.7914592732189669
exp2_np3_rho010_alpha5,3,0.1,5,85,12,0.1750790973707586,0.10467475259608339,0.45454545454545453,0.5454545454545454,0.45454545454545453,39.81818181818182,-0.7020769130745974
exp2_np3_rho010_alpha5,3,0.1,5,86,6,0.18830709830847284,0.049577162034911026,0.4,0.6,0.4,29.4,-0.6138511697783132
exp2_np3_rho010_alpha5,3,0.1,5,87,12,0.15960003606446496,0.10219951088182277,0.2727272727272727,0.5454545454545454,0.45454545454545453,44.18181818181818,-0.8742830312703503
exp2_np3_rho010_alpha5,3,0.1,5,84,14,0.08571811575308332,0.01449695686779684,0.3076923076923077,0.46153846153846156,0.5384615384615384,48.53846153846154,-0.9143581226245504
exp2_np3_rho010_alpha5,3,0.1,5,88,16,0.035745704799504834,0.053193943279207456,0.42857142857142855,0.42857142857142855,0.5714285714285714,44.857142857142854,-0.7779366819059821
exp2_np3_rho010_alpha5,3,0.1,5,89,13,0.09469901813843021,-0.003738558525311575,0.5384615384615384,0.38461538461538464,0.6153846153846154,39.38461538461539,-0.8074054393198653
exp2_np3_rho010_alpha5,3,0.1,5,93,6,0.12305709599957523,0.03920555408631987,0.4,0.6,0.4,33.8,-0.9622937383520834
exp2_np3_rho010_alpha5,3,0.1,5,90,9,0.11454845053224427,0.05290626277024746,0.5,0.5,0.5,46.25,-0.724618066232292
exp2_np3_rho010_alpha5,3,0.1,5,92,11,0.07436693192461093,-0.03142150137213395,0.6,0.3,0.7,43.4,-0.8135465929000606
exp2_np3_rho010_alpha5,3,0.1,5,91,14,-0.03377142200689477,-0.08837208440504973,0.6153846153846154,0.46153846153846156,0.5384615384615384,61.15384615384615,-0.5552422835539688
exp2_np3_rho010_alpha5,3,0.1,5,94,7,0.13614130374281924,0.09552997339939306,0.42857142857142855,0.7142857142857143,0.2857142857142857,32.57142857142857,-0.42529347597218453
exp2_np3_rho010_alpha5,3,0.1,5,95,4,0.11782318886005694,0.11782318886005694,0.0,0.5,0.5,38.5,
exp2_np3_rho010_alpha5,3,0.1,5,96,12,0.16764292383622714,0.07423416077318556,0.3333333333333333,0.3333333333333333,0.6666666666666666,34.083333333333336,-0.7877303462331708
exp2_np3_rho010_alpha5,3,0.1,5,97,14,0.002632913246488058,-0.0040163358240903335,0.5384615384615384,0.46153846153846156,0.5384615384615384,44.07692307692308,0.020230850380677456
exp2_np3_rho010_alpha5,3,0.1,5,98,11,0.15816345948199215,0.030719812498611,0.45454545454545453,0.5454545454545454,0.45454545454545453,41.72727272727273,-0.8828977859336872
exp2_np3_rho010_alpha5,3,0.1,5,100,13,0.07230610378554148,0.05840729957750268,0.25,0.4166666666666667,0.5833333333333334,43.833333333333336,-0.48671785643439924
exp2_np3_rho010_alpha5,3,0.1,5,101,14,0.11262504978955833,0.025730333859418586,0.46153846153846156,0.5384615384615384,0.46153846153846156,40.69230769230769,-0.8366320030305314
exp2_np3_rho010_alpha5,3,0.1,5,99,10,0.06257041515220409,-0.011373848722470825,0.5555555555555556,0.4444444444444444,0.5555555555555556,35.44444444444444,-0.7990371187427149
exp2_np3_rho010_alpha5,3,0.1,5,102,5,0.1156645690587051,0.08014911010866843,0.0,0.6666666666666666,0.3333333333333333,37.0,-0.9999624672152136
exp2_np3_rho010_alpha5,3,0.1,5,103,16,-0.0470339852481099,-0.08206070970033208,0.6428571428571429,0.5714285714285714,0.42857142857142855,48.142857142857146,-0.5351364675349555
exp2_np3_rho010_alpha5,3,0.1,5,104,13,0.02694504432404201,0.051191847812724234,0.36363636363636365,0.7272727272727273,0.2727272727272727,41.54545454545455,-0.22855536902608745
exp2_np3_rho010_alpha5,3,0.1,5,105,8,0.15598231410785907,0.11810285322142455,0.2857142857142857,0.5714285714285714,0.42857142857142855,40.0,-0.8250222792820919
exp2_np3_rho010_alpha5,3,0.1,5,107,13,0.1039466611159962,-0.000483774449683505,0.5,0.5,0.5,36.0,-0.805229816169323
exp2_np3_rho010_alpha5,3,0.1,5,106,14,0.21756613036964292,0.1277643225091536,0.23076923076923078,0.3076923076923077,0.6923076923076923,43.07692307692308,-0.9223702120563368
exp2_np3_rho010_alpha5,3,0.1,5,109,9,0.1975245853490336,0.0799435161298403,0.4444444444444444,0.4444444444444444,0.5555555555555556,36.44444444444444,-0.6750598090282419
exp2_np3_rho010_alpha5,3,0.1,5,108,11,0.03919491773178985,0.007762060608961008,0.5,0.6,0.4,40.0,-0.6981222481170969
exp2_np3_rho010_alpha5,3,0.1,5,110,10,-0.006133206152070565,0.034333410021335276,0.2857142857142857,0.5714285714285714,0.42857142857142855,44.0,
exp2_np3_rho010_alpha5,3,0.1,5,111,9,0.13178239805274372,0.05943464810916632,0.375,0.5,0.5,39.0,-0.9243810736843429
exp2_np3_rho010_alpha5,3,0.1,5,112,12,0.0006738724096213163,-0.0036395803327504694,0.5454545454545454,0.7272727272727273,0.2727272727272727,38.72727272727273,-0.4400448078632877
exp2_np3_rho010_alpha5,3,0.1,5,114,13,0.10054145437657636,0.0014381822121505294,0.5,0.75,0.25,42.0,
exp2_np3_rho010_alpha5,3,0.1,5,113,8,0.10393242494159642,-0.027505490286666046,0.5714285714285714,0.42857142857142855,0.5714285714285714,41.57142857142857,-0.7847802138604839
exp2_np3_rho010_alpha5,3,0.1,5,116,12,0.06725047992640487,0.02152556706816222,0.2,0.6,0.4,44.2,0.8220423158725753
exp2_np3_rho010_alpha5,3,0.1,5,115,17,0.016009975157292602,-0.003267881569977149,0.5333333333333333,0.4666666666666667,0.5333333333333333,42.733333333333334,-0.646529952912562
exp2_np3_rho010_alpha5,3,0.1,5,118,8,-0.035316689087621235,-0.05429036015926636,0.6666666666666666,0.5,0.5,37.833333333333336,-0.5317232002940452
exp2_np3_rho010_alpha5,3,0.1,5,119,10,0.11669316819527609,0.011247182479201978,0.4,0.7,0.3,38.0,-0.8136190235410196
exp2_np3_rho010_alpha5,3,0.1,5,120,8,0.04562991338131065,0.10575143344860383,0.3333333333333333,0.6666666666666666,0.3333333333333333,46.833333333333336,0.37391824790469175
exp2_np3_rho010_alpha5,3,0.1,5,117,6,0.18001782965348845,-0.10234223752956417,0.6666666666666666,0.6666666666666666,0.3333333333333333,34.0,-0.43195120242535207
exp2_np3_rho010_alpha5,3,0.1,5,122,13,0.043664955622480316,0.005893599752432088,0.5,0.6,0.4,44.4,-0.8112906326696244
exp2_np3_rho010_alpha5,3,0.1,5,125,10,0.13016430220103228,-4.6012779048698604e-05,0.5,0.6,0.4,31.6,-0.8593159448959601
exp2_np3_rho010_alpha5,3,0.1,5,121,12,0.050154815845398784,-0.05948988015041312,0.5454545454545454,0.36363636363636365,0.6363636363636364,37.72727272727273,-0.6950688522932638
exp2_np3_rho010_alpha5,3,0.1,5,124,11,0.1565124178278019,0.09651958043583164,0.2,0.5,0.5,37.7,-0.9079530782195097
exp2_np3_rho010_alpha5,3,0.1,5,123,5,0.16336116204441442,0.10487159013923675,0.25,0.75,0.25,27.0,-0.029817561212475162
exp2_np3_rho010_alpha5,3,0.1,5,126,10,0.11430259939072071,0.13049247417882182,0.4444444444444444,0.5555555555555556,0.4444444444444444,41.0,-0.8887980797900252
exp2_np3_rho010_alpha5,3,0.1,5,127,15,0.03303255993807554,-0.05753334854326875,0.5714285714285714,0.2857142857142857,0.7142857142857143,40.92857142857143,-0.6594200164195205
exp2_np3_rho010_alpha5,3,0.1,5,128,9,0.11602757358612614,0.0069409888109865925,0.5,0.5,0.5,43.625,-0.7407384918943609
exp2_np3_rho010_alpha5,3,0.1,5,129,11,0.0739091437063288,-0.021001839531655353,0.5,0.3,0.7,38.9,-0.7811658953351995
exp2_np3_rho010_alpha5,3,0.1,5,130,8,0.11475522120397685,-0.043766666749626815,0.5,0.25,0.75,38.75,-0.9382675465027697
exp2_np3_rho010_alpha5,3,0.1,5,131,9,0.13638201767987568,0.02735324687539764,0.5,0.5,0.5,38.125,-0.917481175998239
exp2_np3_rho010_alpha5,3,0.1,5,132,11,-0.022839289176986632,-0.02834750912405859,0.5555555555555556,0.4444444444444444,0.5555555555555556,43.0,0.015888051877903115
exp2_np3_rho010_alpha5,3,0.1,5,133,13,0.0815771344134794,0.0034625839813262616,0.5,0.5,0.5,41.666666666666664,-0.8762895725419475
exp2_np3_rho010_alpha5,3,0.1,5,135,9,0.09755205482911056,0.04727309000290303,0.5,0.25,0.75,38.375,-0.8649274652460742
exp2_np3_rho010_alpha5,3,0.1,5,134,11,0.06455231136430738,0.024227420903335073,0.36363636363636365,0.5454545454545454,0.45454545454545453,43.90909090909091,-0.8014815381063897
exp2_np3_rho010_alpha5,3,0.1,5,136,10,0.03455744785937931,0.026045429870392933,0.5,0.375,0.625,42.25,0.35630646008438194
exp2_np3_rho010_alpha5,3,0.1,5,137,8,0.18061519421017394,0.13908814834229855,0.2857142857142857,0.5714285714285714,0.42857142857142855,39.285714285714285,-0.9155686668786983
exp2_np3_rho010_alpha5,3,0.1,5,138,10,0.10406310725699228,0.0754114227292364,0.4,0.6,0.4,44.9,-0.5262077920712859
exp2_np3_rho010_alpha5,3,0.1,5,141,14,0.08786821829811513,0.06681954655464528,0.25,0.25,0.75,39.833333333333336,-0.43034605820629057
exp2_np3_rho010_alpha5,3,0.1,5,139,9,0.17429689496185563,0.08592711964782707,0.375,0.375,0.625,38.0,-0.7746672448418036
exp2_np3_rho010_alpha5,3,0.1,5,140,6,0.12243710574271258,0.01061385951059357,0.4,0.6,0.4,34.2,-0.6343337018645153
exp2_np3_rho010_alpha5,3,0.1,5,142,10,0.0376759661565165,0.03170833598716705,0.3333333333333333,0.5555555555555556,0.4444444444444444,42.77777777777778,-0.28073090256882066
exp2_np3_rho010_alpha5,3,0.1,5,143,17,0.03747645448583875,-0.051071786711049505,0.5625,0.3125,0.6875,44.375,-0.8708613356389037
exp2_np3_rho010_alpha5,3,0.1,5,144,10,0.11069191127933031,0.07168676620003911,0.4,0.7,0.3,39.9,-0.7392788625215152
exp2_np3_rho010_alpha5,3,0.1,5,145,16,0.05244305219927418,-0.02935596390238615,0.5333333333333333,0.4,0.6,45.333333333333336,-0.7500613205553619
exp2_np3_rho010_alpha5,3,0.1,5,146,6,0.0519838897870486,0.06410153129352647,0.25,0.25,0.75,40.5,-0.19932417647538286
exp2_np3_rho010_alpha5,3,0.1,5,148,10,0.1284009076889605,0.021293815170043473,0.4444444444444444,0.3333333333333333,0.6666666666666666,33.55555555555556,-0.9238902135467106
exp2_np3_rho010_alpha5,3,0.1,5,147,15,0.025366925782640833,0.014402009677831895,0.42857142857142855,0.5,0.5,43.214285714285715,-0.7732005653636569
exp2_np3_rho010_alpha5,3,0.1,5,149,10,0.08592258443898493,0.027998394073249333,0.5,0.375,0.625,37.0,-0.887389314536709
exp2_np3_rho010_alpha5,3,0.1,5,151,10,0.10967875907694413,0.04421712944219269,0.4444444444444444,0.6666666666666666,0.3333333333333333,37.333333333333336,-0.6974154436921193
exp2_np3_rho010_alpha5,3,0.1,5,152,8,-0.04228239512557389,-0.07216926803403378,0.6666666666666666,0.16666666666666666,0.8333333333333334,39.666666666666664,-0.23162321243236103
exp2_np3_rho010_alpha5,3,0.1,5,150,17,0.10520954186708392,0.045353506521022435,0.3125,0.3125,0.6875,44.6875,-0.9252606542398505
exp2_np3_rho010_alpha5,3,0.1,5,153,14,0.032381001590331276,0.010402393152982192,0.46153846153846156,0.38461538461538464,0.6153846153846154,40.46153846153846,-0.7955155500332596
exp2_np3_rho010_alpha5,3,0.1,5,154,10,0.13220844204004184,0.0635013240504998,0.1111111111111111,0.4444444444444444,0.5555555555555556,39.22222222222222,-0.8320381224640682
exp2_np3_rho010_alpha5,3,0.1,5,155,8,0.2346064242070215,0.0983853351922086,0.375,0.625,0.375,34.75,-0.9106413840375464
exp2_np3_rho010_alpha5,3,0.1,5,157,10,0.04361731049257954,0.009227536741551745,0.4444444444444444,0.5555555555555556,0.4444444444444444,40.333333333333336,-0.6779596374485312
exp2_np3_rho010_alpha5,3,0.1,5,156,10,0.059079993482261645,-0.03673368504325136,0.5555555555555556,0.7777777777777778,0.2222222222222222,39.55555555555556,-0.7427087379547717
exp2_np3_rho010_alpha5,3,0.1,5,158,12,0.0631102002225012,0.00686822783715435,0.45454545454545453,0.6363636363636364,0.36363636363636365,43.0,-0.808548374774764
exp2_np3_rho010_alpha5,3,0.1,5,159,12,0.09531730731524232,0.10574115659147765,0.2727272727272727,0.45454545454545453,0.5454545454545454,44.36363636363637,-0.7744640603138524
exp2_np3_rho010_alpha5,3,0.1,5,160,13,0.043692904923045346,0.04600484882217959,0.46153846153846156,0.46153846153846156,0.5384615384615384,48.46153846153846,-0.6529111513663872
exp2_np3_rho010_alpha5,3,0.1,5,161,7,0.020548515975712965,0.057452232705179185,0.4,0.4,0.6,36.4,-0.16992830316313456
exp2_np3_rho010_alpha5,3,0.1,5,162,6,0.2525837833168345,0.06788402485350264,0.5,0.6666666666666666,0.3333333333333333,28.5,-0.7718064781829783
exp2_np3_rho010_alpha5,3,0.1,5,164,11,0.08664120566919067,0.025883928848939863,0.4,0.5,0.5,40.9,-0.8813914110684006
exp2_np3_rho010_alpha5,3,0.1,5,163,13,0.04779625450841882,0.032937824353657774,0.2727272727272727,0.36363636363636365,0.6363636363636364,48.36363636363637,0.056671892223324846
exp2_np3_rho010_alpha5,3,0.1,5,166,7,-0.04372160785774568,-0.09862593132041209,0.6,0.4,0.6,43.4,0.48463945794959534
exp2_np3_rho010_alpha5,3,0.1,5,165,10,0.06113645033716095,0.0387107594471372,0.4444444444444444,0.5555555555555556,0.4444444444444444,43.44444444444444,-0.6042933273297657
exp2_np3_rho010_alpha5,3,0.1,5,167,7,0.16214917384629374,0.07942927140855094,0.2857142857142857,0.2857142857142857,0.7142857142857143,42.857142857142854,-0.8485767634583953
exp2_np3_rho010_alpha5,3,0.1,5,168,14,0.09169838547416348,0.11334835897634132,0.46153846153846156,0.38461538461538464,0.6153846153846154,46.76923076923077,-0.6410639562961368
exp2_np3_rho010_alpha5,3,0.1,5,170,8,-0.02164448407566701,-0.0728070089883559,0.7142857142857143,0.2857142857142857,0.7142857142857143,49.142857142857146,0.16768380781033718
exp2_np3_rho010_alpha5,3,0.1,5,173,12,0.05472815226949565,0.0746563134023166,0.45454545454545453,0.5454545454545454,0.45454545454545453,45.54545454545455,-0.6335045614167338
exp2_np3_rho010_alpha5,3,0.1,5,169,8,0.08522058951341473,0.006280484905436978,0.42857142857142855,0.42857142857142855,0.5714285714285714,40.0,-0.8178607937348094
exp2_np3_rho010_alpha5,3,0.1,5,172,10,0.05440603849058623,0.07397201678332843,0.375,0.75,0.25,40.125,0.8006078311966068
exp2_np3_rho010_alpha5,3,0.1,5,171,11,-0.017136406653749454,0.03544042880141607,0.5,0.5,0.5,47.0,
exp2_np3_rho010_alpha5,3,0.1,5,174,13,0.0688074244191071,0.03440596974360144,0.3333333333333333,0.4166666666666667,0.5833333333333334,42.416666666666664,-0.6575664959577404
exp2_np3_rho010_alpha5,3,0.1,5,175,9,0.0745990766097806,0.0264829884733091,0.5,0.5,0.5,37.875,-0.6216636350726921
exp2_np3_rho010_alpha5,3,0.1,5,176,10,0.06346260219267139,0.06290598675931491,0.4444444444444444,0.6666666666666666,0.3333333333333333,41.44444444444444,-0.8462317731829907
exp2_np3_rho010_alpha5,3,0.1,5,177,10,0.0973481319937392,0.0003289242856672203,0.4444444444444444,0.6666666666666666,0.3333333333333333,36.333333333333336,-0.8178395120730142
exp2_np3_rho010_alpha5,3,0.1,5,180,13,0.05563907607367854,0.10459769916682671,0.3333333333333333,0.4444444444444444,0.5555555555555556,45.333333333333336,-0.5029959773480267
exp2_np3_rho010_alpha5,3,0.1,5,186,10,0.06927840273110054,-0.018981821907542162,0.5555555555555556,0.3333333333333333,0.6666666666666666,38.333333333333336,-0.7881104227887477
exp2_np3_rho010_alpha5,3,0.1,5,183,12,0.08703230524685068,0.040651397156909574,0.36363636363636365,0.5454545454545454,0.45454545454545453,38.18181818181818,-0.921067787937214
exp2_np3_rho010_alpha5,3,0.1,5,179,15,0.10474730136291045,-0.02322272721623042,0.5,0.5714285714285714,0.42857142857142855,43.642857142857146,-0.9462516886189102
exp2_np3_rho010_alpha5,3,0.1,5,178,13,-0.031894351315299385,-0.0779753250157369,0.6666666666666666,0.5,0.5,43.333333333333336,-0.3126218468794202
exp2_np3_rho010_alpha5,3,0.1,5,182,13,0.06402462721716666,-0.07379431176230655,0.5833333333333334,0.4166666666666667,0.5833333333333334,51.083333333333336,-0.934430720962514
exp2_np3_rho010_alpha5,3,0.1,5,190,8,0.05710684445445998,-0.014820742005786869,0.5714285714285714,0.14285714285714285,0.8571428571428571,33.857142857142854,-0.6654879885897756
exp2_np3_rho010_alpha5,3,0.1,5,184,13,0.07744925598895613,0.02501383648902733,0.4166666666666667,0.5833333333333334,0.4166666666666667,53.666666666666664,-0.8580075133436501
exp2_np3_rho010_alpha5,3,0.1,5,187,16,0.09065713264186931,0.05703780230728128,0.375,0.3125,0.6875,39.125,-0.811679513127845
exp2_np3_rho010_alpha5,3,0.1,5,181,9,0.07737677798639975,-0.013390746182185609,0.5,0.5,0.5,36.25,-0.7370266771939337
exp2_np3_rho010_alpha5,3,0.1,5,189,14,0.07350092186856862,0.05929115004530594,0.46153846153846156,0.46153846153846156,0.5384615384615384,44.61538461538461,-0.7455372929793996
exp2_np3_rho010_alpha5,3,0.1,5,185,9,-0.015244808832523151,-0.04175711757859002,0.5714285714285714,0.42857142857142855,0.5714285714285714,47.857142857142854,0.28551412720484826
exp2_np3_rho010_alpha5,3,0.1,5,191,11,0.13592393654634047,0.030518564063897635,0.36363636363636365,0.5454545454545454,0.45454545454545453,40.0,-0.7908805892997325
exp2_np3_rho010_alpha5,3,0.1,5,188,7,0.20143036280627644,0.10145394198480329,0.2,0.4,0.6,37.2,-0.7689861077946154
exp2_np3_rho010_alpha5,3,0.1,5,192,8,0.04538279987003809,0.020675207904284676,0.5,0.5,0.5,32.0,-0.86805846987573
exp2_np3_rho010_alpha5,3,0.1,5,193,12,0.08237766702329223,0.02783987663074905,0.4166666666666667,0.5833333333333334,0.4166666666666667,45.833333333333336,-0.7545554587079202
exp2_np3_rho010_alpha5,3,0.1,5,196,10,0.13431006195877948,0.0624402482936528,0.4444444444444444,0.4444444444444444,0.5555555555555556,40.22222222222222,-0.9604600760631034
exp2_np3_rho010_alpha5,3,0.1,5,195,14,0.052863907352419005,-0.006233295585581278,0.5,0.4166666666666667,0.5833333333333334,46.916666666666664,-0.6539497141180316
exp2_np3_rho010_alpha5,3,0.1,5,194,5,0.15923160364941902,0.12814077398811463,0.25,0.5,0.5,32.5,-0.7177366558884878
exp2_np3_rho010_alpha5,3,0.1,5,198,8,0.12856598434711486,0.12091878813870194,0.375,0.625,0.375,35.625,-0.5640753508817038
exp2_np3_rho010_alpha5,3,0.1,5,197,11,0.13346403389276001,0.0835381995187956,0.4,0.6,0.4,36.5,-0.7602281335128728
exp2_np3_rho010_alpha5,3,0.1,5,199,7,0.1983011644223048,0.09254245764561286,0.3333333333333333,0.5,0.5,42.0,-0.7039110507688793
exp2_np3_rho015_alpha10,3,0.15,10,4,4,0.23475131292213613,0.07754620673701362,0.25,1.0,0.0,36.5,-0.3464367854004002
exp2_np3_rho015_alpha10,3,0.15,10,5,11,0.07225616979951949,-0.14439814500139914,0.5454545454545454,0.5454545454545454,0.45454545454545453,56.63636363636363,-0.5988699447480581
exp2_np3_rho015_alpha10,3,0.15,10,6,9,-0.002045186858608044,-0.06981507664103415,0.6666666666666666,0.6666666666666666,0.3333333333333333,60.55555555555556,-0.4084945010321163
exp2_np3_rho015_alpha10,3,0.15,10,3,7,0.24458322601028484,0.4126744954797612,0.42857142857142855,0.42857142857142855,0.5714285714285714,49.142857142857146,-0.5943238833244854
exp2_np3_rho015_alpha10,3,0.15,10,14,10,0.13021544041690478,0.15282241683758802,0.2222222222222222,0.4444444444444444,0.5555555555555556,51.0,-0.3039182964376505
exp2_np3_rho015_alpha10,3,0.15,10,10,7,0.0392963988856323,0.046617568096285034,0.2857142857142857,0.5714285714285714,0.42857142857142855,49.57142857142857,-0.2889816081381226
exp2_np3_rho015_alpha10,3,0.15,10,12,8,0.029847599652634504,0.03808862749816866,0.5,0.75,0.25,48.25,-0.5062659171430733
exp2_np3_rho015_alpha10,3,0.15,10,0,8,0.19834038672934828,0.10059841708788664,0.25,0.5,0.5,50.625,-0.2546602984188336
exp2_np3_rho015_alpha10,3,0.15,10,9,9,0.06331681545229421,-0.07916416264155757,0.5555555555555556,0.3333333333333333,0.6666666666666666,57.333333333333336,-0.39759820631267545
exp2_np3_rho015_alpha10,3,0.15,10,13,10,0.1604204303819876,0.09370855904283282,0.3333333333333333,0.5555555555555556,0.4444444444444444,57.666666666666664,-0.6236468227148613
exp2_np3_rho015_alpha10,3,0.15,10,2,12,0.0344142024016072,-0.02747780946731293,0.5833333333333334,0.5,0.5,56.5,-0.27698310464140946
exp2_np3_rho015_alpha10,3,0.15,10,7,6,0.09294929560290018,0.04886003499051439,0.5,0.5,0.5,53.0,0.38930011706172996
exp2_np3_rho015_alpha10,3,0.15,10,1,8,0.12649717551413453,0.01260010895553032,0.5,0.375,0.625,56.625,-0.33822511633590524
exp2_np3_rho015_alpha10,3,0.15,10,15,11,0.10713118563479686,0.018404845957090465,0.36363636363636365,0.45454545454545453,0.5454545454545454,60.81818181818182,-0.6438824788665131
exp2_np3_rho015_alpha10,3,0.15,10,8,7,-0.05945818439654005,-0.20483542397941168,0.7142857142857143,0.42857142857142855,0.5714285714285714,54.857142857142854,0.2216898995135078
exp2_np3_rho015_alpha10,3,0.15,10,11,7,0.1524782288965418,0.14419483938692323,0.2857142857142857,0.42857142857142855,0.5714285714285714,47.142857142857146,-0.27128541431906505
exp2_np3_rho015_alpha10,3,0.15,10,19,7,0.22461673202705296,0.3324669521375174,0.2857142857142857,0.42857142857142855,0.5714285714285714,54.857142857142854,-0.40000244888996234
exp2_np3_rho015_alpha10,3,0.15,10,17,9,0.07680481908129197,-0.030769245625245745,0.5555555555555556,0.3333333333333333,0.6666666666666666,51.77777777777778,-0.6226333536294131
exp2_np3_rho015_alpha10,3,0.15,10,18,5,0.19561463765108797,0.21334842981244329,0.4,0.4,0.6,44.0,-0.44200615467860066
exp2_np3_rho015_alpha10,3,0.15,10,20,8,0.059772117137468106,0.051531698196356945,0.375,0.625,0.375,50.0,-0.2541251038752857
exp2_np3_rho015_alpha10,3,0.15,10,16,12,0.012252335731445537,0.041682648952279244,0.4166666666666667,0.5,0.5,57.416666666666664,-0.3543548763728605
exp2_np3_rho015_alpha10,3,0.15,10,23,4,0.1827572327562447,0.4136843462570363,0.3333333333333333,1.0,0.0,45.666666666666664,-0.9370571910216301
exp2_np3_rho015_alpha10,3,0.15,10,25,5,0.003191041801045813,0.053952684129412454,0.2,0.4,0.6,45.0,-0.2754333281045584
exp2_np3_rho015_alpha10,3,0.15,10,22,4,0.047609267548316625,0.12017540796338455,0.25,0.5,0.5,39.5,-0.6346176433630746
exp2_np3_rho015_alpha10,3,0.15,10,21,7,0.12241533497071622,0.2455710076308426,0.42857142857142855,0.2857142857142857,0.7142857142857143,43.857142857142854,-0.5266809204074252
exp2_np3_rho015_alpha10,3,0.15,10,26,11,0.05493889530854295,0.17148177803135312,0.36363636363636365,0.36363636363636365,0.6363636363636364,62.27272727272727,0.14291772231255687
exp2_np3_rho015_alpha10,3,0.15,10,24,5,0.09008452984542484,0.2524532363810472,0.4,0.4,0.6,45.2,-0.4743461645292311
exp2_np3_rho015_alpha10,3,0.15,10,27,7,0.010531958000668595,-0.13407239673173432,0.6,0.4,0.6,66.2,0.18919937578956997
exp2_np3_rho015_alpha10,3,0.15,10,29,6,0.16151058146095135,0.18531696869282044,0.16666666666666666,0.5,0.5,44.0,-0.5044996390621748
exp2_np3_rho015_alpha10,3,0.15,10,30,4,0.19060924150792746,0.19374640521001263,0.25,0.25,0.75,37.25,-0.6428550493994423
exp2_np3_rho015_alpha10,3,0.15,10,28,8,0.14848995218769068,0.03538661952359812,0.5,0.5,0.5,50.375,-0.45469057968763327
exp2_np3_rho015_alpha10,3,0.15,10,31,6,0.11321005235205606,0.28603918608754464,0.3333333333333333,0.3333333333333333,0.6666666666666666,49.666666666666664,-0.5712710916058766
exp2_np3_rho015_alpha10,3,0.15,10,33,5,0.07679883229419748,0.09541278152370136,0.5,0.5,0.5,44.0,-0.37852434229154014
exp2_np3_rho015_alpha10,3,0.15,10,32,0,,,,,,,
exp2_np3_rho015_alpha10,3,0.15,10,34,5,0.07326092344355892,-0.00781817667289797,0.6,0.4,0.6,44.4,-0.38563707733411434
exp2_np3_rho015_alpha10,3,0.15,10,36,6,0.18425373984943416,0.34013583896773847,0.3333333333333333,0.5,0.5,49.333333333333336,-0.11392448283591554
exp2_np3_rho015_alpha10,3,0.15,10,40,5,-0.012417489917914536,-0.04629495294454067,0.6,0.4,0.6,40.4,-0.010144472918425363
exp2_np3_rho015_alpha10,3,0.15,10,35,12,0.16475749796374095,0.21055868977191805,0.3333333333333333,0.4166666666666667,0.5833333333333334,58.333333333333336,-0.38455432856435307
exp2_np3_rho015_alpha10,3,0.15,10,45,5,0.06076248276723746,0.17684238664621788,0.4,0.4,0.6,42.2,-0.3634722850598503
exp2_np3_rho015_alpha10,3,0.15,10,37,7,-0.05407638027207654,0.054104078785662146,0.42857142857142855,0.5714285714285714,0.42857142857142855,52.714285714285715,0.040632478327753636
exp2_np3_rho015_alpha10,3,0.15,10,41,2,0.40190162007330876,0.40190162007330876,0.0,1.0,0.0,35.0,
exp2_np3_rho015_alpha10,3,0.15,10,39,8,0.10115271903293166,0.062272080895237725,0.25,0.625,0.375,55.0,-0.41380384314257507
exp2_np3_rho015_alpha10,3,0.15,10,44,9,0.09795249193155905,0.014784153016815793,0.4444444444444444,0.4444444444444444,0.5555555555555556,58.666666666666664,-0.4780337675414973
exp2_np3_rho015_alpha10,3,0.15,10,42,9,0.15335226106117428,0.13359045015345483,0.1111111111111111,0.4444444444444444,0.5555555555555556,58.77777777777778,0.25270847597905644
exp2_np3_rho015_alpha10,3,0.15,10,43,8,0.12193024262654606,0.048709451650945645,0.5,0.5,0.5,57.5,-0.7837639184326075
exp2_np3_rho015_alpha10,3,0.15,10,47,12,0.11951953148385235,0.19318260162095857,0.3333333333333333,0.4166666666666667,0.5833333333333334,60.083333333333336,-0.2708123759313394
exp2_np3_rho015_alpha10,3,0.15,10,38,8,0.2773704924625957,0.4083867914842827,0.125,0.875,0.125,52.75,-0.05658415635161538
exp2_np3_rho015_alpha10,3,0.15,10,46,11,0.021485122564525515,-0.026365058288650545,0.5454545454545454,0.5454545454545454,0.45454545454545453,57.27272727272727,-0.015377096741406547
exp2_np3_rho015_alpha10,3,0.15,10,49,9,0.03732295457447865,-0.14579133663405308,0.5555555555555556,0.5555555555555556,0.4444444444444444,60.111111111111114,-0.12413697124268477
exp2_np3_rho015_alpha10,3,0.15,10,48,7,0.10165792497478764,0.015378982407119324,0.2857142857142857,0.2857142857142857,0.7142857142857143,50.57142857142857,-0.5960590953562023
exp2_np3_rho015_alpha10,3,0.15,10,50,8,0.05390655653402765,0.009848240134280317,0.375,0.75,0.25,49.75,0.277738328277688
exp2_np3_rho015_alpha10,3,0.15,10,53,10,0.06769548632866851,0.07435714191053044,0.2,0.5,0.5,52.7,-0.6776455492248304
exp2_np3_rho015_alpha10,3,0.15,10,57,8,0.0631313445875118,0.08219767331834094,0.375,0.5,0.5,59.125,-0.38213759622132204
exp2_np3_rho015_alpha10,3,0.15,10,52,0,,,,,,,
exp2_np3_rho015_alpha10,3,0.15,10,51,9,-0.05059118760698923,-0.05330894142537801,0.7777777777777778,0.2222222222222222,0.7777777777777778,60.111111111111114,0.273927412537682
exp2_np3_rho015_alpha10,3,0.15,10,54,8,0.15623266859068619,0.14315394317934738,0.25,0.25,0.75,51.25,0.1720278685360679
exp2_np3_rho015_alpha10,3,0.15,10,59,8,0.18758417185226572,0.11634237595838881,0.25,0.5,0.5,52.5,-0.10282366585641381
exp2_np3_rho015_alpha10,3,0.15,10,55,5,0.10417772856808583,0.005440533622411259,0.4,0.4,0.6,48.8,0.25562897260413864
exp2_np3_rho015_alpha10,3,0.15,10,56,8,0.02250760764182466,-0.024309526307100704,0.5714285714285714,0.5714285714285714,0.42857142857142855,53.142857142857146,-0.09877002953385441
exp2_np3_rho015_alpha10,3,0.15,10,58,2,0.15661585207483153,0.15661585207483153,0.0,0.5,0.5,33.5,
exp2_np3_rho015_alpha10,3,0.15,10,61,6,0.2805921715028317,0.2401520389505789,0.16666666666666666,0.5,0.5,48.333333333333336,-0.5957972864993044
exp2_np3_rho015_alpha10,3,0.15,10,60,8,0.013795645155801617,-0.17250096946396143,0.625,0.5,0.5,51.25,-0.6279916984400999
exp2_np3_rho015_alpha10,3,0.15,10,62,5,0.35203429480828313,0.3547893490099199,0.2,0.6,0.4,43.2,-0.7744773740646689
exp2_np3_rho015_alpha10,3,0.15,10,63,8,0.10373007312134208,0.16871558508108953,0.375,0.5,0.5,48.375,-0.4551545015806304
exp2_np3_rho015_alpha10,3,0.15,10,66,0,,,,,,,
exp2_np3_rho015_alpha10,3,0.15,10,65,10,0.14629253772040912,0.3559263354677662,0.3,0.5,0.5,58.5,-0.38100732960576605
exp2_np3_rho015_alpha10,3,0.15,10,64,6,0.2285326808755236,0.21035649835269554,0.16666666666666666,0.5,0.5,45.166666666666664,-0.09046703687719271
exp2_np3_rho015_alpha10,3,0.15,10,68,9,0.011994564354930959,0.0778753427075709,0.25,0.5,0.5,60.0,0.01747760029183899
exp2_np3_rho015_alpha10,3,0.15,10,67,6,0.18891898636070645,0.27571851077633847,0.3333333333333333,0.5,0.5,48.333333333333336,-0.23785819794274757
exp2_np3_rho015_alpha10,3,0.15,10,69,0,,,,,,,
exp2_np3_rho015_alpha10,3,0.15,10,71,7,-0.07941153279578961,0.011210470496064051,0.5,0.5,0.5,52.333333333333336,-0.2603823285277826
exp2_np3_rho015_alpha10,3,0.15,10,73,5,-0.02543021424024765,-0.08143913323755214,0.6,0.4,0.6,48.6,-0.1969864752186984
exp2_np3_rho015_alpha10,3,0.15,10,70,10,0.09250602076905086,0.10516958951120214,0.4,0.5,0.5,57.9,-0.4485603178805402
exp2_np3_rho015_alpha10,3,0.15,10,72,11,0.14944916591685864,0.0662062555968772,0.45454545454545453,0.45454545454545453,0.5454545454545454,63.27272727272727,-0.26428919576102666
exp2_np3_rho015_alpha10,3,0.15,10,75,13,0.14232366722846926,0.22081624073730755,0.38461538461538464,0.5384615384615384,0.46153846153846156,57.69230769230769,-0.5352505581549634
exp2_np3_rho015_alpha10,3,0.15,10,74,7,-0.005247971314259321,-0.0010051008530216343,0.5,0.5,0.5,52.666666666666664,0.17459058663834062
exp2_np3_rho015_alpha10,3,0.15,10,76,7,0.15375115338160622,0.18199174724583322,0.2857142857142857,0.5714285714285714,0.42857142857142855,45.57142857142857,-0.6585237742134127
exp2_np3_rho015_alpha10,3,0.15,10,77,8,0.06798350018100319,0.11521532927600875,0.375,0.625,0.375,61.125,-0.44170897013116284
exp2_np3_rho015_alpha10,3,0.15,10,78,12,0.0914749173088935,0.07498429865789191,0.25,0.5,0.5,61.25,0.21194292804965115
exp2_np3_rho015_alpha10,3,0.15,10,79,5,0.272692147356388,0.2258874433072613,0.2,0.6,0.4,47.8,-0.2883284273953112
exp2_np3_rho015_alpha10,3,0.15,10,83,4,-0.1173619259237424,-0.17179449314734896,0.75,0.25,0.75,61.25,0.1010936442682431
exp2_np3_rho015_alpha10,3,0.15,10,81,10,0.1844247248279803,0.12399685295617457,0.2,0.5,0.5,52.6,0.139839560161417
exp2_np3_rho015_alpha10,3,0.15,10,80,10,0.1307060218569167,0.09473382666207675,0.2,0.5,0.5,57.6,-0.06516129760064977
exp2_np3_rho015_alpha10,3,0.15,10,82,0,,,,,,,
exp2_np3_rho015_alpha10,3,0.15,10,85,8,0.22117905616612976,0.197485546435741,0.25,0.5,0.5,55.5,-0.3905238571496919
exp2_np3_rho015_alpha10,3,0.15,10,84,4,0.07828240757196303,0.021428794672319285,0.5,0.25,0.75,39.75,-0.3085004498224443
exp2_np3_rho015_alpha10,3,0.15,10,86,2,0.3309835072682663,0.3309835072682663,0.0,0.5,0.5,32.0,
exp2_np3_rho015_alpha10,3,0.15,10,87,12,0.024234597295499594,-0.03182221114249195,0.5833333333333334,0.4166666666666667,0.5833333333333334,69.25,-0.1637254433594045
exp2_np3_rho015_alpha10,3,0.15,10,88,14,0.019334551922189087,0.08699968603190511,0.35714285714285715,0.5,0.5,64.85714285714286,-0.2561479622770913
exp2_np3_rho015_alpha10,3,0.15,10,89,11,0.10762097513863456,-0.049506468327827235,0.5454545454545454,0.36363636363636365,0.6363636363636364,57.27272727272727,-0.29645148013214734
exp2_np3_rho015_alpha10,3,0.15,10,91,6,0.06572780866415655,0.08812205858520494,0.16666666666666666,0.6666666666666666,0.3333333333333333,52.333333333333336,0.10667601154050263
exp2_np3_rho015_alpha10,3,0.15,10,92,10,0.05776847134743175,0.23223131134431574,0.4,0.7,0.3,59.6,-0.4991814610710598
exp2_np3_rho015_alpha10,3,0.15,10,93,2,-0.05249197016082707,-0.05249197016082707,1.0,0.5,0.5,20.0,
exp2_np3_rho015_alpha10,3,0.15,10,90,9,0.06330469192181572,0.05756787481616499,0.4444444444444444,0.4444444444444444,0.5555555555555556,55.55555555555556,-0.6124636726047633
exp2_np3_rho015_alpha10,3,0.15,10,94,8,0.0900611521115734,0.16218858461465846,0.25,0.75,0.25,55.875,-0.34056071636337293
exp2_np3_rho015_alpha10,3,0.15,10,95,8,0.22254182965791713,0.3419264974014604,0.2857142857142857,0.7142857142857143,0.2857142857142857,55.42857142857143,-0.4406464347997082
exp2_np3_rho015_alpha10,3,0.15,10,96,5,0.17675187646480026,0.04890536263147727,0.4,0.6,0.4,44.6,-0.03859226312337915
exp2_np3_rho015_alpha10,3,0.15,10,100,8,0.07882426136037068,0.0416859488066339,0.5,0.625,0.375,51.5,0.048140031756346215
exp2_np3_rho015_alpha10,3,0.15,10,97,5,0.09865762570748463,0.1405061018253635,0.2,0.4,0.6,43.4,0.3519960869934805
exp2_np3_rho015_alpha10,3,0.15,10,99,7,0.0057969126730048615,0.030601637409506388,0.42857142857142855,0.7142857142857143,0.2857142857142857,50.42857142857143,-0.7730317196757198
exp2_np3_rho015_alpha10,3,0.15,10,98,0,,,,,,,
exp2_np3_rho015_alpha10,3,0.15,10,102,10,0.17180175685323648,0.13849530891874817,0.3,0.4,0.6,55.0,-0.7145299071375336
exp2_np3_rho015_alpha10,3,0.15,10,105,12,-0.006597666200241603,0.035796581587192566,0.4166666666666667,0.4166666666666667,0.5833333333333334,54.583333333333336,0.133481143988192
exp2_np3_rho015_alpha10,3,0.15,10,101,9,-0.043987547525531356,-0.07602585841964116,0.75,0.5,0.5,62.875,0.042484428972384296
exp2_np3_rho015_alpha10,3,0.15,10,109,5,0.14973982466512653,0.06651834274159629,0.2,0.2,0.8,40.2,-0.6027321515268549
exp2_np3_rho015_alpha10,3,0.15,10,103,12,0.06567329554617889,0.10540996287224003,0.3333333333333333,0.5833333333333334,0.4166666666666667,72.0,-0.11876451037746355
exp2_np3_rho015_alpha10,3,0.15,10,104,6,0.05600937730499611,0.2896630228311001,0.3333333333333333,0.5,0.5,53.166666666666664,-0.57401760908543
exp2_np3_rho015_alpha10,3,0.15,10,107,5,-0.05436162379810172,-0.14801342839816378,0.75,0.5,0.5,45.0,-0.8013057517202629
exp2_np3_rho015_alpha10,3,0.15,10,106,5,0.14601510454278177,0.08824742541309671,0.4,0.6,0.4,40.8,-0.0038952744703640877
exp2_np3_rho015_alpha10,3,0.15,10,108,9,0.10397568030568177,0.0449765709379486,0.3333333333333333,0.4444444444444444,0.5555555555555556,50.77777777777778,-0.31238768807634926
exp2_np3_rho015_alpha10,3,0.15,10,110,6,0.1998769515106389,0.2905186171693752,0.3333333333333333,0.3333333333333333,0.6666666666666666,47.5,-0.8544284963121631
exp2_np3_rho015_alpha10,3,0.15,10,111,9,0.11149992521942265,0.1785005837131055,0.25,0.5,0.5,63.875,-0.1245084346180288
exp2_np3_rho015_alpha10,3,0.15,10,114,0,,,,,,,
exp2_np3_rho015_alpha10,3,0.15,10,113,6,0.009845252501239798,-0.10960482146587314,0.6,0.6,0.4,50.6,-0.8241084635059142
exp2_np3_rho015_alpha10,3,0.15,10,115,4,0.2477012514693404,0.22384652007867922,0.25,0.5,0.5,38.5,-0.2572594565388432
exp2_np3_rho015_alpha10,3,0.15,10,118,6,0.3405956056686669,0.47510984709236537,0.16666666666666666,0.3333333333333333,0.6666666666666666,48.666666666666664,-0.6915464815960336
exp2_np3_rho015_alpha10,3,0.15,10,116,10,0.08781133525146645,0.1328485549051348,0.3,0.7,0.3,51.3,-0.7861575688271883
exp2_np3_rho015_alpha10,3,0.15,10,112,6,0.08393095148146523,0.20289817926525044,0.3333333333333333,0.5,0.5,48.833333333333336,-0.19605856218043805
exp2_np3_rho015_alpha10,3,0.15,10,117,6,0.14652043209770213,0.013358350438472666,0.3333333333333333,0.5,0.5,45.166666666666664,-0.39684164853630693
exp2_np3_rho015_alpha10,3,0.15,10,119,7,0.26208562677079683,0.1755706885375785,0.2857142857142857,0.7142857142857143,0.2857142857142857,52.857142857142854,-0.8644589982375865
exp2_np3_rho015_alpha10,3,0.15,10,120,10,0.0706505240755547,0.1412452828287507,0.3,0.5,0.5,58.0,0.011567986378042558
exp2_np3_rho015_alpha10,3,0.15,10,122,9,0.14041444904103756,0.1624110166924284,0.3333333333333333,0.3333333333333333,0.6666666666666666,51.111111111111114,0.01990694711060803
exp2_np3_rho015_alpha10,3,0.15,10,125,5,0.1044022057680003,0.2088214384640832,0.25,0.5,0.5,44.0,-0.31924571444764116
exp2_np3_rho015_alpha10,3,0.15,10,126,8,0.05480269994595144,0.25577822454126853,0.375,0.5,0.5,52.0,-0.21811983427641735
exp2_np3_rho015_alpha10,3,0.15,10,121,9,0.1960041074164305,0.2694137148224076,0.3333333333333333,0.6666666666666666,0.3333333333333333,56.333333333333336,-0.5838216116091552
exp2_np3_rho015_alpha10,3,0.15,10,123,8,0.13494516055338335,0.1583632969796831,0.125,0.25,0.75,57.5,-0.2913977528987172
exp2_np3_rho015_alpha10,3,0.15,10,124,6,0.11328316109397285,0.057772521609222416,0.4,0.6,0.4,49.0,0.16798618259895584
exp2_np3_rho015_alpha10,3,0.15,10,127,7,0.28285638137804625,0.2530515801249189,0.2857142857142857,0.42857142857142855,0.5714285714285714,55.285714285714285,-0.4874648626338729
exp2_np3_rho015_alpha10,3,0.15,10,130,4,0.3464136284621593,0.2105113978925206,0.25,0.5,0.5,39.5,-0.6290342405211564
exp2_np3_rho015_alpha10,3,0.15,10,131,5,0.07705000698076833,0.2022011327413047,0.4,0.6,0.4,44.0,-0.5095177924136337
exp2_np3_rho015_alpha10,3,0.15,10,128,8,0.0631525945296545,-0.050364741301429206,0.625,0.25,0.75,55.5,-0.7234399003846188
exp2_np3_rho015_alpha10,3,0.15,10,129,0,,,,,,,
exp2_np3_rho015_alpha10,3,0.15,10,134,2,0.13747182908172606,0.13747182908172606,0.0,0.0,1.0,26.5,
exp2_np3_rho015_alpha10,3,0.15,10,135,10,0.046559766781941556,-0.006599425758916588,0.6,0.4,0.6,58.2,-0.35262296954960826
exp2_np3_rho015_alpha10,3,0.15,10,136,2,0.18989101946355103,0.18989101946355103,0.0,1.0,0.0,31.5,
exp2_np3_rho015_alpha10,3,0.15,10,132,5,0.06436422738368926,-0.04053505327437268,0.6,0.4,0.6,59.8,0.6031261737381309
exp2_np3_rho015_alpha10,3,0.15,10,133,5,0.3112550779125328,0.3992130059033352,0.2,0.4,0.6,39.6,-0.6688374405692126
exp2_np3_rho015_alpha10,3,0.15,10,138,8,0.18312850625475963,0.15620084088186958,0.375,0.625,0.375,49.0,-0.1507543145116416
exp2_np3_rho015_alpha10,3,0.15,10,139,12,0.028161146147757037,0.0871613229747501,0.4166666666666667,0.4166666666666667,0.5833333333333334,57.583333333333336,0.1518553673249647
exp2_np3_rho015_alpha10,3,0.15,10,141,9,0.22355350953239966,0.30724661155485755,0.4444444444444444,0.4444444444444444,0.5555555555555556,53.888888888888886,-0.790669660174876
exp2_np3_rho015_alpha10,3,0.15,10,137,0,,,,,,,
exp2_np3_rho015_alpha10,3,0.15,10,140,7,0.11259109570815655,0.24363117760052955,0.42857142857142855,0.2857142857142857,0.7142857142857143,47.0,0.2210311235132791
exp2_np3_rho015_alpha10,3,0.15,10,142,7,0.008258875470388283,-0.15209797871083808,0.6666666666666666,0.5,0.5,62.0,-0.05193150984107186
exp2_np3_rho015_alpha10,3,0.15,10,143,4,0.0010423596762603182,0.027340179172909096,0.5,0.25,0.75,38.25,-0.6092235200440965
exp2_np3_rho015_alpha10,3,0.15,10,144,2,0.4492796975209816,0.4492796975209816,0.5,0.0,1.0,32.5,
exp2_np3_rho015_alpha10,3,0.15,10,145,0,,,,,,,
exp2_np3_rho015_alpha10,3,0.15,10,146,2,0.4560852957653978,0.4560852957653978,0.5,0.0,1.0,37.0,
exp2_np3_rho015_alpha10,3,0.15,10,148,4,0.4557265669268151,0.47408223248534087,0.25,0.0,1.0,38.75,-0.5382524475566595
exp2_np3_rho015_alpha10,3,0.15,10,147,0,,,,,,,
exp2_np3_rho015_alpha10,3,0.15,10,152,6,0.0743636196940624,-0.0032486818512227345,0.6666666666666666,0.6666666666666666,0.3333333333333333,44.666666666666664,-0.2466990944978056
exp2_np3_rho015_alpha10,3,0.15,10,149,6,0.2323676879190848,0.35127332025819413,0.16666666666666666,0.3333333333333333,0.6666666666666666,49.666666666666664,-0.4403937160619604
exp2_np3_rho015_alpha10,3,0.15,10,156,9,0.009035073660294164,0.046111387514531366,0.4444444444444444,0.4444444444444444,0.5555555555555556,55.55555555555556,-0.6134001115202333
exp2_np3_rho015_alpha10,3,0.15,10,151,4,0.15854153220710399,0.18585426311597342,0.25,0.25,0.75,37.5,0.35795622025478613
exp2_np3_rho015_alpha10,3,0.15,10,150,11,0.22078660587808763,0.17010260887894635,0.2727272727272727,0.36363636363636365,0.6363636363636364,55.27272727272727,-0.6964431582852856
exp2_np3_rho015_alpha10,3,0.15,10,153,2,0.11422037917615935,0.11422037917615935,0.5,0.5,0.5,37.0,
exp2_np3_rho015_alpha10,3,0.15,10,158,6,0.16565622531874938,0.08462335498430118,0.5,0.3333333333333333,0.6666666666666666,48.333333333333336,-0.590527242609602
exp2_np3_rho015_alpha10,3,0.15,10,154,9,0.017242599615625426,-0.12850429580324185,0.6666666666666666,0.4444444444444444,0.5555555555555556,56.333333333333336,-0.5079608016616292
exp2_np3_rho015_alpha10,3,0.15,10,155,8,0.1355460122748695,0.22645791976854523,0.375,0.375,0.625,52.75,-0.37012041056019734
exp2_np3_rho015_alpha10,3,0.15,10,157,8,0.01419662035418412,0.04698224525055794,0.375,0.25,0.75,56.25,-0.3057856346572852
exp2_np3_rho015_alpha10,3,0.15,10,159,7,0.07599790408770092,0.029467286309239782,0.2857142857142857,0.42857142857142855,0.5714285714285714,55.714285714285715,0.1626889420470272
exp2_np3_rho015_alpha10,3,0.15,10,161,6,0.08835179031438507,0.23592933165293584,0.4,0.4,0.6,48.0,-0.4314225452703481
exp2_np3_rho015_alpha10,3,0.15,10,163,4,0.23978508057236092,0.10966617508560184,0.5,0.25,0.75,51.5,-0.7534495567417967
exp2_np3_rho015_alpha10,3,0.15,10,162,6,0.35501717584341436,0.11079399593400474,0.16666666666666666,0.5,0.5,44.833333333333336,-0.7315183655886306
exp2_np3_rho015_alpha10,3,0.15,10,164,7,0.21001625015304842,0.3680829290412051,0.2857142857142857,0.42857142857142855,0.5714285714285714,50.57142857142857,-0.6810743789716427
exp2_np3_rho015_alpha10,3,0.15,10,160,6,0.07890099724325166,0.14987345104213867,0.3333333333333333,0.5,0.5,45.333333333333336,-0.49600438136996244
exp2_np3_rho015_alpha10,3,0.15,10,166,8,0.15798025237035837,0.14880687096744794,0.2857142857142857,0.42857142857142855,0.5714285714285714,54.57142857142857,-0.3897320338133024
exp2_np3_rho015_alpha10,3,0.15,10,165,7,0.10415057596328772,0.10736992060832051,0.2857142857142857,0.42857142857142855,0.5714285714285714,50.714285714285715,-0.35299967885066014
exp2_np3_rho015_alpha10,3,0.15,10,168,6,0.15121553286407385,-0.062221882532083495,0.5,0.8333333333333334,0.16666666666666666,45.333333333333336,-0.5731947694572025
exp2_np3_rho015_alpha10,3,0.15,10,169,9,0.23358027171794182,0.39423329970518317,0.3333333333333333,0.4444444444444444,0.5555555555555556,70.88888888888889,-0.5792554085353991
exp2_np3_rho015_alpha10,3,0.15,10,172,2,0.2607851261091416,0.2607851261091416,0.0,0.5,0.5,29.0,
exp2_np3_rho015_alpha10,3,0.15,10,173,8,0.1523804910802905,-0.0117867791662003,0.5,0.625,0.375,53.25,-0.38911106269779433
exp2_np3_rho015_alpha10,3,0.15,10,167,7,0.11988345129027536,0.3050591418551116,0.2857142857142857,0.2857142857142857,0.7142857142857143,56.714285714285715,-0.49288540409833836
exp2_np3_rho015_alpha10,3,0.15,10,170,7,0.1622920977842442,0.19825107712468082,0.42857142857142855,0.8571428571428571,0.14285714285714285,54.0,-0.898206050373739
exp2_np3_rho015_alpha10,3,0.15,10,171,2,0.1826896524610917,0.1826896524610917,0.0,0.5,0.5,48.0,
exp2_np3_rho015_alpha10,3,0.15,10,175,6,0.031577416376418053,0.02052542911753763,0.5,0.3333333333333333,0.6666666666666666,45.0,-0.2431032695165078
exp2_np3_rho015_alpha10,3,0.15,10,174,9,0.019331518065162437,0.029307233086444562,0.4444444444444444,0.3333333333333333,0.6666666666666666,52.0,-0.410195455513439
exp2_np3_rho015_alpha10,3,0.15,10,176,5,0.14906139743662336,0.16943849965737012,0.4,0.6,0.4,43.8,-0.7098493066433468
exp2_np3_rho015_alpha10,3,0.15,10,177,7,0.03507236536692826,0.1314537211213027,0.42857142857142855,0.2857142857142857,0.7142857142857143,52.714285714285715,-0.1818738979859954
exp2_np3_rho015_alpha10,3,0.15,10,179,8,0.16007037613296582,0.1556438880877571,0.25,0.5,0.5,51.75,-0.3959868680727943
exp2_np3_rho015_alpha10,3,0.15,10,178,7,0.10468330781484718,0.13370471593157474,0.3333333333333333,0.3333333333333333,0.6666666666666666,54.166666666666664,-0.5471778965384101
exp2_np3_rho015_alpha10,3,0.15,10,181,0,,,,,,,
exp2_np3_rho015_alpha10,3,0.15,10,180,9,0.018237658073388827,-0.046708332105357186,0.5555555555555556,0.4444444444444444,0.5555555555555556,55.77777777777778,-0.5526924260968373
exp2_np3_rho015_alpha10,3,0.15,10,183,0,,,,,,,
exp2_np3_rho015_alpha10,3,0.15,10,182,9,0.19651176452642533,0.34003005145603815,0.3333333333333333,0.5555555555555556,0.4444444444444444,59.22222222222222,-0.7170779222647415
exp2_np3_rho015_alpha10,3,0.15,10,187,6,0.0050262666770703275,-0.0012291268189179583,0.5,0.0,1.0,51.666666666666664,-0.5828697174446871
exp2_np3_rho015_alpha10,3,0.15,10,186,10,0.07229291534673907,0.02080204998294999,0.4444444444444444,0.5555555555555556,0.4444444444444444,63.666666666666664,0.2254653780901608
exp2_np3_rho015_alpha10,3,0.15,10,185,11,0.011881825506819559,0.24323299804515042,0.45454545454545453,0.45454545454545453,0.5454545454545454,57.54545454545455,-0.4578286544333171
exp2_np3_rho015_alpha10,3,0.15,10,188,0,,,,,,,
exp2_np3_rho015_alpha10,3,0.15,10,189,9,-0.00947114548690426,0.06252516417263543,0.4444444444444444,0.6666666666666666,0.3333333333333333,58.111111111111114,-0.2130922440515548
exp2_np3_rho015_alpha10,3,0.15,10,184,0,,,,,,,
exp2_np3_rho015_alpha10,3,0.15,10,191,7,0.2122243430955985,0.21011311436913171,0.14285714285714285,0.5714285714285714,0.42857142857142855,52.0,-0.5825711601727205
exp2_np3_rho015_alpha10,3,0.15,10,190,7,0.022553104433432836,-0.048708903808843296,0.7142857142857143,0.5714285714285714,0.42857142857142855,47.857142857142854,-0.3557431601089583
exp2_np3_rho015_alpha10,3,0.15,10,192,9,0.07075369334131902,0.10132380934924878,0.3333333333333333,0.2222222222222222,0.7777777777777778,50.0,0.06397644452083177
exp2_np3_rho015_alpha10,3,0.15,10,199,9,0.14100948787805587,0.21326128121168875,0.2222222222222222,0.5555555555555556,0.4444444444444444,57.111111111111114,-0.41958501841498835
exp2_np3_rho015_alpha10,3,0.15,10,196,4,0.26521750081354534,0.18428090036310074,0.25,0.25,0.75,40.75,-0.5066363762116309
exp2_np3_rho015_alpha10,3,0.15,10,194,13,0.11461899218322516,0.08467397757563866,0.3076923076923077,0.46153846153846156,0.5384615384615384,58.46153846153846,-0.4734308293991684
exp2_np3_rho015_alpha10,3,0.15,10,195,11,0.15503270228576824,0.14855629556786987,0.36363636363636365,0.5454545454545454,0.45454545454545453,59.0,-0.5305708901634768
exp2_np3_rho015_alpha10,3,0.15,10,197,13,0.10950715553980422,0.16430505897362213,0.3076923076923077,0.5384615384615384,0.46153846153846156,59.15384615384615,-0.4331070944216718
exp2_np3_rho015_alpha10,3,0.15,10,193,4,0.283681622410787,0.30503412810550445,0.0,1.0,0.0,38.0,-0.2692854281075743
exp2_np3_rho015_alpha10,3,0.15,10,198,8,0.25619284457027847,0.23741849071858923,0.125,0.375,0.625,56.125,-0.4444957197805268
exp2_np3_rho015_alpha2,3,0.15,2,8,19,0.007391415696906489,0.023473888401839282,0.375,0.5,0.5,75.0,
exp2_np3_rho015_alpha2,3,0.15,2,0,20,0.04676346091503255,-0.006006872450786016,0.5555555555555556,0.4444444444444444,0.5555555555555556,64.38888888888889,0.9124946452907177
exp2_np3_rho015_alpha2,3,0.15,2,3,22,0.05924316198635804,-0.020242725384504556,0.5,0.5,0.5,64.0,
exp2_np3_rho015_alpha2,3,0.15,2,5,26,0.012301012530332667,0.012546015547334033,0.5,0.4166666666666667,0.5833333333333334,66.0,
exp2_np3_rho015_alpha2,3,0.15,2,14,16,0.031107747466853297,-0.02340985083518321,0.6428571428571429,0.5,0.5,53.0,-0.952966438669522
exp2_np3_rho015_alpha2,3,0.15,2,13,27,0.04074205697909502,0.057695158096276344,0.32,0.56,0.44,66.0,
exp2_np3_rho015_alpha2,3,0.15,2,2,28,0.03806544286315218,0.033703806204283815,0.38461538461538464,0.5769230769230769,0.4230769230769231,64.1923076923077,-0.6627918575487882
exp2_np3_rho015_alpha2,3,0.15,2,4,23,-0.018142997647971493,-0.016239726317031522,0.6,0.45,0.55,66.0,
exp2_np3_rho015_alpha2,3,0.15,2,7,27,0.023517638791835084,-0.010845748125619892,0.56,0.48,0.52,74.0,-0.8417998162504007
exp2_np3_rho015_alpha2,3,0.15,2,12,19,0.09318348325333936,0.05513907957897146,0.25,0.5,0.5,61.25,-0.9150153973451675
exp2_np3_rho015_alpha2,3,0.15,2,9,33,0.017642100145425825,0.006348074892247091,0.4642857142857143,0.39285714285714285,0.6071428571428571,72.0,
exp2_np3_rho015_alpha2,3,0.15,2,6,26,0.012858443434690916,0.010105724637005764,0.43478260869565216,0.4782608695652174,0.5217391304347826,74.0,
exp2_np3_rho015_alpha2,3,0.15,2,15,24,0.017570176373853934,-0.03823993120611657,0.5238095238095238,0.42857142857142855,0.5714285714285714,68.52380952380952,-0.5757008991014272
exp2_np3_rho015_alpha2,3,0.15,2,10,26,0.04465881009044108,0.02036276462663089,0.47619047619047616,0.6190476190476191,0.38095238095238093,62.76190476190476,-0.7125591419761066
exp2_np3_rho015_alpha2,3,0.15,2,11,26,0.058846151545919434,-0.00300582143963668,0.5,0.5416666666666666,0.4583333333333333,60.875,-0.7164069570672058
exp2_np3_rho015_alpha2,3,0.15,2,1,23,0.02317007056665856,0.0051096834313213435,0.45,0.5,0.5,73.0,
exp2_np3_rho015_alpha2,3,0.15,2,17,24,0.005118145666443954,-0.033079902162545416,0.5909090909090909,0.5,0.5,60.36363636363637,-0.6874838368453343
exp2_np3_rho015_alpha2,3,0.15,2,16,20,0.021993540170999533,0.0027637538600915335,0.47058823529411764,0.4117647058823529,0.5882352941176471,65.0,
exp2_np3_rho015_alpha2,3,0.15,2,18,27,0.040094491419475416,-0.00799023799052545,0.52,0.36,0.64,65.68,-0.6954678968471173
exp2_np3_rho015_alpha2,3,0.15,2,19,28,0.04008942628933058,0.005527328484689509,0.46153846153846156,0.5,0.5,69.6923076923077,-0.8544811753971341
exp2_np3_rho015_alpha2,3,0.15,2,20,21,-0.04290654692387943,-0.05523517789489496,0.6842105263157895,0.5263157894736842,0.47368421052631576,62.31578947368421,-0.35976260423381573
exp2_np3_rho015_alpha2,3,0.15,2,26,22,-0.0026424518075836454,-0.028271886388867795,0.6,0.35,0.65,73.1,-0.8241665674288379
exp2_np3_rho015_alpha2,3,0.15,2,21,23,0.07978511197930657,0.019745836263507677,0.45454545454545453,0.5,0.5,54.81818181818182,-0.8705673931686997
exp2_np3_rho015_alpha2,3,0.15,2,24,27,0.022777221993488247,-0.0061605018969146386,0.5,0.5454545454545454,0.45454545454545453,63.22727272727273,-0.8590327221708084
exp2_np3_rho015_alpha2,3,0.15,2,22,23,0.08295459761725153,0.005207435897651713,0.47619047619047616,0.5714285714285714,0.42857142857142855,71.57142857142857,-0.6661165167856117
exp2_np3_rho015_alpha2,3,0.15,2,23,20,0.03077080805716,0.03564241639980548,0.4117647058823529,0.5294117647058824,0.47058823529411764,74.0,
exp2_np3_rho015_alpha2,3,0.15,2,28,25,0.050151344936075926,0.04971777719365633,0.38095238095238093,0.5238095238095238,0.47619047619047616,62.333333333333336,-0.8157105167673068
exp2_np3_rho015_alpha2,3,0.15,2,25,21,-0.00500097247645052,0.003713112569246224,0.4444444444444444,0.4444444444444444,0.5555555555555556,71.0,
exp2_np3_rho015_alpha2,3,0.15,2,29,29,0.02117204632765318,0.020094716599185602,0.43478260869565216,0.5217391304347826,0.4782608695652174,65.0,
exp2_np3_rho015_alpha2,3,0.15,2,27,23,0.07220544491831445,0.03450422174692891,0.35,0.55,0.45,71.0,
exp2_np3_rho015_alpha2,3,0.15,2,30,23,0.01113077642961772,0.008739525185834651,0.47619047619047616,0.42857142857142855,0.5714285714285714,59.095238095238095,-0.6459656208553799
exp2_np3_rho015_alpha2,3,0.15,2,31,24,0.031318892603439626,0.017272193254752377,0.45454545454545453,0.45454545454545453,0.5454545454545454,67.95454545454545,-0.768869167005934
exp2_np3_rho015_alpha2,3,0.15,2,32,23,0.056812976645323233,0.004574452019291186,0.5,0.45,0.55,58.0,
exp2_np3_rho015_alpha2,3,0.15,2,33,17,0.05443646974400318,-0.037487774611500324,0.5714285714285714,0.42857142857142855,0.5714285714285714,54.285714285714285,-0.8469845367557904
exp2_np3_rho015_alpha2,3,0.15,2,35,17,0.07722852204121411,-0.05018724047292977,0.625,0.5625,0.4375,62.0625,-0.9478693850962558
exp2_np3_rho015_alpha2,3,0.15,2,38,18,0.0074234721998350794,0.0030911759902294556,0.4375,0.4375,0.5625,65.0,
exp2_np3_rho015_alpha2,3,0.15,2,37,21,0.01031631278307646,0.027716951964882774,0.42105263157894735,0.47368421052631576,0.5263157894736842,75.3157894736842,-0.39517057345463513
exp2_np3_rho015_alpha2,3,0.15,2,34,23,0.0576927416448341,0.062107130338032945,0.23809523809523808,0.42857142857142855,0.5714285714285714,63.04761904761905,-0.6774143922704318
exp2_np3_rho015_alpha2,3,0.15,2,40,20,0.040830131989158906,0.008727158575309257,0.5,0.4444444444444444,0.5555555555555556,58.166666666666664,-0.9061210890425389
exp2_np3_rho015_alpha2,3,0.15,2,39,28,0.05916249950624152,0.025932808646909944,0.4230769230769231,0.6538461538461539,0.34615384615384615,70.0,
exp2_np3_rho015_alpha2,3,0.15,2,36,18,-0.021417368153480165,-0.016378927337102667,0.5625,0.4375,0.5625,67.0,
exp2_np3_rho015_alpha2,3,0.15,2,42,27,0.0708453342710544,0.01051785535909211,0.4782608695652174,0.4782608695652174,0.5217391304347826,73.0,
exp2_np3_rho015_alpha2,3,0.15,2,47,20,0.0314417268020693,0.022751121333937974,0.4117647058823529,0.5882352941176471,0.4117647058823529,70.0,
exp2_np3_rho015_alpha2,3,0.15,2,43,20,0.05478071665510079,0.044701797098426255,0.3888888888888889,0.5,0.5,74.0,
exp2_np3_rho015_alpha2,3,0.15,2,44,26,-0.01656201539814284,-0.016108015651074226,0.5217391304347826,0.4782608695652174,0.5217391304347826,74.0,
exp2_np3_rho015_alpha2,3,0.15,2,41,22,0.03250385126178812,-0.0067212556897455755,0.55,0.4,0.6,71.25,-0.7449004733668483
exp2_np3_rho015_alpha2,3,0.15,2,46,25,0.040007541162715474,0.04373580294638746,0.4,0.7,0.3,67.0,
exp2_np3_rho015_alpha2,3,0.15,2,45,16,0.07317007168685283,0.0826541049820726,0.35714285714285715,0.5714285714285714,0.42857142857142855,52.214285714285715,-0.5818815323987362
exp2_np3_rho015_alpha2,3,0.15,2,48,15,0.06172868885397998,0.005324756082708326,0.46153846153846156,0.46153846153846156,0.5384615384615384,62.69230769230769,-0.741309868842839
exp2_np3_rho015_alpha2,3,0.15,2,50,29,0.0571325996781179,0.044162230837657024,0.375,0.5833333333333334,0.4166666666666667,60.0,
exp2_np3_rho015_alpha2,3,0.15,2,52,15,0.06456214133617995,0.007662220374436313,0.4166666666666667,0.5833333333333334,0.4166666666666667,63.0,
exp2_np3_rho015_alpha2,3,0.15,2,49,20,0.02370028382794631,-0.044500221067640844,0.6666666666666666,0.3888888888888889,0.6111111111111112,72.22222222222223,-0.9292626363603256
exp2_np3_rho015_alpha2,3,0.15,2,51,22,0.04089285089604368,0.010912183125078023,0.4444444444444444,0.5555555555555556,0.4444444444444444,73.55555555555556,-0.9097183236303915
exp2_np3_rho015_alpha2,3,0.15,2,54,21,0.04686034560604975,0.02576186593302232,0.47368421052631576,0.42105263157894735,0.5789473684210527,64.36842105263158,-0.8729851992759883
exp2_np3_rho015_alpha2,3,0.15,2,53,19,0.02414949641618304,-0.04903194094037122,0.5294117647058824,0.47058823529411764,0.5294117647058824,63.0,
exp2_np3_rho015_alpha2,3,0.15,2,57,20,-0.04294557395433237,-0.04254924678240757,0.7222222222222222,0.5555555555555556,0.4444444444444444,71.94444444444444,0.04926096479143934
exp2_np3_rho015_alpha2,3,0.15,2,55,28,0.014110955410043183,0.009314532830857924,0.4166666666666667,0.4166666666666667,0.5833333333333334,72.04166666666667,-0.6360165443931154
exp2_np3_rho015_alpha2,3,0.15,2,56,21,0.06260489179196813,0.038712979250637325,0.3157894736842105,0.47368421052631576,0.5263157894736842,66.15789473684211,0.8651028887875208
exp2_np3_rho015_alpha2,3,0.15,2,58,22,0.0491622948367044,0.03759987282218891,0.3157894736842105,0.3684210526315789,0.631578947368421,72.0,
exp2_np3_rho015_alpha2,3,0.15,2,60,16,-0.002500511664211328,-0.010828817560181392,0.5714285714285714,0.5,0.5,64.0,
exp2_np3_rho015_alpha2,3,0.15,2,59,28,0.01920399961992068,0.0020049579187517708,0.48,0.48,0.52,65.0,
exp2_np3_rho015_alpha2,3,0.15,2,62,23,-0.026561029843562078,-0.026476889336112475,0.6,0.5,0.5,65.0,
exp2_np3_rho015_alpha2,3,0.15,2,61,32,0.09111846614182424,0.04380457570156393,0.3,0.5333333333333333,0.4666666666666667,63.4,-0.8230669326146383
exp2_np3_rho015_alpha2,3,0.15,2,63,23,0.009291433416345241,-0.0083028980272557,0.6,0.55,0.45,59.0,
exp2_np3_rho015_alpha2,3,0.15,2,74,17,0.0051621608582310685,0.007746148567303379,0.4666666666666667,0.6,0.4,62.4,-0.8679345571358047
exp2_np3_rho015_alpha2,3,0.15,2,64,21,0.01893324298445017,0.0148013603108188,0.42105263157894735,0.47368421052631576,0.5263157894736842,62.63157894736842,-0.7379689887136804
exp2_np3_rho015_alpha2,3,0.15,2,67,19,0.008221554597405922,0.041053210477400626,0.4375,0.5,0.5,77.0,
exp2_np3_rho015_alpha2,3,0.15,2,65,24,0.04552140759555929,0.021337146056124467,0.36363636363636365,0.5,0.5,68.0,-0.8205591065218237
exp2_np3_rho015_alpha2,3,0.15,2,66,19,-0.007388447403048663,-0.021898892443179108,0.5294117647058824,0.47058823529411764,0.5294117647058824,71.0,
exp2_np3_rho015_alpha2,3,0.15,2,68,23,0.03590809925071907,0.0019453257850177152,0.45,0.45,0.55,69.0,
exp2_np3_rho015_alpha2,3,0.15,2,70,28,-0.017331913335304493,-0.03699568950211152,0.68,0.48,0.52,69.0,
exp2_np3_rho015_alpha2,3,0.15,2,69,22,0.05034682027274125,0.007372432501719928,0.5,0.55,0.45,74.65,-0.7953960067481202
exp2_np3_rho015_alpha2,3,0.15,2,73,26,0.018796209845815974,-0.025683202670267136,0.5238095238095238,0.23809523809523808,0.7619047619047619,74.0,
exp2_np3_rho015_alpha2,3,0.15,2,71,15,0.01018963355330893,-0.013867461490405297,0.6153846153846154,0.46153846153846156,0.5384615384615384,61.30769230769231,-0.9304302274028846
exp2_np3_rho015_alpha2,3,0.15,2,72,20,0.02214394365400718,0.009201516591633041,0.4444444444444444,0.4444444444444444,0.5555555555555556,76.0,
exp2_np3_rho015_alpha2,3,0.15,2,79,22,0.03244123909810515,-0.03913532349070081,0.7058823529411765,0.4117647058823529,0.5882352941176471,71.0,
exp2_np3_rho015_alpha2,3,0.15,2,78,26,0.007298860142884056,-0.03391894853555533,0.625,0.4583333333333333,0.5416666666666666,67.79166666666667,-0.9090942069543019
exp2_np3_rho015_alpha2,3,0.15,2,77,23,0.0457810341574185,0.023053384432706103,0.47368421052631576,0.42105263157894735,0.5789473684210527,76.0,-0.8797144116647
exp2_np3_rho015_alpha2,3,0.15,2,76,17,-0.011593240417289152,-0.01968081448572434,0.6,0.6666666666666666,0.3333333333333333,53.86666666666667,-0.7288876994418387
exp2_np3_rho015_alpha2,3,0.15,2,75,23,0.03696535617942208,-0.03325122261250346,0.5789473684210527,0.5789473684210527,0.42105263157894735,63.578947368421055,-0.8410428591365128
exp2_np3_rho015_alpha2,3,0.15,2,80,20,0.057901149189733235,0.01626194680634807,0.47368421052631576,0.3684210526315789,0.631578947368421,68.0,-0.7178845233099524
exp2_np3_rho015_alpha2,3,0.15,2,81,17,0.09524516566215517,0.0038926411075603795,0.4,0.5333333333333333,0.4666666666666667,61.6,-0.7808255362621451
exp2_np3_rho015_alpha2,3,0.15,2,82,20,0.044068056383406815,-0.008591416054298584,0.5882352941176471,0.5294117647058824,0.47058823529411764,72.0,
exp2_np3_rho015_alpha2,3,0.15,2,84,20,0.03028906446773416,0.014234057276867329,0.4375,0.5,0.5,69.0,
exp2_np3_rho015_alpha2,3,0.15,2,83,25,0.031483245556362505,0.0002788572442895543,0.5,0.4090909090909091,0.5909090909090909,75.0,
exp2_np3_rho015_alpha2,3,0.15,2,85,19,0.021346007737877204,0.043915083409809874,0.375,0.3125,0.6875,71.0,
exp2_np3_rho015_alpha2,3,0.15,2,87,16,0.15660041576153474,0.10392720251193843,0.2857142857142857,0.7142857142857143,0.2857142857142857,78.92857142857143,-0.6954144963477251
exp2_np3_rho015_alpha2,3,0.15,2,86,23,0.08466550420520297,0.03520408429312649,0.38095238095238093,0.5714285714285714,0.42857142857142855,58.23809523809524,-0.7236711702587765
exp2_np3_rho015_alpha2,3,0.15,2,90,19,0.010459716645538202,0.006352838035042829,0.47058823529411764,0.6470588235294118,0.35294117647058826,67.3529411764706,-0.4440344501978795
exp2_np3_rho015_alpha2,3,0.15,2,88,27,-0.010184254758707914,-3.735218589717704e-05,0.5,0.375,0.625,75.0,
exp2_np3_rho015_alpha2,3,0.15,2,89,19,0.057271884268937645,0.04476760005121383,0.25,0.4375,0.5625,68.0,
exp2_np3_rho015_alpha2,3,0.15,2,91,23,0.02744579399596628,0.031898384143181246,0.23809523809523808,0.47619047619047616,0.5238095238095238,76.23809523809524,-0.561181265849782
exp2_np3_rho015_alpha2,3,0.15,2,94,22,-0.021190662363350765,-0.004954888516079947,0.5,0.5625,0.4375,75.0,
exp2_np3_rho015_alpha2,3,0.15,2,93,18,0.07747013624043142,0.06116075637096019,0.3125,0.4375,0.5625,62.3125,-0.7699043944466337
exp2_np3_rho015_alpha2,3,0.15,2,92,23,0.040070699210835524,0.010264463951756397,0.47619047619047616,0.5238095238095238,0.47619047619047616,72.0,
exp2_np3_rho015_alpha2,3,0.15,2,95,23,0.012049070880474133,-0.0054028484553096945,0.55,0.55,0.45,71.0,
exp2_np3_rho015_alpha2,3,0.15,2,96,15,0.0289628528517029,-0.01621919510318026,0.6923076923076923,0.6153846153846154,0.38461538461538464,64.53846153846153,-0.8866843730085455
exp2_np3_rho015_alpha2,3,0.15,2,99,17,0.028182203525402398,0.026227412302198605,0.5,0.42857142857142855,0.5714285714285714,64.0,
exp2_np3_rho015_alpha2,3,0.15,2,98,18,0.04803015592183962,-0.009859653283068148,0.5625,0.6875,0.3125,70.75,-0.9340634166394021
exp2_np3_rho015_alpha2,3,0.15,2,100,20,0.047869521710872366,0.036529707135395384,0.3888888888888889,0.5555555555555556,0.4444444444444444,63.0,-0.8013088535108716
exp2_np3_rho015_alpha2,3,0.15,2,97,13,0.03587944794613436,-0.04269665119500843,0.5454545454545454,0.6363636363636364,0.36363636363636365,64.0,-0.867235307481913
exp2_np3_rho015_alpha2,3,0.15,2,101,28,0.04764117544403342,0.018608001904296234,0.5,0.3333333333333333,0.6666666666666666,69.70833333333333,-0.7837964073614461
exp2_np3_rho015_alpha2,3,0.15,2,103,24,0.07563414816438857,0.05521626060712803,0.36363636363636365,0.5909090909090909,0.4090909090909091,83.54545454545455,-0.7967129306856585
exp2_np3_rho015_alpha2,3,0.15,2,102,18,0.06833471776550842,0.0916718071476339,0.35294117647058826,0.47058823529411764,0.5294117647058824,61.64705882352941,-0.7753520375078257
exp2_np3_rho015_alpha2,3,0.15,2,104,27,0.02337174740539194,-0.0016282372657272504,0.5,0.4166666666666667,0.5833333333333334,77.0,
exp2_np3_rho015_alpha2,3,0.15,2,106,31,-0.0031685813782829086,-0.003285460913013516,0.5,0.4642857142857143,0.5357142857142857,61.0,
exp2_np3_rho015_alpha2,3,0.15,2,105,19,-0.012831302023224078,-0.00972718687565921,0.625,0.5625,0.4375,63.0,
exp2_np3_rho015_alpha2,3,0.15,2,108,16,0.07371777546685244,0.06356083334807261,0.42857142857142855,0.5,0.5,59.42857142857143,-0.8732368683144498
exp2_np3_rho015_alpha2,3,0.15,2,107,20,0.033491696928516494,-0.0005506672217450159,0.5294117647058824,0.4117647058823529,0.5882352941176471,60.0,
exp2_np3_rho015_alpha2,3,0.15,2,109,17,-0.0037137903339356628,-0.017420672293121164,0.6,0.4,0.6,58.6,-0.006941273999684713
exp2_np3_rho015_alpha2,3,0.15,2,110,24,0.11030539376255276,-0.01751022096751864,0.5263157894736842,0.42105263157894735,0.5789473684210527,64.42105263157895,-0.4726533682440703
exp2_np3_rho015_alpha2,3,0.15,2,111,25,-0.011193738723001726,-0.007303072564876167,0.5263157894736842,0.42105263157894735,0.5789473684210527,75.0,
exp2_np3_rho015_alpha2,3,0.15,2,112,24,0.07643257958941474,0.035301206019158204,0.36363636363636365,0.5454545454545454,0.45454545454545453,67.0909090909091,-0.8450575185121855
exp2_np3_rho015_alpha2,3,0.15,2,113,14,0.09725838659430885,0.062035822368266214,0.4166666666666667,0.5,0.5,62.25,-0.8045529310633238
exp2_np3_rho015_alpha2,3,0.15,2,114,17,0.0052164200311254506,0.025405133088851173,0.42857142857142855,0.6428571428571429,0.35714285714285715,58.0,
exp2_np3_rho015_alpha2,3,0.15,2,115,25,-0.013821870225644864,-0.05756155610507108,0.6086956521739131,0.5217391304347826,0.4782608695652174,62.0,
exp2_np3_rho015_alpha2,3,0.15,2,116,27,0.026141658174992328,0.010154147580193396,0.4166666666666667,0.5833333333333334,0.4166666666666667,60.0,
exp2_np3_rho015_alpha2,3,0.15,2,117,19,0.0420506291902624,0.015405731353491436,0.3888888888888889,0.5,0.5,60.77777777777778,-0.7459282709579717
exp2_np3_rho015_alpha2,3,0.15,2,118,30,0.025786345884168504,-0.010320272623287163,0.5384615384615384,0.4230769230769231,0.5769230769230769,71.65384615384616,-0.9089575905386416
exp2_np3_rho015_alpha2,3,0.15,2,119,21,0.025810129220232157,0.045249402679768735,0.3684210526315789,0.5789473684210527,0.42105263157894735,67.10526315789474,-0.4353314963324514
exp2_np3_rho015_alpha2,3,0.15,2,120,20,0.004463646773480294,-0.023567985782111833,0.631578947368421,0.47368421052631576,0.5263157894736842,67.42105263157895,-0.8692276877478323
exp2_np3_rho015_alpha2,3,0.15,2,121,20,-0.010391469010021095,0.023096524114190053,0.4117647058823529,0.47058823529411764,0.5294117647058824,68.0,
exp2_np3_rho015_alpha2,3,0.15,2,123,26,0.052643370796090695,0.017387739145411807,0.45454545454545453,0.4090909090909091,0.5909090909090909,71.81818181818181,-0.6601294407525807
exp2_np3_rho015_alpha2,3,0.15,2,122,30,0.010373032007506769,0.013129394299399522,0.42857142857142855,0.5357142857142857,0.4642857142857143,64.17857142857143,-0.4739988138753198
exp2_np3_rho015_alpha2,3,0.15,2,124,32,0.014818390079156498,0.009516908347137143,0.4642857142857143,0.6071428571428571,0.39285714285714285,77.0,
exp2_np3_rho015_alpha2,3,0.15,2,125,20,0.020326808922837742,0.0005908561082499375,0.5,0.5,0.5,62.0,
exp2_np3_rho015_alpha2,3,0.15,2,126,27,0.013360480495314632,-0.01569663437972668,0.52,0.44,0.56,63.4,-0.8470358921451261
exp2_np3_rho015_alpha2,3,0.15,2,127,18,0.1004529029628089,0.03582105129563784,0.4375,0.4375,0.5625,72.1875,-0.7670690692415311
exp2_np3_rho015_alpha2,3,0.15,2,128,24,0.011764327150842867,0.01221910315751007,0.45454545454545453,0.36363636363636365,0.6363636363636364,67.72727272727273,-0.4504129032991006
exp2_np3_rho015_alpha2,3,0.15,2,130,21,-0.013950440109661288,-0.04352575328494934,0.625,0.5625,0.4375,66.0,
exp2_np3_rho015_alpha2,3,0.15,2,129,23,0.03263785925012235,0.017258422298700893,0.47619047619047616,0.5238095238095238,0.47619047619047616,82.0,
exp2_np3_rho015_alpha2,3,0.15,2,131,24,0.08479032458594359,0.008982830140981335,0.47368421052631576,0.6842105263157895,0.3157894736842105,64.26315789473684,-0.5947644468113595
exp2_np3_rho015_alpha2,3,0.15,2,134,22,-0.008446621558417636,0.016091182335734366,0.47368421052631576,0.5789473684210527,0.42105263157894735,61.0,
exp2_np3_rho015_alpha2,3,0.15,2,133,20,-0.04775038238374281,-0.061951066191090476,0.6470588235294118,0.4117647058823529,0.5882352941176471,61.0,
exp2_np3_rho015_alpha2,3,0.15,2,132,31,0.056978501051506925,0.037161359809588124,0.35714285714285715,0.5714285714285714,0.42857142857142855,72.35714285714286,0.7752152287312603
exp2_np3_rho015_alpha2,3,0.15,2,135,22,0.06731589334538537,0.014372764220908163,0.5,0.35,0.65,67.6,-0.8182979096428801
exp2_np3_rho015_alpha2,3,0.15,2,136,21,-0.01566191139654881,-0.006811032810914774,0.5263157894736842,0.5263157894736842,0.47368421052631576,66.0,
exp2_np3_rho015_alpha2,3,0.15,2,137,26,0.012424840786308455,0.009775442279215785,0.4583333333333333,0.4583333333333333,0.5416666666666666,67.0,
exp2_np3_rho015_alpha2,3,0.15,2,139,12,0.06517693451129336,0.005402429403943643,0.5,0.5,0.5,61.4,-0.8978486927758875
exp2_np3_rho015_alpha2,3,0.15,2,138,24,0.0730611831483218,0.018076851558033624,0.4090909090909091,0.4090909090909091,0.5909090909090909,61.77272727272727,-0.6511293081339652
exp2_np3_rho015_alpha2,3,0.15,2,142,15,0.029990596040396673,-0.06202316977341393,0.6153846153846154,0.38461538461538464,0.6153846153846154,69.76923076923077,-0.8696561578275073
exp2_np3_rho015_alpha2,3,0.15,2,141,29,0.026621299750064956,-0.000416331907302947,0.5185185185185185,0.48148148148148145,0.5185185185185185,64.48148148148148,-0.7735566264979401
exp2_np3_rho015_alpha2,3,0.15,2,140,19,-0.009524046720635615,-0.019230137472508346,0.5,0.6875,0.3125,60.0,
exp2_np3_rho015_alpha2,3,0.15,2,143,27,0.03838632230293804,0.03060755327819642,0.4,0.4,0.6,67.0,
exp2_np3_rho015_alpha2,3,0.15,2,144,22,0.011170991291759738,-0.0011542467948286728,0.5263157894736842,0.3157894736842105,0.6842105263157895,58.0,
exp2_np3_rho015_alpha2,3,0.15,2,146,17,0.004771608945115302,0.0031883840342668,0.4166666666666667,0.4166666666666667,0.5833333333333334,66.0,
exp2_np3_rho015_alpha2,3,0.15,2,145,24,0.015601330574070982,-0.01201267946634621,0.6363636363636364,0.6363636363636364,0.36363636363636365,61.45454545454545,-0.9196560233973405
exp2_np3_rho015_alpha2,3,0.15,2,148,15,0.1016068541412707,0.06787064484089367,0.3076923076923077,0.46153846153846156,0.5384615384615384,58.30769230769231,-0.9664287360414866
exp2_np3_rho015_alpha2,3,0.15,2,147,19,0.03464108660134702,-0.05407382515442016,0.5882352941176471,0.4117647058823529,0.5882352941176471,64.11764705882354,-0.8388460161556547
exp2_np3_rho015_alpha2,3,0.15,2,150,24,0.062347292528066665,-0.011657144490527571,0.5217391304347826,0.43478260869565216,0.5652173913043478,60.43478260869565,-0.9339621013499871
exp2_np3_rho015_alpha2,3,0.15,2,149,21,0.036762883664039375,0.011165504721553532,0.42105263157894735,0.5263157894736842,0.47368421052631576,69.89473684210526,-0.9307457543100851
exp2_np3_rho015_alpha2,3,0.15,2,151,23,0.04610346981994188,0.025004004801544077,0.42857142857142855,0.42857142857142855,0.5714285714285714,57.476190476190474,-0.8760905646905338
exp2_np3_rho015_alpha2,3,0.15,2,153,19,0.03574302243271391,-0.02398462362829079,0.5294117647058824,0.5882352941176471,0.4117647058823529,63.588235294117645,-0.9590927278340684
exp2_np3_rho015_alpha2,3,0.15,2,154,19,0.01752401162402768,-0.011439732706715056,0.5294117647058824,0.29411764705882354,0.7058823529411765,66.94117647058823,-0.874622249185152
exp2_np3_rho015_alpha2,3,0.15,2,152,20,-0.007850754916032683,-0.0026646466196016405,0.5882352941176471,0.5294117647058824,0.47058823529411764,61.0,
exp2_np3_rho015_alpha2,3,0.15,2,157,25,-0.007583737599136008,-0.005965627535651219,0.5454545454545454,0.36363636363636365,0.6363636363636364,71.0,
exp2_np3_rho015_alpha2,3,0.15,2,155,21,0.03374765425991252,-0.0153275956789507,0.6470588235294118,0.29411764705882354,0.7058823529411765,62.64705882352941,-0.8754778443942356
exp2_np3_rho015_alpha2,3,0.15,2,158,17,0.004204545359789632,0.019795315347669096,0.4666666666666667,0.4666666666666667,0.5333333333333333,63.6,0.12791942206767246
exp2_np3_rho015_alpha2,3,0.15,2,156,16,-0.04803742756208308,-0.033405178174877204,0.7142857142857143,0.42857142857142855,0.5714285714285714,71.0,
exp2_np3_rho015_alpha2,3,0.15,2,159,30,0.013081578594919603,-0.03199703118238428,0.5555555555555556,0.48148148148148145,0.5185185185185185,76.0,
exp2_np3_rho015_alpha2,3,0.15,2,160,14,0.1333613001571525,0.043829580625732945,0.23076923076923078,0.46153846153846156,0.5384615384615384,61.30769230769231,-0.4438142619848637
exp2_np3_rho015_alpha2,3,0.15,2,161,20,-0.0029898552161057627,0.005002529929027055,0.47058823529411764,0.5294117647058824,0.47058823529411764,58.0,
exp2_np3_rho015_alpha2,3,0.15,2,162,16,0.054150393794519705,-0.07192887069350018,0.6428571428571429,0.5,0.5,60.0,
exp2_np3_rho015_alpha2,3,0.15,2,163,23,-0.026467025751440755,-0.03894826181683264,0.6190476190476191,0.3333333333333333,0.6666666666666666,66.0,
exp2_np3_rho015_alpha2,3,0.15,2,164,25,0.043942524056742996,-0.012676462630742513,0.55,0.45,0.55,63.75,-0.7044245865949805
exp2_np3_rho015_alpha2,3,0.15,2,166,26,0.030044891957346127,-0.03160580786378242,0.5416666666666666,0.3333333333333333,0.6666666666666666,61.208333333333336,-0.8486240387096319
exp2_np3_rho015_alpha2,3,0.15,2,165,29,0.01705221157229853,0.021666851682154764,0.4444444444444444,0.48148148148148145,0.5185185185185185,65.37037037037037,-0.7422844865796059
exp2_np3_rho015_alpha2,3,0.15,2,167,31,0.023782199396278823,-0.020985813211673587,0.5357142857142857,0.35714285714285715,0.6428571428571429,75.0,
exp2_np3_rho015_alpha2,3,0.15,2,169,20,0.10449466090857326,0.047321350176264154,0.3333333333333333,0.3888888888888889,0.6111111111111112,75.61111111111111,-0.7814613412852092
exp2_np3_rho015_alpha2,3,0.15,2,168,26,0.025369775020917418,0.02279189681182281,0.4583333333333333,0.5,0.5,69.125,-0.8975553766529433
exp2_np3_rho015_alpha2,3,0.15,2,171,18,0.017553676974939758,0.0013843631549650404,0.5,0.4375,0.5625,71.0,
exp2_np3_rho015_alpha2,3,0.15,2,170,22,0.0084525843143895,0.0015432937422543702,0.375,0.5,0.5,70.0,
exp2_np3_rho015_alpha2,3,0.15,2,172,16,0.08077344818323387,-0.00047361142236912457,0.5384615384615384,0.46153846153846156,0.5384615384615384,67.0,
exp2_np3_rho015_alpha2,3,0.15,2,174,22,0.016974514007727093,0.008509965897462113,0.4,0.55,0.45,61.95,-0.462286592801807
exp2_np3_rho015_alpha2,3,0.15,2,173,28,0.044777377372184936,-0.008370208029383708,0.5,0.4230769230769231,0.5769230769230769,66.23076923076923,-0.725138548031907
exp2_np3_rho015_alpha2,3,0.15,2,175,25,0.042613137940026746,0.025889704745241993,0.34782608695652173,0.5652173913043478,0.43478260869565216,62.34782608695652,-0.898661666879531
exp2_np3_rho015_alpha2,3,0.15,2,176,30,0.0446827409221315,0.042660040528013976,0.34615384615384615,0.6153846153846154,0.38461538461538464,61.5,0.6749836802307656
exp2_np3_rho015_alpha2,3,0.15,2,178,25,0.025384527433366243,-0.0037728375977623685,0.5217391304347826,0.5652173913043478,0.43478260869565216,62.34782608695652,-0.8860018442618302
exp2_np3_rho015_alpha2,3,0.15,2,177,19,0.029374766792534094,0.02644716935652891,0.4117647058823529,0.47058823529411764,0.5294117647058824,70.0,
exp2_np3_rho015_alpha2,3,0.15,2,180,14,0.05250506237216247,-0.014515722722568292,0.5555555555555556,0.4444444444444444,0.5555555555555556,67.11111111111111,0.9257028484511415
exp2_np3_rho015_alpha2,3,0.15,2,179,26,-0.020134961471162317,-0.02237042240607856,0.6521739130434783,0.5652173913043478,0.43478260869565216,67.0,
exp2_np3_rho015_alpha2,3,0.15,2,182,27,0.019355806630617294,-0.019927627629384048,0.6190476190476191,0.47619047619047616,0.5238095238095238,73.0,
exp2_np3_rho015_alpha2,3,0.15,2,181,13,0.023099091487970826,-0.005794496664946358,0.5,0.5,0.5,59.0,
exp2_np3_rho015_alpha2,3,0.15,2,184,18,0.05362162870434112,0.031514933827701874,0.4375,0.5625,0.4375,75.0,
exp2_np3_rho015_alpha2,3,0.15,2,183,22,0.0460809455559966,0.011560669354354847,0.5,0.65,0.35,61.0,
exp2_np3_rho015_alpha2,3,0.15,2,185,25,0.03193808638271093,-0.007610048465912733,0.5652173913043478,0.6086956521739131,0.391304347826087,66.04347826086956,-0.8908330245726506
exp2_np3_rho015_alpha2,3,0.15,2,186,26,0.009675707263408925,-6.746667964296904e-05,0.5217391304347826,0.30434782608695654,0.6956521739130435,72.0,
exp2_np3_rho015_alpha2,3,0.15,2,187,21,0.02200380133354278,-0.011474003428248558,0.5789473684210527,0.5789473684210527,0.42105263157894735,67.15789473684211,-0.8648258724916268
exp2_np3_rho015_alpha2,3,0.15,2,189,19,-0.009351109597867169,1.8395094358858444e-06,0.5,0.1875,0.8125,71.0,
exp2_np3_rho015_alpha2,3,0.15,2,188,20,0.038148564483692554,0.012212269746392668,0.3888888888888889,0.6111111111111112,0.3888888888888889,61.94444444444444,-0.8101681878708068
exp2_np3_rho015_alpha2,3,0.15,2,190,27,-0.015069259785446366,-0.012568112539838694,0.5454545454545454,0.2727272727272727,0.7272727272727273,60.0,
exp2_np3_rho015_alpha2,3,0.15,2,191,23,0.009903152809878612,0.027736158707432956,0.45,0.45,0.55,67.0,
exp2_np3_rho015_alpha2,3,0.15,2,192,20,-0.044078364394325414,-0.055297195502949315,0.7777777777777778,0.3333333333333333,0.6666666666666666,61.0,
exp2_np3_rho015_alpha2,3,0.15,2,197,24,0.05237977402613145,0.059898271989798246,0.36363636363636365,0.6363636363636364,0.36363636363636365,67.0,
exp2_np3_rho015_alpha2,3,0.15,2,196,26,0.05665297495537852,0.03549224387436034,0.3333333333333333,0.5714285714285714,0.42857142857142855,69.0,
exp2_np3_rho015_alpha2,3,0.15,2,195,38,0.04211714335636219,0.033386413481850674,0.3333333333333333,0.5757575757575758,0.42424242424242425,70.57575757575758,0.7530841647411024
exp2_np3_rho015_alpha2,3,0.15,2,193,18,0.044416746861239476,-0.028795907788080832,0.5882352941176471,0.5882352941176471,0.4117647058823529,62.11764705882353,-0.7327200453290639
exp2_np3_rho015_alpha2,3,0.15,2,194,23,0.017072159562119223,-0.029390786250924172,0.5555555555555556,0.4444444444444444,0.5555555555555556,68.0,
exp2_np3_rho015_alpha2,3,0.15,2,198,23,0.023956355658424626,0.03477964199363193,0.4444444444444444,0.5555555555555556,0.4444444444444444,74.0,
exp2_np3_rho015_alpha2,3,0.15,2,199,18,0.008235746919970133,0.016984988822153824,0.4666666666666667,0.4666666666666667,0.5333333333333333,74.0,
exp2_np3_rho015_alpha5,3,0.15,5,15,17,0.07999821053275102,-0.01893379454656552,0.5,0.5,0.5,64.6875,-0.8410787119619918
exp2_np3_rho015_alpha5,3,0.15,5,3,19,-0.033351260910327536,-0.034173383629204857,0.6470588235294118,0.5294117647058824,0.47058823529411764,61.411764705882355,-0.4094390616980306
exp2_np3_rho015_alpha5,3,0.15,5,9,18,0.08017454171033322,0.03619264361004593,0.25,0.5,0.5,70.25,-0.33980305198626065
exp2_np3_rho015_alpha5,3,0.15,5,11,13,0.03847810288494805,-0.010574835630757118,0.5,0.3333333333333333,0.6666666666666666,55.583333333333336,-0.2831809295952959
exp2_np3_rho015_alpha5,3,0.15,5,13,14,0.09441223459757693,0.04511204821360604,0.3333333333333333,0.5833333333333334,0.4166666666666667,63.833333333333336,-0.8224390280766417
exp2_np3_rho015_alpha5,3,0.15,5,5,18,0.011709244055660206,-0.02354415600443671,0.5625,0.5625,0.4375,63.25,-0.8175500761869723
exp2_np3_rho015_alpha5,3,0.15,5,7,13,0.10437469752041688,0.17075317929194656,0.4166666666666667,0.4166666666666667,0.5833333333333334,69.75,-0.7438024385236937
exp2_np3_rho015_alpha5,3,0.15,5,2,15,0.08391769042064125,0.057535283089012346,0.35714285714285715,0.5714285714285714,0.42857142857142855,60.714285714285715,-0.8342457626016625
exp2_np3_rho015_alpha5,3,0.15,5,1,13,0.11229135301275624,0.009844775744959122,0.45454545454545453,0.45454545454545453,0.5454545454545454,68.27272727272727,-0.8079003611165855
exp2_np3_rho015_alpha5,3,0.15,5,4,14,0.1335156367863055,0.11420931949044277,0.3076923076923077,0.5384615384615384,0.46153846153846156,59.0,-0.8419111546236044
exp2_np3_rho015_alpha5,3,0.15,5,6,18,-0.022956167608109868,-0.07400659620805916,0.6875,0.4375,0.5625,70.625,-0.8638696215393002
exp2_np3_rho015_alpha5,3,0.15,5,14,11,0.035045805029482936,0.020525461737978645,0.4,0.3,0.7,51.5,-0.7692387918282215
exp2_np3_rho015_alpha5,3,0.15,5,0,17,0.07563809179945175,-0.020339763478780082,0.5625,0.375,0.625,60.4375,-0.6512847305436706
exp2_np3_rho015_alpha5,3,0.15,5,10,15,0.048434133838742684,0.03244371351332509,0.42857142857142855,0.6428571428571429,0.35714285714285715,60.642857142857146,-0.42259734221345185
exp2_np3_rho015_alpha5,3,0.15,5,8,13,0.0371911380430966,0.015793234350275576,0.36363636363636365,0.45454545454545453,0.5454545454545454,71.63636363636364,-0.5471140539942771
exp2_np3_rho015_alpha5,3,0.15,5,12,11,0.029987117691246783,0.033263812184648245,0.3333333333333333,0.4444444444444444,0.5555555555555556,60.22222222222222,-0.5314431530559205
exp2_np3_rho015_alpha5,3,0.15,5,16,13,0.016521664988594715,-0.03229013125309299,0.6666666666666666,0.5,0.5,59.5,-0.7155602266869371
exp2_np3_rho015_alpha5,3,0.15,5,18,13,0.028754599821996685,-0.051729614143742,0.5833333333333334,0.3333333333333333,0.6666666666666666,61.416666666666664,-0.8200485400610106
exp2_np3_rho015_alpha5,3,0.15,5,17,15,0.09565724760241652,0.08440277307950739,0.42857142857142855,0.5,0.5,56.785714285714285,-0.7897856151700455
exp2_np3_rho015_alpha5,3,0.15,5,23,12,-0.009234019032529161,-0.012122231593764798,0.6,0.5,0.5,71.5,-0.4403987910701576
exp2_np3_rho015_alpha5,3,0.15,5,19,15,-0.02100300456725514,-0.04557722412783516,0.5384615384615384,0.38461538461538464,0.6153846153846154,69.53846153846153,-0.06904531712268779
exp2_np3_rho015_alpha5,3,0.15,5,20,13,0.01428173027289253,0.043127538791293496,0.45454545454545453,0.5454545454545454,0.45454545454545453,60.0,-0.5522344690471125
exp2_np3_rho015_alpha5,3,0.15,5,22,17,-0.0408686266399945,-0.08025798366897519,0.5714285714285714,0.35714285714285715,0.6428571428571429,72.0,
exp2_np3_rho015_alpha5,3,0.15,5,21,16,-0.008595512842830364,-0.07442811303206787,0.5714285714285714,0.5,0.5,55.714285714285715,-0.49027685589677056
exp2_np3_rho015_alpha5,3,0.15,5,25,13,0.07033129870276067,0.045582630439351846,0.36363636363636365,0.45454545454545453,0.5454545454545454,67.36363636363636,-0.9042073912728957
exp2_np3_rho015_alpha5,3,0.15,5,30,14,-0.010992627395107535,-0.08241968592636573,0.6666666666666666,0.5,0.5,57.916666666666664,-0.9119886835835237
exp2_np3_rho015_alpha5,3,0.15,5,26,15,0.0568193173598114,0.02149728280988139,0.5,0.5714285714285714,0.42857142857142855,67.14285714285714,-0.5789219327206013
exp2_np3_rho015_alpha5,3,0.15,5,24,10,0.0281613037336389,0.05773534731072161,0.375,0.5,0.5,61.625,0.2754843453549806
exp2_np3_rho015_alpha5,3,0.15,5,28,14,0.043230619344329715,0.016611217451081295,0.46153846153846156,0.5384615384615384,0.46153846153846156,59.76923076923077,-0.8039664693817269
exp2_np3_rho015_alpha5,3,0.15,5,27,14,0.05760676055999517,0.04975945871563514,0.36363636363636365,0.45454545454545453,0.5454545454545454,68.81818181818181,-0.311617005281296
exp2_np3_rho015_alpha5,3,0.15,5,29,20,0.1268934543356695,0.08113266318503953,0.3684210526315789,0.5789473684210527,0.42105263157894735,60.526315789473685,-0.7496746068533935
exp2_np3_rho015_alpha5,3,0.15,5,31,14,0.02366716028741937,0.021421641079252485,0.5,0.4166666666666667,0.5833333333333334,66.25,-0.5065158343397821
exp2_np3_rho015_alpha5,3,0.15,5,33,13,-0.040380561574110144,-0.14077063626459463,0.6363636363636364,0.5454545454545454,0.45454545454545453,53.63636363636363,-0.5164857685662263
exp2_np3_rho015_alpha5,3,0.15,5,32,16,-0.05248982976307703,-0.06839788453633666,0.6923076923076923,0.46153846153846156,0.5384615384615384,58.0,
exp2_np3_rho015_alpha5,3,0.15,5,39,17,0.07762640417980136,-0.0192035118667917,0.5294117647058824,0.47058823529411764,0.5294117647058824,62.94117647058823,-0.7571647832777069
exp2_np3_rho015_alpha5,3,0.15,5,34,14,-0.004810498863083951,-0.04087826156052987,0.6923076923076923,0.23076923076923078,0.7692307692307693,60.38461538461539,-0.891556117035893
exp2_np3_rho015_alpha5,3,0.15,5,36,15,0.10933415577150928,0.0427935046333614,0.3076923076923077,0.6923076923076923,0.3076923076923077,63.92307692307692,-0.7366659384016141
exp2_np3_rho015_alpha5,3,0.15,5,35,11,0.06667215307969086,0.015114449764067395,0.4444444444444444,0.4444444444444444,0.5555555555555556,63.22222222222222,-0.8334500138160207
exp2_np3_rho015_alpha5,3,0.15,5,37,11,0.08297246095416666,0.05608853294107474,0.3,0.5,0.5,68.7,-0.8240449907009159
exp2_np3_rho015_alpha5,3,0.15,5,43,19,0.05154757709198452,0.03156888453751172,0.29411764705882354,0.5882352941176471,0.4117647058823529,71.82352941176471,-0.05152893338194567
exp2_np3_rho015_alpha5,3,0.15,5,40,16,0.04672354939552428,0.03304443014660308,0.4,0.4,0.6,55.4,-0.6187242733993503
exp2_np3_rho015_alpha5,3,0.15,5,41,18,0.003683974384219302,-0.053286526520793576,0.5625,0.5625,0.4375,71.5625,-0.41134463804920207
exp2_np3_rho015_alpha5,3,0.15,5,38,20,0.058293950490503774,-0.03568614439794615,0.5789473684210527,0.631578947368421,0.3684210526315789,61.89473684210526,-0.7531930246131436
exp2_np3_rho015_alpha5,3,0.15,5,42,18,-0.013950490689816583,-0.035025864701326626,0.6153846153846154,0.5384615384615384,0.46153846153846156,72.23076923076923,-0.48931251517227825
exp2_np3_rho015_alpha5,3,0.15,5,46,16,-0.0130899967048104,-0.07065959765283791,0.7142857142857143,0.42857142857142855,0.5714285714285714,63.285714285714285,-0.7740458706737366
exp2_np3_rho015_alpha5,3,0.15,5,45,10,0.15975817715018223,0.07774221166255568,0.4,0.5,0.5,48.1,-0.8482726847726211
exp2_np3_rho015_alpha5,3,0.15,5,47,17,-0.01179083344205362,-0.011339008815596685,0.5333333333333333,0.26666666666666666,0.7333333333333333,68.86666666666666,-0.3400390222212627
exp2_np3_rho015_alpha5,3,0.15,5,44,20,0.03349313716771071,0.025835801716983298,0.3333333333333333,0.6666666666666666,0.3333333333333333,72.5,-0.4949941661012048
exp2_np3_rho015_alpha5,3,0.15,5,48,14,0.09303073889621905,0.0809893437664102,0.3333333333333333,0.5,0.5,62.25,-0.7546829722915961
exp2_np3_rho015_alpha5,3,0.15,5,49,16,0.047339740820977576,-0.025008715292444528,0.6153846153846154,0.5384615384615384,0.46153846153846156,74.0,
exp2_np3_rho015_alpha5,3,0.15,5,51,13,0.13035615918572327,0.11413731506455527,0.4,0.5,0.5,69.9,-0.8188225170201325
exp2_np3_rho015_alpha5,3,0.15,5,53,10,-0.014512738773555856,-0.06670504982286785,0.625,0.375,0.625,60.875,0.3585690682583381
exp2_np3_rho015_alpha5,3,0.15,5,52,14,0.08486265885122118,0.012097627163278446,0.46153846153846156,0.5384615384615384,0.46153846153846156,56.92307692307692,-0.9207548645758915
exp2_np3_rho015_alpha5,3,0.15,5,50,16,-0.0021591597956848478,-0.007540875718462736,0.5454545454545454,0.45454545454545453,0.5454545454545454,60.0,
exp2_np3_rho015_alpha5,3,0.15,5,54,17,0.09694579109793539,-0.031248411668836518,0.5625,0.5,0.5,60.3125,-0.8471777807724199
exp2_np3_rho015_alpha5,3,0.15,5,55,11,0.08312423372546407,-0.04326925772568879,0.5,0.6,0.4,65.1,-0.913014593786881
exp2_np3_rho015_alpha5,3,0.15,5,58,15,0.03532269481113285,-0.002993865184616862,0.5,0.5833333333333334,0.4166666666666667,70.33333333333333,-0.11371537828709663
exp2_np3_rho015_alpha5,3,0.15,5,57,21,0.012511796691802668,-0.04866686890975558,0.5263157894736842,0.3684210526315789,0.631578947368421,72.10526315789474,-0.4143748354878729
exp2_np3_rho015_alpha5,3,0.15,5,56,14,0.17098597226830456,0.12110296890937056,0.25,0.25,0.75,63.833333333333336,-0.4182114501475832
exp2_np3_rho015_alpha5,3,0.15,5,59,13,0.020255177919288946,-0.05985413177879595,0.6,0.4,0.6,65.0,
exp2_np3_rho015_alpha5,3,0.15,5,63,15,0.03731205608785567,0.011256231553792517,0.38461538461538464,0.38461538461538464,0.6153846153846154,57.23076923076923,-0.23048228924825287
exp2_np3_rho015_alpha5,3,0.15,5,60,19,0.08975943340025871,0.04634159854219,0.4444444444444444,0.6111111111111112,0.3888888888888889,60.55555555555556,-0.8895355522602807
exp2_np3_rho015_alpha5,3,0.15,5,61,16,0.009575308556485437,-0.08010301096546435,0.6666666666666666,0.4666666666666667,0.5333333333333333,62.733333333333334,-0.8576401548098719
exp2_np3_rho015_alpha5,3,0.15,5,62,12,-0.016963087722779414,-0.009873315970145402,0.5,0.4,0.6,60.9,-0.26271350173530184
exp2_np3_rho015_alpha5,3,0.15,5,64,16,0.053581803580436925,0.03655666304778338,0.5,0.6428571428571429,0.35714285714285715,63.57142857142857,-0.6312213788180081
exp2_np3_rho015_alpha5,3,0.15,5,66,16,0.11268766766157032,0.08435540479222148,0.3333333333333333,0.4666666666666667,0.5333333333333333,66.4,-0.6511547904307118
exp2_np3_rho015_alpha5,3,0.15,5,67,13,0.06446204787467114,-0.017110746582379655,0.5,0.25,0.75,70.75,-0.8408742468257148
exp2_np3_rho015_alpha5,3,0.15,5,65,15,0.026910629842782773,0.031985711372683134,0.46153846153846156,0.5384615384615384,0.46153846153846156,68.23076923076923,-0.7385844370940369
exp2_np3_rho015_alpha5,3,0.15,5,70,10,0.1892346546350554,-0.021134089995487493,0.5555555555555556,0.2222222222222222,0.7777777777777778,58.77777777777778,-0.9730768460493541
exp2_np3_rho015_alpha5,3,0.15,5,68,16,0.07359119295695139,0.08434321313222481,0.35714285714285715,0.42857142857142855,0.5714285714285714,66.35714285714286,-0.38786926597050075
exp2_np3_rho015_alpha5,3,0.15,5,69,22,0.10712321153200949,0.08793895851547884,0.42857142857142855,0.6190476190476191,0.38095238095238093,71.57142857142857,-0.7652971227919741
exp2_np3_rho015_alpha5,3,0.15,5,75,11,0.06979541565125075,-0.03920160172699472,0.5555555555555556,0.4444444444444444,0.5555555555555556,63.666666666666664,-0.8041569395522
exp2_np3_rho015_alpha5,3,0.15,5,73,17,0.08159748825770219,0.07647533137083595,0.4,0.4,0.6,66.26666666666667,-0.4880559093801955
exp2_np3_rho015_alpha5,3,0.15,5,71,16,0.06359069954736653,0.03381804440757019,0.4666666666666667,0.4666666666666667,0.5333333333333333,62.93333333333333,-0.6713473223931766
exp2_np3_rho015_alpha5,3,0.15,5,76,14,-0.006576339615752917,0.02941668690908772,0.4166666666666667,0.4166666666666667,0.5833333333333334,55.75,-0.6183563077498955
exp2_np3_rho015_alpha5,3,0.15,5,77,11,0.03949749990542282,0.010030364575035033,0.5,0.4,0.6,68.7,-0.7422651465288455
exp2_np3_rho015_alpha5,3,0.15,5,74,20,0.0669353068936706,0.029361255277354115,0.4444444444444444,0.5,0.5,61.666666666666664,-0.7587460449965538
exp2_np3_rho015_alpha5,3,0.15,5,72,20,0.07638205768113253,0.030293464061896813,0.42105263157894735,0.5789473684210527,0.42105263157894735,71.73684210526316,-0.8590339091703616
exp2_np3_rho015_alpha5,3,0.15,5,78,17,0.10021285321050644,-0.010184909905979644,0.5625,0.5625,0.4375,64.125,-0.9210834012362102
exp2_np3_rho015_alpha5,3,0.15,5,79,16,0.08937347748334552,0.04007116457123683,0.35714285714285715,0.5714285714285714,0.42857142857142855,67.64285714285714,-0.8476385073539353
exp2_np3_rho015_alpha5,3,0.15,5,81,17,0.005019238003056555,-0.06245213532102234,0.7333333333333333,0.6666666666666666,0.3333333333333333,60.733333333333334,-0.921798407245925
exp2_np3_rho015_alpha5,3,0.15,5,83,14,-0.07741486120010117,-0.11403473736553149,0.6666666666666666,0.5,0.5,73.0,0.22911161248800047
exp2_np3_rho015_alpha5,3,0.15,5,82,14,0.012472945189985086,-0.0013320634695288547,0.5454545454545454,0.5454545454545454,0.45454545454545453,70.27272727272727,-0.5077835136354223
exp2_np3_rho015_alpha5,3,0.15,5,86,18,0.023127888527363805,-0.04018129810264881,0.625,0.5,0.5,57.8125,0.1420859015090166
exp2_np3_rho015_alpha5,3,0.15,5,94,17,0.0919247551917137,0.026554884082305996,0.4117647058823529,0.47058823529411764,0.5294117647058824,67.05882352941177,-0.8222267034429727
exp2_np3_rho015_alpha5,3,0.15,5,80,14,-0.005147169731112391,-0.029718938403055617,0.6923076923076923,0.6153846153846154,0.38461538461538464,62.38461538461539,-0.6488489734910262
exp2_np3_rho015_alpha5,3,0.15,5,88,14,0.062292593210225476,-0.021266591849596672,0.5833333333333334,0.4166666666666667,0.5833333333333334,70.08333333333333,-0.8786383075754377
exp2_np3_rho015_alpha5,3,0.15,5,85,14,0.06254220527695369,0.02134239036123242,0.3333333333333333,0.5,0.5,68.66666666666667,-0.8542965503798116
exp2_np3_rho015_alpha5,3,0.15,5,91,22,0.08669284759336246,0.09353715296637333,0.35,0.5,0.5,75.5,-0.7115834439298342
exp2_np3_rho015_alpha5,3,0.15,5,90,15,0.20394907500958676,0.1070166976023712,0.4,0.5333333333333333,0.4666666666666667,61.666666666666664,-0.831103721020912
exp2_np3_rho015_alpha5,3,0.15,5,92,13,0.06657311294723006,-0.0715006069974704,0.5454545454545454,0.45454545454545453,0.5454545454545454,69.18181818181819,-0.8375436574844116
exp2_np3_rho015_alpha5,3,0.15,5,89,18,0.12797778925708117,0.13948700892129207,0.17647058823529413,0.5882352941176471,0.4117647058823529,63.94117647058823,-0.5862044217020866
exp2_np3_rho015_alpha5,3,0.15,5,87,15,0.018947834552874427,-0.0009573516715732922,0.5384615384615384,0.5384615384615384,0.46153846153846156,79.38461538461539,-0.29636504462880364
exp2_np3_rho015_alpha5,3,0.15,5,84,17,-0.018268132765425507,0.014897988280316632,0.4,0.5333333333333333,0.4666666666666667,66.73333333333333,-0.050592615673069594
exp2_np3_rho015_alpha5,3,0.15,5,93,15,0.10182417876851867,0.04430973139161054,0.26666666666666666,0.4,0.6,58.13333333333333,-0.8089904643783797
exp2_np3_rho015_alpha5,3,0.15,5,95,18,0.05419567339271564,-0.014817026546842804,0.5,0.5625,0.4375,68.625,-0.6107170200137351
exp2_np3_rho015_alpha5,3,0.15,5,96,16,0.04074184671303858,0.008149497940660666,0.4,0.5333333333333333,0.4666666666666667,63.0,-0.8362848781232068
exp2_np3_rho015_alpha5,3,0.15,5,97,13,0.02270087515981781,-0.0023703798564351786,0.5454545454545454,0.5454545454545454,0.45454545454545453,62.0,0.16267046844776487
exp2_np3_rho015_alpha5,3,0.15,5,98,17,0.11011585802563234,0.045557704604280325,0.35294117647058826,0.5294117647058824,0.47058823529411764,66.3529411764706,-0.8990746088038953
exp2_np3_rho015_alpha5,3,0.15,5,99,16,0.006931328479354448,-0.00019726870596059598,0.5333333333333333,0.3333333333333333,0.6666666666666666,58.93333333333333,-0.667549408286604
exp2_np3_rho015_alpha5,3,0.15,5,101,13,0.15537285455966776,0.1208462410760549,0.25,0.3333333333333333,0.6666666666666666,65.91666666666667,-0.8834553523797336
exp2_np3_rho015_alpha5,3,0.15,5,102,18,0.08486937762135034,0.092709781447474,0.29411764705882354,0.35294117647058826,0.6470588235294118,61.294117647058826,-0.4492343517179476
exp2_np3_rho015_alpha5,3,0.15,5,103,19,0.04046455793196066,-0.07327465253231669,0.6470588235294118,0.47058823529411764,0.5294117647058824,80.88235294117646,-0.81175366004714
exp2_np3_rho015_alpha5,3,0.15,5,104,11,0.04741448892969943,-0.09398351695038443,0.6666666666666666,0.6666666666666666,0.3333333333333333,70.88888888888889,-0.8086710776301477
exp2_np3_rho015_alpha5,3,0.15,5,107,14,0.04361268745511104,-0.018444407715729305,0.6363636363636364,0.5454545454545454,0.45454545454545453,60.0,
exp2_np3_rho015_alpha5,3,0.15,5,100,10,0.11159967215575542,0.018430625308462734,0.4,0.4,0.6,54.3,-0.8153672393061118
exp2_np3_rho015_alpha5,3,0.15,5,105,18,0.11892163750834991,0.05157044127828314,0.4117647058823529,0.47058823529411764,0.5294117647058824,58.64705882352941,-0.8834835199584333
exp2_np3_rho015_alpha5,3,0.15,5,109,18,0.07261659301855877,0.008720451301781118,0.47058823529411764,0.4117647058823529,0.5882352941176471,57.35294117647059,-0.6832450982854152
exp2_np3_rho015_alpha5,3,0.15,5,106,14,0.028177842667555852,0.07301711410432477,0.3333333333333333,0.5,0.5,57.416666666666664,0.05542463754876563
exp2_np3_rho015_alpha5,3,0.15,5,108,18,0.0901906954018681,0.07430436258995066,0.47058823529411764,0.47058823529411764,0.5294117647058824,58.1764705882353,-0.8552681538606662
exp2_np3_rho015_alpha5,3,0.15,5,110,14,0.08804731973168846,0.11864829633472684,0.23076923076923078,0.6153846153846154,0.38461538461538464,61.53846153846154,-0.6963504942125232
exp2_np3_rho015_alpha5,3,0.15,5,111,12,0.03203322756788527,0.03376322561242473,0.4,0.5,0.5,72.5,-0.5217104476149906
exp2_np3_rho015_alpha5,3,0.15,5,112,20,-0.016412617279015034,-0.06467882364728839,0.6111111111111112,0.3888888888888889,0.6111111111111112,67.5,-0.22210979242182988
exp2_np3_rho015_alpha5,3,0.15,5,114,13,0.04055737117731084,-0.06297571029237625,0.5833333333333334,0.6666666666666666,0.3333333333333333,52.083333333333336,-0.7690126863748342
exp2_np3_rho015_alpha5,3,0.15,5,113,14,0.06507371765552299,-0.07633843801593976,0.6363636363636364,0.6363636363636364,0.36363636363636365,62.18181818181818,-0.898236298814827
exp2_np3_rho015_alpha5,3,0.15,5,116,14,0.09710135221722666,0.06273977218908744,0.38461538461538464,0.38461538461538464,0.6153846153846154,54.76923076923077,-0.45141311024781966
exp2_np3_rho015_alpha5,3,0.15,5,115,12,0.03803472773661683,0.027184468971283238,0.45454545454545453,0.36363636363636365,0.6363636363636364,62.90909090909091,0.8091245905011211
exp2_np3_rho015_alpha5,3,0.15,5,118,19,0.04214499348847528,-0.02214134002297241,0.5625,0.375,0.625,67.75,-0.7435524234051301
exp2_np3_rho015_alpha5,3,0.15,5,117,15,0.07851421851120335,0.054661905723660364,0.42857142857142855,0.42857142857142855,0.5714285714285714,57.214285714285715,-0.6191446259749785
exp2_np3_rho015_alpha5,3,0.15,5,119,10,-0.04349879791571032,-0.07612665900062066,0.625,0.375,0.625,64.125,-0.39598047868740177
exp2_np3_rho015_alpha5,3,0.15,5,120,15,0.04359400946987346,0.04304883361514156,0.5,0.42857142857142855,0.5714285714285714,64.85714285714286,-0.5738816187554805
exp2_np3_rho015_alpha5,3,0.15,5,124,21,0.1353064828065577,0.1252550613487804,0.3684210526315789,0.7368421052631579,0.2631578947368421,74.05263157894737,-0.6667049984176465
exp2_np3_rho015_alpha5,3,0.15,5,122,13,-0.039703499967500396,-0.13774643953590804,0.6363636363636364,0.45454545454545453,0.5454545454545454,61.72727272727273,-0.44110138595913984
exp2_np3_rho015_alpha5,3,0.15,5,123,14,0.09128801924369451,0.06826874811822137,0.3076923076923077,0.46153846153846156,0.5384615384615384,68.46153846153847,-0.7450902250473149
exp2_np3_rho015_alpha5,3,0.15,5,121,17,0.09021735868939218,0.057279844704586136,0.375,0.3125,0.6875,64.25,-0.751835055958592
exp2_np3_rho015_alpha5,3,0.15,5,126,22,0.00626503292829419,0.01413401782382806,0.5,0.45,0.55,63.9,-0.05566762064604527
exp2_np3_rho015_alpha5,3,0.15,5,125,14,-0.03739021165289332,-0.052200123261022746,0.6666666666666666,0.3333333333333333,0.6666666666666666,59.833333333333336,-0.03978400141780684
exp2_np3_rho015_alpha5,3,0.15,5,127,14,0.1811921569555134,0.03118371109434781,0.35714285714285715,0.7142857142857143,0.2857142857142857,63.357142857142854,-0.9555663113686402
exp2_np3_rho015_alpha5,3,0.15,5,128,12,0.0342666500136124,0.026684676056027534,0.4,0.4,0.6,65.0,0.043667287932090654
exp2_np3_rho015_alpha5,3,0.15,5,129,14,0.07113144674443311,-0.015317043304793998,0.6153846153846154,0.46153846153846156,0.5384615384615384,75.38461538461539,-0.841627938399519
exp2_np3_rho015_alpha5,3,0.15,5,131,17,0.0470638132475352,0.03046502371613702,0.4666666666666667,0.6666666666666666,0.3333333333333333,62.46666666666667,-0.8198398786142327
exp2_np3_rho015_alpha5,3,0.15,5,130,16,0.11312460109801076,-0.016624545232415855,0.6153846153846154,0.6153846153846154,0.38461538461538464,61.15384615384615,-0.9397085623527179
exp2_np3_rho015_alpha5,3,0.15,5,132,16,0.06644145388303413,0.04662606531082725,0.375,0.375,0.625,64.375,-0.7668125943721387
exp2_np3_rho015_alpha5,3,0.15,5,133,15,-0.04601136407563285,-0.06682121569538735,0.5833333333333334,0.5,0.5,61.0,
exp2_np3_rho015_alpha5,3,0.15,5,134,15,0.18066292210568863,0.10422139610113579,0.38461538461538464,0.38461538461538464,0.6153846153846154,57.84615384615385,-0.6688974176593832
exp2_np3_rho015_alpha5,3,0.15,5,135,16,0.014697965459035027,-0.08302117927462538,0.5714285714285714,0.5,0.5,68.35714285714286,-0.6035428310236733
exp2_np3_rho015_alpha5,3,0.15,5,136,13,0.0023349952658805765,-0.011851407428717486,0.6363636363636364,0.6363636363636364,0.36363636363636365,64.27272727272727,-0.3047729267147868
exp2_np3_rho015_alpha5,3,0.15,5,139,20,-0.003236209587031475,-0.014226764647464751,0.5,0.3888888888888889,0.6111111111111112,64.61111111111111,-0.6928119980197
exp2_np3_rho015_alpha5,3,0.15,5,140,16,0.0016813619126889406,-0.009493939471930002,0.5,0.5714285714285714,0.42857142857142855,57.07142857142857,-0.4559924974042788
exp2_np3_rho015_alpha5,3,0.15,5,138,16,0.057001653060209864,0.03355405318389826,0.42857142857142855,0.5,0.5,60.07142857142857,-0.8040912631670358
exp2_np3_rho015_alpha5,3,0.15,5,137,16,0.009722479915542617,-0.047104216473247806,0.7142857142857143,0.42857142857142855,0.5714285714285714,63.642857142857146,-0.9271665624521973
exp2_np3_rho015_alpha5,3,0.15,5,141,15,0.14177242560280642,0.03339492726705906,0.4666666666666667,0.3333333333333333,0.6666666666666666,58.46666666666667,-0.8341537125092513
exp2_np3_rho015_alpha5,3,0.15,5,142,18,0.11462095914899717,0.09500533200534989,0.4117647058823529,0.47058823529411764,0.5294117647058824,67.3529411764706,-0.7804844835520468
exp2_np3_rho015_alpha5,3,0.15,5,143,13,0.13628306248288585,-0.04053772479260864,0.5384615384615384,0.38461538461538464,0.6153846153846154,57.30769230769231,-0.9553077245698518
exp2_np3_rho015_alpha5,3,0.15,5,144,11,-0.006584947161164756,-0.017843918525556113,0.5555555555555556,0.6666666666666666,0.3333333333333333,54.22222222222222,0.030561464435997755
exp2_np3_rho015_alpha5,3,0.15,5,145,12,0.013289048823715266,-0.015987904704003686,0.5,0.6,0.4,59.7,-0.4307140349456362
exp2_np3_rho015_alpha5,3,0.15,5,146,18,0.0921496811369728,0.01069735838640673,0.4375,0.4375,0.5625,60.875,-0.936240385485031
exp2_np3_rho015_alpha5,3,0.15,5,148,15,0.04125408797229858,-0.05460039930588767,0.5384615384615384,0.46153846153846156,0.5384615384615384,57.53846153846154,-0.8635716017999521
exp2_np3_rho015_alpha5,3,0.15,5,149,16,-0.0064112183287666925,0.00016827938444041735,0.5,0.42857142857142855,0.5714285714285714,71.07142857142857,0.039472985933175664
exp2_np3_rho015_alpha5,3,0.15,5,150,16,0.037363283866474105,-0.04211182141111669,0.6428571428571429,0.5714285714285714,0.42857142857142855,61.5,-0.7494825147590936
exp2_np3_rho015_alpha5,3,0.15,5,147,13,0.14066407766720782,0.029464965814447908,0.45454545454545453,0.36363636363636365,0.6363636363636364,62.09090909090909,-0.6332696345834445
exp2_np3_rho015_alpha5,3,0.15,5,153,11,0.1082794836433659,0.0032009397602599243,0.5,0.3,0.7,58.2,-0.9309760465092262
exp2_np3_rho015_alpha5,3,0.15,5,151,17,0.12257290135079782,0.1092569066874649,0.4117647058823529,0.29411764705882354,0.7058823529411765,52.705882352941174,-0.6443217609315869
exp2_np3_rho015_alpha5,3,0.15,5,156,13,0.06020700379793816,-0.024743820935642535,0.5833333333333334,0.75,0.25,63.166666666666664,-0.778867499490208
exp2_np3_rho015_alpha5,3,0.15,5,154,16,0.04468123706913107,-0.025957184003436495,0.5333333333333333,0.4666666666666667,0.5333333333333333,64.66666666666667,-0.7837956353978245
exp2_np3_rho015_alpha5,3,0.15,5,152,22,0.037137576963573296,0.0017803156549778265,0.5,0.5,0.5,58.85,-0.6632474028301808
exp2_np3_rho015_alpha5,3,0.15,5,157,9,0.18205369041369568,0.1677093157587093,0.4444444444444444,0.5555555555555556,0.4444444444444444,55.111111111111114,-0.8561352082902267
exp2_np3_rho015_alpha5,3,0.15,5,155,19,0.04037453126719987,0.007394764723555269,0.5,0.5,0.5,61.0,-0.6709525543490092
exp2_np3_rho015_alpha5,3,0.15,5,158,18,0.07216303479333483,-0.0056263806632359525,0.5,0.5555555555555556,0.4444444444444444,58.166666666666664,-0.834187533662115
exp2_np3_rho015_alpha5,3,0.15,5,159,16,0.040711461969432046,0.038457239379996455,0.42857142857142855,0.42857142857142855,0.5714285714285714,72.07142857142857,-0.6047529682891571
exp2_np3_rho015_alpha5,3,0.15,5,160,14,0.09052525657491291,0.09936032898829605,0.3076923076923077,0.6153846153846154,0.38461538461538464,57.76923076923077,-0.648574034922368
exp2_np3_rho015_alpha5,3,0.15,5,161,11,-0.0011150430948251079,-0.08179000471482256,0.6,0.2,0.8,52.9,-0.7571309210196985
exp2_np3_rho015_alpha5,3,0.15,5,162,14,0.10049629949452904,0.03495059338758377,0.46153846153846156,0.6153846153846154,0.38461538461538464,54.69230769230769,-0.9118854840550866
exp2_np3_rho015_alpha5,3,0.15,5,163,13,0.05247292369484676,-0.014669711831280186,0.5,0.4166666666666667,0.5833333333333334,62.0,-0.8915337441795024
exp2_np3_rho015_alpha5,3,0.15,5,165,13,0.08627854449832044,0.04479013237624274,0.25,0.3333333333333333,0.6666666666666666,63.583333333333336,-0.5584171192509074
exp2_np3_rho015_alpha5,3,0.15,5,164,17,-0.04227842135732122,-0.061196552029622264,0.5833333333333334,0.5833333333333334,0.4166666666666667,65.0,
exp2_np3_rho015_alpha5,3,0.15,5,166,10,0.060998763165087344,0.09709391532344913,0.125,0.5,0.5,60.25,-0.15566535653966934
exp2_np3_rho015_alpha5,3,0.15,5,173,15,0.03998266105048257,-0.023490173557783933,0.5384615384615384,0.38461538461538464,0.6153846153846154,65.92307692307692,-0.8259741650863924
exp2_np3_rho015_alpha5,3,0.15,5,170,21,0.04831035432211688,0.03621585214613976,0.4444444444444444,0.5,0.5,66.72222222222223,-0.7550852074419673
exp2_np3_rho015_alpha5,3,0.15,5,172,12,0.04674276356551044,0.02582777566589023,0.36363636363636365,0.5454545454545454,0.45454545454545453,61.09090909090909,-0.6991112110428531
exp2_np3_rho015_alpha5,3,0.15,5,171,16,-0.02559634165505217,-0.03969700064998394,0.7857142857142857,0.5,0.5,69.35714285714286,-0.04561335674236821
exp2_np3_rho015_alpha5,3,0.15,5,168,14,0.041521541740496014,0.03274361134964021,0.4166666666666667,0.5,0.5,65.66666666666667,-0.38038101187011825
exp2_np3_rho015_alpha5,3,0.15,5,169,13,0.11133882218597117,0.020123447372284886,0.3333333333333333,0.4166666666666667,0.5833333333333334,75.83333333333333,-0.8356778637451668
exp2_np3_rho015_alpha5,3,0.15,5,167,16,0.15062943532558418,0.07089602928552363,0.3333333333333333,0.5333333333333333,0.4666666666666667,69.6,-0.7274655191801149
exp2_np3_rho015_alpha5,3,0.15,5,174,11,0.05211593216407255,0.039957790104237834,0.3,0.6,0.4,55.8,-0.7187463594034386
exp2_np3_rho015_alpha5,3,0.15,5,175,13,0.06316421390460181,-0.009103122478997694,0.5,0.3333333333333333,0.6666666666666666,58.75,-0.7940365776818653
exp2_np3_rho015_alpha5,3,0.15,5,176,13,0.10792346831526232,0.025160623001537097,0.36363636363636365,0.45454545454545453,0.5454545454545454,54.72727272727273,-0.6681905918050581
exp2_np3_rho015_alpha5,3,0.15,5,177,18,0.037039543038191625,0.06416467897108458,0.375,0.625,0.375,67.25,-0.7163596443531599
exp2_np3_rho015_alpha5,3,0.15,5,178,9,-0.16602766874476416,-0.13596265431149668,1.0,0.5,0.5,64.0,
exp2_np3_rho015_alpha5,3,0.15,5,179,12,0.06959553136538946,-0.02074854938962023,0.7,0.4,0.6,63.1,-0.9550973900852838
exp2_np3_rho015_alpha5,3,0.15,5,180,13,0.09322500146896694,0.13185726155619726,0.2727272727272727,0.45454545454545453,0.5454545454545454,65.18181818181819,-0.5183486340197793
exp2_np3_rho015_alpha5,3,0.15,5,182,20,0.10135927205535393,0.02416227587079156,0.3333333333333333,0.5555555555555556,0.4444444444444444,66.66666666666667,-0.8835921377323005
exp2_np3_rho015_alpha5,3,0.15,5,181,11,0.1491541703374244,0.06480270165987179,0.3333333333333333,0.4444444444444444,0.5555555555555556,55.0,-0.8845339844753717
exp2_np3_rho015_alpha5,3,0.15,5,183,16,0.05525500739773077,0.07326125893884017,0.35714285714285715,0.42857142857142855,0.5714285714285714,58.642857142857146,-0.7379403089733725
exp2_np3_rho015_alpha5,3,0.15,5,189,15,0.02829238907657009,0.05043110782236848,0.38461538461538464,0.6153846153846154,0.38461538461538464,69.38461538461539,-0.26625869820710185
exp2_np3_rho015_alpha5,3,0.15,5,184,11,-0.02619911635089029,-0.08457616502102461,0.5555555555555556,0.5555555555555556,0.4444444444444444,70.0,0.09876582946252169
exp2_np3_rho015_alpha5,3,0.15,5,187,16,0.07394837095056367,-0.02725089521957802,0.5625,0.375,0.625,60.75,-0.8688209595246681
exp2_np3_rho015_alpha5,3,0.15,5,186,18,0.02340717671246407,0.00940692814213584,0.4,0.4,0.6,72.0,
exp2_np3_rho015_alpha5,3,0.15,5,185,24,0.01928924833446882,0.008576683774085048,0.5,0.45454545454545453,0.5454545454545454,66.9090909090909,-0.37438429204125545
exp2_np3_rho015_alpha5,3,0.15,5,188,13,0.05701693965682245,0.015287446091098111,0.25,0.3333333333333333,0.6666666666666666,59.25,-0.8024262300204056
exp2_np3_rho015_alpha5,3,0.15,5,190,17,0.03495656049073831,-0.022732014262815348,0.6875,0.5,0.5,56.3125,-0.5928524683988218
exp2_np3_rho015_alpha5,3,0.15,5,191,15,0.11510758069354862,0.04465695905249589,0.35714285714285715,0.5714285714285714,0.42857142857142855,62.57142857142857,-0.852809120349169
exp2_np3_rho015_alpha5,3,0.15,5,193,13,0.049219621192997304,0.022076470169415607,0.45454545454545453,0.5454545454545454,0.45454545454545453,61.27272727272727,-0.5503278115364754
exp2_np3_rho015_alpha5,3,0.15,5,197,13,0.1337245183402592,0.007285975259208488,0.5,0.5,0.5,59.75,-0.9402596319947812
exp2_np3_rho015_alpha5,3,0.15,5,199,11,0.04925723431032854,-0.02443424610874656,0.6,0.3,0.7,65.6,-0.8168208467957098
exp2_np3_rho015_alpha5,3,0.15,5,195,13,0.12986866075952974,0.055286172245019305,0.375,0.5,0.5,64.25,-0.9385574782276656
exp2_np3_rho015_alpha5,3,0.15,5,192,18,0.04486482197434305,-0.0056522986062765845,0.5,0.4375,0.5625,59.1875,-0.7377880085050023
exp2_np3_rho015_alpha5,3,0.15,5,194,19,0.13934368054205143,0.04294699693337112,0.2222222222222222,0.5,0.5,62.611111111111114,-0.8513061028321076
exp2_np3_rho015_alpha5,3,0.15,5,196,15,-0.04143321456012968,-0.08152507702753908,0.6153846153846154,0.38461538461538464,0.6153846153846154,65.53846153846153,-0.5313614261694759
exp2_np3_rho015_alpha5,3,0.15,5,198,22,0.09255365184521065,0.1261828700096328,0.3888888888888889,0.3888888888888889,0.6111111111111112,70.88888888888889,-0.6397607668616896
exp2_np9_rho005_alpha10,9,0.05,10,11,10,0.052167405402874054,0.015981330076093148,0.5,0.4,0.6,13.3,0.04619136415508808
exp2_np9_rho005_alpha10,9,0.05,10,0,1,-0.11834778192445405,-0.11834778192445405,1.0,1.0,0.0,10.0,
exp2_np9_rho005_alpha10,9,0.05,10,12,4,-0.03194416635302799,-0.06342720756697506,0.75,0.25,0.75,14.0,0.013899456290164404
exp2_np9_rho005_alpha10,9,0.05,10,2,7,-0.06518053641774456,-0.04847477930550337,0.7142857142857143,0.2857142857142857,0.7142857142857143,16.0,-0.5482492504906035
exp2_np9_rho005_alpha10,9,0.05,10,8,2,-0.026240904883275906,-0.026240904883275906,0.5,0.5,0.5,11.5,
exp2_np9_rho005_alpha10,9,0.05,10,10,5,0.02369830271661897,0.04466791224567679,0.2,0.8,0.2,13.6,0.15458384247360607
exp2_np9_rho005_alpha10,9,0.05,10,14,0,,,,,,,
exp2_np9_rho005_alpha10,9,0.05,10,13,0,,,,,,,
exp2_np9_rho005_alpha10,9,0.05,10,9,0,,,,,,,
exp2_np9_rho005_alpha10,9,0.05,10,3,7,0.0235629681049927,0.011648639547319206,0.2857142857142857,0.2857142857142857,0.7142857142857143,13.714285714285714,-0.633785357317306
exp2_np9_rho005_alpha10,9,0.05,10,15,5,-0.003395913891438518,-0.023022380040614188,0.6,0.4,0.6,16.8,0.20062497922298145
exp2_np9_rho005_alpha10,9,0.05,10,1,0,,,,,,,
exp2_np9_rho005_alpha10,9,0.05,10,4,0,,,,,,,
exp2_np9_rho005_alpha10,9,0.05,10,6,8,0.031241040898616124,0.004476727892223753,0.375,0.25,0.75,18.0,-0.07010766892518193
exp2_np9_rho005_alpha10,9,0.05,10,7,4,0.0636724689128485,0.059583321857294536,0.5,0.75,0.25,11.5,0.9962092913561533
exp2_np9_rho005_alpha10,9,0.05,10,5,16,-0.023840800755100977,-0.0519954200406465,0.5625,0.4375,0.5625,20.4375,0.07200876316633725
exp2_np9_rho005_alpha10,9,0.05,10,22,0,,,,,,,
exp2_np9_rho005_alpha10,9,0.05,10,31,6,-0.039614845358103036,-0.03650435777060279,0.8333333333333334,0.5,0.5,12.0,-0.7204107718795415
exp2_np9_rho005_alpha10,9,0.05,10,18,0,,,,,,,
exp2_np9_rho005_alpha10,9,0.05,10,17,0,,,,,,,
exp2_np9_rho005_alpha10,9,0.05,10,20,4,0.03354637029400043,0.01644030473207092,0.25,0.0,1.0,13.0,0.028060219195339634
exp2_np9_rho005_alpha10,9,0.05,10,21,4,0.004576959841094519,0.010393282570213547,0.25,0.25,0.75,14.0,-0.8048449468814335
exp2_np9_rho005_alpha10,9,0.05,10,24,0,,,,,,,
exp2_np9_rho005_alpha10,9,0.05,10,23,0,,,,,,,
exp2_np9_rho005_alpha10,9,0.05,10,19,7,-0.021128608682840166,-0.029393585578278092,0.8571428571428571,0.2857142857142857,0.7142857142857143,16.0,0.7819917865811862
exp2_np9_rho005_alpha10,9,0.05,10,26,0,,,,,,,
exp2_np9_rho005_alpha10,9,0.05,10,30,0,,,,,,,
exp2_np9_rho005_alpha10,9,0.05,10,29,1,0.09949631225146582,0.09949631225146582,0.0,0.0,1.0,12.0,
exp2_np9_rho005_alpha10,9,0.05,10,28,0,,,,,,,
exp2_np9_rho005_alpha10,9,0.05,10,25,0,,,,,,,
exp2_np9_rho005_alpha10,9,0.05,10,16,2,0.001461194219834816,0.001461194219834816,0.5,0.5,0.5,12.0,
exp2_np9_rho005_alpha10,9,0.05,10,27,4,0.003082876401104606,0.030843757675585337,0.25,0.25,0.75,14.5,0.883200750310869
exp2_np9_rho005_alpha10,9,0.05,10,32,4,-0.07108328229521255,-0.06921378925341104,1.0,0.25,0.75,12.5,0.03629364740644501
exp2_np9_rho005_alpha10,9,0.05,10,33,0,,,,,,,
exp2_np9_rho005_alpha10,9,0.05,10,34,0,,,,,,,
exp2_np9_rho005_alpha10,9,0.05,10,35,1,-0.008119092953615237,-0.008119092953615237,1.0,0.0,1.0,10.0,
exp2_np9_rho005_alpha10,9,0.05,10,38,0,,,,,,,
exp2_np9_rho005_alpha10,9,0.05,10,36,0,,,,,,,
exp2_np9_rho005_alpha10,9,0.05,10,37,0,,,,,,,
exp2_np9_rho005_alpha10,9,0.05,10,39,0,,,,,,,
exp2_np9_rho005_alpha10,9,0.05,10,40,0,,,,,,,
exp2_np9_rho005_alpha10,9,0.05,10,41,0,,,,,,,
exp2_np9_rho005_alpha10,9,0.05,10,42,6,0.03227559771327634,0.009394053147734116,0.5,0.16666666666666666,0.8333333333333334,14.166666666666666,0.09711731154785848
exp2_np9_rho005_alpha10,9,0.05,10,43,0,,,,,,,
exp2_np9_rho005_alpha10,9,0.05,10,44,3,0.06943814087646978,0.08591202175574253,0.3333333333333333,0.0,1.0,16.666666666666668,-0.9205054635306693
exp2_np9_rho005_alpha10,9,0.05,10,45,11,-0.004440525260249053,0.01711249524868741,0.45454545454545453,0.36363636363636365,0.6363636363636364,16.454545454545453,0.013039518762820411
exp2_np9_rho005_alpha10,9,0.05,10,47,0,,,,,,,
exp2_np9_rho005_alpha10,9,0.05,10,46,4,-0.03389047936776457,-0.04036992561364139,0.75,1.0,0.0,18.5,-0.7792396671209435
exp2_np9_rho005_alpha10,9,0.05,10,48,3,0.0430210626343932,0.019855460089798882,0.3333333333333333,0.3333333333333333,0.6666666666666666,15.333333333333334,-0.9472094564300048
exp2_np9_rho005_alpha10,9,0.05,10,50,12,0.030461639149851266,0.02448924891728055,0.5,0.5833333333333334,0.4166666666666667,16.166666666666668,-0.12511172518309435
exp2_np9_rho005_alpha10,9,0.05,10,49,5,0.0992073673325958,0.10288092378929381,0.0,0.6,0.4,10.6,-0.09289020985656014
exp2_np9_rho005_alpha10,9,0.05,10,51,0,,,,,,,
exp2_np9_rho005_alpha10,9,0.05,10,52,0,,,,,,,
exp2_np9_rho005_alpha10,9,0.05,10,53,12,0.009174220803399727,0.015635170232078277,0.4166666666666667,0.3333333333333333,0.6666666666666666,15.916666666666666,-0.3829864127127893
exp2_np9_rho005_alpha10,9,0.05,10,54,0,,,,,,,
exp2_np9_rho005_alpha10,9,0.05,10,55,9,-0.011705793024982746,-0.02366364237189611,0.6666666666666666,0.5555555555555556,0.4444444444444444,19.11111111111111,-0.21754295160799775
exp2_np9_rho005_alpha10,9,0.05,10,56,0,,,,,,,
exp2_np9_rho005_alpha10,9,0.05,10,59,2,-0.027274221014007782,-0.027274221014007782,0.5,1.0,0.0,13.0,
exp2_np9_rho005_alpha10,9,0.05,10,57,0,,,,,,,
exp2_np9_rho005_alpha10,9,0.05,10,58,5,0.003007534862182126,-0.024784443986820115,0.6,0.8,0.2,12.8,-0.5720739532649752
exp2_np9_rho005_alpha10,9,0.05,10,61,8,0.038965763213665405,-0.025561784507234453,0.625,0.5,0.5,17.0,0.02760556555171404
exp2_np9_rho005_alpha10,9,0.05,10,60,0,,,,,,,
exp2_np9_rho005_alpha10,9,0.05,10,63,0,,,,,,,
exp2_np9_rho005_alpha10,9,0.05,10,62,1,0.007432810304095483,0.007432810304095483,0.0,0.0,1.0,11.0,
exp2_np9_rho005_alpha10,9,0.05,10,64,0,,,,,,,
exp2_np9_rho005_alpha10,9,0.05,10,65,4,-0.020569407422959207,-0.03552120011266435,0.5,0.5,0.5,18.75,0.493407714084848
exp2_np9_rho005_alpha10,9,0.05,10,67,0,,,,,,,
exp2_np9_rho005_alpha10,9,0.05,10,70,0,,,,,,,
exp2_np9_rho005_alpha10,9,0.05,10,69,0,,,,,,,
exp2_np9_rho005_alpha10,9,0.05,10,68,1,0.0004934668440519374,0.0004934668440519374,0.0,0.0,1.0,11.0,
exp2_np9_rho005_alpha10,9,0.05,10,66,0,,,,,,,
exp2_np9_rho005_alpha10,9,0.05,10,71,4,0.007312951547958191,-0.0036148150407666613,0.5,0.5,0.5,13.25,-0.23063054855142154
exp2_np9_rho005_alpha10,9,0.05,10,72,0,,,,,,,
exp2_np9_rho005_alpha10,9,0.05,10,73,8,-0.020151640685651895,-0.062187520520434525,0.75,0.625,0.375,17.0,-0.5147431333729386
exp2_np9_rho005_alpha10,9,0.05,10,74,5,0.003342936043390132,0.031556683122039075,0.4,0.8,0.2,20.0,-0.2872758557000212
exp2_np9_rho005_alpha10,9,0.05,10,75,5,0.02142559073451018,-0.015477795840485697,0.6,0.8,0.2,13.0,0.16607767176359614
exp2_np9_rho005_alpha10,9,0.05,10,76,9,0.006962904297835613,0.013836761714248524,0.3333333333333333,0.5555555555555556,0.4444444444444444,19.0,0.5546933465593875
exp2_np9_rho005_alpha10,9,0.05,10,77,3,-0.0807865798126161,-0.0986697361337523,0.6666666666666666,0.6666666666666666,0.3333333333333333,16.0,-0.41330499770301465
exp2_np9_rho005_alpha10,9,0.05,10,78,6,0.021010989000409097,0.013288793759224315,0.3333333333333333,0.8333333333333334,0.16666666666666666,20.5,-0.0013954264245801759
exp2_np9_rho005_alpha10,9,0.05,10,79,2,0.0007137454887806705,0.0007137454887806705,0.5,0.0,1.0,15.0,
exp2_np9_rho005_alpha10,9,0.05,10,80,0,,,,,,,
exp2_np9_rho005_alpha10,9,0.05,10,86,11,-0.006983970539981757,-0.01505022692169522,0.6363636363636364,0.45454545454545453,0.5454545454545454,17.90909090909091,-0.39513657925688495
exp2_np9_rho005_alpha10,9,0.05,10,84,0,,,,,,,
exp2_np9_rho005_alpha10,9,0.05,10,81,0,,,,,,,
exp2_np9_rho005_alpha10,9,0.05,10,82,1,0.05046611088496267,0.05046611088496267,0.0,1.0,0.0,10.0,
exp2_np9_rho005_alpha10,9,0.05,10,83,8,0.009991266146528788,0.020076328284892142,0.25,0.375,0.625,18.625,0.19218855382736416
exp2_np9_rho005_alpha10,9,0.05,10,85,0,,,,,,,
exp2_np9_rho005_alpha10,9,0.05,10,87,0,,,,,,,
exp2_np9_rho005_alpha10,9,0.05,10,88,8,0.053413961167984025,0.06209879453904499,0.375,0.75,0.25,20.875,-0.12324500271672244
exp2_np9_rho005_alpha10,9,0.05,10,89,3,0.02836265835134011,0.011757802397032613,0.3333333333333333,0.6666666666666666,0.3333333333333333,12.666666666666666,-0.9979725943313708
exp2_np9_rho005_alpha10,9,0.05,10,90,2,-0.0803049745986173,-0.0803049745986173,0.5,0.5,0.5,13.5,
exp2_np9_rho005_alpha10,9,0.05,10,93,1,-0.027394197034631418,-0.027394197034631418,1.0,0.0,1.0,23.0,
exp2_np9_rho005_alpha10,9,0.05,10,91,0,,,,,,,
exp2_np9_rho005_alpha10,9,0.05,10,92,11,0.021349500403533964,-0.0033040039639091745,0.5454545454545454,0.5454545454545454,0.45454545454545453,21.818181818181817,0.07315545254346192
exp2_np9_rho005_alpha10,9,0.05,10,94,0,,,,,,,
exp2_np9_rho005_alpha10,9,0.05,10,95,7,-0.04201951490130375,-0.012318636072365052,0.5714285714285714,0.5714285714285714,0.42857142857142855,14.142857142857142,0.43003223896894627
exp2_np9_rho005_alpha10,9,0.05,10,96,1,-0.040329994866005414,-0.040329994866005414,1.0,0.0,1.0,15.0,
exp2_np9_rho005_alpha10,9,0.05,10,97,7,0.003891561266568644,0.023065399425179933,0.42857142857142855,0.42857142857142855,0.5714285714285714,16.571428571428573,0.11718347076199175
exp2_np9_rho005_alpha10,9,0.05,10,98,1,-0.01762037292740981,-0.01762037292740981,1.0,0.0,1.0,13.0,
exp2_np9_rho005_alpha10,9,0.05,10,99,0,,,,,,,
exp2_np9_rho005_alpha10,9,0.05,10,101,1,-0.09633087395723638,-0.09633087395723638,1.0,1.0,0.0,10.0,
exp2_np9_rho005_alpha10,9,0.05,10,100,10,-0.028666209378062923,-0.021726699818399364,0.5,0.5,0.5,19.5,-0.01745974252118753
exp2_np9_rho005_alpha10,9,0.05,10,103,2,-0.008947521961206295,-0.008947521961206295,1.0,0.0,1.0,11.5,
exp2_np9_rho005_alpha10,9,0.05,10,102,0,,,,,,,
exp2_np9_rho005_alpha10,9,0.05,10,104,7,-0.014727950934246614,-0.03820234134644007,0.7142857142857143,0.2857142857142857,0.7142857142857143,16.285714285714285,-0.07293858187891261
exp2_np9_rho005_alpha10,9,0.05,10,105,11,-0.012138961504734702,-0.02300520638232406,0.7272727272727273,0.36363636363636365,0.6363636363636364,26.454545454545453,-0.03746350058711667
exp2_np9_rho005_alpha10,9,0.05,10,106,4,-0.009233909001151508,-0.03588440258047987,0.5,0.25,0.75,18.5,-0.3206414903204483
exp2_np9_rho005_alpha10,9,0.05,10,108,13,0.0015844028815250428,0.01947332484393982,0.46153846153846156,0.46153846153846156,0.5384615384615384,20.46153846153846,-0.016338018922699697
exp2_np9_rho005_alpha10,9,0.05,10,107,0,,,,,,,
exp2_np9_rho005_alpha10,9,0.05,10,110,1,0.04419761707919534,0.04419761707919534,0.0,0.0,1.0,12.0,
exp2_np9_rho005_alpha10,9,0.05,10,109,3,-0.02604356044933631,-0.03609902366159545,0.6666666666666666,0.6666666666666666,0.3333333333333333,11.666666666666666,-0.9255184095652971
exp2_np9_rho005_alpha10,9,0.05,10,111,0,,,,,,,
exp2_np9_rho005_alpha10,9,0.05,10,112,11,0.016741378716731023,0.029960539615879966,0.45454545454545453,0.36363636363636365,0.6363636363636364,18.09090909090909,-0.1666606622642781
exp2_np9_rho005_alpha10,9,0.05,10,113,5,0.006015390795324827,-0.009247668180469404,0.6,0.4,0.6,19.4,-0.7642040202310418
exp2_np9_rho005_alpha10,9,0.05,10,114,2,0.10756947073888856,0.10756947073888856,0.0,1.0,0.0,14.5,
exp2_np9_rho005_alpha10,9,0.05,10,115,0,,,,,,,
exp2_np9_rho005_alpha10,9,0.05,10,116,6,-0.004476994664623775,-0.020170577754301533,0.6666666666666666,0.8333333333333334,0.16666666666666666,17.166666666666668,-0.857619775360036
exp2_np9_rho005_alpha10,9,0.05,10,118,0,,,,,,,
exp2_np9_rho005_alpha10,9,0.05,10,117,9,0.0281074287399155,0.011772816995446966,0.3333333333333333,0.4444444444444444,0.5555555555555556,19.88888888888889,-0.8003405131691157
exp2_np9_rho005_alpha10,9,0.05,10,119,0,,,,,,,
exp2_np9_rho005_alpha10,9,0.05,10,120,1,0.08199654971183623,0.08199654971183623,0.0,1.0,0.0,12.0,
exp2_np9_rho005_alpha10,9,0.05,10,121,18,0.01430195007633481,0.013799556072273678,0.4444444444444444,0.6111111111111112,0.3888888888888889,23.833333333333332,0.36719509269347017
exp2_np9_rho005_alpha10,9,0.05,10,122,10,0.04038523425692562,0.04028907371769863,0.3,0.6,0.4,13.6,0.6579367800651412
exp2_np9_rho005_alpha10,9,0.05,10,123,0,,,,,,,
exp2_np9_rho005_alpha10,9,0.05,10,124,18,0.010235829260393311,0.01985184215764768,0.3333333333333333,0.5555555555555556,0.4444444444444444,22.0,-0.16841828094058658
exp2_np9_rho005_alpha10,9,0.05,10,126,0,,,,,,,
exp2_np9_rho005_alpha10,9,0.05,10,125,4,0.002673502699936714,-0.020441385762854924,0.5,0.25,0.75,16.5,-0.6095657465350718
exp2_np9_rho005_alpha10,9,0.05,10,127,9,0.031905678918504404,0.07837910291267125,0.3333333333333333,0.7777777777777778,0.2222222222222222,26.333333333333332,-0.022740096535061993
exp2_np9_rho005_alpha10,9,0.05,10,128,6,-0.04685202657952322,-0.052075058561653176,0.6666666666666666,0.8333333333333334,0.16666666666666666,16.833333333333332,0.4250596057891923
exp2_np9_rho005_alpha10,9,0.05,10,129,2,-0.02670144191172774,-0.02670144191172774,0.5,0.5,0.5,14.0,
exp2_np9_rho005_alpha10,9,0.05,10,130,5,-0.10478297925248566,-0.11526579181440333,1.0,0.4,0.6,21.6,0.6245381064794607
exp2_np9_rho005_alpha10,9,0.05,10,133,0,,,,,,,
exp2_np9_rho005_alpha10,9,0.05,10,131,0,,,,,,,
exp2_np9_rho005_alpha10,9,0.05,10,132,9,0.01217903226477832,-0.0017094740866978597,0.5555555555555556,0.6666666666666666,0.3333333333333333,17.22222222222222,-0.027830304569885243
exp2_np9_rho005_alpha10,9,0.05,10,135,1,0.01950082223467664,0.01950082223467664,0.0,1.0,0.0,11.0,
exp2_np9_rho005_alpha10,9,0.05,10,134,2,0.11699012045019375,0.11699012045019375,0.0,1.0,0.0,13.5,
exp2_np9_rho005_alpha10,9,0.05,10,136,15,-0.022404257873824503,-0.0339829922068553,0.6,0.3333333333333333,0.6666666666666666,25.8,0.0926284873290203
exp2_np9_rho005_alpha10,9,0.05,10,137,0,,,,,,,
exp2_np9_rho005_alpha10,9,0.05,10,139,1,0.022620422684131114,0.022620422684131114,0.0,0.0,1.0,13.0,
exp2_np9_rho005_alpha10,9,0.05,10,138,11,-0.0031489982397116282,0.02628240800549797,0.36363636363636365,0.45454545454545453,0.5454545454545454,18.181818181818183,-0.5225678895465835
exp2_np9_rho005_alpha10,9,0.05,10,141,3,0.06235981873833888,0.032460119446814595,0.0,0.6666666666666666,0.3333333333333333,13.0,-0.9948022411466438
exp2_np9_rho005_alpha10,9,0.05,10,140,6,-0.010245278857461107,-0.021551318435317768,0.6666666666666666,0.6666666666666666,0.3333333333333333,12.833333333333334,0.601172199520155
exp2_np9_rho005_alpha10,9,0.05,10,142,0,,,,,,,
exp2_np9_rho005_alpha10,9,0.05,10,143,0,,,,,,,
exp2_np9_rho005_alpha10,9,0.05,10,144,1,0.023927067491240628,0.023927067491240628,0.0,1.0,0.0,13.0,
exp2_np9_rho005_alpha10,9,0.05,10,145,4,0.03669951467891819,0.042378377407835455,0.25,0.0,1.0,12.0,
exp2_np9_rho005_alpha10,9,0.05,10,146,2,-0.06091740261799128,-0.06091740261799128,0.5,0.5,0.5,20.5,
exp2_np9_rho005_alpha10,9,0.05,10,147,2,0.0019656208211964454,0.0019656208211964454,0.5,1.0,0.0,13.0,
exp2_np9_rho005_alpha10,9,0.05,10,148,1,0.08193361264897003,0.08193361264897003,0.0,0.0,1.0,12.0,
exp2_np9_rho005_alpha10,9,0.05,10,149,1,-0.018466687459833153,-0.018466687459833153,1.0,1.0,0.0,12.0,
exp2_np9_rho005_alpha10,9,0.05,10,150,7,0.006327095510759178,0.04233268631842524,0.42857142857142855,0.5714285714285714,0.42857142857142855,15.0,-0.2410402636666733
exp2_np9_rho005_alpha10,9,0.05,10,151,7,0.01722622075168775,0.03835835375021457,0.2857142857142857,0.2857142857142857,0.7142857142857143,18.0,-0.4106955104516165
exp2_np9_rho005_alpha10,9,0.05,10,152,4,0.07817247547889239,0.09306327376120427,0.25,0.5,0.5,10.5,-0.902449170408473
exp2_np9_rho005_alpha10,9,0.05,10,153,1,0.1441349804156964,0.1441349804156964,0.0,1.0,0.0,16.0,
exp2_np9_rho005_alpha10,9,0.05,10,154,7,0.06217052092657571,0.08738926271557812,0.2857142857142857,0.2857142857142857,0.7142857142857143,20.142857142857142,-0.2920081948017521
exp2_np9_rho005_alpha10,9,0.05,10,156,2,0.07663889955308711,0.07663889955308711,0.0,1.0,0.0,16.5,
exp2_np9_rho005_alpha10,9,0.05,10,155,11,-0.04113298672679862,-0.06586626805912577,0.7272727272727273,0.18181818181818182,0.8181818181818182,19.181818181818183,0.22973430779119225
exp2_np9_rho005_alpha10,9,0.05,10,157,1,-0.06329403868946049,-0.06329403868946049,1.0,1.0,0.0,12.0,
exp2_np9_rho005_alpha10,9,0.05,10,158,0,,,,,,,
exp2_np9_rho005_alpha10,9,0.05,10,159,0,,,,,,,
exp2_np9_rho005_alpha10,9,0.05,10,160,9,-0.02193976813176097,0.012096722574591823,0.4444444444444444,0.3333333333333333,0.6666666666666666,14.555555555555555,-0.22075776296564062
exp2_np9_rho005_alpha10,9,0.05,10,161,0,,,,,,,
exp2_np9_rho005_alpha10,9,0.05,10,162,4,0.1302175222459847,0.0773074915356613,0.25,0.5,0.5,14.0,-0.7975601980512338
exp2_np9_rho005_alpha10,9,0.05,10,163,1,-0.00025265409073416123,-0.00025265409073416123,1.0,0.0,1.0,10.0,
exp2_np9_rho005_alpha10,9,0.05,10,164,3,-0.02558058059767306,0.022713490361424782,0.3333333333333333,0.6666666666666666,0.3333333333333333,17.0,-0.2111274755827917
exp2_np9_rho005_alpha10,9,0.05,10,165,0,,,,,,,
exp2_np9_rho005_alpha10,9,0.05,10,167,10,0.07345530148100661,0.05289478439850459,0.2,0.5,0.5,14.8,-0.1574420071403818
exp2_np9_rho005_alpha10,9,0.05,10,166,1,-0.11284650163147258,-0.11284650163147258,1.0,0.0,1.0,16.0,
exp2_np9_rho005_alpha10,9,0.05,10,168,0,,,,,,,
exp2_np9_rho005_alpha10,9,0.05,10,169,2,0.05709680777028492,0.05709680777028492,0.0,1.0,0.0,11.5,
exp2_np9_rho005_alpha10,9,0.05,10,171,0,,,,,,,
exp2_np9_rho005_alpha10,9,0.05,10,170,1,-0.10031907243592908,-0.10031907243592908,1.0,0.0,1.0,11.0,
exp2_np9_rho005_alpha10,9,0.05,10,172,0,,,,,,,
exp2_np9_rho005_alpha10,9,0.05,10,173,0,,,,,,,
exp2_np9_rho005_alpha10,9,0.05,10,174,0,,,,,,,
exp2_np9_rho005_alpha10,9,0.05,10,175,5,-0.04539941670059999,-0.0421495276808459,0.6,0.6,0.4,14.8,0.20869647186069343
exp2_np9_rho005_alpha10,9,0.05,10,176,4,0.04642441363130101,-0.04915306280496967,0.75,0.5,0.5,11.0,-0.7444751250070886
exp2_np9_rho005_alpha10,9,0.05,10,177,0,,,,,,,
exp2_np9_rho005_alpha10,9,0.05,10,178,0,,,,,,,
exp2_np9_rho005_alpha10,9,0.05,10,179,0,,,,,,,
exp2_np9_rho005_alpha10,9,0.05,10,180,0,,,,,,,
exp2_np9_rho005_alpha10,9,0.05,10,181,2,-0.059093764397940785,-0.059093764397940785,0.5,1.0,0.0,18.0,
exp2_np9_rho005_alpha10,9,0.05,10,183,0,,,,,,,
exp2_np9_rho005_alpha10,9,0.05,10,182,2,0.017378500487151616,0.017378500487151616,0.0,0.5,0.5,12.0,
exp2_np9_rho005_alpha10,9,0.05,10,184,4,0.02513344049359767,0.059093917301640264,0.25,0.75,0.25,19.0,-0.1417817987197936
exp2_np9_rho005_alpha10,9,0.05,10,185,0,,,,,,,
exp2_np9_rho005_alpha10,9,0.05,10,189,0,,,,,,,
exp2_np9_rho005_alpha10,9,0.05,10,186,1,0.07521608709791217,0.07521608709791217,0.0,1.0,0.0,10.0,
exp2_np9_rho005_alpha10,9,0.05,10,187,2,0.07361468014889239,0.07361468014889239,0.0,1.0,0.0,17.0,
exp2_np9_rho005_alpha10,9,0.05,10,188,3,-0.02253771132571991,0.04109486080399449,0.3333333333333333,0.0,1.0,14.0,-0.6033191734022876
exp2_np9_rho005_alpha10,9,0.05,10,192,17,-0.014874245511518398,-0.03568960104660057,0.7058823529411765,0.4117647058823529,0.5882352941176471,23.11764705882353,-0.22623455794350625
exp2_np9_rho005_alpha10,9,0.05,10,191,0,,,,,,,
exp2_np9_rho005_alpha10,9,0.05,10,190,0,,,,,,,
exp2_np9_rho005_alpha10,9,0.05,10,193,0,,,,,,,
exp2_np9_rho005_alpha10,9,0.05,10,195,10,0.0388845235734677,0.009002847115417545,0.3,0.4,0.6,21.1,-0.23691668800251106
exp2_np9_rho005_alpha10,9,0.05,10,198,2,0.04312165821092284,0.04312165821092284,0.5,0.0,1.0,14.5,
exp2_np9_rho005_alpha10,9,0.05,10,194,0,,,,,,,
exp2_np9_rho005_alpha10,9,0.05,10,196,2,0.05559214575817961,0.05559214575817961,0.5,1.0,0.0,11.0,
exp2_np9_rho005_alpha10,9,0.05,10,197,4,0.03120314353437159,0.08525844607109434,0.25,0.75,0.25,16.5,0.6843588655633606
exp2_np9_rho005_alpha10,9,0.05,10,199,1,-0.06798340087100296,-0.06798340087100296,1.0,1.0,0.0,13.0,
exp2_np9_rho005_alpha2,9,0.05,2,14,50,0.029042676106387565,-0.007449705785487648,0.56,0.5,0.5,18.94,-0.09348003429531775
exp2_np9_rho005_alpha2,9,0.05,2,5,50,-0.0010101728273426858,0.016662275010330685,0.42,0.42,0.58,23.14,0.07332816052934982
exp2_np9_rho005_alpha2,9,0.05,2,1,38,0.0661425238661383,0.04280407480775228,0.3783783783783784,0.40540540540540543,0.5945945945945946,20.18918918918919,-0.4592526002598816
exp2_np9_rho005_alpha2,9,0.05,2,0,31,0.04271275518496454,0.034274968289595975,0.3448275862068966,0.5172413793103449,0.4827586206896552,17.75862068965517,-0.12335898646834534
exp2_np9_rho005_alpha2,9,0.05,2,15,58,0.02951328865902629,0.0005435197559240379,0.5,0.5344827586206896,0.46551724137931033,23.448275862068964,-0.09744838924679441
exp2_np9_rho005_alpha2,9,0.05,2,8,50,0.06165215796575703,0.05576809987112297,0.34,0.36,0.64,20.26,0.08710394677120507
exp2_np9_rho005_alpha2,9,0.05,2,11,50,-0.004976112542175235,-0.004978258894754006,0.5306122448979592,0.4489795918367347,0.5510204081632653,16.918367346938776,-0.08260993902391156
exp2_np9_rho005_alpha2,9,0.05,2,10,42,0.07582937548066998,0.006576094029091539,0.47619047619047616,0.5,0.5,20.952380952380953,-0.6353221014376553
exp2_np9_rho005_alpha2,9,0.05,2,13,43,0.024725494580569368,0.010211407443369236,0.4523809523809524,0.5,0.5,17.071428571428573,0.044751718071500364
exp2_np9_rho005_alpha2,9,0.05,2,7,41,0.01585744898967436,-0.0010515702816622507,0.525,0.45,0.55,19.45,-0.07033890767492418
exp2_np9_rho005_alpha2,9,0.05,2,9,47,0.020131322822196034,-0.0033146567051698383,0.5217391304347826,0.6086956521739131,0.391304347826087,20.956521739130434,0.046796233414111814
exp2_np9_rho005_alpha2,9,0.05,2,4,36,0.016391531675772925,0.009379745658184113,0.4,0.42857142857142855,0.5714285714285714,16.228571428571428,-0.031431511159948564
exp2_np9_rho005_alpha2,9,0.05,2,12,37,0.03867726399504552,0.006231286467816233,0.43243243243243246,0.4594594594594595,0.5405405405405406,17.83783783783784,0.3349780012402148
exp2_np9_rho005_alpha2,9,0.05,2,2,52,0.01410548346230525,0.029511388078386158,0.4230769230769231,0.46153846153846156,0.5384615384615384,21.192307692307693,-0.01699086466056247
exp2_np9_rho005_alpha2,9,0.05,2,6,49,0.02519965249171635,-0.00010441714698394833,0.5,0.4375,0.5625,22.125,-0.022780022964740496
exp2_np9_rho005_alpha2,9,0.05,2,3,47,0.0028020170134074656,0.007251762667350725,0.4782608695652174,0.43478260869565216,0.5652173913043478,21.391304347826086,0.21256914560658013
exp2_np9_rho005_alpha2,9,0.05,2,16,42,0.002584007141868505,-0.004620985650727327,0.575,0.475,0.525,18.95,-0.0798186554387223
exp2_np9_rho005_alpha2,9,0.05,2,17,42,0.00698684623724246,-0.019187954637395865,0.5952380952380952,0.5,0.5,20.38095238095238,-0.31004623637776735
exp2_np9_rho005_alpha2,9,0.05,2,19,46,0.03965491778735655,-0.016145305471288562,0.6136363636363636,0.4772727272727273,0.5227272727272727,21.954545454545453,-0.22220351567854277
exp2_np9_rho005_alpha2,9,0.05,2,18,41,0.030279907079988958,-0.008507309053022993,0.5853658536585366,0.4878048780487805,0.5121951219512195,19.463414634146343,-0.23311927706526403
exp2_np9_rho005_alpha2,9,0.05,2,23,47,-0.0005666083260378994,-0.0184713144250499,0.6739130434782609,0.45652173913043476,0.5434782608695652,22.0,-0.135190372581309
exp2_np9_rho005_alpha2,9,0.05,2,21,40,0.011709148678644619,0.0027296411638833007,0.48717948717948717,0.5641025641025641,0.4358974358974359,16.82051282051282,-0.11930756992835403
exp2_np9_rho005_alpha2,9,0.05,2,24,33,0.03928368769297356,0.006035593425006702,0.3939393939393939,0.48484848484848486,0.5151515151515151,15.878787878787879,0.1420023632715373
exp2_np9_rho005_alpha2,9,0.05,2,20,39,0.008285445409150678,0.005919878784513166,0.4473684210526316,0.5263157894736842,0.47368421052631576,18.842105263157894,0.05235865395008493
exp2_np9_rho005_alpha2,9,0.05,2,22,25,0.006680263289387385,-0.010816992982237927,0.5416666666666666,0.5,0.5,15.458333333333334,0.08281639208591152
exp2_np9_rho005_alpha2,9,0.05,2,26,39,0.04015438543651167,-0.0011145310003035647,0.5128205128205128,0.5128205128205128,0.48717948717948717,22.794871794871796,-0.10800385014425927
exp2_np9_rho005_alpha2,9,0.05,2,27,44,0.005058708187337266,-0.0007507725017088518,0.5581395348837209,0.5581395348837209,0.4418604651162791,20.046511627906977,-0.2425412154746367
exp2_np9_rho005_alpha2,9,0.05,2,25,46,-0.009069537651108257,-0.014456685743798214,0.5869565217391305,0.4782608695652174,0.5217391304347826,19.891304347826086,-0.3800951186845859
exp2_np9_rho005_alpha2,9,0.05,2,28,49,0.023528492721965093,0.017162498137695437,0.3958333333333333,0.5625,0.4375,18.583333333333332,-0.22929500180435253
exp2_np9_rho005_alpha2,9,0.05,2,31,45,0.012307226181217839,0.00470861372682041,0.4888888888888889,0.4666666666666667,0.5333333333333333,28.244444444444444,0.08534061607791392
exp2_np9_rho005_alpha2,9,0.05,2,30,44,0.06413720261344852,0.030970241269865806,0.3181818181818182,0.4318181818181818,0.5681818181818182,17.068181818181817,-0.23299575470085152
exp2_np9_rho005_alpha2,9,0.05,2,29,56,0.030658000112166794,0.03173580706923129,0.35714285714285715,0.625,0.375,22.678571428571427,-0.32628178011179065
exp2_np9_rho005_alpha2,9,0.05,2,32,39,0.04242642877866552,-0.0014053549278933986,0.5,0.6052631578947368,0.39473684210526316,22.026315789473685,-0.6156697950340599
exp2_np9_rho005_alpha2,9,0.05,2,37,47,-0.009829666695613828,-0.004970012827754111,0.5217391304347826,0.4782608695652174,0.5217391304347826,18.934782608695652,0.3410626646971094
exp2_np9_rho005_alpha2,9,0.05,2,33,56,0.02229833476992164,0.0245956556207787,0.41818181818181815,0.4727272727272727,0.5272727272727272,19.527272727272727,0.030302579843991553
exp2_np9_rho005_alpha2,9,0.05,2,34,38,0.01046019545365265,-0.014988847341314226,0.631578947368421,0.5789473684210527,0.42105263157894735,19.894736842105264,0.06900329863990945
exp2_np9_rho005_alpha2,9,0.05,2,36,46,0.0198828677359747,0.011185300800673037,0.43478260869565216,0.5,0.5,20.08695652173913,0.04614049890848415
exp2_np9_rho005_alpha2,9,0.05,2,39,43,0.036363680497116586,-0.005250917310144487,0.5581395348837209,0.46511627906976744,0.5348837209302325,19.441860465116278,-0.47875336617715303
exp2_np9_rho005_alpha2,9,0.05,2,42,37,0.010379755467466797,-0.014433887873700257,0.5833333333333334,0.4722222222222222,0.5277777777777778,18.13888888888889,0.10575048746138406
exp2_np9_rho005_alpha2,9,0.05,2,38,52,-0.0022627065451087647,-0.021925794649190866,0.6730769230769231,0.6346153846153846,0.36538461538461536,21.884615384615383,-0.030577475837712004
exp2_np9_rho005_alpha2,9,0.05,2,41,33,0.02800376440109084,0.012506204790986963,0.4375,0.4375,0.5625,18.1875,-0.08103988768026567
exp2_np9_rho005_alpha2,9,0.05,2,40,43,0.026711267415241952,-0.0018857947650317008,0.5,0.42857142857142855,0.5714285714285714,20.80952380952381,-0.28315589645373435
exp2_np9_rho005_alpha2,9,0.05,2,44,49,0.026770227468965974,0.01475865643133556,0.4166666666666667,0.4375,0.5625,19.895833333333332,-0.14428478947362142
exp2_np9_rho005_alpha2,9,0.05,2,43,44,0.020263048987041093,0.0031704804381105234,0.4883720930232558,0.3953488372093023,0.6046511627906976,23.093023255813954,-0.011477541008246614
exp2_np9_rho005_alpha2,9,0.05,2,45,55,0.04760298974608741,0.005352326341838243,0.45454545454545453,0.5454545454545454,0.45454545454545453,19.945454545454545,0.14885019800359175
exp2_np9_rho005_alpha2,9,0.05,2,35,39,0.043505802554195706,0.014294710425907908,0.38461538461538464,0.46153846153846156,0.5384615384615384,22.46153846153846,-0.27394753414609996
exp2_np9_rho005_alpha2,9,0.05,2,46,46,-0.004008412874551147,-0.012454607785095106,0.5333333333333333,0.4222222222222222,0.5777777777777777,22.2,-0.12022569758004546
exp2_np9_rho005_alpha2,9,0.05,2,47,36,0.0515972603210774,-0.004451134445885518,0.5555555555555556,0.5833333333333334,0.4166666666666667,17.61111111111111,-0.1987291721342009
exp2_np9_rho005_alpha2,9,0.05,2,48,49,0.0028791504710104607,0.015615490379766506,0.46808510638297873,0.40425531914893614,0.5957446808510638,22.914893617021278,-0.1740911405081843
exp2_np9_rho005_alpha2,9,0.05,2,49,44,0.05282195273946607,0.021961012710731698,0.38095238095238093,0.5,0.5,19.047619047619047,-0.2382720223987982
exp2_np9_rho005_alpha2,9,0.05,2,50,45,0.03884936481674333,-0.0018553950777389083,0.5,0.5227272727272727,0.4772727272727273,23.84090909090909,-0.17797879879484774
exp2_np9_rho005_alpha2,9,0.05,2,51,35,0.007668882903591166,-0.014693410555993047,0.5142857142857142,0.5714285714285714,0.42857142857142855,18.257142857142856,-0.14071347842337095
exp2_np9_rho005_alpha2,9,0.05,2,53,41,0.024774240408562354,0.010620647094132796,0.475,0.4,0.6,23.475,0.022078156781703235
exp2_np9_rho005_alpha2,9,0.05,2,54,49,0.012650521206401607,0.01054040688818736,0.4583333333333333,0.5416666666666666,0.4583333333333333,21.6875,-0.24059728442630554
exp2_np9_rho005_alpha2,9,0.05,2,52,37,0.030671726057674754,0.013514956260940458,0.43243243243243246,0.43243243243243246,0.5675675675675675,17.675675675675677,-0.3220932531175235
exp2_np9_rho005_alpha2,9,0.05,2,55,29,0.06414653680176663,0.044736981789530894,0.2413793103448276,0.5862068965517241,0.41379310344827586,21.137931034482758,-0.15408910160390432
exp2_np9_rho005_alpha2,9,0.05,2,56,54,0.0023723536285173564,-0.003312528911115109,0.5094339622641509,0.4716981132075472,0.5283018867924528,21.056603773584907,-0.18299864689878553
exp2_np9_rho005_alpha2,9,0.05,2,57,42,0.05809734677023943,0.01784684317086871,0.43902439024390244,0.5609756097560976,0.43902439024390244,17.317073170731707,0.05952382634348377
exp2_np9_rho005_alpha2,9,0.05,2,58,58,0.03357265684235782,0.012590670352123912,0.39655172413793105,0.43103448275862066,0.5689655172413793,23.017241379310345,0.014960542459391109
exp2_np9_rho005_alpha2,9,0.05,2,59,43,0.023825947225595112,-0.0068723521037545865,0.5348837209302325,0.5348837209302325,0.46511627906976744,18.674418604651162,-0.29139920711000117
exp2_np9_rho005_alpha2,9,0.05,2,61,54,0.06822732546591022,0.02272504527284447,0.42592592592592593,0.4074074074074074,0.5925925925925926,19.444444444444443,-0.11111227810921319
exp2_np9_rho005_alpha2,9,0.05,2,62,35,-0.007888858578819427,0.0032606293058776714,0.4857142857142857,0.5428571428571428,0.45714285714285713,17.02857142857143,-0.14583119037569658
exp2_np9_rho005_alpha2,9,0.05,2,63,40,0.019526096079671377,-0.0114620986249232,0.5128205128205128,0.38461538461538464,0.6153846153846154,23.46153846153846,0.07978283043672121
exp2_np9_rho005_alpha2,9,0.05,2,60,38,0.019030349446579685,0.009368820747893913,0.43243243243243246,0.4864864864864865,0.5135135135135135,18.64864864864865,-0.1416826512510004
exp2_np9_rho005_alpha2,9,0.05,2,64,35,0.0016121734162679198,-0.005864146641353596,0.5294117647058824,0.5294117647058824,0.47058823529411764,17.147058823529413,0.0452082704856584
exp2_np9_rho005_alpha2,9,0.05,2,66,36,0.012085812302415379,0.01382403005952515,0.42857142857142855,0.37142857142857144,0.6285714285714286,16.428571428571427,-0.16458739243681259
exp2_np9_rho005_alpha2,9,0.05,2,67,40,0.009344324315968922,0.017455256993806234,0.425,0.5,0.5,18.9,-0.17956597228749055
exp2_np9_rho005_alpha2,9,0.05,2,65,39,0.041489385909831034,0.0059667103793747955,0.46153846153846156,0.5641025641025641,0.4358974358974359,19.23076923076923,-0.08229964410554606
exp2_np9_rho005_alpha2,9,0.05,2,70,42,0.011774410390372497,0.0016677760282703957,0.4634146341463415,0.43902439024390244,0.5609756097560976,20.5609756097561,0.015750904692558902
exp2_np9_rho005_alpha2,9,0.05,2,68,46,-0.004946246964640781,-0.007568041342253196,0.5555555555555556,0.6,0.4,20.4,-0.04289991781693464
exp2_np9_rho005_alpha2,9,0.05,2,71,57,0.00015344104690884208,0.00417152327035808,0.48214285714285715,0.4642857142857143,0.5357142857142857,23.553571428571427,0.017294536737030925
exp2_np9_rho005_alpha2,9,0.05,2,69,42,0.015490348655255623,0.013817349388815181,0.4878048780487805,0.5609756097560976,0.43902439024390244,20.097560975609756,0.12767463476336813
exp2_np9_rho005_alpha2,9,0.05,2,72,53,0.0034054125187571705,-0.020169614362001376,0.5576923076923077,0.4807692307692308,0.5192307692307693,20.173076923076923,-0.20612137619080384
exp2_np9_rho005_alpha2,9,0.05,2,74,58,0.01585574011663298,-0.005242332462546351,0.5517241379310345,0.5689655172413793,0.43103448275862066,20.448275862068964,0.02969081654711022
exp2_np9_rho005_alpha2,9,0.05,2,73,54,0.011985447541788789,-0.01034391018103653,0.5576923076923077,0.6153846153846154,0.38461538461538464,23.134615384615383,-0.08395075074481023
exp2_np9_rho005_alpha2,9,0.05,2,78,43,0.0337958667703851,0.03520948181374184,0.3333333333333333,0.5714285714285714,0.42857142857142855,20.357142857142858,-0.16001076008306533
exp2_np9_rho005_alpha2,9,0.05,2,77,45,0.0003097215055205401,0.0003889313167073638,0.4888888888888889,0.4444444444444444,0.5555555555555556,20.2,-0.25698944496892956
exp2_np9_rho005_alpha2,9,0.05,2,79,44,0.023614598011028786,0.016552001734914334,0.37209302325581395,0.5813953488372093,0.4186046511627907,19.930232558139537,0.00469349007109404
exp2_np9_rho005_alpha2,9,0.05,2,76,53,0.01278062150757911,0.008295650473892024,0.47058823529411764,0.5098039215686274,0.49019607843137253,26.980392156862745,-0.024776297599903973
exp2_np9_rho005_alpha2,9,0.05,2,75,46,0.027698127268873347,-0.0022820528026556985,0.5111111111111111,0.5111111111111111,0.4888888888888889,16.244444444444444,0.0033579824692909414
exp2_np9_rho005_alpha2,9,0.05,2,80,50,0.02538449179601249,0.020282596960906396,0.4489795918367347,0.4897959183673469,0.5102040816326531,20.122448979591837,0.006273197214157486
exp2_np9_rho005_alpha2,9,0.05,2,82,40,0.018885807805526046,-5.838471561592229e-05,0.5,0.35,0.65,19.225,-0.49320835104135924
exp2_np9_rho005_alpha2,9,0.05,2,81,38,0.011313722856948264,-0.005429671936878933,0.5263157894736842,0.6052631578947368,0.39473684210526316,20.81578947368421,-0.03760778505680801
exp2_np9_rho005_alpha2,9,0.05,2,83,45,0.01746759928803772,0.0074408581177025646,0.4772727272727273,0.45454545454545453,0.5454545454545454,23.295454545454547,-0.12211939718501165
exp2_np9_rho005_alpha2,9,0.05,2,86,48,0.031065396223209158,0.013334579223465592,0.4166666666666667,0.3541666666666667,0.6458333333333334,20.729166666666668,-0.2696209086021698
exp2_np9_rho005_alpha2,9,0.05,2,85,44,0.009028933015300127,-0.0059195818374959686,0.5454545454545454,0.5227272727272727,0.4772727272727273,17.75,-0.15701303970758543
exp2_np9_rho005_alpha2,9,0.05,2,84,47,-0.010351214314782985,-0.009452439504094023,0.5555555555555556,0.37777777777777777,0.6222222222222222,18.08888888888889,0.05189059651377966
exp2_np9_rho005_alpha2,9,0.05,2,87,41,0.019026294637293092,0.012593742268133035,0.4634146341463415,0.5853658536585366,0.4146341463414634,17.634146341463413,-0.20820720255711705
exp2_np9_rho005_alpha2,9,0.05,2,88,54,0.015633347396211045,-0.001525190097400042,0.5094339622641509,0.4716981132075472,0.5283018867924528,24.88679245283019,-0.055041549996519924
exp2_np9_rho005_alpha2,9,0.05,2,89,32,0.014209124833116982,0.01102108170267213,0.4375,0.5,0.5,16.53125,-0.13118398294692207
exp2_np9_rho005_alpha2,9,0.05,2,92,47,0.04381280586463592,-0.0022367160395280195,0.5106382978723404,0.574468085106383,0.425531914893617,23.872340425531913,-0.1599329990737058
exp2_np9_rho005_alpha2,9,0.05,2,95,50,0.0593528958450598,0.012258745385548941,0.44,0.44,0.56,20.98,-0.22072536895458167
exp2_np9_rho005_alpha2,9,0.05,2,90,57,0.015227137631832867,-0.00842342463343737,0.543859649122807,0.5614035087719298,0.43859649122807015,19.36842105263158,0.20439829907062976
exp2_np9_rho005_alpha2,9,0.05,2,91,34,0.01962585248906351,0.006572226818241322,0.46875,0.34375,0.65625,18.59375,0.05055097461736378
exp2_np9_rho005_alpha2,9,0.05,2,94,37,0.0525713146138789,0.015270695901995701,0.4722222222222222,0.3888888888888889,0.6111111111111112,17.88888888888889,0.016829909311645228
exp2_np9_rho005_alpha2,9,0.05,2,93,49,0.030719870086885814,0.006358045679962565,0.5,0.6041666666666666,0.3958333333333333,20.979166666666668,-0.030809192957169024
exp2_np9_rho005_alpha2,9,0.05,2,96,46,0.02519785111411069,-0.0042426536698032535,0.5111111111111111,0.4666666666666667,0.5333333333333333,19.955555555555556,-0.3715334967345212
exp2_np9_rho005_alpha2,9,0.05,2,97,42,0.0006100920434508923,-0.015806149371542233,0.5238095238095238,0.47619047619047616,0.5238095238095238,22.976190476190474,-0.21309472089587017
exp2_np9_rho005_alpha2,9,0.05,2,98,49,-0.005669627701753647,-0.02884705745472882,0.625,0.5833333333333334,0.4166666666666667,19.729166666666668,0.03833478817908373
exp2_np9_rho005_alpha2,9,0.05,2,99,38,0.032323805488154424,0.003361881343363571,0.4864864864864865,0.4864864864864865,0.5135135135135135,19.135135135135137,0.01510944095221427
exp2_np9_rho005_alpha2,9,0.05,2,100,43,0.022739640760675545,0.013103265452496515,0.4523809523809524,0.4523809523809524,0.5476190476190477,23.904761904761905,0.25013558755354504
exp2_np9_rho005_alpha2,9,0.05,2,101,40,-0.005165635791150896,-0.006123818369599299,0.5128205128205128,0.46153846153846156,0.5384615384615384,18.46153846153846,-0.4155424805172489
exp2_np9_rho005_alpha2,9,0.05,2,102,53,0.0033973841494623178,-0.01496431625060346,0.5384615384615384,0.5,0.5,20.634615384615383,0.11924876908663833
exp2_np9_rho005_alpha2,9,0.05,2,103,41,0.012588786201649849,0.007959900548033971,0.45,0.55,0.45,17.225,0.16856700723738893
exp2_np9_rho005_alpha2,9,0.05,2,105,64,0.045899382384023635,0.00040936651592726747,0.49206349206349204,0.4444444444444444,0.5555555555555556,21.873015873015873,-0.043801560434664245
exp2_np9_rho005_alpha2,9,0.05,2,104,40,0.022778013448333276,-0.011294139102874023,0.5526315789473685,0.5526315789473685,0.4473684210526316,17.92105263157895,0.20013267671942495
exp2_np9_rho005_alpha2,9,0.05,2,107,52,0.034733705591646395,0.017288248275516338,0.43137254901960786,0.5882352941176471,0.4117647058823529,19.45098039215686,0.14472334490834315
exp2_np9_rho005_alpha2,9,0.05,2,106,56,0.04695293532905344,-0.0032804957128829138,0.5185185185185185,0.48148148148148145,0.5185185185185185,20.74074074074074,0.21375615925981975
exp2_np9_rho005_alpha2,9,0.05,2,108,47,-0.002917457298330876,-0.004627655473570691,0.5333333333333333,0.4666666666666667,0.5333333333333333,19.42222222222222,0.13730122677365308
exp2_np9_rho005_alpha2,9,0.05,2,109,36,0.0482781013221197,0.06584620458592916,0.3055555555555556,0.5277777777777778,0.4722222222222222,18.97222222222222,-0.2863410718045864
exp2_np9_rho005_alpha2,9,0.05,2,110,47,0.027982889960669936,0.008548604686832384,0.425531914893617,0.44680851063829785,0.5531914893617021,21.70212765957447,0.004734001560049634
exp2_np9_rho005_alpha2,9,0.05,2,111,41,0.027994908576599385,0.013765120286231891,0.4878048780487805,0.4634146341463415,0.5365853658536586,16.26829268292683,-0.07370992005615705
exp2_np9_rho005_alpha2,9,0.05,2,113,55,0.026367431864140495,0.002357119467154334,0.5,0.5555555555555556,0.4444444444444444,22.814814814814813,0.06802110167075111
exp2_np9_rho005_alpha2,9,0.05,2,112,54,0.016375338457010925,0.017972250005215074,0.41509433962264153,0.4528301886792453,0.5471698113207547,23.79245283018868,0.17105644564129757
exp2_np9_rho005_alpha2,9,0.05,2,114,44,0.03946520383834594,0.0019209377435123187,0.4883720930232558,0.3953488372093023,0.6046511627906976,21.6046511627907,0.18086525639047432
exp2_np9_rho005_alpha2,9,0.05,2,115,54,0.04750301174540546,0.021069257915803163,0.37735849056603776,0.5471698113207547,0.4528301886792453,18.867924528301888,0.09731722550602263
exp2_np9_rho005_alpha2,9,0.05,2,116,43,0.019114818643006255,-0.007099703578921535,0.5116279069767442,0.3953488372093023,0.6046511627906976,21.0,0.014233304336575684
exp2_np9_rho005_alpha2,9,0.05,2,117,52,0.012053708437629805,-0.005079250370405575,0.5490196078431373,0.49019607843137253,0.5098039215686274,21.666666666666668,-0.08294510831759302
exp2_np9_rho005_alpha2,9,0.05,2,118,53,0.025318858139093823,-0.002445329774150906,0.5,0.5,0.5,23.73076923076923,-0.09918704971366117
exp2_np9_rho005_alpha2,9,0.05,2,119,41,0.01884076039695375,0.0066711802128534,0.475,0.475,0.525,16.275,0.13503762386899104
exp2_np9_rho005_alpha2,9,0.05,2,120,55,0.0025320184896129977,0.00690160918059135,0.49056603773584906,0.4716981132075472,0.5283018867924528,20.867924528301888,0.17068071074448413
exp2_np9_rho005_alpha2,9,0.05,2,121,71,0.023436533753044938,0.004008702996011415,0.4507042253521127,0.49295774647887325,0.5070422535211268,22.690140845070424,-0.029233710439655183
exp2_np9_rho005_alpha2,9,0.05,2,123,47,0.021222458663341767,0.00872239394087515,0.4222222222222222,0.4444444444444444,0.5555555555555556,18.622222222222224,0.03209378936440592
exp2_np9_rho005_alpha2,9,0.05,2,122,48,0.048781646909812626,-0.00022857768199013861,0.5,0.3541666666666667,0.6458333333333334,20.895833333333332,-0.3229897832058451
exp2_np9_rho005_alpha2,9,0.05,2,124,45,0.05069341237364586,0.007625840921856586,0.4772727272727273,0.6136363636363636,0.38636363636363635,21.772727272727273,-0.2649809093857614
exp2_np9_rho005_alpha2,9,0.05,2,125,66,0.00736722545666942,0.006701596749011607,0.47692307692307695,0.5538461538461539,0.4461538461538462,21.753846153846155,-0.017406494101877664
exp2_np9_rho005_alpha2,9,0.05,2,126,44,0.026854538478534584,-0.005083043899198003,0.5681818181818182,0.5,0.5,21.227272727272727,0.08804392627596055
exp2_np9_rho005_alpha2,9,0.05,2,127,50,0.038716316510534456,-0.007609983764830908,0.5102040816326531,0.42857142857142855,0.5714285714285714,22.387755102040817,0.2644380688726738
exp2_np9_rho005_alpha2,9,0.05,2,128,47,0.011475750429922153,-0.0030289947921327,0.5555555555555556,0.3111111111111111,0.6888888888888889,23.355555555555554,0.21185739118186217
exp2_np9_rho005_alpha2,9,0.05,2,129,42,0.031113949110704347,0.005703605610114071,0.42857142857142855,0.3333333333333333,0.6666666666666666,18.785714285714285,-0.1775822470770697
exp2_np9_rho005_alpha2,9,0.05,2,130,42,0.010010098677696252,0.013154115777349595,0.43902439024390244,0.5853658536585366,0.4146341463414634,22.317073170731707,0.05775294440622535
exp2_np9_rho005_alpha2,9,0.05,2,132,48,0.040881536101127845,0.030730075342677132,0.3404255319148936,0.5319148936170213,0.46808510638297873,18.638297872340427,-0.03959495405791908
exp2_np9_rho005_alpha2,9,0.05,2,133,49,0.03133334764565206,0.001953950738500687,0.46938775510204084,0.40816326530612246,0.5918367346938775,20.346938775510203,0.017873980950703708
exp2_np9_rho005_alpha2,9,0.05,2,131,43,0.015599436002069554,-0.0021419340777875107,0.5121951219512195,0.6341463414634146,0.36585365853658536,21.024390243902438,0.2059030216190079
exp2_np9_rho005_alpha2,9,0.05,2,134,49,0.02557911792255692,0.02083713664809128,0.4375,0.5833333333333334,0.4166666666666667,23.083333333333332,-0.16288800611915827
exp2_np9_rho005_alpha2,9,0.05,2,135,44,0.021018791230956492,-0.0027513504969824965,0.5,0.5454545454545454,0.45454545454545453,19.09090909090909,-0.33800489831241465
exp2_np9_rho005_alpha2,9,0.05,2,136,51,0.043031318830147075,0.008865457109439312,0.47058823529411764,0.5098039215686274,0.49019607843137253,21.705882352941178,-0.04882126275187349
exp2_np9_rho005_alpha2,9,0.05,2,137,37,0.0049482144082253245,0.013318479144507567,0.4722222222222222,0.5555555555555556,0.4444444444444444,20.86111111111111,-0.05661053795152381
exp2_np9_rho005_alpha2,9,0.05,2,138,54,0.011021673087408892,0.004017850722211058,0.4528301886792453,0.5283018867924528,0.4716981132075472,25.49056603773585,0.033855044542158784
exp2_np9_rho005_alpha2,9,0.05,2,139,53,0.028398705731949185,0.001399761765497054,0.4716981132075472,0.4716981132075472,0.5283018867924528,19.20754716981132,0.09680601549419081
exp2_np9_rho005_alpha2,9,0.05,2,140,38,0.05454764139681257,0.0218602840127069,0.32432432432432434,0.5945945945945946,0.40540540540540543,18.135135135135137,-0.07771961705678214
exp2_np9_rho005_alpha2,9,0.05,2,141,36,0.018990532382762826,0.015330977401509571,0.4411764705882353,0.47058823529411764,0.5294117647058824,19.970588235294116,-0.0621557239195233
exp2_np9_rho005_alpha2,9,0.05,2,142,36,0.028287561662323785,-0.0019840787652585234,0.5277777777777778,0.5555555555555556,0.4444444444444444,15.88888888888889,0.6545411234938454
exp2_np9_rho005_alpha2,9,0.05,2,143,39,0.054114758065238196,-0.008516134718250079,0.5128205128205128,0.5128205128205128,0.48717948717948717,15.282051282051283,-0.21163598325108468
exp2_np9_rho005_alpha2,9,0.05,2,144,45,0.027956011719235344,0.015523335238972535,0.4,0.4888888888888889,0.5111111111111111,19.866666666666667,-0.18923342800921408
exp2_np9_rho005_alpha2,9,0.05,2,145,52,0.039825349974171274,0.018393743272874907,0.4117647058823529,0.5098039215686274,0.49019607843137253,21.019607843137255,0.025873938781779418
exp2_np9_rho005_alpha2,9,0.05,2,147,46,0.023926032359689625,0.02702173065332758,0.4222222222222222,0.5777777777777777,0.4222222222222222,20.0,-0.03364486106083828
exp2_np9_rho005_alpha2,9,0.05,2,146,39,0.014339072915425091,-0.0040125906425387825,0.5675675675675675,0.5405405405405406,0.4594594594594595,21.18918918918919,-0.07799862670893012
exp2_np9_rho005_alpha2,9,0.05,2,151,46,0.007016105085622309,-0.002421034596213012,0.5217391304347826,0.5,0.5,22.304347826086957,0.04196378957247262
exp2_np9_rho005_alpha2,9,0.05,2,149,55,0.023760029453112376,0.024957137804832108,0.4339622641509434,0.5283018867924528,0.4716981132075472,21.20754716981132,0.026121540232674396
exp2_np9_rho005_alpha2,9,0.05,2,148,51,0.030437722517925536,-0.0014395969952030185,0.5,0.52,0.48,20.08,0.07255633914686449
exp2_np9_rho005_alpha2,9,0.05,2,150,43,0.035313512793572255,0.018377619856221994,0.40476190476190477,0.5952380952380952,0.40476190476190477,19.88095238095238,-0.12943181596838452
exp2_np9_rho005_alpha2,9,0.05,2,152,44,0.025884848255202646,-0.01702681865361466,0.5581395348837209,0.4418604651162791,0.5581395348837209,22.58139534883721,-0.04909304982215417
exp2_np9_rho005_alpha2,9,0.05,2,153,42,0.010924277955060119,0.0025611316679690077,0.5,0.5238095238095238,0.47619047619047616,21.0,-0.13045925786450954
exp2_np9_rho005_alpha2,9,0.05,2,154,46,0.037708510700828396,-0.006660390771197733,0.5777777777777777,0.6444444444444445,0.35555555555555557,23.711111111111112,0.08934313940886456
exp2_np9_rho005_alpha2,9,0.05,2,157,46,0.05757361119853037,0.03978293531744548,0.4222222222222222,0.6,0.4,22.511111111111113,-0.01590842513485554
exp2_np9_rho005_alpha2,9,0.05,2,155,57,0.030753039126774035,0.0028502059973627425,0.49122807017543857,0.42105263157894735,0.5789473684210527,23.29824561403509,0.11571821306074337
exp2_np9_rho005_alpha2,9,0.05,2,156,43,0.026401202535561222,0.020646416490916586,0.3953488372093023,0.4883720930232558,0.5116279069767442,19.0,-0.06817651347830533
exp2_np9_rho005_alpha2,9,0.05,2,159,34,0.017968562435272506,0.010008973094618234,0.40625,0.59375,0.40625,14.78125,0.14970180229146518
exp2_np9_rho005_alpha2,9,0.05,2,158,35,0.022800597340767226,0.02379773525038109,0.38235294117647056,0.4411764705882353,0.5588235294117647,19.147058823529413,-0.2158744335022165
exp2_np9_rho005_alpha2,9,0.05,2,161,35,0.04470962170627063,0.029879164057717844,0.4411764705882353,0.5,0.5,16.0,0.13184530180998744
exp2_np9_rho005_alpha2,9,0.05,2,160,48,0.03167739975695296,0.009649987279011452,0.3958333333333333,0.6041666666666666,0.3958333333333333,22.729166666666668,0.036655550309941
exp2_np9_rho005_alpha2,9,0.05,2,162,40,0.017171755444411636,0.010051635210384546,0.4358974358974359,0.5897435897435898,0.41025641025641024,18.76923076923077,0.061548214647519355
exp2_np9_rho005_alpha2,9,0.05,2,164,49,0.02332398967847301,-0.006688572980454666,0.5531914893617021,0.5957446808510638,0.40425531914893614,17.340425531914892,0.12772153665445227
exp2_np9_rho005_alpha2,9,0.05,2,163,48,0.008655513777175456,0.0013863539799094937,0.48936170212765956,0.5106382978723404,0.48936170212765956,18.425531914893618,0.21040064262142485
exp2_np9_rho005_alpha2,9,0.05,2,165,44,0.03906936941709186,0.007926883524582706,0.4418604651162791,0.6976744186046512,0.3023255813953488,20.0,-0.15258661258821649
exp2_np9_rho005_alpha2,9,0.05,2,166,53,0.022755497198482005,0.01077099636673795,0.4230769230769231,0.5,0.5,22.23076923076923,-0.1459631108532264
exp2_np9_rho005_alpha2,9,0.05,2,168,31,0.0015943395512736972,-0.014396754857290972,0.5666666666666667,0.5333333333333333,0.4666666666666667,17.966666666666665,-0.041432646027716416
exp2_np9_rho005_alpha2,9,0.05,2,167,49,-0.0036978836735216945,-0.010328431180821163,0.5106382978723404,0.48936170212765956,0.5106382978723404,20.893617021276597,0.024250833525003956
exp2_np9_rho005_alpha2,9,0.05,2,169,40,0.011253225471223916,-0.013136826702845106,0.575,0.425,0.575,21.0,0.07991043165872162
exp2_np9_rho005_alpha2,9,0.05,2,170,47,0.03126488931188578,0.03156589067556048,0.30434782608695654,0.4782608695652174,0.5217391304347826,24.934782608695652,-3.6473675884252186e-05
exp2_np9_rho005_alpha2,9,0.05,2,171,32,0.018141477288789214,0.011948997117966265,0.3225806451612903,0.5483870967741935,0.45161290322580644,18.322580645161292,-0.2717702421828636
exp2_np9_rho005_alpha2,9,0.05,2,172,41,0.011224369809747881,0.005670748635753675,0.475,0.425,0.575,16.275,-0.058310217182146754
exp2_np9_rho005_alpha2,9,0.05,2,173,42,0.00474710174125738,-0.0077967948508184115,0.5714285714285714,0.42857142857142855,0.5714285714285714,19.11904761904762,0.06958910402529662
exp2_np9_rho005_alpha2,9,0.05,2,174,45,0.03344415976778604,0.026637054316461573,0.4,0.4888888888888889,0.5111111111111111,21.644444444444446,-0.11369887244605885
exp2_np9_rho005_alpha2,9,0.05,2,175,50,0.0289640100501579,0.002550861120834913,0.5,0.5625,0.4375,22.916666666666668,0.11810148665548702
exp2_np9_rho005_alpha2,9,0.05,2,177,36,-0.002534967646455296,-0.011034714755678188,0.5555555555555556,0.4444444444444444,0.5555555555555556,18.833333333333332,-0.25191119261343686
exp2_np9_rho005_alpha2,9,0.05,2,176,45,0.05301418423944836,0.006729327301849608,0.4772727272727273,0.5909090909090909,0.4090909090909091,17.613636363636363,-0.3779218845105338
exp2_np9_rho005_alpha2,9,0.05,2,178,34,-0.0012870092045365515,0.0008719316089518259,0.48484848484848486,0.5454545454545454,0.45454545454545453,15.272727272727273,-0.17727818275536217
exp2_np9_rho005_alpha2,9,0.05,2,179,50,0.054309304127545116,0.006779950681114144,0.46,0.5,0.5,20.2,0.17103264052066686
exp2_np9_rho005_alpha2,9,0.05,2,180,36,0.016737714731858564,-0.0015449131177067699,0.5142857142857142,0.5714285714285714,0.42857142857142855,16.514285714285716,-0.2760327343280839
exp2_np9_rho005_alpha2,9,0.05,2,181,42,0.004391000514855076,-0.03910722174409553,0.6341463414634146,0.4634146341463415,0.5365853658536586,18.682926829268293,-0.11193568625756418
exp2_np9_rho005_alpha2,9,0.05,2,184,42,0.007930018035888829,-0.021537829495703598,0.5853658536585366,0.5853658536585366,0.4146341463414634,21.21951219512195,0.08999344451304118
exp2_np9_rho005_alpha2,9,0.05,2,185,39,-0.0016335539857147711,-0.0012422735016341946,0.5,0.4473684210526316,0.5526315789473685,16.36842105263158,0.06990462116505629
exp2_np9_rho005_alpha2,9,0.05,2,183,40,0.01944629111202365,0.0014721272487046022,0.48717948717948717,0.41025641025641024,0.5897435897435898,18.512820512820515,-0.4229377562468894
exp2_np9_rho005_alpha2,9,0.05,2,182,43,0.0467825875614854,0.014329578782346974,0.42857142857142855,0.4523809523809524,0.5476190476190477,19.785714285714285,0.041813093994181254
exp2_np9_rho005_alpha2,9,0.05,2,186,45,0.029228594324031496,-0.007959849272131336,0.5333333333333333,0.4444444444444444,0.5555555555555556,20.244444444444444,-0.05080677730517726
exp2_np9_rho005_alpha2,9,0.05,2,188,40,-0.00047294264527329103,-0.029447539890733232,0.5897435897435898,0.5384615384615384,0.46153846153846156,19.487179487179485,-0.40254033943815287
exp2_np9_rho005_alpha2,9,0.05,2,187,51,0.0016172399600146354,0.0020885541320510015,0.49019607843137253,0.5294117647058824,0.47058823529411764,22.745098039215687,0.17189826768177335
exp2_np9_rho005_alpha2,9,0.05,2,189,43,0.0215021071377353,0.02250531975719916,0.2926829268292683,0.5853658536585366,0.4146341463414634,17.365853658536587,-0.3164945983017773
exp2_np9_rho005_alpha2,9,0.05,2,190,49,0.042678838211531935,0.02595147519347929,0.4166666666666667,0.5625,0.4375,21.0,0.06432948977364329
exp2_np9_rho005_alpha2,9,0.05,2,191,39,0.02503312229683653,0.017086885316989875,0.3684210526315789,0.5526315789473685,0.4473684210526316,17.157894736842106,-0.11515136151645507
exp2_np9_rho005_alpha2,9,0.05,2,192,48,-0.002134598509808475,-0.006114291720847653,0.5319148936170213,0.44680851063829785,0.5531914893617021,25.46808510638298,-0.3589213441917743
exp2_np9_rho005_alpha2,9,0.05,2,195,56,0.01699750919175374,0.008969006606158292,0.48214285714285715,0.48214285714285715,0.5178571428571429,22.732142857142858,0.045059231627998755
exp2_np9_rho005_alpha2,9,0.05,2,198,47,-0.001025154354759334,-0.024418487632171804,0.5555555555555556,0.37777777777777777,0.6222222222222222,21.511111111111113,0.1319065099543529
exp2_np9_rho005_alpha2,9,0.05,2,199,43,0.040777332425296714,0.016429476941661747,0.4186046511627907,0.4418604651162791,0.5581395348837209,18.046511627906977,-0.2171138067031322
exp2_np9_rho005_alpha2,9,0.05,2,197,49,0.034092333599476256,0.00822039977807254,0.46808510638297873,0.6170212765957447,0.3829787234042553,20.872340425531913,0.03303838697076738
exp2_np9_rho005_alpha2,9,0.05,2,196,43,0.024093947662746112,0.0030056139886580624,0.4418604651162791,0.5581395348837209,0.4418604651162791,18.41860465116279,-0.28702121081933657
exp2_np9_rho005_alpha2,9,0.05,2,193,38,0.0316020349853676,0.004242153293340323,0.43243243243243246,0.43243243243243246,0.5675675675675675,18.10810810810811,0.09391865075443377
exp2_np9_rho005_alpha2,9,0.05,2,194,44,0.021798028562376618,-0.03530493054292272,0.5952380952380952,0.5476190476190477,0.4523809523809524,23.857142857142858,0.17252448925818678
exp2_np9_rho005_alpha5,9,0.05,5,15,32,-0.001894202409008977,-0.0120487050552045,0.5625,0.375,0.625,21.5625,-0.25588079978249534
exp2_np9_rho005_alpha5,9,0.05,5,9,16,-0.028822359581070267,-0.028790514282222013,0.6875,0.6875,0.3125,19.125,0.48368397912292016
exp2_np9_rho005_alpha5,9,0.05,5,5,32,0.016135856621217692,0.025350498811984146,0.4375,0.53125,0.46875,21.59375,-0.022618147991610632
exp2_np9_rho005_alpha5,9,0.05,5,11,21,0.04188478999506713,0.0013273231326964563,0.42857142857142855,0.6190476190476191,0.38095238095238093,15.333333333333334,-0.2633841820969898
exp2_np9_rho005_alpha5,9,0.05,5,14,17,-0.03462995325192718,-0.027055247709869334,0.7647058823529411,0.5294117647058824,0.47058823529411764,17.294117647058822,0.019119349370562064
exp2_np9_rho005_alpha5,9,0.05,5,10,22,0.029070416392910345,0.05827524422297392,0.36363636363636365,0.36363636363636365,0.6363636363636364,17.09090909090909,0.5794717784643467
exp2_np9_rho005_alpha5,9,0.05,5,13,17,-0.015820048723206317,-0.03111727114558427,0.6470588235294118,0.6470588235294118,0.35294117647058826,16.705882352941178,0.07166258046789924
exp2_np9_rho005_alpha5,9,0.05,5,2,28,0.0021134393559162834,0.0020368425077306185,0.4642857142857143,0.5357142857142857,0.4642857142857143,19.964285714285715,-0.18023655381716414
exp2_np9_rho005_alpha5,9,0.05,5,6,30,-0.0007450931391378646,-0.012279555177154844,0.5666666666666667,0.5666666666666667,0.43333333333333335,22.933333333333334,-0.07276314284461678
exp2_np9_rho005_alpha5,9,0.05,5,3,22,0.05793563768242576,0.06241246674087497,0.36363636363636365,0.6363636363636364,0.36363636363636365,18.681818181818183,-0.12477444041362673
exp2_np9_rho005_alpha5,9,0.05,5,8,17,0.0030116197526245197,-0.0011144059719940813,0.5294117647058824,0.5882352941176471,0.4117647058823529,17.352941176470587,0.035844930089393164
exp2_np9_rho005_alpha5,9,0.05,5,4,9,-0.00249285564922778,-0.007657793072031183,0.5555555555555556,0.4444444444444444,0.5555555555555556,17.0,
exp2_np9_rho005_alpha5,9,0.05,5,12,13,0.16176431526530727,0.041832275803001195,0.3076923076923077,0.6153846153846154,0.38461538461538464,15.23076923076923,-0.6186737285235465
exp2_np9_rho005_alpha5,9,0.05,5,7,27,0.07032999092028278,0.04064303465843633,0.37037037037037035,0.4444444444444444,0.5555555555555556,17.703703703703702,-0.36653352078794976
exp2_np9_rho005_alpha5,9,0.05,5,0,9,0.022648513062341575,0.00940534095511758,0.3333333333333333,0.4444444444444444,0.5555555555555556,13.666666666666666,0.10681687161237956
exp2_np9_rho005_alpha5,9,0.05,5,1,15,-0.010068708897700654,-0.03456709578286432,0.6,0.5333333333333333,0.4666666666666667,18.6,0.25280469444749326
exp2_np9_rho005_alpha5,9,0.05,5,17,14,0.010708856246443688,0.02219910937667935,0.42857142857142855,0.5714285714285714,0.42857142857142855,20.714285714285715,0.1636759088751159
exp2_np9_rho005_alpha5,9,0.05,5,16,22,-0.010451002891107604,-0.006735427132472882,0.5454545454545454,0.45454545454545453,0.5454545454545454,16.454545454545453,-0.17615037625960087
exp2_np9_rho005_alpha5,9,0.05,5,18,19,-0.001551172637886663,-0.05412890241395818,0.631578947368421,0.47368421052631576,0.5263157894736842,16.57894736842105,-0.16698162447043582
exp2_np9_rho005_alpha5,9,0.05,5,24,5,0.02252664474120607,0.030215050141386257,0.2,0.6,0.4,13.6,-0.5033014443806645
exp2_np9_rho005_alpha5,9,0.05,5,26,20,-0.03014937922074421,-0.016581175254946068,0.65,0.3,0.7,23.5,0.09091475233847521
exp2_np9_rho005_alpha5,9,0.05,5,25,21,0.00278350846723435,0.028018385147118963,0.42857142857142855,0.5238095238095238,0.47619047619047616,20.285714285714285,0.12428458615824996
exp2_np9_rho005_alpha5,9,0.05,5,21,18,-0.028128783377050787,-0.0032338501809419107,0.5,0.6111111111111112,0.3888888888888889,17.22222222222222,0.18277046203586866
exp2_np9_rho005_alpha5,9,0.05,5,20,15,0.0318589194088655,0.00421717957414014,0.4666666666666667,0.3333333333333333,0.6666666666666666,16.733333333333334,-0.26471911420299993
exp2_np9_rho005_alpha5,9,0.05,5,19,36,0.010906360679364284,-0.026379428969937724,0.5833333333333334,0.4722222222222222,0.5277777777777778,18.77777777777778,-0.18446388441025904
exp2_np9_rho005_alpha5,9,0.05,5,22,3,4.303090503092003e-05,-0.021586717781590714,0.6666666666666666,0.6666666666666666,0.3333333333333333,14.0,-0.6800172117382218
exp2_np9_rho005_alpha5,9,0.05,5,23,20,0.02612019625746078,-0.02195717031901756,0.6,0.55,0.45,22.65,-0.6586086272814932
exp2_np9_rho005_alpha5,9,0.05,5,28,15,0.051128830027622856,0.010811972468059317,0.3333333333333333,0.5333333333333333,0.4666666666666667,15.466666666666667,-0.09829210544521419
exp2_np9_rho005_alpha5,9,0.05,5,27,28,0.05310561417400085,0.013566346095289283,0.42857142857142855,0.5714285714285714,0.42857142857142855,17.392857142857142,-0.42010311259437183
exp2_np9_rho005_alpha5,9,0.05,5,30,9,0.011435712580748417,0.02345651616632871,0.3333333333333333,0.3333333333333333,0.6666666666666666,13.666666666666666,0.7661413954738081
exp2_np9_rho005_alpha5,9,0.05,5,31,31,-0.007000859097883544,-0.019747547565713397,0.6451612903225806,0.3870967741935484,0.6129032258064516,21.93548387096774,-0.12158249307689252
exp2_np9_rho005_alpha5,9,0.05,5,29,29,0.05176359213576933,0.019054305326036136,0.3793103448275862,0.6896551724137931,0.3103448275862069,20.344827586206897,0.08945416134660232
exp2_np9_rho005_alpha5,9,0.05,5,32,21,0.03400711490408699,0.004763356975070465,0.42857142857142855,0.5714285714285714,0.42857142857142855,17.19047619047619,-0.23082487155277773
exp2_np9_rho005_alpha5,9,0.05,5,33,27,0.03292666908549883,0.02514247054893115,0.37037037037037035,0.5925925925925926,0.4074074074074074,16.62962962962963,0.2230050035989568
exp2_np9_rho005_alpha5,9,0.05,5,35,28,0.02340179646588839,0.020035185380167242,0.39285714285714285,0.4642857142857143,0.5357142857142857,18.142857142857142,-0.31046217170620244
exp2_np9_rho005_alpha5,9,0.05,5,34,18,-0.013165059923673846,-0.0028270913712895585,0.5555555555555556,0.4444444444444444,0.5555555555555556,17.166666666666668,-0.4030862921970411
exp2_np9_rho005_alpha5,9,0.05,5,36,19,-0.009645243966696105,-0.014513871186719207,0.5263157894736842,0.47368421052631576,0.5263157894736842,17.842105263157894,0.2704280067399131
exp2_np9_rho005_alpha5,9,0.05,5,37,26,0.029223349315124346,0.008021994453701886,0.38461538461538464,0.5769230769230769,0.4230769230769231,19.115384615384617,0.22423751031819855
exp2_np9_rho005_alpha5,9,0.05,5,38,29,-0.0032367745015188204,-0.00978423536321138,0.5862068965517241,0.5862068965517241,0.41379310344827586,21.03448275862069,-0.0018704699512145603
exp2_np9_rho005_alpha5,9,0.05,5,39,20,-0.0011580842791132806,0.012732656333287906,0.45,0.5,0.5,19.7,-0.2654379097834114
exp2_np9_rho005_alpha5,9,0.05,5,41,22,0.023015142220867816,-0.030933733159907106,0.5454545454545454,0.6363636363636364,0.36363636363636365,16.136363636363637,0.3307890295142012
exp2_np9_rho005_alpha5,9,0.05,5,42,20,0.020449640145427005,0.0006798744121248035,0.45,0.4,0.6,20.1,-0.6665525848509574
exp2_np9_rho005_alpha5,9,0.05,5,40,19,-0.007241073018707742,-0.02093789856836814,0.6842105263157895,0.3157894736842105,0.6842105263157895,18.105263157894736,0.08531640164787424
exp2_np9_rho005_alpha5,9,0.05,5,43,30,0.028615397345674774,0.03590085953352906,0.3,0.3,0.7,19.833333333333332,-0.11137295425597993
exp2_np9_rho005_alpha5,9,0.05,5,44,7,0.009712436755148879,0.0023345191724981618,0.5,0.3333333333333333,0.6666666666666666,16.5,-0.36168585210701837
exp2_np9_rho005_alpha5,9,0.05,5,46,30,0.01435703342553527,0.004954379718582036,0.4,0.5666666666666667,0.43333333333333335,16.866666666666667,-0.4189704433995892
exp2_np9_rho005_alpha5,9,0.05,5,45,17,-0.0077982938788900965,0.014208786360525139,0.35294117647058826,0.5882352941176471,0.4117647058823529,17.529411764705884,0.3043761290977771
exp2_np9_rho005_alpha5,9,0.05,5,47,16,0.009051335618093148,-0.026258754608978307,0.5333333333333333,0.3333333333333333,0.6666666666666666,16.0,-0.6724328665830991
exp2_np9_rho005_alpha5,9,0.05,5,48,27,0.007314551924334064,0.002418474742029275,0.48148148148148145,0.4074074074074074,0.5925925925925926,22.555555555555557,0.34064260640538874
exp2_np9_rho005_alpha5,9,0.05,5,49,17,0.04829147389972633,0.028987599346874227,0.29411764705882354,0.47058823529411764,0.5294117647058824,17.764705882352942,-0.15010774854746575
exp2_np9_rho005_alpha5,9,0.05,5,50,35,0.035793799493594874,-0.0034796722866614616,0.5142857142857142,0.5714285714285714,0.42857142857142855,21.62857142857143,-0.14520696014281942
exp2_np9_rho005_alpha5,9,0.05,5,52,11,0.029639779196223758,0.012032861880021173,0.45454545454545453,0.6363636363636364,0.36363636363636365,14.818181818181818,-0.13416671492764712
exp2_np9_rho005_alpha5,9,0.05,5,53,39,0.031055089232128606,0.017993351583572625,0.41025641025641024,0.5897435897435898,0.41025641025641024,19.205128205128204,-0.06676760921072397
exp2_np9_rho005_alpha5,9,0.05,5,51,17,0.03896291346138317,0.049674189801986124,0.29411764705882354,0.5882352941176471,0.4117647058823529,16.352941176470587,0.05786488105258224
exp2_np9_rho005_alpha5,9,0.05,5,55,23,0.013941626529306948,-0.0012103552060995781,0.5217391304347826,0.4782608695652174,0.5217391304347826,20.304347826086957,-0.1425324921958736
exp2_np9_rho005_alpha5,9,0.05,5,57,10,0.017322945279174905,0.025692574335560714,0.4,0.7,0.3,15.5,-0.09789922917749345
exp2_np9_rho005_alpha5,9,0.05,5,56,30,0.0028006232551744206,-0.0033681334899511306,0.5,0.36666666666666664,0.6333333333333333,20.4,-0.017704399538259096
exp2_np9_rho005_alpha5,9,0.05,5,54,13,0.00201620592300347,-0.0036232830416009776,0.5384615384615384,0.38461538461538464,0.6153846153846154,16.923076923076923,-0.27566493692606514
exp2_np9_rho005_alpha5,9,0.05,5,58,33,-0.021120083744818077,-0.019996438789413595,0.5454545454545454,0.42424242424242425,0.5757575757575758,21.21212121212121,-0.014367362130276172
exp2_np9_rho005_alpha5,9,0.05,5,60,11,0.00929418271042773,0.038527168508569964,0.2727272727272727,0.5454545454545454,0.45454545454545453,15.454545454545455,-0.17050743749568784
exp2_np9_rho005_alpha5,9,0.05,5,59,20,0.0007787537342548667,-0.0015227477120798305,0.5,0.65,0.35,16.5,-0.22836851260911242
exp2_np9_rho005_alpha5,9,0.05,5,61,18,-0.008070271206390946,-0.03800165276327805,0.6111111111111112,0.5555555555555556,0.4444444444444444,21.444444444444443,-0.15929773449015452
exp2_np9_rho005_alpha5,9,0.05,5,62,16,0.007544740029341357,0.004125068797196985,0.4375,0.5625,0.4375,15.875,0.44196294728017926
exp2_np9_rho005_alpha5,9,0.05,5,63,28,0.01561906853795111,0.004068760805117755,0.5,0.42857142857142855,0.5714285714285714,21.464285714285715,-0.3429723227760908
exp2_np9_rho005_alpha5,9,0.05,5,64,12,0.05672200647344017,0.1009583187967733,0.25,0.4166666666666667,0.5833333333333334,16.166666666666668,0.2894734423382914
exp2_np9_rho005_alpha5,9,0.05,5,65,27,-0.00031196693914664413,-0.012410802097865492,0.5555555555555556,0.3333333333333333,0.6666666666666666,18.48148148148148,-0.23677441875893648
exp2_np9_rho005_alpha5,9,0.05,5,66,10,0.01425282633850129,0.02382342461080622,0.4,0.4,0.6,15.9,-0.6737747650977955
exp2_np9_rho005_alpha5,9,0.05,5,67,16,0.004667171428696881,0.00035258400407967017,0.5,0.6875,0.3125,17.4375,-0.6413680074716299
exp2_np9_rho005_alpha5,9,0.05,5,68,25,0.004239546130133147,0.00417836272842953,0.5,0.5416666666666666,0.4583333333333333,19.958333333333332,-0.03482425822897133
exp2_np9_rho005_alpha5,9,0.05,5,69,30,-0.00025654212380657644,0.0040058668485221105,0.4666666666666667,0.4666666666666667,0.5333333333333333,18.166666666666668,0.09568022507774375
exp2_np9_rho005_alpha5,9,0.05,5,70,14,-0.042204757588750245,-0.03629801954681655,0.7857142857142857,0.6428571428571429,0.35714285714285715,17.5,0.05063474374975637
exp2_np9_rho005_alpha5,9,0.05,5,72,23,0.0067949522777658936,0.0038188210967478042,0.43478260869565216,0.5652173913043478,0.43478260869565216,18.73913043478261,-0.25971605395145836
exp2_np9_rho005_alpha5,9,0.05,5,71,22,-0.005679737487281556,0.008358926985981618,0.5,0.45454545454545453,0.5454545454545454,17.136363636363637,0.22127501463479904
exp2_np9_rho005_alpha5,9,0.05,5,74,25,0.016218786051897104,0.0021814646016542483,0.48,0.64,0.36,22.52,-0.2972925229485498
exp2_np9_rho005_alpha5,9,0.05,5,73,26,0.029388285180650654,0.01893533670145775,0.38461538461538464,0.6153846153846154,0.38461538461538464,22.192307692307693,-0.19683746023732182
exp2_np9_rho005_alpha5,9,0.05,5,76,24,0.012582435250995746,0.02428500123228572,0.4166666666666667,0.5,0.5,22.666666666666668,0.3192156011528122
exp2_np9_rho005_alpha5,9,0.05,5,75,17,0.005883333282947506,0.02949998788236563,0.29411764705882354,0.47058823529411764,0.5294117647058824,16.705882352941178,-0.2277380512603011
exp2_np9_rho005_alpha5,9,0.05,5,77,31,0.0008340926981039828,-0.012612410691723142,0.5483870967741935,0.5161290322580645,0.4838709677419355,19.70967741935484,-0.24705878923192043
exp2_np9_rho005_alpha5,9,0.05,5,78,25,-0.00695465676108288,0.0006064618004772981,0.48,0.36,0.64,19.68,-0.13809960589465134
exp2_np9_rho005_alpha5,9,0.05,5,79,18,0.005149600267500986,-0.008947358339746359,0.5555555555555556,0.5555555555555556,0.4444444444444444,19.444444444444443,-0.5024174051951572
exp2_np9_rho005_alpha5,9,0.05,5,80,20,0.004849419139024658,-0.004601167613019985,0.5,0.5,0.5,18.15,-0.09459066817776363
exp2_np9_rho005_alpha5,9,0.05,5,81,17,0.05465119569937074,0.028302453590878685,0.35294117647058826,0.47058823529411764,0.5294117647058824,19.470588235294116,-0.38033927979697885
exp2_np9_rho005_alpha5,9,0.05,5,82,21,-5.308065258789542e-05,-0.00110301996375739,0.5238095238095238,0.38095238095238093,0.6190476190476191,16.476190476190474,-0.10649567344180517
exp2_np9_rho005_alpha5,9,0.05,5,83,25,-0.011929176316893084,-0.028073703931985605,0.64,0.52,0.48,19.64,0.22469764495431854
exp2_np9_rho005_alpha5,9,0.05,5,85,22,0.0044607173440355955,-0.007669194202739593,0.5454545454545454,0.5,0.5,15.863636363636363,-0.20261349955008945
exp2_np9_rho005_alpha5,9,0.05,5,84,20,0.00716496108607334,0.006027471364878245,0.45,0.45,0.55,18.45,-0.03287127469411425
exp2_np9_rho005_alpha5,9,0.05,5,88,27,-0.004032809586360209,-0.0028321351607107914,0.5185185185185185,0.48148148148148145,0.5185185185185185,24.11111111111111,-0.20507422901458391
exp2_np9_rho005_alpha5,9,0.05,5,86,17,0.05533597893851921,0.05361679003158404,0.23529411764705882,0.4117647058823529,0.5882352941176471,18.529411764705884,-0.10615855328618483
exp2_np9_rho005_alpha5,9,0.05,5,87,15,0.034272485319614236,0.055641594432762176,0.3333333333333333,0.5333333333333333,0.4666666666666667,17.933333333333334,0.1841273048190224
exp2_np9_rho005_alpha5,9,0.05,5,89,17,0.017480282918729117,-0.006924907055100071,0.5294117647058824,0.5294117647058824,0.47058823529411764,16.823529411764707,0.24463495163187812
exp2_np9_rho005_alpha5,9,0.05,5,90,16,0.0022320131845924296,0.018737451447834896,0.4375,0.5,0.5,17.6875,0.3469227515433428
exp2_np9_rho005_alpha5,9,0.05,5,91,23,-0.007527943160550629,0.01744477913484399,0.4782608695652174,0.43478260869565216,0.5652173913043478,15.130434782608695,0.015251551896530659
exp2_np9_rho005_alpha5,9,0.05,5,92,28,0.021234170328559676,0.014205328412090878,0.42857142857142855,0.42857142857142855,0.5714285714285714,24.428571428571427,-0.27980503696309833
exp2_np9_rho005_alpha5,9,0.05,5,93,33,-0.013351224475193805,-0.018256990115521177,0.5454545454545454,0.45454545454545453,0.5454545454545454,19.393939393939394,-0.37332568019229423
exp2_np9_rho005_alpha5,9,0.05,5,94,16,-0.01224859929042943,-0.011215002946649566,0.5625,0.5,0.5,15.1875,-0.06932845584859414
exp2_np9_rho005_alpha5,9,0.05,5,95,24,-0.004336546349504126,0.009912971417493033,0.4166666666666667,0.3333333333333333,0.6666666666666666,19.875,0.10530311899356688
exp2_np9_rho005_alpha5,9,0.05,5,96,16,0.021153915378820387,0.025398049414471213,0.3125,0.6875,0.3125,15.625,0.6207761198772451
exp2_np9_rho005_alpha5,9,0.05,5,97,27,0.025276920656167882,0.012649771593459924,0.4444444444444444,0.5555555555555556,0.4444444444444444,23.0,-0.4116926998756977
exp2_np9_rho005_alpha5,9,0.05,5,98,25,0.04130237816765181,0.045651750845631334,0.28,0.44,0.56,17.92,-0.11382428651691212
exp2_np9_rho005_alpha5,9,0.05,5,99,14,-0.002967841317667538,0.0034857525946754286,0.5,0.6428571428571429,0.35714285714285715,16.285714285714285,-0.04676303172011398
exp2_np9_rho005_alpha5,9,0.05,5,100,22,0.0051864778926847925,0.0019139929081748441,0.5,0.4090909090909091,0.5909090909090909,20.181818181818183,0.2944066330756741
exp2_np9_rho005_alpha5,9,0.05,5,102,21,0.0030552860597140943,-0.007677223070810868,0.5238095238095238,0.5238095238095238,0.47619047619047616,18.333333333333332,0.13601217055584583
exp2_np9_rho005_alpha5,9,0.05,5,101,23,0.010787002550265976,-0.005670452284369354,0.5217391304347826,0.6521739130434783,0.34782608695652173,17.08695652173913,-0.028827975046050672
exp2_np9_rho005_alpha5,9,0.05,5,103,26,-0.02313001670375434,-0.025146422984862582,0.5769230769230769,0.46153846153846156,0.5384615384615384,16.692307692307693,0.2448067821200802
exp2_np9_rho005_alpha5,9,0.05,5,104,25,0.052645068289899156,0.005171415221885134,0.44,0.56,0.44,16.96,-0.24284871803929536
exp2_np9_rho005_alpha5,9,0.05,5,105,33,0.02760952031490262,0.0169072319956296,0.45454545454545453,0.42424242424242425,0.5757575757575758,23.21212121212121,-0.12326183289075174
exp2_np9_rho005_alpha5,9,0.05,5,106,29,-0.016007590438514584,-0.025161480791547675,0.5862068965517241,0.5862068965517241,0.41379310344827586,18.344827586206897,-0.235474917208619
exp2_np9_rho005_alpha5,9,0.05,5,107,20,0.0016074447812588044,0.009067487373014327,0.45,0.35,0.65,22.3,0.29499797786584714
exp2_np9_rho005_alpha5,9,0.05,5,109,15,-0.014053670795088043,0.0039138517337429235,0.4666666666666667,0.3333333333333333,0.6666666666666666,19.2,-0.05040236448545801
exp2_np9_rho005_alpha5,9,0.05,5,108,21,0.05781067059314558,0.0029723665227221474,0.47619047619047616,0.38095238095238093,0.6190476190476191,17.904761904761905,0.07023022690486345
exp2_np9_rho005_alpha5,9,0.05,5,110,14,0.11328815697693059,0.035645658041122186,0.2857142857142857,0.6428571428571429,0.35714285714285715,17.928571428571427,-0.2855820828959484
exp2_np9_rho005_alpha5,9,0.05,5,111,16,0.02229575244272619,0.0390077519428087,0.3125,0.3125,0.6875,17.5,0.1754735523417252
exp2_np9_rho005_alpha5,9,0.05,5,113,14,0.0019362358919210137,0.007341705446634705,0.5,0.35714285714285715,0.6428571428571429,24.357142857142858,-0.4567799378743717
exp2_np9_rho005_alpha5,9,0.05,5,112,27,-0.022217786252243868,-0.022538212890099274,0.6296296296296297,0.5925925925925926,0.4074074074074074,21.814814814814813,0.2021440525721281
exp2_np9_rho005_alpha5,9,0.05,5,115,18,-0.004415230436855754,0.008392805426919114,0.4444444444444444,0.6666666666666666,0.3333333333333333,19.555555555555557,-0.24726938493876743
exp2_np9_rho005_alpha5,9,0.05,5,114,31,-0.00665453150742212,-0.014546830634591501,0.5806451612903226,0.5161290322580645,0.4838709677419355,22.838709677419356,-0.07773152370097564
exp2_np9_rho005_alpha5,9,0.05,5,116,20,-0.0074637697837009135,-0.01279160867207807,0.55,0.4,0.6,19.95,-0.2424819967022951
exp2_np9_rho005_alpha5,9,0.05,5,117,21,0.030159755715666144,0.02003993462077691,0.3333333333333333,0.5714285714285714,0.42857142857142855,17.38095238095238,-0.332836486274638
exp2_np9_rho005_alpha5,9,0.05,5,118,23,-0.0001439369927460632,0.007220795733084984,0.43478260869565216,0.391304347826087,0.6086956521739131,19.695652173913043,-0.05211863120218375
exp2_np9_rho005_alpha5,9,0.05,5,119,16,-0.004042471164268202,-0.008246093070476856,0.625,0.5625,0.4375,16.0,-0.21815739439042492
exp2_np9_rho005_alpha5,9,0.05,5,120,19,-0.01948971097441071,-0.02920232185132754,0.5789473684210527,0.47368421052631576,0.5263157894736842,18.263157894736842,0.15327978745723572
exp2_np9_rho005_alpha5,9,0.05,5,121,32,0.008202806774828597,0.01563666288658716,0.4375,0.5,0.5,23.0,-0.051467606061403576
exp2_np9_rho005_alpha5,9,0.05,5,123,17,0.008943367570028168,0.021242513729858636,0.47058823529411764,0.35294117647058826,0.6470588235294118,19.352941176470587,-0.31242502208960415
exp2_np9_rho005_alpha5,9,0.05,5,122,29,0.03250359318269587,0.01763282513082398,0.3448275862068966,0.4482758620689655,0.5517241379310345,20.862068965517242,-0.4722075664786406
exp2_np9_rho005_alpha5,9,0.05,5,124,24,0.041987156645450274,0.0033676058732696745,0.4583333333333333,0.5833333333333334,0.4166666666666667,23.333333333333332,-0.3600790846943307
exp2_np9_rho005_alpha5,9,0.05,5,127,22,0.017876662089098116,-0.02090295337987369,0.5909090909090909,0.5909090909090909,0.4090909090909091,21.454545454545453,0.33263934003519063
exp2_np9_rho005_alpha5,9,0.05,5,126,27,-0.020638523058215143,-0.01368469141988804,0.5925925925925926,0.3333333333333333,0.6666666666666666,22.37037037037037,-0.25075475265945474
exp2_np9_rho005_alpha5,9,0.05,5,125,32,0.013145120538939015,0.010203404413443362,0.46875,0.6875,0.3125,21.625,-0.231159873818858
exp2_np9_rho005_alpha5,9,0.05,5,128,30,-0.004194612807010649,-0.009195648905500065,0.5,0.6,0.4,21.833333333333332,0.06642504624385051
exp2_np9_rho005_alpha5,9,0.05,5,129,16,0.008762012310465805,-0.028058983737387244,0.5625,0.1875,0.8125,20.4375,-0.21673149956989787
exp2_np9_rho005_alpha5,9,0.05,5,130,23,0.02693555917119581,0.013356401281392039,0.391304347826087,0.5217391304347826,0.4782608695652174,22.782608695652176,-0.49091911195171195
exp2_np9_rho005_alpha5,9,0.05,5,131,14,0.005743778664074638,0.006411175879989184,0.35714285714285715,0.2857142857142857,0.7142857142857143,22.0,-0.09948536071375995
exp2_np9_rho005_alpha5,9,0.05,5,132,19,0.012473956143181896,-0.011864952016440888,0.5789473684210527,0.3157894736842105,0.6842105263157895,14.789473684210526,0.2768401772063274
exp2_np9_rho005_alpha5,9,0.05,5,133,18,-0.000744431211346165,-0.016542238582483826,0.5555555555555556,0.3888888888888889,0.6111111111111112,18.055555555555557,-0.3297837958115427
exp2_np9_rho005_alpha5,9,0.05,5,134,21,0.01934491254895902,0.02512868545058211,0.42857142857142855,0.47619047619047616,0.5238095238095238,19.857142857142858,-0.4449107609794561
exp2_np9_rho005_alpha5,9,0.05,5,135,25,0.02562376290143728,0.013394748950558366,0.44,0.6,0.4,18.6,-0.398434272798855
exp2_np9_rho005_alpha5,9,0.05,5,136,26,0.014408572456267562,0.003974277980535401,0.5,0.4230769230769231,0.5769230769230769,21.576923076923077,0.1995996366394322
exp2_np9_rho005_alpha5,9,0.05,5,138,29,0.025602885123340448,0.010764687407117002,0.41379310344827586,0.3448275862068966,0.6551724137931034,23.96551724137931,0.29928851303388604
exp2_np9_rho005_alpha5,9,0.05,5,140,21,-0.008106505543529768,-0.029873574968200423,0.6190476190476191,0.38095238095238093,0.6190476190476191,19.047619047619047,-0.10517097387159904
exp2_np9_rho005_alpha5,9,0.05,5,137,29,-0.02888196687099121,-0.035704410924286556,0.6896551724137931,0.2413793103448276,0.7586206896551724,18.96551724137931,0.20094205003486879
exp2_np9_rho005_alpha5,9,0.05,5,139,14,0.027251602684398586,0.03502201043341957,0.21428571428571427,0.5,0.5,20.0,-0.05874817348980167
exp2_np9_rho005_alpha5,9,0.05,5,141,17,0.037363171175835895,0.020724315003119997,0.4117647058823529,0.5882352941176471,0.4117647058823529,17.235294117647058,-0.1583205347718801
exp2_np9_rho005_alpha5,9,0.05,5,143,24,0.020902583587955232,0.0004480827855175562,0.5,0.5416666666666666,0.4583333333333333,14.791666666666666,0.04761183316275398
exp2_np9_rho005_alpha5,9,0.05,5,142,10,0.07527533442461047,0.08813021622346628,0.1,0.6,0.4,13.4,0.15903398093107532
exp2_np9_rho005_alpha5,9,0.05,5,144,27,0.0588560476888906,0.023897613388548677,0.4074074074074074,0.6296296296296297,0.37037037037037035,18.962962962962962,-0.15912563498025012
exp2_np9_rho005_alpha5,9,0.05,5,146,22,0.014586588185130124,0.01478805380113446,0.45454545454545453,0.6363636363636364,0.36363636363636365,18.136363636363637,-0.4357158762762031
exp2_np9_rho005_alpha5,9,0.05,5,145,21,0.003931107564542016,0.003050361152523884,0.47619047619047616,0.47619047619047616,0.5238095238095238,20.0,0.16869608925528648
exp2_np9_rho005_alpha5,9,0.05,5,147,21,0.026360030603826017,0.0465416332110582,0.23809523809523808,0.47619047619047616,0.5238095238095238,19.047619047619047,0.03300245228560361
exp2_np9_rho005_alpha5,9,0.05,5,148,19,-0.036233217995755386,-0.02667308126580803,0.7368421052631579,0.47368421052631576,0.5263157894736842,17.263157894736842,-0.13833258980938556
exp2_np9_rho005_alpha5,9,0.05,5,149,21,0.002623681179848728,0.007315876070065563,0.47619047619047616,0.42857142857142855,0.5714285714285714,18.714285714285715,-0.13828031956189743
exp2_np9_rho005_alpha5,9,0.05,5,150,19,0.022657036025908885,-0.014308691515306116,0.5263157894736842,0.5263157894736842,0.47368421052631576,18.894736842105264,-0.34536491013702847
exp2_np9_rho005_alpha5,9,0.05,5,151,18,0.03528185582611984,0.06886832396905307,0.3333333333333333,0.4444444444444444,0.5555555555555556,20.38888888888889,-0.11065489336583523
exp2_np9_rho005_alpha5,9,0.05,5,153,23,0.008407415312967452,0.0035636863457044754,0.43478260869565216,0.391304347826087,0.6086956521739131,18.52173913043478,0.09784648422387529
exp2_np9_rho005_alpha5,9,0.05,5,155,19,0.05261261618560936,0.017801348062541855,0.42105263157894735,0.5789473684210527,0.42105263157894735,21.36842105263158,-0.17796271100355543
exp2_np9_rho005_alpha5,9,0.05,5,152,21,0.0256256318836642,-0.002042167598731659,0.5,0.55,0.45,21.65,-0.09880723457132144
exp2_np9_rho005_alpha5,9,0.05,5,156,13,0.03699217232418805,0.030591484224130383,0.46153846153846156,0.6923076923076923,0.3076923076923077,16.53846153846154,0.06563695570720783
exp2_np9_rho005_alpha5,9,0.05,5,154,28,-0.012370458774549327,-0.00140949464434037,0.5,0.39285714285714285,0.6071428571428571,21.535714285714285,-0.26941613422020666
exp2_np9_rho005_alpha5,9,0.05,5,159,14,0.003446649566958599,0.0055578967933431755,0.5,0.5,0.5,14.857142857142858,-0.4940173327030257
exp2_np9_rho005_alpha5,9,0.05,5,157,29,0.011284153733922208,0.00074492859952624,0.4827586206896552,0.4482758620689655,0.5517241379310345,18.724137931034484,-0.24457588639006825
exp2_np9_rho005_alpha5,9,0.05,5,158,25,0.012678168631294468,0.017783096748246408,0.4,0.56,0.44,18.6,0.10506234587426809
exp2_np9_rho005_alpha5,9,0.05,5,160,17,-0.0005213251670743321,-0.0027993383609015154,0.5294117647058824,0.5294117647058824,0.47058823529411764,22.41176470588235,-0.13680130580476674
exp2_np9_rho005_alpha5,9,0.05,5,161,9,0.027800008427230714,0.028290924588870503,0.4444444444444444,0.6666666666666666,0.3333333333333333,13.444444444444445,0.39766996656629827
exp2_np9_rho005_alpha5,9,0.05,5,162,17,0.0005709143640487887,0.014194624441638659,0.47058823529411764,0.4117647058823529,0.5882352941176471,16.176470588235293,-0.026882899550443186
exp2_np9_rho005_alpha5,9,0.05,5,164,15,0.006285314447330966,-0.008756341292759373,0.6,0.4,0.6,19.666666666666668,-0.6278856543684852
exp2_np9_rho005_alpha5,9,0.05,5,163,16,0.00264972591184659,0.0032270825166804684,0.4375,0.3125,0.6875,18.875,0.10979641928573187
exp2_np9_rho005_alpha5,9,0.05,5,165,19,0.011383587232820257,0.01424389310074492,0.3684210526315789,0.3684210526315789,0.631578947368421,19.842105263157894,-0.30131559625034926
exp2_np9_rho005_alpha5,9,0.05,5,166,24,-0.008615382535202035,-0.0008024990177744051,0.5,0.6666666666666666,0.3333333333333333,21.208333333333332,0.11833987854092293
exp2_np9_rho005_alpha5,9,0.05,5,167,25,0.0050560501862805295,-0.01291689362910553,0.56,0.36,0.64,19.76,0.22355087590333392
exp2_np9_rho005_alpha5,9,0.05,5,168,8,-0.0023821756555643114,-0.02612801675117815,0.625,0.75,0.25,15.25,0.5487985769872157
exp2_np9_rho005_alpha5,9,0.05,5,169,28,0.03829070934097145,-0.0029436710282348955,0.5357142857142857,0.5714285714285714,0.42857142857142855,20.107142857142858,-0.22311026262237355
exp2_np9_rho005_alpha5,9,0.05,5,170,26,0.03339665059347526,0.03582751083944924,0.34615384615384615,0.6538461538461539,0.34615384615384615,26.23076923076923,-0.08100140442443717
exp2_np9_rho005_alpha5,9,0.05,5,171,19,0.0022402112462159784,-0.005416580920912573,0.5789473684210527,0.3684210526315789,0.631578947368421,17.842105263157894,-0.3769091635228637
exp2_np9_rho005_alpha5,9,0.05,5,172,12,-0.0012642486608456238,0.003340435861057589,0.5,0.16666666666666666,0.8333333333333334,13.416666666666666,0.3465265863533613
exp2_np9_rho005_alpha5,9,0.05,5,173,23,-0.027744395522239677,-0.01212908653243261,0.5652173913043478,0.34782608695652173,0.6521739130434783,17.043478260869566,0.18666719460095227
exp2_np9_rho005_alpha5,9,0.05,5,174,12,-0.02406260497807892,-0.020405811250985728,0.5833333333333334,0.3333333333333333,0.6666666666666666,20.333333333333332,0.2410998878990977
exp2_np9_rho005_alpha5,9,0.05,5,175,33,0.021073611124409492,0.02829147876948479,0.36363636363636365,0.5151515151515151,0.48484848484848486,20.09090909090909,-0.16999950566770983
exp2_np9_rho005_alpha5,9,0.05,5,176,22,0.06091773615505535,0.021104494663034323,0.4090909090909091,0.5909090909090909,0.4090909090909091,16.227272727272727,-0.42413023627581115
exp2_np9_rho005_alpha5,9,0.05,5,177,19,-0.02341438825346976,-0.03247536943729479,0.5789473684210527,0.42105263157894735,0.5789473684210527,17.157894736842106,0.16343748730481347
exp2_np9_rho005_alpha5,9,0.05,5,178,14,0.0011722694753002472,-0.033008700127941104,0.5714285714285714,0.35714285714285715,0.6428571428571429,15.5,0.09118720619257856
exp2_np9_rho005_alpha5,9,0.05,5,179,25,-0.008070982058997239,-0.010385123001583452,0.56,0.28,0.72,21.0,-0.015348473812294967
exp2_np9_rho005_alpha5,9,0.05,5,180,13,0.021157975226192508,0.04143590762968419,0.46153846153846156,0.38461538461538464,0.6153846153846154,16.0,0.06044814462728066
exp2_np9_rho005_alpha5,9,0.05,5,181,22,-0.007682306653487862,-0.0321354644155174,0.5909090909090909,0.45454545454545453,0.5454545454545454,17.727272727272727,-0.1907741644300623
exp2_np9_rho005_alpha5,9,0.05,5,182,19,-0.002252112104701559,-0.0009668822781270237,0.5263157894736842,0.47368421052631576,0.5263157894736842,17.68421052631579,-0.1391229273354215
exp2_np9_rho005_alpha5,9,0.05,5,183,18,0.003536237581515531,0.017802874083763687,0.4444444444444444,0.4444444444444444,0.5555555555555556,16.666666666666668,0.3614807948617348
exp2_np9_rho005_alpha5,9,0.05,5,184,15,0.04111147708796429,-0.02587675621130181,0.5333333333333333,0.5333333333333333,0.4666666666666667,17.133333333333333,0.1073584024512317
exp2_np9_rho005_alpha5,9,0.05,5,185,11,0.02201380877606418,0.03126996167859808,0.45454545454545453,0.5454545454545454,0.45454545454545453,16.363636363636363,0.19059803424515373
exp2_np9_rho005_alpha5,9,0.05,5,188,14,0.018462056333907167,0.015783353260810706,0.42857142857142855,0.42857142857142855,0.5714285714285714,18.071428571428573,-0.3014679207572574
exp2_np9_rho005_alpha5,9,0.05,5,186,16,0.019191835531081003,-0.005408639362474155,0.5625,0.5,0.5,18.5625,-0.47043651093391353
exp2_np9_rho005_alpha5,9,0.05,5,187,26,-0.00989699687193482,-0.0031744226314116553,0.5384615384615384,0.6538461538461539,0.34615384615384615,21.423076923076923,0.10770760039322033
exp2_np9_rho005_alpha5,9,0.05,5,189,23,0.018701533187894418,-0.014016833803614404,0.5652173913043478,0.391304347826087,0.6086956521739131,16.47826086956522,-0.25972481433659683
exp2_np9_rho005_alpha5,9,0.05,5,190,24,-0.014760342661465309,-0.017900737564427782,0.625,0.5,0.5,21.083333333333332,0.06113812980290638
exp2_np9_rho005_alpha5,9,0.05,5,191,15,0.09328984614843971,0.04593697014038689,0.26666666666666666,0.6666666666666666,0.3333333333333333,17.466666666666665,-0.1514789932896726
exp2_np9_rho005_alpha5,9,0.05,5,192,38,-0.004008738740006501,-0.010076540563245917,0.5526315789473685,0.5526315789473685,0.4473684210526316,25.44736842105263,0.10219031408847712
exp2_np9_rho005_alpha5,9,0.05,5,195,20,0.034148562456639595,0.020079003364394943,0.45,0.4,0.6,18.2,0.16241724962715054
exp2_np9_rho005_alpha5,9,0.05,5,196,29,0.0027476012753725122,0.004461873864788579,0.4827586206896552,0.5172413793103449,0.4827586206896552,19.896551724137932,-0.2308678328006976
exp2_np9_rho005_alpha5,9,0.05,5,199,21,0.010472069112665258,-0.003736170832635999,0.5238095238095238,0.5238095238095238,0.47619047619047616,18.142857142857142,-0.3453196749495163
exp2_np9_rho005_alpha5,9,0.05,5,194,23,-0.003995668688660443,-0.020469657705357136,0.6086956521739131,0.5652173913043478,0.43478260869565216,19.391304347826086,0.07461280212093625
exp2_np9_rho005_alpha5,9,0.05,5,193,22,0.005513572518906324,0.017108903672474973,0.36363636363636365,0.6363636363636364,0.36363636363636365,17.136363636363637,0.16489552773812105
exp2_np9_rho005_alpha5,9,0.05,5,198,16,-0.030585334622679705,-0.06168015346744671,0.75,0.4375,0.5625,15.9375,-0.05600688004931984
exp2_np9_rho005_alpha5,9,0.05,5,197,27,0.01914119786039599,0.0029662134329488943,0.5,0.4230769230769231,0.5769230769230769,18.807692307692307,0.12729727327640444
exp2_np9_rho010_alpha10,9,0.1,10,4,25,0.009729365205040991,0.01323961499341575,0.44,0.44,0.56,29.08,-0.04949952319690847
exp2_np9_rho010_alpha10,9,0.1,10,14,16,0.024040588961255105,-0.018127760205459698,0.625,0.5,0.5,31.0625,-0.0619957563352078
exp2_np9_rho010_alpha10,9,0.1,10,10,33,0.009387370469573228,0.01690017293771895,0.3939393939393939,0.48484848484848486,0.5151515151515151,31.515151515151516,-0.23215121329318644
exp2_np9_rho010_alpha10,9,0.1,10,2,39,0.0381055662272607,0.002691214166047118,0.46153846153846156,0.6153846153846154,0.38461538461538464,38.43589743589744,0.0076904944678309415
exp2_np9_rho010_alpha10,9,0.1,10,9,29,0.03798340411027391,-0.005700597752041681,0.5517241379310345,0.4827586206896552,0.5172413793103449,33.10344827586207,-0.26551850000187444
exp2_np9_rho010_alpha10,9,0.1,10,6,21,0.009288248526572692,-0.020074489396872508,0.6190476190476191,0.47619047619047616,0.5238095238095238,35.76190476190476,0.46868204092570914
exp2_np9_rho010_alpha10,9,0.1,10,0,4,0.05540017398615493,0.0021850326186689806,0.5,0.5,0.5,27.5,0.464718225426402
exp2_np9_rho010_alpha10,9,0.1,10,15,17,0.02427751539051628,0.018422793187765407,0.29411764705882354,0.4117647058823529,0.5882352941176471,21.58823529411765,-0.4462235862292873
exp2_np9_rho010_alpha10,9,0.1,10,3,20,0.0020300547417823815,-0.012765154726921857,0.5263157894736842,0.47368421052631576,0.5263157894736842,27.894736842105264,0.058530712101376656
exp2_np9_rho010_alpha10,9,0.1,10,12,22,0.029113268097010012,0.06438128996385384,0.4090909090909091,0.5,0.5,30.90909090909091,-0.3206948171245724
exp2_np9_rho010_alpha10,9,0.1,10,13,22,0.04322556867906262,0.04574242107339144,0.3181818181818182,0.5909090909090909,0.4090909090909091,33.81818181818182,-0.07396465509462402
exp2_np9_rho010_alpha10,9,0.1,10,7,15,0.008438996797635608,0.03337392900899694,0.4,0.4666666666666667,0.5333333333333333,32.53333333333333,-0.02987143016287796
exp2_np9_rho010_alpha10,9,0.1,10,8,17,0.017923016694825968,0.031177444343648553,0.4117647058823529,0.5294117647058824,0.47058823529411764,27.647058823529413,-0.2850527889383372
exp2_np9_rho010_alpha10,9,0.1,10,1,26,0.046097490103545975,-0.007039521598681375,0.5384615384615384,0.7307692307692307,0.2692307692307692,35.73076923076923,-0.29323602158481205
exp2_np9_rho010_alpha10,9,0.1,10,11,32,0.02261558159616328,0.015059459698367306,0.46875,0.53125,0.46875,29.125,0.12696652737568512
exp2_np9_rho010_alpha10,9,0.1,10,5,43,0.029583737555466668,0.04886990004265179,0.37209302325581395,0.46511627906976744,0.5348837209302325,32.395348837209305,-0.19317108891805512
exp2_np9_rho010_alpha10,9,0.1,10,16,17,0.025965205431131375,0.00638020912368642,0.35294117647058826,0.6470588235294118,0.35294117647058826,33.1764705882353,-0.002614774067821624
exp2_np9_rho010_alpha10,9,0.1,10,18,18,0.014193520793425543,0.020454643990035493,0.5,0.5555555555555556,0.4444444444444444,34.111111111111114,-0.06683319494538102
exp2_np9_rho010_alpha10,9,0.1,10,17,33,0.026971520263641743,0.014058418086778879,0.45454545454545453,0.48484848484848486,0.5151515151515151,35.60606060606061,-0.5897756774945971
exp2_np9_rho010_alpha10,9,0.1,10,19,27,0.06401431767168499,0.0451179953484564,0.4444444444444444,0.5555555555555556,0.4444444444444444,30.333333333333332,-0.4282992725230946
exp2_np9_rho010_alpha10,9,0.1,10,23,22,0.020925435316772368,0.0036206256274082804,0.5,0.36363636363636365,0.6363636363636364,39.77272727272727,0.17418057058676858
exp2_np9_rho010_alpha10,9,0.1,10,26,30,0.04935165983642284,0.04198253004664387,0.3103448275862069,0.5172413793103449,0.4827586206896552,40.55172413793103,-0.24650916510750273
exp2_np9_rho010_alpha10,9,0.1,10,21,23,0.08372762075240656,0.010587754208236433,0.391304347826087,0.5217391304347826,0.4782608695652174,23.91304347826087,0.06502792261862322
exp2_np9_rho010_alpha10,9,0.1,10,20,18,-0.011947889929181018,-0.03622012778432904,0.5555555555555556,0.4444444444444444,0.5555555555555556,31.72222222222222,-0.10511300800796475
exp2_np9_rho010_alpha10,9,0.1,10,24,16,0.007105546011651975,-0.0037172744336242403,0.5,0.4375,0.5625,22.6875,-0.19871791395929675
exp2_np9_rho010_alpha10,9,0.1,10,28,13,0.03510787455141836,0.04931485936582369,0.46153846153846156,0.5384615384615384,0.46153846153846156,31.076923076923077,-0.13133404485826208
exp2_np9_rho010_alpha10,9,0.1,10,22,31,0.04987207394502869,0.03326747687976894,0.41935483870967744,0.5161290322580645,0.4838709677419355,43.45161290322581,-0.4191072693018509
exp2_np9_rho010_alpha10,9,0.1,10,27,19,0.00032533184212364165,-0.04520410416633158,0.5789473684210527,0.42105263157894735,0.5789473684210527,27.57894736842105,-0.07601073567950535
exp2_np9_rho010_alpha10,9,0.1,10,25,28,0.042942917481980994,0.00393458875011099,0.5,0.6785714285714286,0.32142857142857145,27.964285714285715,-0.3367333613835568
exp2_np9_rho010_alpha10,9,0.1,10,29,33,0.05134975574469156,0.035127954036872744,0.36363636363636365,0.6666666666666666,0.3333333333333333,34.21212121212121,-0.10403749720274813
exp2_np9_rho010_alpha10,9,0.1,10,30,31,0.039637711965874935,0.030039259025462783,0.41935483870967744,0.2903225806451613,0.7096774193548387,33.483870967741936,-0.3695836833494283
exp2_np9_rho010_alpha10,9,0.1,10,31,24,0.02117547428709469,0.046011600796583174,0.3333333333333333,0.625,0.375,34.25,-0.00849996510728676
exp2_np9_rho010_alpha10,9,0.1,10,32,23,0.016888269102800123,0.020129270546439315,0.43478260869565216,0.5217391304347826,0.4782608695652174,23.0,0.07113274963009743
exp2_np9_rho010_alpha10,9,0.1,10,34,15,-0.015102241198164338,-0.010956444476872385,0.5333333333333333,0.3333333333333333,0.6666666666666666,19.666666666666668,-0.12589117759679183
exp2_np9_rho010_alpha10,9,0.1,10,35,26,0.018448038702052368,-0.005732960408559418,0.5384615384615384,0.5384615384615384,0.46153846153846156,33.57692307692308,-0.3502165712824736
exp2_np9_rho010_alpha10,9,0.1,10,33,29,-0.006441579178456217,-0.014175310312730005,0.6206896551724138,0.3448275862068966,0.6551724137931034,32.6551724137931,-0.2056213052115764
exp2_np9_rho010_alpha10,9,0.1,10,36,16,0.02004042619425056,-0.012702348331342428,0.5625,0.4375,0.5625,24.3125,0.004702355557084158
exp2_np9_rho010_alpha10,9,0.1,10,38,21,0.014357529469231438,0.062037078161518266,0.42857142857142855,0.5714285714285714,0.42857142857142855,28.047619047619047,0.2989961591441971
exp2_np9_rho010_alpha10,9,0.1,10,39,27,-0.002174134716256871,-0.046728936424702994,0.5925925925925926,0.5555555555555556,0.4444444444444444,36.22222222222222,-0.2636773863429095
exp2_np9_rho010_alpha10,9,0.1,10,37,31,0.021909247519558927,0.03856565947647983,0.3548387096774194,0.5161290322580645,0.4838709677419355,32.806451612903224,0.04545653035891101
exp2_np9_rho010_alpha10,9,0.1,10,44,21,0.02434159002643992,0.033288976291600214,0.3,0.25,0.75,25.5,-0.32361075761219166
exp2_np9_rho010_alpha10,9,0.1,10,40,19,0.024001759767052894,-0.015304212595724564,0.5263157894736842,0.5789473684210527,0.42105263157894735,23.894736842105264,0.11583121218878542
exp2_np9_rho010_alpha10,9,0.1,10,42,29,0.006159257067784594,0.024690237586548314,0.4482758620689655,0.4827586206896552,0.5172413793103449,35.793103448275865,-0.08838744670234856
exp2_np9_rho010_alpha10,9,0.1,10,41,19,-0.017229130807804364,0.007143025967416783,0.42105263157894735,0.47368421052631576,0.5263157894736842,35.10526315789474,-0.3665076763189696
exp2_np9_rho010_alpha10,9,0.1,10,43,18,0.014776062395195529,0.026456160189031852,0.3888888888888889,0.5,0.5,36.0,-0.28886836185180165
exp2_np9_rho010_alpha10,9,0.1,10,45,21,0.015860709932564276,0.01684558225269317,0.42857142857142855,0.2857142857142857,0.7142857142857143,29.666666666666668,0.03287614210193688
exp2_np9_rho010_alpha10,9,0.1,10,46,31,0.03197047367856538,0.012235583441047915,0.4838709677419355,0.45161290322580644,0.5483870967741935,36.45161290322581,-0.023483867939717667
exp2_np9_rho010_alpha10,9,0.1,10,47,14,0.04863094857952082,0.012561963517959018,0.5,0.35714285714285715,0.6428571428571429,32.42857142857143,0.1466415603964958
exp2_np9_rho010_alpha10,9,0.1,10,48,15,0.09199158253071561,0.026711777157175653,0.3333333333333333,0.6,0.4,32.666666666666664,-0.33914915713570615
exp2_np9_rho010_alpha10,9,0.1,10,51,16,0.08523905658191622,0.04447078433538465,0.3125,0.625,0.375,22.25,-0.5035042277762873
exp2_np9_rho010_alpha10,9,0.1,10,50,32,-0.0036571493403305677,0.012579117205598234,0.4375,0.34375,0.65625,28.84375,-0.015229035367261577
exp2_np9_rho010_alpha10,9,0.1,10,54,25,0.06835459134924822,0.052191902454452155,0.36,0.48,0.52,27.8,-0.2556764595460846
exp2_np9_rho010_alpha10,9,0.1,10,49,20,0.004017945820428715,-0.012555413002679927,0.6,0.4,0.6,27.75,-0.2205048425740167
exp2_np9_rho010_alpha10,9,0.1,10,53,32,0.040868613672067705,0.014282302379044598,0.40625,0.46875,0.53125,34.28125,-0.28801316139334165
exp2_np9_rho010_alpha10,9,0.1,10,52,26,-0.0105066581528691,-0.01773226143339146,0.5384615384615384,0.46153846153846156,0.5384615384615384,26.423076923076923,0.04831708131579158
exp2_np9_rho010_alpha10,9,0.1,10,55,18,0.03549231714540227,0.021475960662287186,0.4444444444444444,0.5,0.5,30.22222222222222,-0.27181278616411214
exp2_np9_rho010_alpha10,9,0.1,10,56,16,0.046828298709752934,0.06704486165515533,0.4,0.5333333333333333,0.4666666666666667,21.8,-0.023811370372098586
exp2_np9_rho010_alpha10,9,0.1,10,58,26,-0.00928297695077354,-0.058388799545339154,0.5769230769230769,0.46153846153846156,0.5384615384615384,28.46153846153846,-0.23510976809914128
exp2_np9_rho010_alpha10,9,0.1,10,57,31,0.028700966331499246,0.022194537767316724,0.3870967741935484,0.5806451612903226,0.41935483870967744,34.74193548387097,-0.30197616383479536
exp2_np9_rho010_alpha10,9,0.1,10,60,30,0.07601735955594548,0.04865375438369757,0.4,0.5333333333333333,0.4666666666666667,34.53333333333333,-0.3613845266587521
exp2_np9_rho010_alpha10,9,0.1,10,61,23,0.027212670177655433,-0.047606794095450766,0.6086956521739131,0.5217391304347826,0.4782608695652174,26.608695652173914,-0.1079593073161138
exp2_np9_rho010_alpha10,9,0.1,10,59,34,0.019942738580239566,0.017331506614869152,0.4411764705882353,0.5,0.5,37.6764705882353,-0.04813962142282566
exp2_np9_rho010_alpha10,9,0.1,10,62,20,0.029556166925605875,-0.0174934069577648,0.55,0.4,0.6,30.35,-0.2319999344865554
exp2_np9_rho010_alpha10,9,0.1,10,63,33,-0.0005449855482574474,-0.03706862470373551,0.5454545454545454,0.45454545454545453,0.5454545454545454,33.57575757575758,0.2757048645610509
exp2_np9_rho010_alpha10,9,0.1,10,64,31,0.0620249135727351,0.05322347826972784,0.3548387096774194,0.5483870967741935,0.45161290322580644,36.32258064516129,-0.33802140143037956
exp2_np9_rho010_alpha10,9,0.1,10,66,7,-0.003350688213267133,0.011524536862778767,0.42857142857142855,0.5714285714285714,0.42857142857142855,24.428571428571427,-0.6557995702192267
exp2_np9_rho010_alpha10,9,0.1,10,65,22,0.02180151388446072,0.03603825491557755,0.45454545454545453,0.45454545454545453,0.5454545454545454,25.454545454545453,0.08421633649269306
exp2_np9_rho010_alpha10,9,0.1,10,68,35,0.016049446752797993,-0.01181341672519487,0.5142857142857142,0.45714285714285713,0.5428571428571428,32.22857142857143,0.0312995085957343
exp2_np9_rho010_alpha10,9,0.1,10,70,19,0.012270380919608187,-0.007245722216344674,0.5789473684210527,0.47368421052631576,0.5263157894736842,23.894736842105264,0.4590491171921588
exp2_np9_rho010_alpha10,9,0.1,10,69,36,0.036403016608782285,0.03606180762062294,0.4166666666666667,0.5555555555555556,0.4444444444444444,38.47222222222222,-0.06519537537750629
exp2_np9_rho010_alpha10,9,0.1,10,71,26,-0.0026488084980794946,-0.01355013450206144,0.6153846153846154,0.6538461538461539,0.34615384615384615,29.807692307692307,0.23932074404946946
exp2_np9_rho010_alpha10,9,0.1,10,67,31,0.016388410793964477,0.02613986735285323,0.3870967741935484,0.5161290322580645,0.4838709677419355,33.806451612903224,-0.05844688282968124
exp2_np9_rho010_alpha10,9,0.1,10,73,18,0.08096632086314025,0.06564022772810052,0.2777777777777778,0.5,0.5,39.388888888888886,-0.3496919350257868
exp2_np9_rho010_alpha10,9,0.1,10,72,24,0.02629067895501558,0.03096049753545893,0.375,0.4583333333333333,0.5416666666666666,34.458333333333336,-7.547638228297766e-05
exp2_np9_rho010_alpha10,9,0.1,10,74,27,0.015318949315833432,0.0104613836610703,0.48148148148148145,0.37037037037037035,0.6296296296296297,33.03703703703704,-0.31751984606582095
exp2_np9_rho010_alpha10,9,0.1,10,75,24,0.07484749371200079,0.016743743976657566,0.4166666666666667,0.4166666666666667,0.5833333333333334,27.833333333333332,-0.06089317933453214
exp2_np9_rho010_alpha10,9,0.1,10,76,28,0.027523880847345313,0.027563983066188236,0.39285714285714285,0.5,0.5,30.178571428571427,0.027237006822659046
exp2_np9_rho010_alpha10,9,0.1,10,77,39,0.044126705803351415,0.05758849190663806,0.41025641025641024,0.5128205128205128,0.48717948717948717,41.17948717948718,-0.13120923569815712
exp2_np9_rho010_alpha10,9,0.1,10,78,18,0.04299867237766971,0.020301567952336175,0.3888888888888889,0.2777777777777778,0.7222222222222222,33.05555555555556,-0.05325290785404299
exp2_np9_rho010_alpha10,9,0.1,10,79,25,-0.018051185366035404,-0.0055115969400834075,0.52,0.44,0.56,35.68,-0.07397643811912245
exp2_np9_rho010_alpha10,9,0.1,10,80,23,-0.0020242936680084102,-0.008011359958573827,0.5652173913043478,0.43478260869565216,0.5652173913043478,29.695652173913043,0.20042042829851367
exp2_np9_rho010_alpha10,9,0.1,10,81,23,0.010539436988492289,-0.014316108641948766,0.5217391304347826,0.5652173913043478,0.43478260869565216,26.956521739130434,-0.15896236024867066
exp2_np9_rho010_alpha10,9,0.1,10,82,16,0.056594491034810845,0.08339742214680124,0.3125,0.4375,0.5625,27.0625,-0.264038601338704
exp2_np9_rho010_alpha10,9,0.1,10,83,14,0.0317843355822065,0.031537556961331425,0.5,0.42857142857142855,0.5714285714285714,26.285714285714285,-0.05740136369416174
exp2_np9_rho010_alpha10,9,0.1,10,84,36,0.03982635087613371,0.030081437323587146,0.45714285714285713,0.5142857142857142,0.4857142857142857,32.02857142857143,-0.049488560248826856
exp2_np9_rho010_alpha10,9,0.1,10,85,33,0.021469501180494795,0.026949545567117816,0.42424242424242425,0.5454545454545454,0.45454545454545453,36.72727272727273,-0.5044890780438182
exp2_np9_rho010_alpha10,9,0.1,10,87,22,0.004000155053371035,0.006480973463256046,0.45454545454545453,0.5,0.5,31.727272727272727,-0.24849446683811174
exp2_np9_rho010_alpha10,9,0.1,10,86,20,0.03790673891136405,-0.03753888320253029,0.6,0.55,0.45,23.05,-0.23140513560870749
exp2_np9_rho010_alpha10,9,0.1,10,88,33,0.033589986090075435,0.0512974972519622,0.30303030303030304,0.5151515151515151,0.48484848484848486,30.181818181818183,-0.29187947446388424
exp2_np9_rho010_alpha10,9,0.1,10,89,28,0.040038873520353783,0.024451526964821557,0.42857142857142855,0.5357142857142857,0.4642857142857143,36.107142857142854,-0.4160945854036939
exp2_np9_rho010_alpha10,9,0.1,10,92,29,0.026381642628812856,0.0015711299684051383,0.4827586206896552,0.4827586206896552,0.5172413793103449,30.03448275862069,-0.05347682662973028
exp2_np9_rho010_alpha10,9,0.1,10,90,28,-0.0021998422020712877,0.029709201893378,0.39285714285714285,0.5357142857142857,0.4642857142857143,40.392857142857146,-0.37480854648828704
exp2_np9_rho010_alpha10,9,0.1,10,91,34,0.01616800505982068,0.031827780829798424,0.38235294117647056,0.47058823529411764,0.5294117647058824,48.3235294117647,0.007790380725636897
exp2_np9_rho010_alpha10,9,0.1,10,93,20,0.012897694834357676,-0.025188794658570934,0.7,0.5,0.5,25.1,-0.3376092526210444
exp2_np9_rho010_alpha10,9,0.1,10,94,21,0.02171420320497232,0.00884753395058091,0.47619047619047616,0.5238095238095238,0.47619047619047616,35.19047619047619,-0.1786941097236762
exp2_np9_rho010_alpha10,9,0.1,10,95,26,0.031092152128101482,0.006460579013729539,0.5,0.46153846153846156,0.5384615384615384,32.23076923076923,-0.3668312241841711
exp2_np9_rho010_alpha10,9,0.1,10,96,18,0.03224540749377643,0.013628566722194702,0.3888888888888889,0.3888888888888889,0.6111111111111112,21.055555555555557,-0.6125719247165038
exp2_np9_rho010_alpha10,9,0.1,10,97,31,0.021002835102925516,0.003211140571372173,0.4666666666666667,0.4666666666666667,0.5333333333333333,24.6,-0.1490937469937493
exp2_np9_rho010_alpha10,9,0.1,10,99,17,0.08016943904105844,0.02022577798079439,0.35294117647058826,0.47058823529411764,0.5294117647058824,29.352941176470587,-0.489661590243652
exp2_np9_rho010_alpha10,9,0.1,10,98,29,0.03302060063138053,0.03299998453773867,0.4482758620689655,0.6206896551724138,0.3793103448275862,32.6551724137931,0.1174877858788916
exp2_np9_rho010_alpha10,9,0.1,10,100,16,0.02038772346782808,0.01873578545480159,0.4375,0.25,0.75,38.5625,0.16240075233087492
exp2_np9_rho010_alpha10,9,0.1,10,101,22,-0.012138023913497852,-0.06372684819982721,0.5909090909090909,0.45454545454545453,0.5454545454545454,29.863636363636363,0.11221075561128863
exp2_np9_rho010_alpha10,9,0.1,10,102,28,-0.008683000711250452,-0.020582235748395572,0.5714285714285714,0.5357142857142857,0.4642857142857143,28.714285714285715,-0.20602332758785874
exp2_np9_rho010_alpha10,9,0.1,10,104,21,0.06375983140201576,0.024492718138439784,0.42857142857142855,0.5714285714285714,0.42857142857142855,23.333333333333332,-0.11414035945281101
exp2_np9_rho010_alpha10,9,0.1,10,105,26,0.05325447340220364,0.05339202997581749,0.46153846153846156,0.38461538461538464,0.6153846153846154,27.73076923076923,-0.2190291346449102
exp2_np9_rho010_alpha10,9,0.1,10,103,18,0.047892196389931474,0.04799718875444592,0.3333333333333333,0.5,0.5,30.166666666666668,0.18978800017107642
exp2_np9_rho010_alpha10,9,0.1,10,106,31,0.011072629488243394,0.0463892160608248,0.3225806451612903,0.5483870967741935,0.45161290322580644,33.83870967741935,-0.047366620675110375
exp2_np9_rho010_alpha10,9,0.1,10,107,15,0.012131949600092066,0.05409043839829675,0.4,0.4666666666666667,0.5333333333333333,29.0,-0.24208124017516539
exp2_np9_rho010_alpha10,9,0.1,10,108,27,0.02762901604337242,0.029787209051225005,0.37037037037037035,0.48148148148148145,0.5185185185185185,30.296296296296298,0.12382401551483518
exp2_np9_rho010_alpha10,9,0.1,10,109,24,0.011019312323160854,0.011447357194986907,0.5,0.5416666666666666,0.4583333333333333,30.875,-0.16318063116500495
exp2_np9_rho010_alpha10,9,0.1,10,110,30,0.010448209297374127,0.006086838564071773,0.43333333333333335,0.5666666666666667,0.43333333333333335,29.233333333333334,0.010312319670142074
exp2_np9_rho010_alpha10,9,0.1,10,111,31,0.022629722197632825,-0.0006481520432775056,0.5483870967741935,0.5161290322580645,0.4838709677419355,40.25806451612903,-0.1411106726485773
exp2_np9_rho010_alpha10,9,0.1,10,112,28,0.024364417772385658,0.03617684710582658,0.42857142857142855,0.39285714285714285,0.6071428571428571,28.5,0.29495987122376477
exp2_np9_rho010_alpha10,9,0.1,10,113,31,0.042862772853771255,0.04083286797883723,0.4838709677419355,0.5161290322580645,0.4838709677419355,39.774193548387096,-0.2693366944114609
exp2_np9_rho010_alpha10,9,0.1,10,116,21,-0.003277297201402711,0.006247842707727713,0.47619047619047616,0.38095238095238093,0.6190476190476191,31.142857142857142,-0.4252133792407173
exp2_np9_rho010_alpha10,9,0.1,10,115,19,0.014812710696890252,0.012565097498787203,0.47368421052631576,0.5263157894736842,0.47368421052631576,28.63157894736842,-0.0757522060836242
exp2_np9_rho010_alpha10,9,0.1,10,114,22,0.03266775138468058,0.054659081828216216,0.4090909090909091,0.3181818181818182,0.6818181818181818,32.04545454545455,-0.3524287247860633
exp2_np9_rho010_alpha10,9,0.1,10,117,28,0.016534211279382798,0.03188871740438426,0.39285714285714285,0.5357142857142857,0.4642857142857143,27.035714285714285,-0.14911445070902654
exp2_np9_rho010_alpha10,9,0.1,10,118,20,0.012296870079688781,-0.0031800689338119525,0.5,0.35,0.65,20.45,0.0403604442258743
exp2_np9_rho010_alpha10,9,0.1,10,120,25,0.0074358084281765,0.022593079293183216,0.44,0.28,0.72,35.36,-0.048567146439429255
exp2_np9_rho010_alpha10,9,0.1,10,119,28,0.01571942480537777,0.007581755216208297,0.42857142857142855,0.42857142857142855,0.5714285714285714,27.142857142857142,-0.09202668700088716
exp2_np9_rho010_alpha10,9,0.1,10,122,28,0.040490610198094634,0.028675835992120202,0.32142857142857145,0.5714285714285714,0.42857142857142855,35.535714285714285,0.05909820789270912
exp2_np9_rho010_alpha10,9,0.1,10,121,24,-0.0022363806087999003,-0.018097474811931136,0.5416666666666666,0.4583333333333333,0.5416666666666666,30.708333333333332,-0.013251906161688587
exp2_np9_rho010_alpha10,9,0.1,10,123,24,-0.015848127465140565,-0.023446677987162268,0.5833333333333334,0.5,0.5,31.0,0.1306362715476128
exp2_np9_rho010_alpha10,9,0.1,10,124,21,0.0736686727347705,0.057920009783212656,0.23809523809523808,0.5714285714285714,0.42857142857142855,26.80952380952381,-0.06377371554061106
exp2_np9_rho010_alpha10,9,0.1,10,126,29,0.01174879176183812,-0.007052781811609066,0.5357142857142857,0.4642857142857143,0.5357142857142857,34.32142857142857,-0.27724887022371913
exp2_np9_rho010_alpha10,9,0.1,10,125,15,-0.004487590311193775,-0.026678864874702946,0.6666666666666666,0.4,0.6,29.066666666666666,0.053077775326926376
exp2_np9_rho010_alpha10,9,0.1,10,127,19,0.007114512867093958,0.01316922026825118,0.3684210526315789,0.42105263157894735,0.5789473684210527,25.94736842105263,-0.07798256687201983
exp2_np9_rho010_alpha10,9,0.1,10,128,27,0.03623593485219391,0.041320696923484945,0.2962962962962963,0.5555555555555556,0.4444444444444444,35.81481481481482,-0.12600263086692853
exp2_np9_rho010_alpha10,9,0.1,10,129,34,0.04840601077640955,0.06484477517873799,0.3235294117647059,0.5294117647058824,0.47058823529411764,28.676470588235293,-0.12494518866119382
exp2_np9_rho010_alpha10,9,0.1,10,130,25,0.046112133292120244,0.052932273111325756,0.4,0.52,0.48,33.8,-0.043033675416922205
exp2_np9_rho010_alpha10,9,0.1,10,131,22,0.01889938959827241,0.03154343060046161,0.3181818181818182,0.5,0.5,26.045454545454547,-0.09400393303456202
exp2_np9_rho010_alpha10,9,0.1,10,134,25,0.007409994802359563,0.00016898792553732278,0.48,0.4,0.6,36.64,0.24246026859230782
exp2_np9_rho010_alpha10,9,0.1,10,132,33,0.030844637234169914,0.054352549282545404,0.34375,0.53125,0.46875,32.28125,-0.1926633304789891
exp2_np9_rho010_alpha10,9,0.1,10,133,33,0.035578890957404984,0.024276696389894603,0.3939393939393939,0.42424242424242425,0.5757575757575758,29.757575757575758,0.10213967163960008
exp2_np9_rho010_alpha10,9,0.1,10,137,25,0.035367338541306595,0.03286670252138446,0.48,0.44,0.56,36.88,-0.5224030283413094
exp2_np9_rho010_alpha10,9,0.1,10,136,15,-0.0046402576517048525,-0.033878301709253655,0.6666666666666666,0.5333333333333333,0.4666666666666667,35.8,0.054890206579631645
exp2_np9_rho010_alpha10,9,0.1,10,135,20,-0.021313549184316737,-0.008077343823224226,0.6,0.55,0.45,33.9,0.2715893381144298
exp2_np9_rho010_alpha10,9,0.1,10,140,26,0.033249570730252,0.02706264338373643,0.46153846153846156,0.4230769230769231,0.5769230769230769,32.96153846153846,-0.13775428322315958
exp2_np9_rho010_alpha10,9,0.1,10,138,26,0.03636707490289492,0.03457922227095844,0.34615384615384615,0.46153846153846156,0.5384615384615384,35.46153846153846,-0.4261311055812771
exp2_np9_rho010_alpha10,9,0.1,10,139,24,0.027222368067807867,0.012015122851425808,0.375,0.25,0.75,32.625,-0.5983614222643212
exp2_np9_rho010_alpha10,9,0.1,10,142,21,-0.005256361566453286,0.013733045166691049,0.47619047619047616,0.38095238095238093,0.6190476190476191,33.0,0.3651340209761624
exp2_np9_rho010_alpha10,9,0.1,10,141,24,-0.0003118888747575636,-0.025574314743896487,0.6666666666666666,0.4166666666666667,0.5833333333333334,30.0,0.10507641577093403
exp2_np9_rho010_alpha10,9,0.1,10,143,24,0.04881700229694156,0.04735718248043508,0.375,0.5,0.5,31.416666666666668,-0.20076247330557034
exp2_np9_rho010_alpha10,9,0.1,10,144,32,0.02530669662636917,0.024642794985384686,0.375,0.5625,0.4375,41.78125,-0.5343997290397051
exp2_np9_rho010_alpha10,9,0.1,10,145,42,0.018317692528198735,0.01919647063198804,0.35714285714285715,0.42857142857142855,0.5714285714285714,33.0,0.04822357590187446
exp2_np9_rho010_alpha10,9,0.1,10,147,19,0.04912452163950567,0.03848360481262425,0.2631578947368421,0.47368421052631576,0.5263157894736842,28.263157894736842,-0.5017029658798269
exp2_np9_rho010_alpha10,9,0.1,10,146,21,0.02310626989698112,-0.0020332528450479614,0.5238095238095238,0.3333333333333333,0.6666666666666666,31.714285714285715,-0.019520077372140236
exp2_np9_rho010_alpha10,9,0.1,10,148,20,0.004761285987667163,0.002368878785691919,0.5,0.6,0.4,28.5,-0.41470656822425334
exp2_np9_rho010_alpha10,9,0.1,10,149,20,0.023962335277963747,0.0037898857552587373,0.47368421052631576,0.42105263157894735,0.5789473684210527,27.0,-0.07256428251690702
exp2_np9_rho010_alpha10,9,0.1,10,150,27,0.011054797631024542,-0.042450454425170925,0.5555555555555556,0.5185185185185185,0.48148148148148145,31.11111111111111,0.006374157509755255
exp2_np9_rho010_alpha10,9,0.1,10,151,25,-0.0005062395729738256,0.0036491218934351366,0.44,0.52,0.48,33.52,-0.5087953476660708
exp2_np9_rho010_alpha10,9,0.1,10,152,21,0.0006948609543794758,-0.019504389313147463,0.5714285714285714,0.38095238095238093,0.6190476190476191,23.333333333333332,0.1691349113993536
exp2_np9_rho010_alpha10,9,0.1,10,153,27,0.017889738972078493,-0.0006020164421842722,0.5185185185185185,0.48148148148148145,0.5185185185185185,24.296296296296298,-0.2949098626359395
exp2_np9_rho010_alpha10,9,0.1,10,154,23,-0.007344007701849465,-0.01290749740649133,0.5217391304347826,0.391304347826087,0.6086956521739131,27.869565217391305,0.09494678292096947
exp2_np9_rho010_alpha10,9,0.1,10,155,24,0.019100053256081773,0.027267652110183782,0.4166666666666667,0.4166666666666667,0.5833333333333334,34.875,-0.16875673797827473
exp2_np9_rho010_alpha10,9,0.1,10,156,27,0.0019592680183866808,-0.009778410827657957,0.5555555555555556,0.48148148148148145,0.5185185185185185,35.407407407407405,0.0266130454000685
exp2_np9_rho010_alpha10,9,0.1,10,157,18,-0.010885820325807613,-0.01571313758578441,0.6666666666666666,0.3888888888888889,0.6111111111111112,30.055555555555557,-0.2563236871493083
exp2_np9_rho010_alpha10,9,0.1,10,158,25,-0.0004038218155290707,-0.008321434622403423,0.56,0.4,0.6,36.2,-0.40798390552424635
exp2_np9_rho010_alpha10,9,0.1,10,159,32,0.04329378640254111,0.05911358303942116,0.34375,0.5,0.5,42.46875,-0.33489409023271943
exp2_np9_rho010_alpha10,9,0.1,10,160,19,-0.01816119221949819,0.03461021059610481,0.42105263157894735,0.5263157894736842,0.47368421052631576,34.421052631578945,-0.4959069398021203
exp2_np9_rho010_alpha10,9,0.1,10,162,18,-0.013369663486832451,0.010798799239031265,0.5,0.2777777777777778,0.7222222222222222,28.77777777777778,-0.11454458543740437
exp2_np9_rho010_alpha10,9,0.1,10,161,23,0.06428898827911543,-0.005568942097317731,0.5217391304347826,0.6086956521739131,0.391304347826087,28.47826086956522,-0.5149392214289517
exp2_np9_rho010_alpha10,9,0.1,10,163,23,0.07669811811901439,0.01821757613399555,0.4782608695652174,0.391304347826087,0.6086956521739131,40.82608695652174,-0.07678340820455015
exp2_np9_rho010_alpha10,9,0.1,10,164,23,0.02894475305069346,0.021161788344959298,0.391304347826087,0.43478260869565216,0.5652173913043478,40.34782608695652,-0.3616873313642612
exp2_np9_rho010_alpha10,9,0.1,10,165,29,0.03566570929762277,0.04385264591227678,0.3793103448275862,0.5517241379310345,0.4482758620689655,35.93103448275862,-0.017753010409944738
exp2_np9_rho010_alpha10,9,0.1,10,166,25,0.017906281044396052,0.027712182005974917,0.44,0.48,0.52,37.36,0.21623611616098945
exp2_np9_rho010_alpha10,9,0.1,10,167,36,0.033043150685834535,0.02580768541949041,0.4444444444444444,0.4166666666666667,0.5833333333333334,37.02777777777778,-0.13609920750357546
exp2_np9_rho010_alpha10,9,0.1,10,168,29,0.058934574555517864,0.03728747838878821,0.3793103448275862,0.4482758620689655,0.5517241379310345,31.517241379310345,-0.3508891116943792
exp2_np9_rho010_alpha10,9,0.1,10,169,20,0.005166214224771393,0.016930047544299942,0.4,0.45,0.55,32.05,0.4078163114883818
exp2_np9_rho010_alpha10,9,0.1,10,170,14,0.06669773381758214,0.040375214209400934,0.2857142857142857,0.35714285714285715,0.6428571428571429,33.0,-0.320918681071407
exp2_np9_rho010_alpha10,9,0.1,10,172,16,0.031168123937909742,0.02026314189838807,0.4375,0.3125,0.6875,26.0,0.1997530601511506
exp2_np9_rho010_alpha10,9,0.1,10,171,27,0.05764441882227451,0.012509433148895077,0.4444444444444444,0.4444444444444444,0.5555555555555556,33.148148148148145,-0.20221215381857383
exp2_np9_rho010_alpha10,9,0.1,10,173,30,0.03862723994604022,0.06509171654539125,0.3333333333333333,0.5333333333333333,0.4666666666666667,36.9,-0.002274169464114369
exp2_np9_rho010_alpha10,9,0.1,10,174,23,0.03234159724871155,0.05768117110104942,0.34782608695652173,0.5217391304347826,0.4782608695652174,27.956521739130434,0.4088562757341424
exp2_np9_rho010_alpha10,9,0.1,10,175,22,0.005639003795124447,-0.015060791168404197,0.5454545454545454,0.4090909090909091,0.5909090909090909,35.59090909090909,-0.09991640082475128
exp2_np9_rho010_alpha10,9,0.1,10,176,36,-0.0023376728156984834,-0.003002437042678885,0.5142857142857142,0.4,0.6,32.628571428571426,0.08689359526237121
exp2_np9_rho010_alpha10,9,0.1,10,177,22,-0.03107120847677145,-0.020079673339346016,0.5454545454545454,0.45454545454545453,0.5454545454545454,23.636363636363637,-0.35440712166705207
exp2_np9_rho010_alpha10,9,0.1,10,178,14,0.012856328543431519,-0.00598935461493566,0.5714285714285714,0.42857142857142855,0.5714285714285714,34.5,0.1354039173215069
exp2_np9_rho010_alpha10,9,0.1,10,179,25,0.022626667396310404,0.009518149198205705,0.48,0.36,0.64,30.24,-0.1908748212357766
exp2_np9_rho010_alpha10,9,0.1,10,180,23,0.0230770072363594,0.016326559189105083,0.30434782608695654,0.6521739130434783,0.34782608695652173,31.82608695652174,-0.1786388503313989
exp2_np9_rho010_alpha10,9,0.1,10,183,22,0.02957791578711675,0.007117307408840645,0.36363636363636365,0.5,0.5,30.863636363636363,0.22626323761546224
exp2_np9_rho010_alpha10,9,0.1,10,181,28,0.019960588453666248,0.004639180091005279,0.4642857142857143,0.4642857142857143,0.5357142857142857,28.5,-0.11344474668812972
exp2_np9_rho010_alpha10,9,0.1,10,182,21,0.029280897087632977,0.05012757367772114,0.38095238095238093,0.38095238095238093,0.6190476190476191,46.285714285714285,-0.2829917332074662
exp2_np9_rho010_alpha10,9,0.1,10,184,25,0.003742265557143156,-0.00828190366595205,0.56,0.48,0.52,41.72,-0.10412388966515841
exp2_np9_rho010_alpha10,9,0.1,10,187,16,-0.016799152285413732,-0.014970652470270185,0.625,0.375,0.625,34.0625,-0.12773577006543502
exp2_np9_rho010_alpha10,9,0.1,10,185,25,0.017149335288583634,0.030303212068921503,0.32,0.4,0.6,37.72,0.05535068122955095
exp2_np9_rho010_alpha10,9,0.1,10,190,27,0.028542565767683808,0.0031451182663468913,0.4444444444444444,0.4074074074074074,0.5925925925925926,32.851851851851855,-0.16284367754447035
exp2_np9_rho010_alpha10,9,0.1,10,186,33,0.03497458378213461,0.015317613544996611,0.42424242424242425,0.6060606060606061,0.3939393939393939,35.09090909090909,-0.3345026064160277
exp2_np9_rho010_alpha10,9,0.1,10,189,23,0.030849455191836902,0.03134306514673302,0.391304347826087,0.4782608695652174,0.5217391304347826,36.47826086956522,-0.21811026765031186
exp2_np9_rho010_alpha10,9,0.1,10,188,25,0.0014184985036763819,0.0015453943340331122,0.48,0.6,0.4,31.04,-0.20418931553693692
exp2_np9_rho010_alpha10,9,0.1,10,191,24,0.042765728538660085,-0.001634142798679239,0.5416666666666666,0.4166666666666667,0.5833333333333334,30.791666666666668,-0.02604311788678856
exp2_np9_rho010_alpha10,9,0.1,10,192,19,0.028296935668437984,0.0440775419685,0.42105263157894735,0.42105263157894735,0.5789473684210527,24.36842105263158,0.3309227379657745
exp2_np9_rho010_alpha10,9,0.1,10,193,16,0.04405850030370356,0.03128240788697578,0.5,0.375,0.625,37.1875,-0.3767615209745671
exp2_np9_rho010_alpha10,9,0.1,10,194,15,0.0699476794790856,0.08712246311301186,0.3333333333333333,0.6,0.4,38.0,-0.3951030564340314
exp2_np9_rho010_alpha10,9,0.1,10,197,26,0.050335851119926965,0.030287261216797923,0.38461538461538464,0.6153846153846154,0.38461538461538464,32.80769230769231,-0.06665792371535208
exp2_np9_rho010_alpha10,9,0.1,10,196,24,0.022352298026725892,-0.005489853875958239,0.5,0.4166666666666667,0.5833333333333334,36.25,-0.1467710702955211
exp2_np9_rho010_alpha10,9,0.1,10,195,30,-0.004365464998205848,-0.012939487096447433,0.5,0.5,0.5,38.8,0.13132343345451208
exp2_np9_rho010_alpha10,9,0.1,10,199,28,0.020188572504021427,-0.014807253608699611,0.5357142857142857,0.5,0.5,37.57142857142857,-0.22819964576025362
exp2_np9_rho010_alpha10,9,0.1,10,198,26,0.05383426195038947,0.04942435896770814,0.2692307692307692,0.5,0.5,33.19230769230769,-0.38024302087368916
exp2_np9_rho010_alpha2,9,0.1,2,7,66,0.01970961659566795,0.010714222108778593,0.4444444444444444,0.3492063492063492,0.6507936507936508,40.38095238095238,0.03514950901557842
exp2_np9_rho010_alpha2,9,0.1,2,8,63,0.00958753467544815,-0.01684851580772939,0.6290322580645161,0.5161290322580645,0.4838709677419355,34.645161290322584,-0.007774599538828076
exp2_np9_rho010_alpha2,9,0.1,2,10,58,0.05094624013039332,0.0345300741368062,0.375,0.5357142857142857,0.4642857142857143,38.25,-0.265270560090256
exp2_np9_rho010_alpha2,9,0.1,2,9,68,0.021485624887841615,0.0034687273636735405,0.484375,0.546875,0.453125,33.328125,0.16727585741125253
exp2_np9_rho010_alpha2,9,0.1,2,2,66,0.025822848293906676,-0.004097040521457096,0.5384615384615384,0.47692307692307695,0.5230769230769231,40.61538461538461,-0.27142666871586385
exp2_np9_rho010_alpha2,9,0.1,2,15,67,0.0159473531989111,0.006905537462372102,0.42857142857142855,0.5714285714285714,0.42857142857142855,34.6031746031746,0.1793335449901906
exp2_np9_rho010_alpha2,9,0.1,2,1,60,0.03912755080386467,-0.0013256091662388059,0.5172413793103449,0.5344827586206896,0.46551724137931033,40.12068965517241,-0.2998588048555336
exp2_np9_rho010_alpha2,9,0.1,2,4,66,0.043958414957319704,0.02962053583482316,0.4032258064516129,0.5483870967741935,0.45161290322580644,33.41935483870968,-0.1938589692970288
exp2_np9_rho010_alpha2,9,0.1,2,14,70,0.0472744910578001,0.0035354392437696447,0.4626865671641791,0.3880597014925373,0.6119402985074627,31.34328358208955,-0.26776574744936416
exp2_np9_rho010_alpha2,9,0.1,2,11,71,0.04254605872556245,0.007071926064123879,0.39705882352941174,0.4852941176470588,0.5147058823529411,32.279411764705884,-0.12233718286063847
exp2_np9_rho010_alpha2,9,0.1,2,0,64,0.01559591278580574,0.004690200738244332,0.4838709677419355,0.4032258064516129,0.5967741935483871,30.403225806451612,0.32957815410916996
exp2_np9_rho010_alpha2,9,0.1,2,6,76,0.011232956036452975,0.0035615645034416943,0.4861111111111111,0.5555555555555556,0.4444444444444444,37.81944444444444,0.2808784274182775
exp2_np9_rho010_alpha2,9,0.1,2,12,62,0.019116477871005226,0.017335556867578372,0.43333333333333335,0.55,0.45,36.6,-0.20520789626461963
exp2_np9_rho010_alpha2,9,0.1,2,3,72,0.02375214101083565,-0.011523876608545258,0.5652173913043478,0.4927536231884058,0.5072463768115942,31.608695652173914,0.12061085124434207
exp2_np9_rho010_alpha2,9,0.1,2,5,64,0.07001520348937533,0.03148855650122062,0.36065573770491804,0.5901639344262295,0.4098360655737705,38.32786885245902,-0.20057828881945564
exp2_np9_rho010_alpha2,9,0.1,2,13,62,0.06610070531047652,0.019490870022652373,0.4166666666666667,0.4666666666666667,0.5333333333333333,38.8,-0.4665006409151109
exp2_np9_rho010_alpha2,9,0.1,2,16,51,0.0006794831910247889,-0.0199813623154661,0.5918367346938775,0.5714285714285714,0.42857142857142855,36.83673469387755,0.059511423380590484
exp2_np9_rho010_alpha2,9,0.1,2,18,67,0.0463382746697267,-0.007898877516078429,0.5076923076923077,0.5692307692307692,0.4307692307692308,38.8,0.18187111120359373
exp2_np9_rho010_alpha2,9,0.1,2,19,72,0.0066621316881529755,-0.004321575931962585,0.5285714285714286,0.5571428571428572,0.44285714285714284,27.885714285714286,0.04966791893861044
exp2_np9_rho010_alpha2,9,0.1,2,20,66,0.007317490785516548,0.003381904749827136,0.47619047619047616,0.5555555555555556,0.4444444444444444,34.888888888888886,-0.028082640545387467
exp2_np9_rho010_alpha2,9,0.1,2,17,71,0.020538186441298407,0.015105204860979882,0.391304347826087,0.5507246376811594,0.4492753623188406,36.89855072463768,0.024819207994457956
exp2_np9_rho010_alpha2,9,0.1,2,21,58,0.02815745839374903,0.039703667153419886,0.37735849056603776,0.5660377358490566,0.4339622641509434,31.71698113207547,0.2082882266051847
exp2_np9_rho010_alpha2,9,0.1,2,22,64,0.010843617352588111,0.016296201334704108,0.4262295081967213,0.4426229508196721,0.5573770491803278,41.36065573770492,-0.014848418454686397
exp2_np9_rho010_alpha2,9,0.1,2,25,64,0.026782809024773285,-0.014760728525208933,0.5245901639344263,0.4098360655737705,0.5901639344262295,36.85245901639344,-0.10639922678403956
exp2_np9_rho010_alpha2,9,0.1,2,24,69,0.022743504248898386,0.009931903347377258,0.4696969696969697,0.4393939393939394,0.5606060606060606,29.59090909090909,-0.16130340315074448
exp2_np9_rho010_alpha2,9,0.1,2,28,71,-0.009687006036703125,-0.020893725531614393,0.5441176470588235,0.5441176470588235,0.45588235294117646,30.735294117647058,0.1252993992190777
exp2_np9_rho010_alpha2,9,0.1,2,27,68,0.041339150959549695,0.019755087361635226,0.4126984126984127,0.6031746031746031,0.3968253968253968,36.53968253968254,-0.44679039955363425
exp2_np9_rho010_alpha2,9,0.1,2,26,74,0.03266184388675428,-0.004406012793560343,0.5205479452054794,0.3835616438356164,0.6164383561643836,33.41095890410959,-0.11201902407516416
exp2_np9_rho010_alpha2,9,0.1,2,23,78,0.02726549726668529,0.00895092759321825,0.4342105263157895,0.5789473684210527,0.42105263157894735,41.43421052631579,-0.03110548978634323
exp2_np9_rho010_alpha2,9,0.1,2,29,73,0.010482886123482443,0.010765613973270582,0.43661971830985913,0.4788732394366197,0.5211267605633803,36.2112676056338,-0.14390688675957689
exp2_np9_rho010_alpha2,9,0.1,2,30,87,0.029413228026470634,-0.0009192310352257316,0.5,0.47619047619047616,0.5238095238095238,31.416666666666668,0.14569904117402413
exp2_np9_rho010_alpha2,9,0.1,2,31,68,0.007510870475017334,-0.0020343501312156675,0.5076923076923077,0.49230769230769234,0.5076923076923077,40.2,0.08574588910380225
exp2_np9_rho010_alpha2,9,0.1,2,33,71,0.007973640448199574,0.001400603347087248,0.463768115942029,0.42028985507246375,0.5797101449275363,31.07246376811594,0.01888251746435034
exp2_np9_rho010_alpha2,9,0.1,2,32,61,0.03577214094570665,0.024965518716184576,0.4067796610169492,0.4406779661016949,0.559322033898305,27.491525423728813,0.08755014545264095
exp2_np9_rho010_alpha2,9,0.1,2,36,63,0.007658718329167365,0.013407635832299203,0.4666666666666667,0.5,0.5,27.816666666666666,0.12818008609807915
exp2_np9_rho010_alpha2,9,0.1,2,39,64,0.04945897746688931,0.02118275780767842,0.4426229508196721,0.5081967213114754,0.4918032786885246,36.14754098360656,-0.13244238266086664
exp2_np9_rho010_alpha2,9,0.1,2,35,62,0.03845540925495018,0.012182822965901785,0.4915254237288136,0.5254237288135594,0.4745762711864407,37.32203389830509,-0.10545473026670456
exp2_np9_rho010_alpha2,9,0.1,2,38,58,0.040735180283111065,-0.0042493409065049725,0.5370370370370371,0.4444444444444444,0.5555555555555556,28.51851851851852,-0.2917137268281362
exp2_np9_rho010_alpha2,9,0.1,2,34,57,0.05394259852330424,-0.00779527187442941,0.5454545454545454,0.509090909090909,0.4909090909090909,30.836363636363636,-0.2016706286707139
exp2_np9_rho010_alpha2,9,0.1,2,40,66,0.017271616038151968,-0.006370760342234938,0.5396825396825397,0.5238095238095238,0.47619047619047616,31.857142857142858,-0.21888381645721952
exp2_np9_rho010_alpha2,9,0.1,2,37,82,0.02678950576281497,-0.020002682766108393,0.5875,0.55,0.45,35.775,-0.3466132508160857
exp2_np9_rho010_alpha2,9,0.1,2,42,56,0.03670121523313298,0.010948248346987821,0.46296296296296297,0.37037037037037035,0.6296296296296297,42.111111111111114,-0.15396701922421696
exp2_np9_rho010_alpha2,9,0.1,2,43,53,0.027507215946836985,0.02293318863216065,0.46808510638297873,0.48936170212765956,0.5106382978723404,41.638297872340424,-0.42377751701637867
exp2_np9_rho010_alpha2,9,0.1,2,46,55,0.01704080017210085,0.005234600474831375,0.4807692307692308,0.38461538461538464,0.6153846153846154,41.03846153846154,0.2112781327493338
exp2_np9_rho010_alpha2,9,0.1,2,45,70,0.016593007740469692,-0.016587670889470996,0.5441176470588235,0.4411764705882353,0.5588235294117647,37.588235294117645,0.14803517326356702
exp2_np9_rho010_alpha2,9,0.1,2,44,59,0.05243801829605125,0.02285767880678158,0.42105263157894735,0.5087719298245614,0.49122807017543857,37.07017543859649,-0.2504116589554778
exp2_np9_rho010_alpha2,9,0.1,2,41,62,0.04115293853502287,0.005358544224044248,0.48333333333333334,0.5,0.5,36.78333333333333,-0.28652364529871255
exp2_np9_rho010_alpha2,9,0.1,2,47,62,0.022136615326239145,-0.020560774652687464,0.5344827586206896,0.5,0.5,38.91379310344828,0.20474488950227346
exp2_np9_rho010_alpha2,9,0.1,2,48,65,0.02450649798657709,0.009272934631917806,0.46774193548387094,0.46774193548387094,0.532258064516129,36.83870967741935,0.01637488733431426
exp2_np9_rho010_alpha2,9,0.1,2,51,57,0.02969930857858069,-0.0012903689782302052,0.509090909090909,0.41818181818181815,0.5818181818181818,30.8,0.1550716724531569
exp2_np9_rho010_alpha2,9,0.1,2,49,73,0.003413705722604427,-0.0064272484366600935,0.5285714285714286,0.44285714285714284,0.5571428571428572,39.92857142857143,0.06721406598402883
exp2_np9_rho010_alpha2,9,0.1,2,54,71,0.03411334897758243,-0.005999984918500623,0.5072463768115942,0.5072463768115942,0.4927536231884058,36.52173913043478,0.028593089712294052
exp2_np9_rho010_alpha2,9,0.1,2,53,59,0.023067728136262657,0.01696725659310605,0.3793103448275862,0.46551724137931033,0.5344827586206896,41.6551724137931,-0.16806029546451534
exp2_np9_rho010_alpha2,9,0.1,2,55,67,0.028941323070194768,0.010103181432892683,0.4262295081967213,0.45901639344262296,0.5409836065573771,35.67213114754098,0.098452438939305
exp2_np9_rho010_alpha2,9,0.1,2,50,63,0.03550346741750738,0.008180826705946664,0.46774193548387094,0.5806451612903226,0.41935483870967744,32.516129032258064,-0.13556638542946192
exp2_np9_rho010_alpha2,9,0.1,2,59,72,0.028449130137887402,0.003751330890132465,0.4857142857142857,0.4714285714285714,0.5285714285714286,35.614285714285714,-0.13335898651529396
exp2_np9_rho010_alpha2,9,0.1,2,62,81,0.03171023402683484,0.018299743683134917,0.4342105263157895,0.5526315789473685,0.4473684210526316,30.86842105263158,0.012876450917140047
exp2_np9_rho010_alpha2,9,0.1,2,56,58,0.04211253335137822,0.042471340608527086,0.37037037037037035,0.48148148148148145,0.5185185185185185,27.51851851851852,-0.03123903994867509
exp2_np9_rho010_alpha2,9,0.1,2,63,68,0.030403455806267844,0.009050614828256087,0.4153846153846154,0.5384615384615384,0.46153846153846156,33.261538461538464,-0.1627135412747388
exp2_np9_rho010_alpha2,9,0.1,2,52,66,0.011581996715369728,-0.0024411591724193826,0.5692307692307692,0.4,0.6,30.29230769230769,0.1639023774837618
exp2_np9_rho010_alpha2,9,0.1,2,60,65,0.04055880168375859,0.014493837764087747,0.4838709677419355,0.41935483870967744,0.5806451612903226,33.66129032258065,-0.25241002048934036
exp2_np9_rho010_alpha2,9,0.1,2,61,65,0.059131699493545235,0.029459712283240513,0.4126984126984127,0.5396825396825397,0.4603174603174603,34.73015873015873,0.06643041938797246
exp2_np9_rho010_alpha2,9,0.1,2,58,61,0.044395335766265275,0.013372199889341019,0.43103448275862066,0.43103448275862066,0.5689655172413793,33.94827586206897,-0.1180259689042849
exp2_np9_rho010_alpha2,9,0.1,2,57,70,0.011942572294697388,-0.020636395909510163,0.5757575757575758,0.5909090909090909,0.4090909090909091,44.53030303030303,0.04223392703575706
exp2_np9_rho010_alpha2,9,0.1,2,64,65,0.040356593393429716,-0.015175770390123411,0.5555555555555556,0.5555555555555556,0.4444444444444444,37.333333333333336,-0.17523977673590857
exp2_np9_rho010_alpha2,9,0.1,2,66,53,0.002259565323879771,-0.011431146837638018,0.5576923076923077,0.38461538461538464,0.6153846153846154,27.442307692307693,-0.0037020360362451455
exp2_np9_rho010_alpha2,9,0.1,2,65,63,0.030217695437244972,0.01170551193213143,0.4745762711864407,0.5423728813559322,0.4576271186440678,35.59322033898305,-0.18393073382865194
exp2_np9_rho010_alpha2,9,0.1,2,68,59,0.020530079677876616,0.006590779704590766,0.45614035087719296,0.43859649122807015,0.5614035087719298,39.29824561403509,-0.2357716495379488
exp2_np9_rho010_alpha2,9,0.1,2,67,72,0.018797652601523204,0.010608942331263194,0.43478260869565216,0.5652173913043478,0.43478260869565216,34.81159420289855,0.007605530759011433
exp2_np9_rho010_alpha2,9,0.1,2,70,63,0.014551247050958812,0.0037379338005574247,0.45,0.5166666666666667,0.48333333333333334,33.31666666666667,-0.056662343144782114
exp2_np9_rho010_alpha2,9,0.1,2,69,76,0.027646028520401073,0.002645210818446042,0.4864864864864865,0.44594594594594594,0.5540540540540541,44.0,-0.09402822359951854
exp2_np9_rho010_alpha2,9,0.1,2,74,66,0.024388753198683614,0.017621563069979196,0.41935483870967744,0.4838709677419355,0.5161290322580645,39.0,0.003053552436092612
exp2_np9_rho010_alpha2,9,0.1,2,72,76,0.015774949457835606,-0.012082973066993574,0.5633802816901409,0.4788732394366197,0.5211267605633803,38.014084507042256,-0.014306812328999977
exp2_np9_rho010_alpha2,9,0.1,2,71,66,0.009297603978681374,0.0013113657406016443,0.453125,0.546875,0.453125,35.578125,0.10626145098909139
exp2_np9_rho010_alpha2,9,0.1,2,73,72,0.038639336815972355,0.011693856414389359,0.4057971014492754,0.4492753623188406,0.5507246376811594,37.6231884057971,-0.1306671854963307
exp2_np9_rho010_alpha2,9,0.1,2,78,60,0.03863710467413598,0.0019722320391775128,0.5,0.5689655172413793,0.43103448275862066,32.96551724137931,-0.3642515407128695
exp2_np9_rho010_alpha2,9,0.1,2,75,77,0.011613106804714479,0.009778172778023286,0.47368421052631576,0.4868421052631579,0.5131578947368421,32.05263157894737,-0.003946685884014096
exp2_np9_rho010_alpha2,9,0.1,2,76,69,0.039942730612187914,0.002580125871986194,0.47058823529411764,0.4264705882352941,0.5735294117647058,31.985294117647058,-0.22235479771954744
exp2_np9_rho010_alpha2,9,0.1,2,77,75,0.03461384179074042,0.016312680230394783,0.4583333333333333,0.5138888888888888,0.4861111111111111,43.05555555555556,-0.26885116968503925
exp2_np9_rho010_alpha2,9,0.1,2,79,54,0.030135820423647708,0.008635585872300844,0.40384615384615385,0.5576923076923077,0.4423076923076923,39.32692307692308,0.12268331420894746
exp2_np9_rho010_alpha2,9,0.1,2,80,67,0.0212735815496541,0.020462956737792748,0.421875,0.546875,0.453125,33.5625,0.23056070965971795
exp2_np9_rho010_alpha2,9,0.1,2,81,62,0.008728890766812011,0.007531007507650234,0.45,0.5666666666666667,0.43333333333333335,32.3,0.08118533057293616
exp2_np9_rho010_alpha2,9,0.1,2,84,71,0.016084951784617225,-0.024062164766654348,0.6323529411764706,0.4852941176470588,0.5147058823529411,40.63235294117647,-0.017681767324363044
exp2_np9_rho010_alpha2,9,0.1,2,82,48,0.04765010334917962,-0.01313851181143555,0.574468085106383,0.44680851063829785,0.5531914893617021,33.04255319148936,-0.3053551899172292
exp2_np9_rho010_alpha2,9,0.1,2,83,60,0.024674697991277136,0.010225974606102639,0.43103448275862066,0.4482758620689655,0.5517241379310345,36.793103448275865,0.18931934277891121
exp2_np9_rho010_alpha2,9,0.1,2,85,59,0.03166706769938211,-0.004502224502584085,0.543859649122807,0.6140350877192983,0.38596491228070173,37.85964912280702,0.14006559937640126
exp2_np9_rho010_alpha2,9,0.1,2,86,63,0.03628858674065186,-0.0068897055341983204,0.5084745762711864,0.5932203389830508,0.4067796610169492,30.93220338983051,-0.3226879314756062
exp2_np9_rho010_alpha2,9,0.1,2,91,62,0.03773707682045608,-0.004294393998404367,0.5081967213114754,0.5409836065573771,0.45901639344262296,52.868852459016395,-0.38298767491630065
exp2_np9_rho010_alpha2,9,0.1,2,89,63,0.030508263486184285,0.02545862112453179,0.3770491803278688,0.5737704918032787,0.4262295081967213,36.31147540983606,-0.2181323745471179
exp2_np9_rho010_alpha2,9,0.1,2,87,67,0.037658832434315295,0.008838989110052431,0.3939393939393939,0.4696969696969697,0.5303030303030303,41.39393939393939,0.021837770027318206
exp2_np9_rho010_alpha2,9,0.1,2,92,73,0.034340943588583965,-0.0034751297190034336,0.5652173913043478,0.5362318840579711,0.463768115942029,37.72463768115942,-0.07416649060137936
exp2_np9_rho010_alpha2,9,0.1,2,90,71,0.015320685662982057,-0.014271526465207351,0.5362318840579711,0.5797101449275363,0.42028985507246375,43.15942028985507,-0.043839569362923554
exp2_np9_rho010_alpha2,9,0.1,2,88,79,0.03267741007297369,0.004373088912450029,0.4666666666666667,0.4533333333333333,0.5466666666666666,39.45333333333333,0.07830888047999651
exp2_np9_rho010_alpha2,9,0.1,2,93,62,0.015956950368782617,0.0008728570312337425,0.5,0.5,0.5,27.20689655172414,0.1738479791429936
exp2_np9_rho010_alpha2,9,0.1,2,94,58,0.02198996771814286,0.01842474579902209,0.42857142857142855,0.5535714285714286,0.44642857142857145,35.982142857142854,0.13764237141040364
exp2_np9_rho010_alpha2,9,0.1,2,95,68,0.01367772702322058,0.003678587194332117,0.46153846153846156,0.46153846153846156,0.5384615384615384,36.50769230769231,-0.01156891266909806
exp2_np9_rho010_alpha2,9,0.1,2,96,66,0.01918700402739944,-0.017417039474183937,0.6129032258064516,0.43548387096774194,0.5645161290322581,31.64516129032258,-0.12793381869825526
exp2_np9_rho010_alpha2,9,0.1,2,97,68,0.025592792637867498,-0.006399261393243538,0.546875,0.5,0.5,38.1875,-0.07969157644511915
exp2_np9_rho010_alpha2,9,0.1,2,98,83,0.04294772358434563,0.010611783388655205,0.4578313253012048,0.5180722891566265,0.4819277108433735,34.78313253012048,-0.0985510652245336
exp2_np9_rho010_alpha2,9,0.1,2,99,60,0.01958115638960298,0.0032203802375860846,0.4915254237288136,0.4745762711864407,0.5254237288135594,30.89830508474576,0.06703335079708822
exp2_np9_rho010_alpha2,9,0.1,2,100,64,0.024502623346586358,0.01802204950388564,0.41935483870967744,0.4838709677419355,0.5161290322580645,40.935483870967744,-0.17919257105346179
exp2_np9_rho010_alpha2,9,0.1,2,101,67,0.010319723109376636,-0.016201256381414453,0.578125,0.375,0.625,39.09375,-0.13752404315480005
exp2_np9_rho010_alpha2,9,0.1,2,102,69,0.009053832077131474,-0.0031540309164981295,0.5147058823529411,0.4411764705882353,0.5588235294117647,36.911764705882355,0.2459578815360058
exp2_np9_rho010_alpha2,9,0.1,2,104,68,-0.0028488994711267646,-0.02716986270456534,0.546875,0.515625,0.484375,34.0,0.16193475110756841
exp2_np9_rho010_alpha2,9,0.1,2,103,81,0.049250008288168494,0.013408509162802673,0.44155844155844154,0.5844155844155844,0.4155844155844156,39.72727272727273,-0.23962230280287386
exp2_np9_rho010_alpha2,9,0.1,2,105,70,0.033454322198178905,0.004010688886886715,0.45454545454545453,0.5151515151515151,0.48484848484848486,37.378787878787875,-0.23067674602410124
exp2_np9_rho010_alpha2,9,0.1,2,106,61,0.03147457500582647,0.010757965252399249,0.4827586206896552,0.5689655172413793,0.43103448275862066,39.39655172413793,-0.021936452332120254
exp2_np9_rho010_alpha2,9,0.1,2,107,65,0.033738409065685565,0.017407714941042762,0.40625,0.5625,0.4375,30.796875,-0.2304108571118596
exp2_np9_rho010_alpha2,9,0.1,2,109,79,0.03464047822031371,0.01459595992594176,0.40789473684210525,0.5131578947368421,0.4868421052631579,33.96052631578947,0.09855207896743264
exp2_np9_rho010_alpha2,9,0.1,2,108,64,0.013404680488738437,0.0008572777744539906,0.47619047619047616,0.6031746031746031,0.3968253968253968,35.333333333333336,-0.1435122789906381
exp2_np9_rho010_alpha2,9,0.1,2,110,66,0.027176199172604637,0.012565538301976709,0.453125,0.515625,0.484375,34.84375,0.016482525565825547
exp2_np9_rho010_alpha2,9,0.1,2,111,76,0.023021802573836632,-6.477319923359204e-05,0.5,0.5833333333333334,0.4166666666666667,36.638888888888886,0.18171066249054163
exp2_np9_rho010_alpha2,9,0.1,2,112,63,0.00808064356270441,-0.03522512417026391,0.5737704918032787,0.45901639344262296,0.5409836065573771,32.85245901639344,-0.23573883736295323
exp2_np9_rho010_alpha2,9,0.1,2,113,54,0.013005683394666293,-0.007508663466668342,0.5384615384615384,0.4423076923076923,0.5576923076923077,41.57692307692308,-0.13021997548960257
exp2_np9_rho010_alpha2,9,0.1,2,114,63,0.009170045703090969,0.009622896767392142,0.4838709677419355,0.532258064516129,0.46774193548387094,33.54838709677419,0.23735722806525894
exp2_np9_rho010_alpha2,9,0.1,2,115,74,0.04525033996295923,0.005480094435367011,0.4444444444444444,0.4583333333333333,0.5416666666666666,37.31944444444444,-0.27229926620902795
exp2_np9_rho010_alpha2,9,0.1,2,117,74,0.007669055153358162,0.0006051903352726207,0.4714285714285714,0.5428571428571428,0.45714285714285713,33.15714285714286,0.15579005387564046
exp2_np9_rho010_alpha2,9,0.1,2,116,58,0.008189128260993855,-0.0023029560535157145,0.5087719298245614,0.543859649122807,0.45614035087719296,35.49122807017544,-0.03360113062198546
exp2_np9_rho010_alpha2,9,0.1,2,118,61,-0.013373342230256033,-0.026047492049476872,0.576271186440678,0.423728813559322,0.576271186440678,34.25423728813559,0.11224585680118765
exp2_np9_rho010_alpha2,9,0.1,2,121,69,0.022236831877544078,0.006767511973960083,0.43283582089552236,0.5522388059701493,0.44776119402985076,32.417910447761194,0.0966033124513875
exp2_np9_rho010_alpha2,9,0.1,2,123,51,0.0234576165341376,0.02228184425790536,0.42,0.58,0.42,32.72,-0.19509940224194447
exp2_np9_rho010_alpha2,9,0.1,2,120,72,0.02852209810660607,0.0009289045216354097,0.4852941176470588,0.5735294117647058,0.4264705882352941,43.5735294117647,-0.08893814589111752
exp2_np9_rho010_alpha2,9,0.1,2,119,60,0.011331734854711173,-0.011276960958765514,0.5178571428571429,0.48214285714285715,0.5178571428571429,37.17857142857143,0.05511670510671622
exp2_np9_rho010_alpha2,9,0.1,2,122,67,0.032024118137224195,0.02396161448227474,0.421875,0.453125,0.546875,40.28125,-0.024954413072839216
exp2_np9_rho010_alpha2,9,0.1,2,124,76,0.04316648682737374,0.0011304952856088235,0.4794520547945205,0.5068493150684932,0.4931506849315068,33.23287671232877,0.030411389383289186
exp2_np9_rho010_alpha2,9,0.1,2,125,72,0.01868749379403758,0.013221952398654757,0.4057971014492754,0.5362318840579711,0.463768115942029,31.884057971014492,-0.12989032955550542
exp2_np9_rho010_alpha2,9,0.1,2,126,59,0.018185327065142427,0.006584789443201622,0.4909090909090909,0.4909090909090909,0.509090909090909,33.945454545454545,-0.1562622899245588
exp2_np9_rho010_alpha2,9,0.1,2,127,70,0.00421536657220971,-0.007678821397989477,0.5454545454545454,0.6666666666666666,0.3333333333333333,38.04545454545455,0.22685612639956731
exp2_np9_rho010_alpha2,9,0.1,2,128,62,0.019373399941216275,-0.005498715794443054,0.5166666666666667,0.4166666666666667,0.5833333333333334,43.55,-0.22980738693683883
exp2_np9_rho010_alpha2,9,0.1,2,129,58,0.02490130654812122,-0.005082082595107007,0.5357142857142857,0.48214285714285715,0.5178571428571429,37.285714285714285,0.07510362034943485
exp2_np9_rho010_alpha2,9,0.1,2,131,68,0.046501158650834325,0.023109676530399526,0.3283582089552239,0.44776119402985076,0.5522388059701493,33.8955223880597,-0.058778659658891695
exp2_np9_rho010_alpha2,9,0.1,2,130,68,0.02721224788320396,0.009773826599843716,0.47619047619047616,0.42857142857142855,0.5714285714285714,39.44444444444444,0.09174260978100218
exp2_np9_rho010_alpha2,9,0.1,2,132,64,0.024261073019578503,0.015618475447423119,0.36666666666666664,0.5666666666666667,0.43333333333333335,35.78333333333333,-0.15054112869845218
exp2_np9_rho010_alpha2,9,0.1,2,133,58,0.02658385953620687,-0.00361395950659249,0.5,0.5,0.5,41.44642857142857,-0.13659666724580408
exp2_np9_rho010_alpha2,9,0.1,2,134,66,0.02047318567606045,-0.01087360343867294,0.5625,0.515625,0.484375,37.78125,-0.05828795292199665
exp2_np9_rho010_alpha2,9,0.1,2,136,66,0.025587298031033323,0.00632674184834503,0.46153846153846156,0.5230769230769231,0.47692307692307695,33.90769230769231,0.0044224998718697525
exp2_np9_rho010_alpha2,9,0.1,2,135,45,0.05290906682689296,0.021934609616079292,0.4418604651162791,0.4186046511627907,0.5813953488372093,36.372093023255815,-0.340538467029105
exp2_np9_rho010_alpha2,9,0.1,2,137,65,0.01662638777083856,-0.008991266407848642,0.5538461538461539,0.47692307692307695,0.5230769230769231,36.87692307692308,0.21278086609089317
exp2_np9_rho010_alpha2,9,0.1,2,139,70,0.015170119271581895,0.00825618591500099,0.463768115942029,0.4927536231884058,0.5072463768115942,32.43478260869565,0.033612346180368693
exp2_np9_rho010_alpha2,9,0.1,2,138,67,0.045934012900211894,0.008115532897461364,0.4153846153846154,0.47692307692307695,0.5230769230769231,38.10769230769231,0.004919966149565638
exp2_np9_rho010_alpha2,9,0.1,2,141,65,0.0009310751895099631,-0.017366371207408804,0.5714285714285714,0.5555555555555556,0.4444444444444444,34.07936507936508,-0.24619296898230256
exp2_np9_rho010_alpha2,9,0.1,2,140,61,0.023120536991497184,0.0011495535867442896,0.5,0.5344827586206896,0.46551724137931033,33.8448275862069,0.10949326060550436
exp2_np9_rho010_alpha2,9,0.1,2,142,66,0.031134112467303784,0.027472473443872047,0.4461538461538462,0.5538461538461539,0.4461538461538462,42.04615384615385,0.012706537956841749
exp2_np9_rho010_alpha2,9,0.1,2,143,59,0.022007883398130534,0.021786304017348712,0.39285714285714285,0.5,0.5,40.982142857142854,0.19185327479419748
exp2_np9_rho010_alpha2,9,0.1,2,144,65,0.04962067570337742,0.018664663832471007,0.4153846153846154,0.49230769230769234,0.5076923076923077,41.86153846153846,-0.18208323297002899
exp2_np9_rho010_alpha2,9,0.1,2,145,71,0.01763353335726019,0.004349409860796349,0.43478260869565216,0.42028985507246375,0.5797101449275363,39.31884057971015,0.16669515453602815
exp2_np9_rho010_alpha2,9,0.1,2,146,60,0.02222752949136548,0.007207551133595835,0.4482758620689655,0.5862068965517241,0.41379310344827586,32.706896551724135,0.01152341121623987
exp2_np9_rho010_alpha2,9,0.1,2,147,69,0.03444631068576627,0.01584113912780616,0.417910447761194,0.5223880597014925,0.47761194029850745,36.47761194029851,-0.12230079506127758
exp2_np9_rho010_alpha2,9,0.1,2,148,56,0.028000257660279786,0.014979992612995652,0.48148148148148145,0.35185185185185186,0.6481481481481481,29.24074074074074,-0.2162388671044407
exp2_np9_rho010_alpha2,9,0.1,2,149,69,0.039452379144895494,0.022500334110620912,0.40298507462686567,0.5223880597014925,0.47761194029850745,32.53731343283582,-0.021033223459428454
exp2_np9_rho010_alpha2,9,0.1,2,150,75,0.049633802235387624,0.00995306516323069,0.4657534246575342,0.4246575342465753,0.5753424657534246,38.6986301369863,-0.2414180951247881
exp2_np9_rho010_alpha2,9,0.1,2,153,73,0.01712744433832251,0.0039951633381458684,0.4714285714285714,0.5571428571428572,0.44285714285714284,34.57142857142857,-0.12605712584749346
exp2_np9_rho010_alpha2,9,0.1,2,151,63,0.015107712343085833,-0.0020625120208852543,0.5161290322580645,0.532258064516129,0.46774193548387094,33.70967741935484,0.013800903581594944
exp2_np9_rho010_alpha2,9,0.1,2,154,62,0.032534703460620144,0.0016027748778117967,0.48333333333333334,0.6166666666666667,0.38333333333333336,39.833333333333336,-0.38841895414195976
exp2_np9_rho010_alpha2,9,0.1,2,152,70,0.012211182880088047,0.015142510619065241,0.463768115942029,0.43478260869565216,0.5652173913043478,34.63768115942029,0.20338683839358274
exp2_np9_rho010_alpha2,9,0.1,2,155,62,0.011059852358429951,0.005757951499557379,0.4576271186440678,0.576271186440678,0.423728813559322,35.67796610169491,0.09791980407875435
exp2_np9_rho010_alpha2,9,0.1,2,156,64,0.016780334504012086,-0.0042336738636787885,0.5081967213114754,0.4426229508196721,0.5573770491803278,35.57377049180328,-0.004296394674902859
exp2_np9_rho010_alpha2,9,0.1,2,157,71,0.006694299998251629,-0.003116974128963612,0.5072463768115942,0.4927536231884058,0.5072463768115942,36.04347826086956,0.12894087205327195
exp2_np9_rho010_alpha2,9,0.1,2,159,71,0.02411812897149873,-0.00020036574509951777,0.5072463768115942,0.5072463768115942,0.4927536231884058,40.3768115942029,0.05567941455332681
exp2_np9_rho010_alpha2,9,0.1,2,158,55,0.02423657350092773,0.0035798194999170363,0.47058823529411764,0.5882352941176471,0.4117647058823529,36.509803921568626,0.22988214271555676
exp2_np9_rho010_alpha2,9,0.1,2,160,63,0.032596385577160325,0.01473567102443507,0.4098360655737705,0.5081967213114754,0.4918032786885246,45.83606557377049,-0.23023334196319578
exp2_np9_rho010_alpha2,9,0.1,2,161,61,0.03395048972737424,0.002867678029452314,0.4827586206896552,0.5172413793103449,0.4827586206896552,31.74137931034483,-0.13706233487173608
exp2_np9_rho010_alpha2,9,0.1,2,162,54,0.011619838347186162,0.006131821188092523,0.4807692307692308,0.46153846153846156,0.5384615384615384,31.076923076923077,-0.08084719970192891
exp2_np9_rho010_alpha2,9,0.1,2,164,64,0.024541788877832305,-0.006832186625611136,0.5245901639344263,0.5901639344262295,0.4098360655737705,33.32786885245902,0.23522604199976746
exp2_np9_rho010_alpha2,9,0.1,2,163,68,0.021694599382226405,-0.0007650854769942761,0.5,0.5151515151515151,0.48484848484848486,41.42424242424242,0.13736683407498093
exp2_np9_rho010_alpha2,9,0.1,2,166,76,0.017316913077798722,-0.002915089730826992,0.5205479452054794,0.5616438356164384,0.4383561643835616,34.06849315068493,-0.1736322096591705
exp2_np9_rho010_alpha2,9,0.1,2,165,78,0.04437202614539765,-0.003357435590760627,0.5394736842105263,0.5657894736842105,0.4342105263157895,36.60526315789474,-0.1843909781358956
exp2_np9_rho010_alpha2,9,0.1,2,168,66,0.049866542644337056,0.01944722968118473,0.3968253968253968,0.5873015873015873,0.4126984126984127,39.714285714285715,-0.3787642093900775
exp2_np9_rho010_alpha2,9,0.1,2,167,65,0.03906153342707293,0.017165639234466568,0.43548387096774194,0.6451612903225806,0.3548387096774194,38.064516129032256,-0.05044864292822409
exp2_np9_rho010_alpha2,9,0.1,2,170,64,0.011361338217784189,-0.016290474445735725,0.5714285714285714,0.5238095238095238,0.47619047619047616,42.6031746031746,0.09348471299277851
exp2_np9_rho010_alpha2,9,0.1,2,171,73,0.03889515258424303,0.01158415484533748,0.44285714285714284,0.6571428571428571,0.34285714285714286,35.51428571428571,-0.18700922009438764
exp2_np9_rho010_alpha2,9,0.1,2,169,67,0.034900849206185275,0.01798542906516154,0.4090909090909091,0.5,0.5,34.09090909090909,-0.10953822235726376
exp2_np9_rho010_alpha2,9,0.1,2,173,73,-0.005929989810548186,-0.04312550817409644,0.5588235294117647,0.5882352941176471,0.4117647058823529,40.470588235294116,0.03663626989489982
exp2_np9_rho010_alpha2,9,0.1,2,172,65,0.004380989417957615,-0.011315010331037545,0.5806451612903226,0.43548387096774194,0.5645161290322581,31.080645161290324,-0.027862793697718522
exp2_np9_rho010_alpha2,9,0.1,2,174,57,0.04648187874357176,-0.0021394923473150307,0.5178571428571429,0.44642857142857145,0.5535714285714286,39.732142857142854,0.1630264997982324
exp2_np9_rho010_alpha2,9,0.1,2,175,73,0.03705018033719163,0.01822206514015612,0.43478260869565216,0.4927536231884058,0.5072463768115942,32.710144927536234,-0.006039077397432601
exp2_np9_rho010_alpha2,9,0.1,2,176,78,0.06448522905779969,0.018788016167405885,0.3561643835616438,0.5068493150684932,0.4931506849315068,35.56164383561644,-0.20967628504596797
exp2_np9_rho010_alpha2,9,0.1,2,177,64,0.002510526238027329,0.0019939419915075973,0.5,0.55,0.45,32.55,0.1658085266180556
exp2_np9_rho010_alpha2,9,0.1,2,178,71,0.007959820878471037,-0.0032938062300829074,0.5,0.5285714285714286,0.4714285714285714,40.614285714285714,-0.1397560080549819
exp2_np9_rho010_alpha2,9,0.1,2,179,63,0.024592449732375996,0.00022830992082489843,0.49206349206349204,0.5396825396825397,0.4603174603174603,40.507936507936506,-0.24579684871665378
exp2_np9_rho010_alpha2,9,0.1,2,180,64,0.031969117062331104,0.0032371006714688733,0.4838709677419355,0.5483870967741935,0.45161290322580644,37.17741935483871,-0.05420645391408407
exp2_np9_rho010_alpha2,9,0.1,2,181,68,0.041983827357335184,0.020910994251652326,0.4,0.4153846153846154,0.5846153846153846,34.30769230769231,0.05957410621845876
exp2_np9_rho010_alpha2,9,0.1,2,182,63,0.04200963299300404,0.0061327660389074445,0.4666666666666667,0.4666666666666667,0.5333333333333333,50.71666666666667,0.08377233470675215
exp2_np9_rho010_alpha2,9,0.1,2,185,78,0.024280582776231723,-0.007751815506603865,0.5135135135135135,0.44594594594594594,0.5540540540540541,38.729729729729726,-0.053786426897289026
exp2_np9_rho010_alpha2,9,0.1,2,183,63,0.01717612177757257,0.004195834511823371,0.4918032786885246,0.5245901639344263,0.47540983606557374,33.91803278688525,0.08901061692814652
exp2_np9_rho010_alpha2,9,0.1,2,184,76,0.028639001598086408,-0.006137117976543038,0.5068493150684932,0.547945205479452,0.4520547945205479,42.0,-0.07495953029285617
exp2_np9_rho010_alpha2,9,0.1,2,189,74,0.04383334243701076,0.013872585895726264,0.375,0.6805555555555556,0.3194444444444444,38.125,-0.09348417592790394
exp2_np9_rho010_alpha2,9,0.1,2,186,61,0.04312874429693457,0.019518198168333,0.423728813559322,0.5254237288135594,0.4745762711864407,37.11864406779661,-0.23478895546449535
exp2_np9_rho010_alpha2,9,0.1,2,187,42,0.017036487671343935,-0.009669434985002834,0.525,0.475,0.525,39.2,0.1258409843354138
exp2_np9_rho010_alpha2,9,0.1,2,188,67,0.00738857104978949,0.025965623913267954,0.47619047619047616,0.3968253968253968,0.6031746031746031,34.82539682539682,0.1308372450782556
exp2_np9_rho010_alpha2,9,0.1,2,190,58,0.04372329029169391,0.015034380098772004,0.38181818181818183,0.5454545454545454,0.45454545454545453,33.127272727272725,0.08568987535408266
exp2_np9_rho010_alpha2,9,0.1,2,192,59,0.007789803404671124,-0.014201304758848732,0.5370370370370371,0.5555555555555556,0.4444444444444444,27.537037037037038,0.14688169099448806
exp2_np9_rho010_alpha2,9,0.1,2,191,52,0.0166324445483117,0.00027069265719070756,0.47058823529411764,0.49019607843137253,0.5098039215686274,37.72549019607843,-0.17826684046516755
exp2_np9_rho010_alpha2,9,0.1,2,193,61,0.0008472976143515218,0.0019436627711169052,0.4915254237288136,0.5084745762711864,0.4915254237288136,40.983050847457626,0.12164962337249259
exp2_np9_rho010_alpha2,9,0.1,2,196,76,0.05080056360399353,0.002139501743535277,0.48,0.4666666666666667,0.5333333333333333,35.373333333333335,-0.28044657308296034
exp2_np9_rho010_alpha2,9,0.1,2,197,69,0.04170187167770574,0.006922317787684484,0.44776119402985076,0.5522388059701493,0.44776119402985076,33.791044776119406,-0.2594787474374132
exp2_np9_rho010_alpha2,9,0.1,2,199,71,0.029006867585111906,-0.001543767201320989,0.5,0.5294117647058824,0.47058823529411764,38.75,0.07680973957777398
exp2_np9_rho010_alpha2,9,0.1,2,198,55,0.04673868575489382,-0.00204213006941778,0.5272727272727272,0.6181818181818182,0.38181818181818183,32.89090909090909,-0.18954222977830196
exp2_np9_rho010_alpha2,9,0.1,2,194,53,0.0057182485095798085,-0.01077282355924769,0.56,0.56,0.44,39.64,0.09630880473431024
exp2_np9_rho010_alpha2,9,0.1,2,195,86,0.03022457925101617,-0.010753741964191654,0.5301204819277109,0.5421686746987951,0.4578313253012048,41.78313253012048,-0.1031658865107815
exp2_np9_rho010_alpha5,9,0.1,5,1,51,0.027791022971013657,0.00138137157031748,0.5,0.48,0.52,39.3,-0.3805375322251728
exp2_np9_rho010_alpha5,9,0.1,5,2,52,0.042445143265499134,0.023264597468913628,0.40384615384615385,0.5,0.5,28.78846153846154,-0.23847131938785024
exp2_np9_rho010_alpha5,9,0.1,5,12,41,0.05498743715411438,0.03283646528269468,0.34146341463414637,0.43902439024390244,0.5609756097560976,38.292682926829265,-0.17385519256882154
exp2_np9_rho010_alpha5,9,0.1,5,3,39,0.08215623950877536,0.03458238349942011,0.3783783783783784,0.6216216216216216,0.3783783783783784,29.45945945945946,-0.17285552169211726
exp2_np9_rho010_alpha5,9,0.1,5,5,47,0.01604119997497671,0.008669763123253738,0.4444444444444444,0.5555555555555556,0.4444444444444444,33.86666666666667,-0.24863333285099468
exp2_np9_rho010_alpha5,9,0.1,5,0,47,0.026314315797282283,0.002372269570838803,0.48936170212765956,0.46808510638297873,0.5319148936170213,29.27659574468085,-0.03308452946449829
exp2_np9_rho010_alpha5,9,0.1,5,4,39,0.040599783495845386,-0.003197134117907119,0.5128205128205128,0.5384615384615384,0.46153846153846156,36.84615384615385,-0.2779448160842404
exp2_np9_rho010_alpha5,9,0.1,5,6,45,0.02940441407525274,0.022941347664588996,0.46511627906976744,0.4883720930232558,0.5116279069767442,42.13953488372093,-0.15028930635522714
exp2_np9_rho010_alpha5,9,0.1,5,7,46,0.05517332748485924,0.02878203208059471,0.4,0.5333333333333333,0.4666666666666667,35.82222222222222,-0.18487049328831573
exp2_np9_rho010_alpha5,9,0.1,5,14,43,0.014725433731042122,-0.0047838310715508925,0.5116279069767442,0.4186046511627907,0.5813953488372093,31.813953488372093,-0.09435661478423649
exp2_np9_rho010_alpha5,9,0.1,5,10,50,0.029450779088016573,0.012518378713748834,0.46,0.44,0.56,35.28,-0.0724635396297751
exp2_np9_rho010_alpha5,9,0.1,5,9,46,0.05068881437194362,0.029781396469352295,0.4090909090909091,0.4090909090909091,0.5909090909090909,34.59090909090909,-0.15079119225506513
exp2_np9_rho010_alpha5,9,0.1,5,8,47,0.0029691296897527567,0.004572056744648556,0.46808510638297873,0.425531914893617,0.574468085106383,36.12765957446808,0.043737592745201864
exp2_np9_rho010_alpha5,9,0.1,5,15,47,0.035005996563198374,0.02923931209369446,0.4888888888888889,0.6,0.4,35.62222222222222,-0.2649303684763026
exp2_np9_rho010_alpha5,9,0.1,5,13,45,0.06487673429444274,0.024923437042927432,0.4,0.4888888888888889,0.5111111111111111,31.666666666666668,-0.37543255946315524
exp2_np9_rho010_alpha5,9,0.1,5,11,48,0.018713747303158078,0.0047215960834061654,0.4782608695652174,0.43478260869565216,0.5652173913043478,36.80434782608695,-0.2657273402749709
exp2_np9_rho010_alpha5,9,0.1,5,16,26,0.05661124664732135,0.024141496914205973,0.46153846153846156,0.3076923076923077,0.6923076923076923,33.15384615384615,-0.2909891667277651
exp2_np9_rho010_alpha5,9,0.1,5,18,52,0.01514075544793724,-0.011120183503485315,0.5490196078431373,0.47058823529411764,0.5294117647058824,36.627450980392155,-0.10734457121985154
exp2_np9_rho010_alpha5,9,0.1,5,19,44,0.017326655583940684,0.013045973510691589,0.4523809523809524,0.5238095238095238,0.47619047619047616,27.714285714285715,-0.001451584619906442
exp2_np9_rho010_alpha5,9,0.1,5,20,43,0.021535064118803873,0.03461256472363594,0.42857142857142855,0.42857142857142855,0.5714285714285714,33.92857142857143,-0.11432867940558032
exp2_np9_rho010_alpha5,9,0.1,5,17,44,0.01994777423275672,-0.014312922741440914,0.5581395348837209,0.4883720930232558,0.5116279069767442,34.395348837209305,-0.35179931791217345
exp2_np9_rho010_alpha5,9,0.1,5,22,42,0.023956452679215704,-0.007039997269351783,0.5476190476190477,0.5476190476190477,0.4523809523809524,42.92857142857143,-0.27882331128411475
exp2_np9_rho010_alpha5,9,0.1,5,23,58,0.029234053198432117,0.0028531106251743488,0.4827586206896552,0.43103448275862066,0.5689655172413793,43.63793103448276,-0.4197497294782947
exp2_np9_rho010_alpha5,9,0.1,5,21,34,0.034529788659878664,0.039379665025008226,0.4411764705882353,0.5,0.5,27.794117647058822,-0.12850971099217184
exp2_np9_rho010_alpha5,9,0.1,5,24,41,0.014561767184420326,0.009477359179913769,0.425,0.45,0.55,31.8,0.11909024200851416
exp2_np9_rho010_alpha5,9,0.1,5,28,32,0.03345074636700304,-0.0020191684805483945,0.53125,0.53125,0.46875,31.90625,-0.17558206552823372
exp2_np9_rho010_alpha5,9,0.1,5,26,37,0.03295223033937166,0.021262495515987467,0.43243243243243246,0.4864864864864865,0.5135135135135135,42.2972972972973,0.05599347895886954
exp2_np9_rho010_alpha5,9,0.1,5,29,55,0.0533743793589439,0.017917061019015357,0.3888888888888889,0.5185185185185185,0.48148148148148145,34.2037037037037,-0.14607530144123865
exp2_np9_rho010_alpha5,9,0.1,5,27,53,0.04841631358830141,-0.00043676928263725046,0.5,0.5384615384615384,0.46153846153846156,27.326923076923077,-0.21408888840071927
exp2_np9_rho010_alpha5,9,0.1,5,30,38,0.056719234894429496,0.03526523638362855,0.39473684210526316,0.4473684210526316,0.5526315789473685,35.78947368421053,-0.35898295050919377
exp2_np9_rho010_alpha5,9,0.1,5,31,44,0.02635189226741534,0.015252566156326974,0.4090909090909091,0.4318181818181818,0.5681818181818182,38.68181818181818,-0.4371544707369423
exp2_np9_rho010_alpha5,9,0.1,5,25,36,0.013875779347169066,-0.002687003083196693,0.5142857142857142,0.5142857142857142,0.4857142857142857,35.371428571428574,-0.14378837033933767
exp2_np9_rho010_alpha5,9,0.1,5,33,44,0.053186678843336936,0.009014460430065707,0.45454545454545453,0.5,0.5,31.613636363636363,0.11392171720203903
exp2_np9_rho010_alpha5,9,0.1,5,34,32,0.025971135309085874,0.006841021049467599,0.45161290322580644,0.5806451612903226,0.41935483870967744,25.483870967741936,-0.3289711543031633
exp2_np9_rho010_alpha5,9,0.1,5,32,41,0.010178251085048984,0.027218937328073345,0.3902439024390244,0.5365853658536586,0.4634146341463415,29.951219512195124,-0.04018341422744321
exp2_np9_rho010_alpha5,9,0.1,5,37,49,0.023014835419627733,0.020376002563878615,0.4375,0.5625,0.4375,39.1875,-0.13084854561786907
exp2_np9_rho010_alpha5,9,0.1,5,38,39,0.02510597857765296,0.004128455269412079,0.48717948717948717,0.5897435897435898,0.41025641025641024,27.025641025641026,-0.2759372153578452
exp2_np9_rho010_alpha5,9,0.1,5,35,39,0.026732688325305405,0.009212658522618433,0.46153846153846156,0.4358974358974359,0.5641025641025641,39.282051282051285,-0.1388744613167785
exp2_np9_rho010_alpha5,9,0.1,5,36,43,0.028527941928229408,-0.018258690245217757,0.5581395348837209,0.4418604651162791,0.5581395348837209,27.372093023255815,-0.11974887650581816
exp2_np9_rho010_alpha5,9,0.1,5,39,46,0.06170773054997472,0.030693738007907978,0.34782608695652173,0.43478260869565216,0.5652173913043478,35.130434782608695,-0.4250971121350009
exp2_np9_rho010_alpha5,9,0.1,5,40,40,0.05953999818745661,0.015501103108698455,0.45,0.55,0.45,32.725,-0.45720605366542805
exp2_np9_rho010_alpha5,9,0.1,5,42,42,0.025339005647908086,-0.03813496322332188,0.6341463414634146,0.5853658536585366,0.4146341463414634,38.853658536585364,-0.03024225180690591
exp2_np9_rho010_alpha5,9,0.1,5,41,39,0.03599663817467501,0.023515766989617326,0.41025641025641024,0.46153846153846156,0.5384615384615384,29.846153846153847,-0.271425632782578
exp2_np9_rho010_alpha5,9,0.1,5,44,48,0.011558884393430748,0.002586490800105423,0.48936170212765956,0.425531914893617,0.574468085106383,35.148936170212764,-0.06986767816374896
exp2_np9_rho010_alpha5,9,0.1,5,43,42,0.05708297715451891,0.03551054016263011,0.38095238095238093,0.6190476190476191,0.38095238095238093,30.80952380952381,-0.26556807297190604
exp2_np9_rho010_alpha5,9,0.1,5,46,56,0.01862940812503809,0.012267922711390877,0.46296296296296297,0.48148148148148145,0.5185185185185185,36.2962962962963,-0.29801081320456796
exp2_np9_rho010_alpha5,9,0.1,5,45,45,0.03188918918609076,0.023216683809423877,0.4222222222222222,0.5111111111111111,0.4888888888888889,34.955555555555556,0.05239326043276726
exp2_np9_rho010_alpha5,9,0.1,5,47,41,0.035030736941847086,0.004471403779306993,0.475,0.525,0.475,38.425,-0.32361432515929506
exp2_np9_rho010_alpha5,9,0.1,5,49,48,0.01501798376024253,-0.004324949060584338,0.5319148936170213,0.46808510638297873,0.5319148936170213,37.319148936170215,-0.10479064602518186
exp2_np9_rho010_alpha5,9,0.1,5,48,55,0.014869522008208581,0.002594904114292973,0.48148148148148145,0.5370370370370371,0.46296296296296297,36.27777777777778,0.030261402150924103
exp2_np9_rho010_alpha5,9,0.1,5,52,40,0.0066782710479152295,-0.0137810617663221,0.55,0.425,0.575,31.925,0.257181932561717
exp2_np9_rho010_alpha5,9,0.1,5,51,38,0.026274285681437456,-0.004241039123507928,0.5263157894736842,0.5,0.5,24.736842105263158,-0.22162677296599573
exp2_np9_rho010_alpha5,9,0.1,5,50,44,-0.0006802794823723298,-0.0065973156056293725,0.5227272727272727,0.5227272727272727,0.4772727272727273,33.72727272727273,0.12822457667466222
exp2_np9_rho010_alpha5,9,0.1,5,53,47,0.05922463526300826,0.019536522880961193,0.3829787234042553,0.48936170212765956,0.5106382978723404,36.38297872340426,-0.21271138104063805
exp2_np9_rho010_alpha5,9,0.1,5,56,42,0.014096874302937223,-0.00852875664630659,0.55,0.625,0.375,27.55,-0.009352667987061357
exp2_np9_rho010_alpha5,9,0.1,5,55,46,0.04326243303330974,0.012904832193719518,0.43478260869565216,0.45652173913043476,0.5434782608695652,35.23913043478261,-0.09524978307667606
exp2_np9_rho010_alpha5,9,0.1,5,54,49,0.023532161756313157,-0.011575070687918743,0.5833333333333334,0.4375,0.5625,32.875,0.05238371711514512
exp2_np9_rho010_alpha5,9,0.1,5,58,36,0.03254909043607689,0.019594514781307915,0.4857142857142857,0.3142857142857143,0.6857142857142857,36.885714285714286,0.06883709147688177
exp2_np9_rho010_alpha5,9,0.1,5,57,39,0.031447406801583075,-0.006143283777667818,0.5135135135135135,0.5135135135135135,0.4864864864864865,42.810810810810814,-0.1514759863670766
exp2_np9_rho010_alpha5,9,0.1,5,59,49,0.04716583759033355,0.015362711478073443,0.3877551020408163,0.5918367346938775,0.40816326530612246,39.224489795918366,0.015646647520051262
exp2_np9_rho010_alpha5,9,0.1,5,61,48,0.06331059018193262,0.03321750363145526,0.4583333333333333,0.5416666666666666,0.4583333333333333,36.3125,-0.14687286202901986
exp2_np9_rho010_alpha5,9,0.1,5,62,44,0.03606464137527741,0.0058574028571865,0.47619047619047616,0.4523809523809524,0.5476190476190477,34.45238095238095,-0.2851411761703618
exp2_np9_rho010_alpha5,9,0.1,5,60,43,0.04505688356518732,0.004753310606417038,0.42857142857142855,0.47619047619047616,0.5238095238095238,33.69047619047619,-0.27033504618227766
exp2_np9_rho010_alpha5,9,0.1,5,63,52,0.04016770193161368,0.022825920348251927,0.38461538461538464,0.5384615384615384,0.46153846153846156,37.0,-0.18888307759985196
exp2_np9_rho010_alpha5,9,0.1,5,64,54,0.02413131300146188,0.012482581773669565,0.4339622641509434,0.5849056603773585,0.41509433962264153,36.79245283018868,-0.037378540777525275
exp2_np9_rho010_alpha5,9,0.1,5,65,43,0.019236406846790333,0.0029091307433279923,0.5,0.35,0.65,36.875,0.2289792379735296
exp2_np9_rho010_alpha5,9,0.1,5,68,38,0.041178223348754796,-0.002358454370944507,0.5526315789473685,0.5,0.5,37.39473684210526,-0.5227624826524911
exp2_np9_rho010_alpha5,9,0.1,5,66,38,0.04817920770801408,0.02871291341274329,0.43243243243243246,0.4864864864864865,0.5135135135135135,28.675675675675677,-0.19199765369661337
exp2_np9_rho010_alpha5,9,0.1,5,67,42,0.017199363924241616,0.02850660342117406,0.4,0.4,0.6,37.825,0.18792006488759413
exp2_np9_rho010_alpha5,9,0.1,5,70,51,0.028644343150821053,0.006052842892574795,0.44,0.44,0.56,27.46,-0.10897972391705522
exp2_np9_rho010_alpha5,9,0.1,5,71,43,0.02709784430573759,0.012236084935819846,0.4523809523809524,0.5714285714285714,0.42857142857142855,35.95238095238095,0.09899337677445984
exp2_np9_rho010_alpha5,9,0.1,5,69,52,0.03331184595074242,0.0022425579837692666,0.4807692307692308,0.5192307692307693,0.4807692307692308,40.03846153846154,-0.2582985522701733
exp2_np9_rho010_alpha5,9,0.1,5,74,43,0.026573480887686306,0.009799441699808398,0.47619047619047616,0.5238095238095238,0.47619047619047616,36.976190476190474,0.04751059202043537
exp2_np9_rho010_alpha5,9,0.1,5,75,43,0.0391395125826492,0.0033182027903571054,0.4883720930232558,0.5813953488372093,0.4186046511627907,35.651162790697676,-0.3463559244139243
exp2_np9_rho010_alpha5,9,0.1,5,76,36,0.011439397614533546,0.006479543934394094,0.4722222222222222,0.5,0.5,33.02777777777778,-0.06394254947598166
exp2_np9_rho010_alpha5,9,0.1,5,73,49,0.04839838096301086,0.006926392567046413,0.3877551020408163,0.6326530612244898,0.3673469387755102,31.142857142857142,-0.23718050227582074
exp2_np9_rho010_alpha5,9,0.1,5,77,39,0.015657669282549483,-0.01707848095960962,0.5384615384615384,0.4358974358974359,0.5641025641025641,43.53846153846154,-0.13247502274734796
exp2_np9_rho010_alpha5,9,0.1,5,72,50,0.060034476326678535,0.015670815768185076,0.46,0.42,0.58,41.08,-0.49318748855604005
exp2_np9_rho010_alpha5,9,0.1,5,78,51,-0.00294679885189467,-0.014991428094707882,0.54,0.52,0.48,29.04,0.004868430547959336
exp2_np9_rho010_alpha5,9,0.1,5,79,43,0.04672115545471467,0.034254197801150355,0.3902439024390244,0.5853658536585366,0.4146341463414634,35.926829268292686,-0.12005432001231182
exp2_np9_rho010_alpha5,9,0.1,5,80,35,0.02043643608143285,0.033028706604459224,0.45714285714285713,0.45714285714285713,0.5428571428571428,37.34285714285714,-0.3689163408580621
exp2_np9_rho010_alpha5,9,0.1,5,81,43,0.02841202041174132,0.01075594006266245,0.4523809523809524,0.35714285714285715,0.6428571428571429,31.857142857142858,-0.23397707987158456
exp2_np9_rho010_alpha5,9,0.1,5,82,42,0.03213428422597295,0.02116894337104469,0.4634146341463415,0.5121951219512195,0.4878048780487805,27.195121951219512,0.03932146202951512
exp2_np9_rho010_alpha5,9,0.1,5,86,43,0.08351901628335162,0.01684079856692522,0.4523809523809524,0.5714285714285714,0.42857142857142855,27.714285714285715,-0.1585570693034561
exp2_np9_rho010_alpha5,9,0.1,5,85,41,0.07027348506679612,0.000683670130229963,0.475,0.475,0.525,33.375,-0.205484881432862
exp2_np9_rho010_alpha5,9,0.1,5,83,54,0.020680906170012676,0.0007895670144302258,0.49056603773584906,0.6226415094339622,0.37735849056603776,31.867924528301888,-0.12619000940724287
exp2_np9_rho010_alpha5,9,0.1,5,84,54,0.01597611746861585,-0.00781918937756032,0.5384615384615384,0.4423076923076923,0.5576923076923077,40.71153846153846,-0.44008712370834
exp2_np9_rho010_alpha5,9,0.1,5,87,42,0.017546715536309515,-0.006287625063999158,0.5238095238095238,0.4523809523809524,0.5476190476190477,36.333333333333336,-0.1277963665957783
exp2_np9_rho010_alpha5,9,0.1,5,89,39,0.09337709531911778,0.037375681426263796,0.34210526315789475,0.5526315789473685,0.4473684210526316,34.0,-0.18373191235071076
exp2_np9_rho010_alpha5,9,0.1,5,92,48,0.008839697363032138,-0.020844455936510187,0.5957446808510638,0.6170212765957447,0.3829787234042553,35.40425531914894,-0.13991910187124545
exp2_np9_rho010_alpha5,9,0.1,5,91,49,0.014841206841124496,0.012945525416354187,0.46938775510204084,0.5510204081632653,0.4489795918367347,49.795918367346935,-0.33356930767701587
exp2_np9_rho010_alpha5,9,0.1,5,93,39,0.030281810939376246,-0.015796362187968427,0.5641025641025641,0.48717948717948717,0.5128205128205128,28.794871794871796,-0.050075993120438436
exp2_np9_rho010_alpha5,9,0.1,5,88,46,0.014725991402462689,0.011405387372461995,0.38636363636363635,0.5,0.5,35.77272727272727,-0.0890330290036402
exp2_np9_rho010_alpha5,9,0.1,5,90,42,0.06315137761166467,0.0002291121774020688,0.5,0.42857142857142855,0.5714285714285714,36.80952380952381,-0.3326155560779623
exp2_np9_rho010_alpha5,9,0.1,5,94,37,0.018686257694385876,0.01547814114465762,0.4594594594594595,0.5675675675675675,0.43243243243243246,37.513513513513516,0.11632406317188396
exp2_np9_rho010_alpha5,9,0.1,5,95,47,0.027969528285411993,-0.016036579705862586,0.5652173913043478,0.4782608695652174,0.5217391304347826,33.41304347826087,-0.2602432314410785
exp2_np9_rho010_alpha5,9,0.1,5,96,34,0.002870496022005021,0.002418757644002234,0.48484848484848486,0.42424242424242425,0.5757575757575758,33.03030303030303,0.15332744718760896
exp2_np9_rho010_alpha5,9,0.1,5,98,48,0.041945796648582466,0.015906607865840083,0.4375,0.7291666666666666,0.2708333333333333,42.229166666666664,-0.20094682371865932
exp2_np9_rho010_alpha5,9,0.1,5,99,42,0.011513539401313418,-0.02589872970914353,0.5609756097560976,0.5609756097560976,0.43902439024390244,29.4390243902439,-0.08387862064500237
exp2_np9_rho010_alpha5,9,0.1,5,97,47,0.021016727564107402,0.019037733668469947,0.4222222222222222,0.5111111111111111,0.4888888888888889,36.955555555555556,-0.2172979797497509
exp2_np9_rho010_alpha5,9,0.1,5,100,46,0.027575777589277425,0.02494247771546032,0.41304347826086957,0.6956521739130435,0.30434782608695654,34.97826086956522,-0.2859275451213205
exp2_np9_rho010_alpha5,9,0.1,5,101,38,0.015344045272622762,-0.005343342634967385,0.5135135135135135,0.5945945945945946,0.40540540540540543,38.270270270270274,-0.029307883929132302
exp2_np9_rho010_alpha5,9,0.1,5,102,39,0.04406728976509439,0.0076925447708013905,0.4358974358974359,0.38461538461538464,0.6153846153846154,35.05128205128205,-0.11876636876381268
exp2_np9_rho010_alpha5,9,0.1,5,103,55,0.02016149489866319,-0.008642393143451166,0.5283018867924528,0.39622641509433965,0.6037735849056604,37.9811320754717,-0.1737115716988895
exp2_np9_rho010_alpha5,9,0.1,5,104,43,0.040209662167477025,0.004615198492276207,0.47619047619047616,0.40476190476190477,0.5952380952380952,35.95238095238095,-0.41351268793493207
exp2_np9_rho010_alpha5,9,0.1,5,105,44,0.06320447680552452,0.00706404837219754,0.3953488372093023,0.46511627906976744,0.5348837209302325,36.58139534883721,-0.33658346584750015
exp2_np9_rho010_alpha5,9,0.1,5,108,43,0.00943685897218097,0.014869432639840419,0.4186046511627907,0.46511627906976744,0.5348837209302325,32.51162790697674,-0.04284594989350294
exp2_np9_rho010_alpha5,9,0.1,5,106,62,0.04252507766303157,0.023587170076011077,0.4426229508196721,0.5081967213114754,0.4918032786885246,40.75409836065574,-0.38791905451272835
exp2_np9_rho010_alpha5,9,0.1,5,107,32,0.026569877695527627,0.013533967571762062,0.4375,0.375,0.625,33.78125,-0.46323126935600706
exp2_np9_rho010_alpha5,9,0.1,5,109,41,0.03476665374527274,0.026504557459296585,0.3902439024390244,0.5853658536585366,0.4146341463414634,31.0,-0.3112875536643673
exp2_np9_rho010_alpha5,9,0.1,5,111,39,-0.011372159526015087,-0.01805990200588159,0.6410256410256411,0.46153846153846156,0.5384615384615384,39.35897435897436,0.10755439513496103
exp2_np9_rho010_alpha5,9,0.1,5,110,42,0.0033128730508947242,-3.996523499294469e-05,0.5,0.47619047619047616,0.5238095238095238,34.214285714285715,-0.32386660555878133
exp2_np9_rho010_alpha5,9,0.1,5,112,43,0.030559558507353233,0.011035456125928711,0.46511627906976744,0.5116279069767442,0.4883720930232558,34.74418604651163,-0.31849114675309687
exp2_np9_rho010_alpha5,9,0.1,5,113,47,0.05059000135811968,0.04011355172820341,0.3695652173913043,0.43478260869565216,0.5652173913043478,39.93478260869565,-0.36054974604685414
exp2_np9_rho010_alpha5,9,0.1,5,115,42,-0.004990181521930204,0.0021473271549665718,0.47619047619047616,0.4523809523809524,0.5476190476190477,36.30952380952381,-0.20163580304608567
exp2_np9_rho010_alpha5,9,0.1,5,114,41,0.010091554978817219,0.009298121959926853,0.425,0.475,0.525,35.925,-0.037656077681963156
exp2_np9_rho010_alpha5,9,0.1,5,116,45,0.023219299476139377,0.012753586273555939,0.4666666666666667,0.5333333333333333,0.4666666666666667,29.2,-0.3991451137428876
exp2_np9_rho010_alpha5,9,0.1,5,117,47,0.06398683092577201,0.015559153649653545,0.3333333333333333,0.4888888888888889,0.5111111111111111,34.53333333333333,-0.023410127971021204
exp2_np9_rho010_alpha5,9,0.1,5,121,43,0.05839641444223669,0.0013583558007370655,0.4883720930232558,0.37209302325581395,0.627906976744186,32.02325581395349,-0.06053693518419462
exp2_np9_rho010_alpha5,9,0.1,5,120,43,0.06013961452444602,0.03795988501056469,0.42857142857142855,0.42857142857142855,0.5714285714285714,38.5,-0.21862774053829567
exp2_np9_rho010_alpha5,9,0.1,5,118,42,0.026445314055942203,-0.015722002135590607,0.5952380952380952,0.40476190476190477,0.5952380952380952,35.095238095238095,-0.2933169864174179
exp2_np9_rho010_alpha5,9,0.1,5,119,43,0.01832970455141175,-0.017629932357074107,0.5476190476190477,0.38095238095238093,0.6190476190476191,40.80952380952381,-0.29994558878746075
exp2_np9_rho010_alpha5,9,0.1,5,125,36,0.024919722287097205,0.0037945999986819245,0.4722222222222222,0.3611111111111111,0.6388888888888888,31.27777777777778,-0.34005942069618267
exp2_np9_rho010_alpha5,9,0.1,5,124,42,0.04381472458909676,-0.0024514553681069806,0.5,0.5952380952380952,0.40476190476190477,36.54761904761905,-0.35371678434029724
exp2_np9_rho010_alpha5,9,0.1,5,122,52,-0.01762437340495369,-0.04951851591119638,0.6078431372549019,0.39215686274509803,0.6078431372549019,34.92156862745098,0.22621353340388148
exp2_np9_rho010_alpha5,9,0.1,5,123,32,-0.009558602157259566,-0.02510295451436617,0.59375,0.5,0.5,32.1875,0.12867097674580216
exp2_np9_rho010_alpha5,9,0.1,5,126,47,0.00431976197553893,-0.009343871329913433,0.5909090909090909,0.5227272727272727,0.4772727272727273,33.40909090909091,0.029296023199156754
exp2_np9_rho010_alpha5,9,0.1,5,127,41,-0.010238122785681219,-0.005960557421149204,0.5365853658536586,0.6341463414634146,0.36585365853658536,36.146341463414636,0.2889039830690029
exp2_np9_rho010_alpha5,9,0.1,5,128,47,0.019655331696089424,0.019876811635447744,0.46808510638297873,0.44680851063829785,0.5531914893617021,39.1063829787234,-0.18183061147477775
exp2_np9_rho010_alpha5,9,0.1,5,134,46,0.0218565482859232,-0.0053069961818508204,0.5555555555555556,0.5777777777777777,0.4222222222222222,33.28888888888889,-0.2051100564270008
exp2_np9_rho010_alpha5,9,0.1,5,130,42,0.020364279543481037,-0.0009507484373818542,0.5,0.42857142857142855,0.5714285714285714,39.88095238095238,-0.1474834522979689
exp2_np9_rho010_alpha5,9,0.1,5,133,33,0.0413815654111539,0.04258956263690994,0.36363636363636365,0.6363636363636364,0.36363636363636365,36.78787878787879,-0.10161497905885478
exp2_np9_rho010_alpha5,9,0.1,5,131,43,0.04495285198812617,0.034056433666627584,0.38095238095238093,0.4523809523809524,0.5476190476190477,32.5,-0.07212135106050246
exp2_np9_rho010_alpha5,9,0.1,5,132,53,0.01945928224678611,0.015524936762641772,0.4423076923076923,0.5,0.5,34.53846153846154,-0.13016325374813506
exp2_np9_rho010_alpha5,9,0.1,5,136,47,0.02249915372268961,0.03549617009179995,0.41304347826086957,0.5217391304347826,0.4782608695652174,35.06521739130435,-0.039881590888537
exp2_np9_rho010_alpha5,9,0.1,5,135,44,0.0014430541602241463,-0.01921679740764093,0.6136363636363636,0.4772727272727273,0.5227272727272727,34.11363636363637,-0.2788746526555565
exp2_np9_rho010_alpha5,9,0.1,5,129,37,0.03512907233509597,0.01784355651238112,0.43243243243243246,0.5405405405405406,0.4594594594594595,35.972972972972975,-0.41679542180074636
exp2_np9_rho010_alpha5,9,0.1,5,141,45,0.01322105524668693,0.01811001534221246,0.4318181818181818,0.5227272727272727,0.4772727272727273,31.977272727272727,-0.10327349223741318
exp2_np9_rho010_alpha5,9,0.1,5,140,41,0.04184901249741464,0.022882806844783943,0.43902439024390244,0.4878048780487805,0.5121951219512195,39.31707317073171,-0.4913807491632794
exp2_np9_rho010_alpha5,9,0.1,5,139,37,0.03558955412403539,0.044275659632453834,0.4166666666666667,0.4444444444444444,0.5555555555555556,38.388888888888886,-0.14745437206339962
exp2_np9_rho010_alpha5,9,0.1,5,138,43,0.026157057511942677,0.004139905981900505,0.46511627906976744,0.46511627906976744,0.5348837209302325,39.883720930232556,-0.3123124862556548
exp2_np9_rho010_alpha5,9,0.1,5,137,45,0.029958182637826604,-0.0017258900999426174,0.5333333333333333,0.4666666666666667,0.5333333333333333,33.75555555555555,0.032785910287737155
exp2_np9_rho010_alpha5,9,0.1,5,143,49,0.040769276932185426,-0.006308739212239622,0.5102040816326531,0.5102040816326531,0.4897959183673469,33.265306122448976,0.06543064992773574
exp2_np9_rho010_alpha5,9,0.1,5,142,47,0.039185789881478854,0.002272669966017382,0.46808510638297873,0.5106382978723404,0.48936170212765956,38.787234042553195,-0.07365981183023852
exp2_np9_rho010_alpha5,9,0.1,5,144,53,0.03271281136361183,0.016948649970468743,0.4339622641509434,0.6037735849056604,0.39622641509433965,38.77358490566038,-0.10393196900613114
exp2_np9_rho010_alpha5,9,0.1,5,145,45,0.024518322631104244,0.02109336125008987,0.4444444444444444,0.5111111111111111,0.4888888888888889,36.2,-0.15715480296219686
exp2_np9_rho010_alpha5,9,0.1,5,147,52,0.026973655230486244,-0.010585356441789262,0.5576923076923077,0.5576923076923077,0.4423076923076923,30.384615384615383,-0.1298284064442506
exp2_np9_rho010_alpha5,9,0.1,5,149,39,0.04304656972313435,0.0070239214771063985,0.48717948717948717,0.48717948717948717,0.5128205128205128,35.07692307692308,-0.3956849190321592
exp2_np9_rho010_alpha5,9,0.1,5,146,36,0.03203510326862366,0.0022261449712632775,0.5,0.6666666666666666,0.3333333333333333,36.97222222222222,-0.07623535772102213
exp2_np9_rho010_alpha5,9,0.1,5,151,41,0.0353442590250608,0.0006324644325608197,0.475,0.475,0.525,34.725,0.06308857761660148
exp2_np9_rho010_alpha5,9,0.1,5,152,48,0.07953759488021485,0.03549226020157814,0.3125,0.625,0.375,32.354166666666664,-0.31574954719098314
exp2_np9_rho010_alpha5,9,0.1,5,150,53,0.02763400671487996,0.012321772194984426,0.4339622641509434,0.5094339622641509,0.49056603773584906,36.867924528301884,-0.34658244895106294
exp2_np9_rho010_alpha5,9,0.1,5,148,36,0.04591360576884648,0.029556163815575687,0.3611111111111111,0.4722222222222222,0.5277777777777778,28.63888888888889,-0.041581481968214394
exp2_np9_rho010_alpha5,9,0.1,5,153,44,0.04746191697279111,0.023881314710903823,0.4318181818181818,0.5227272727272727,0.4772727272727273,35.09090909090909,-0.380326495141653
exp2_np9_rho010_alpha5,9,0.1,5,154,41,0.036886770583648136,0.007093827875324088,0.43902439024390244,0.4634146341463415,0.5365853658536586,31.609756097560975,-0.16181464220963035
exp2_np9_rho010_alpha5,9,0.1,5,155,46,0.030326517545810085,0.02444821545041531,0.4222222222222222,0.4222222222222222,0.5777777777777777,34.022222222222226,-0.2496969453696661
exp2_np9_rho010_alpha5,9,0.1,5,157,40,0.003696957355536723,-0.03037419709449285,0.6,0.55,0.45,37.475,-0.11507191636925378
exp2_np9_rho010_alpha5,9,0.1,5,156,42,0.036766159207344336,-0.013752332562340541,0.5476190476190477,0.6190476190476191,0.38095238095238093,36.214285714285715,-0.1401121785172765
exp2_np9_rho010_alpha5,9,0.1,5,158,44,0.040259805240535386,0.02206985778262016,0.4186046511627907,0.5116279069767442,0.4883720930232558,37.86046511627907,-0.3504115695717866
exp2_np9_rho010_alpha5,9,0.1,5,159,47,0.06488455169074453,-0.001150916477705266,0.5106382978723404,0.48936170212765956,0.5106382978723404,39.255319148936174,-0.3443368642038695
exp2_np9_rho010_alpha5,9,0.1,5,171,46,0.018469772538704226,-0.01025490962389064,0.5434782608695652,0.5,0.5,31.23913043478261,-0.1856492999105373
exp2_np9_rho010_alpha5,9,0.1,5,160,38,0.018139041212120555,-0.0061305717990451924,0.5263157894736842,0.5,0.5,43.078947368421055,-0.13831047296635116
exp2_np9_rho010_alpha5,9,0.1,5,164,38,0.011055221203467686,0.024101196787813528,0.42105263157894735,0.39473684210526316,0.6052631578947368,37.973684210526315,-0.25714782096461525
exp2_np9_rho010_alpha5,9,0.1,5,161,52,0.01809623352836855,0.007132852822041791,0.46,0.56,0.44,30.86,-0.267434208734272
exp2_np9_rho010_alpha5,9,0.1,5,162,38,0.009989057475467873,0.003652238785369466,0.5,0.5263157894736842,0.47368421052631576,28.94736842105263,0.10005242165545694
exp2_np9_rho010_alpha5,9,0.1,5,163,47,0.04150284214300731,0.004301156174300935,0.4782608695652174,0.3695652173913043,0.6304347826086957,36.06521739130435,-0.1228907022351631
exp2_np9_rho010_alpha5,9,0.1,5,166,53,0.03488905154232673,-0.0024601368998489193,0.5283018867924528,0.5094339622641509,0.49056603773584906,41.320754716981135,-0.36302925162723265
exp2_np9_rho010_alpha5,9,0.1,5,165,50,0.06914100937544322,0.025608618751370216,0.3673469387755102,0.5102040816326531,0.4897959183673469,33.55102040816327,-0.14100798514184573
exp2_np9_rho010_alpha5,9,0.1,5,170,52,0.03732099921292572,0.012860546953716856,0.4807692307692308,0.5576923076923077,0.4423076923076923,38.82692307692308,0.27294852303877215
exp2_np9_rho010_alpha5,9,0.1,5,169,47,0.041897731044668984,0.05317622788970322,0.3829787234042553,0.6382978723404256,0.3617021276595745,31.70212765957447,-0.2100256117026246
exp2_np9_rho010_alpha5,9,0.1,5,167,36,0.013799336884028,0.012532007509845844,0.4444444444444444,0.5277777777777778,0.4722222222222222,39.0,-0.22263900818668064
exp2_np9_rho010_alpha5,9,0.1,5,168,60,0.026818692746570363,0.0074348901767136155,0.4576271186440678,0.4067796610169492,0.5932203389830508,41.28813559322034,-0.15978705079467917
exp2_np9_rho010_alpha5,9,0.1,5,172,31,0.04142539021104158,0.01034511199456567,0.4838709677419355,0.5806451612903226,0.41935483870967744,26.096774193548388,0.05701371872151143
exp2_np9_rho010_alpha5,9,0.1,5,173,40,0.09126554186779975,0.015479743826187775,0.35,0.525,0.475,39.15,-0.386278382553345
exp2_np9_rho010_alpha5,9,0.1,5,175,36,0.02653194203202252,0.009004937353430886,0.5,0.4444444444444444,0.5555555555555556,28.72222222222222,-0.21236025657946195
exp2_np9_rho010_alpha5,9,0.1,5,174,49,0.03584892262504037,-0.0035411324503957786,0.5102040816326531,0.4489795918367347,0.5510204081632653,31.93877551020408,-0.04409982392856425
exp2_np9_rho010_alpha5,9,0.1,5,176,44,0.05965193335857076,0.022761347158844814,0.42857142857142855,0.4523809523809524,0.5476190476190477,31.976190476190474,-0.2621796001962308
exp2_np9_rho010_alpha5,9,0.1,5,177,41,0.002932798892239652,0.012116604589486712,0.45,0.5,0.5,34.5,-0.09646534338614816
exp2_np9_rho010_alpha5,9,0.1,5,179,46,-0.011878563684923151,-0.010132164870463534,0.5434782608695652,0.5434782608695652,0.45652173913043476,33.54347826086956,0.015574428471174014
exp2_np9_rho010_alpha5,9,0.1,5,178,42,0.02471088197824263,0.03689077480626457,0.30952380952380953,0.47619047619047616,0.5238095238095238,38.142857142857146,-0.1124065185629614
exp2_np9_rho010_alpha5,9,0.1,5,180,38,0.043615473186880534,0.01997096226252637,0.40540540540540543,0.4864864864864865,0.5135135135135135,41.5945945945946,-0.3741927597986738
exp2_np9_rho010_alpha5,9,0.1,5,181,42,0.061369254651778914,0.010371120677158174,0.43902439024390244,0.4634146341463415,0.5365853658536586,32.146341463414636,-0.1675960498901329
exp2_np9_rho010_alpha5,9,0.1,5,183,45,0.015790811604914315,0.022470797254231734,0.45454545454545453,0.4772727272727273,0.5227272727272727,34.95454545454545,0.08646091283806888
exp2_np9_rho010_alpha5,9,0.1,5,182,47,0.03805364828343445,0.013953429019461616,0.44680851063829785,0.5106382978723404,0.48936170212765956,45.659574468085104,-0.15101184492154338
exp2_np9_rho010_alpha5,9,0.1,5,184,42,0.023533990077803237,0.02342674199205952,0.3902439024390244,0.5609756097560976,0.43902439024390244,40.292682926829265,-0.4412515755720943
exp2_np9_rho010_alpha5,9,0.1,5,186,41,-0.0029100669418841343,-0.004432841341535543,0.5121951219512195,0.4878048780487805,0.5121951219512195,34.19512195121951,-0.0481213852449428
exp2_np9_rho010_alpha5,9,0.1,5,187,37,-0.011835611955379731,-0.016861295651413144,0.5675675675675675,0.5945945945945946,0.40540540540540543,37.08108108108108,-0.020261356748321555
exp2_np9_rho010_alpha5,9,0.1,5,185,46,0.010268813186807169,0.0010041079552789434,0.4772727272727273,0.45454545454545453,0.5454545454545454,33.5,-0.07863126021618866
exp2_np9_rho010_alpha5,9,0.1,5,188,52,0.060387095390755124,0.01670987027922699,0.4117647058823529,0.5294117647058824,0.47058823529411764,32.31372549019608,-0.2711541900811628
exp2_np9_rho010_alpha5,9,0.1,5,189,47,0.03083957993052626,0.011706845813914235,0.44680851063829785,0.574468085106383,0.425531914893617,36.48936170212766,-0.18544524988159483
exp2_np9_rho010_alpha5,9,0.1,5,192,39,0.029807451188350303,-0.008557520942601649,0.5641025641025641,0.5128205128205128,0.48717948717948717,29.871794871794872,-0.34050072323475916
exp2_np9_rho010_alpha5,9,0.1,5,199,48,0.029964851300195567,-0.007889533229688883,0.5416666666666666,0.5625,0.4375,37.354166666666664,-0.10505875562748046
exp2_np9_rho010_alpha5,9,0.1,5,190,44,0.05969813153932484,0.022159442297713383,0.32558139534883723,0.5348837209302325,0.46511627906976744,33.04651162790697,-0.3479750332383466
exp2_np9_rho010_alpha5,9,0.1,5,193,39,-0.014158705115959331,-0.011687335349649608,0.6153846153846154,0.46153846153846156,0.5384615384615384,36.743589743589745,0.08319378491595285
exp2_np9_rho010_alpha5,9,0.1,5,191,37,0.021015177694524063,0.024145998823062342,0.3333333333333333,0.3611111111111111,0.6388888888888888,41.22222222222222,0.08444434981822158
exp2_np9_rho010_alpha5,9,0.1,5,198,40,0.047408357382842055,0.017029454750852935,0.4358974358974359,0.48717948717948717,0.5128205128205128,28.71794871794872,-0.0033873754063251777
exp2_np9_rho010_alpha5,9,0.1,5,195,56,0.03051497069328679,0.029251529391405295,0.35714285714285715,0.42857142857142855,0.5714285714285714,34.839285714285715,-0.049877628337805555
exp2_np9_rho010_alpha5,9,0.1,5,194,43,0.06806847076621447,0.011050188673507044,0.4418604651162791,0.4186046511627907,0.5813953488372093,36.395348837209305,-0.15145706299074332
exp2_np9_rho010_alpha5,9,0.1,5,196,40,0.008194264722139777,0.00354672687551405,0.475,0.475,0.525,36.125,0.0331753514310348
exp2_np9_rho010_alpha5,9,0.1,5,197,38,0.032795863882029805,0.017692902073008554,0.4473684210526316,0.3157894736842105,0.6842105263157895,32.05263157894737,-0.21788905312018048
exp2_np9_rho015_alpha10,9,0.15,10,5,30,0.18019081175098012,0.12108949530199498,0.3,0.5,0.5,47.9,-0.76611114296537
exp2_np9_rho015_alpha10,9,0.15,10,10,43,0.10264736302912036,0.06635875607023278,0.375,0.55,0.45,46.375,-0.14284539268538182
exp2_np9_rho015_alpha10,9,0.15,10,11,38,0.13331264385686453,0.01998913111523848,0.4473684210526316,0.5263157894736842,0.47368421052631576,50.63157894736842,-0.6182083096321931
exp2_np9_rho015_alpha10,9,0.15,10,3,37,0.012421652819073451,-0.014767721676062884,0.5675675675675675,0.40540540540540543,0.5945945945945946,37.83783783783784,0.14712657670446916
exp2_np9_rho015_alpha10,9,0.15,10,13,40,0.06013520168677692,0.0522866639344759,0.46153846153846156,0.5128205128205128,0.48717948717948717,41.8974358974359,-0.2432191657093225
exp2_np9_rho015_alpha10,9,0.15,10,7,45,0.03480013879457583,0.024033144290034336,0.4,0.4888888888888889,0.5111111111111111,49.955555555555556,-0.04444047832567025
exp2_np9_rho015_alpha10,9,0.15,10,12,32,0.03302131915768454,-0.008299191356956115,0.5161290322580645,0.41935483870967744,0.5806451612903226,48.096774193548384,-0.10106714951570941
exp2_np9_rho015_alpha10,9,0.15,10,0,40,0.02057457348594963,-0.009361897156907162,0.5128205128205128,0.41025641025641024,0.5897435897435898,43.51282051282051,-0.1718295134550244
exp2_np9_rho015_alpha10,9,0.15,10,4,35,0.05418370310458135,-0.010624493864058948,0.5142857142857142,0.7142857142857143,0.2857142857142857,51.0,-0.6461076099733353
exp2_np9_rho015_alpha10,9,0.15,10,14,35,0.03730714846719574,0.07975711488369797,0.42857142857142855,0.5428571428571428,0.45714285714285713,40.97142857142857,-0.02166497391491406
exp2_np9_rho015_alpha10,9,0.15,10,9,46,0.13133485692216432,0.09135623719075436,0.32608695652173914,0.6739130434782609,0.32608695652173914,52.52173913043478,-0.295051018823165
exp2_np9_rho015_alpha10,9,0.15,10,8,31,0.060175984852753474,0.016628451813738288,0.45161290322580644,0.5161290322580645,0.4838709677419355,56.806451612903224,-0.27820669685124033
exp2_np9_rho015_alpha10,9,0.15,10,6,35,0.11347308775091038,0.08742817560621585,0.37142857142857144,0.6,0.4,64.34285714285714,-0.7268156961957649
exp2_np9_rho015_alpha10,9,0.15,10,2,38,0.04878828647773283,0.06171546455635912,0.3783783783783784,0.43243243243243246,0.5675675675675675,51.08108108108108,-0.05982154335211935
exp2_np9_rho015_alpha10,9,0.15,10,15,33,0.03961483097632405,0.03439565827932611,0.48484848484848486,0.42424242424242425,0.5757575757575758,51.484848484848484,-0.13980602059896777
exp2_np9_rho015_alpha10,9,0.15,10,1,39,0.07806984357424361,0.03126374092183504,0.38461538461538464,0.5897435897435898,0.41025641025641024,51.794871794871796,-0.27319434160445466
exp2_np9_rho015_alpha10,9,0.15,10,20,34,0.05609563968376829,0.01975861755404784,0.4411764705882353,0.5294117647058824,0.47058823529411764,43.05882352941177,-0.3349807692108055
exp2_np9_rho015_alpha10,9,0.15,10,17,36,0.00724979753967197,0.001129884294771788,0.5,0.4444444444444444,0.5555555555555556,46.52777777777778,0.2228443341975361
exp2_np9_rho015_alpha10,9,0.15,10,16,31,0.06715995105513027,0.06591861150496658,0.3225806451612903,0.3548387096774194,0.6451612903225806,44.41935483870968,-0.40004976968255174
exp2_np9_rho015_alpha10,9,0.15,10,18,35,0.08425865254005618,0.06849414193442627,0.34285714285714286,0.5714285714285714,0.42857142857142855,53.77142857142857,0.06946253964456253
exp2_np9_rho015_alpha10,9,0.15,10,22,45,0.03559860498530707,-0.005280045409473466,0.5111111111111111,0.4888888888888889,0.5111111111111111,41.31111111111111,-0.16401276758138655
exp2_np9_rho015_alpha10,9,0.15,10,26,36,0.08605201394149138,0.029297038423706123,0.4722222222222222,0.4444444444444444,0.5555555555555556,56.19444444444444,-0.41791723475800213
exp2_np9_rho015_alpha10,9,0.15,10,19,35,0.06041007824939789,0.031752088734716466,0.4,0.4,0.6,54.285714285714285,-0.5202381511775563
exp2_np9_rho015_alpha10,9,0.15,10,24,29,0.09600367218703916,0.006424847381573784,0.4827586206896552,0.4827586206896552,0.5172413793103449,39.93103448275862,-0.2874017825154449
exp2_np9_rho015_alpha10,9,0.15,10,21,29,0.08745920989816988,0.02351923588688276,0.4444444444444444,0.4074074074074074,0.5925925925925926,41.333333333333336,-0.4581864234155875
exp2_np9_rho015_alpha10,9,0.15,10,23,40,0.015510147711648409,-0.0032503983969691674,0.5128205128205128,0.5641025641025641,0.4358974358974359,57.84615384615385,-0.06552441379675074
exp2_np9_rho015_alpha10,9,0.15,10,28,25,0.10934497373879097,0.05478867066151416,0.36,0.4,0.6,49.44,-0.3889429317361704
exp2_np9_rho015_alpha10,9,0.15,10,25,32,0.11155471759168438,0.016874059702498556,0.3870967741935484,0.3548387096774194,0.6451612903225806,54.774193548387096,-0.7051819325441059
exp2_np9_rho015_alpha10,9,0.15,10,29,38,0.029229530725526684,0.012711579077457458,0.4594594594594595,0.5135135135135135,0.4864864864864865,40.21621621621622,0.060379190262215277
exp2_np9_rho015_alpha10,9,0.15,10,31,40,0.06997431823680636,0.04045626731622631,0.375,0.6,0.4,52.675,-0.21844762350188884
exp2_np9_rho015_alpha10,9,0.15,10,27,41,0.024785597445664696,-0.0019248426394984364,0.5121951219512195,0.43902439024390244,0.5609756097560976,45.19512195121951,-0.3277098378187524
exp2_np9_rho015_alpha10,9,0.15,10,30,40,0.0400734166020595,0.028291545425041864,0.375,0.375,0.625,43.45,0.08759104662389265
exp2_np9_rho015_alpha10,9,0.15,10,33,43,0.10333531094115916,0.07548540631141254,0.34146341463414637,0.5365853658536586,0.4634146341463415,36.4390243902439,-0.4161710986467834
exp2_np9_rho015_alpha10,9,0.15,10,32,38,0.03658969227574888,0.059489684201219806,0.39473684210526316,0.4473684210526316,0.5526315789473685,40.81578947368421,-0.2806459592298166
exp2_np9_rho015_alpha10,9,0.15,10,36,33,0.02136285264224994,0.008527803146329838,0.48484848484848486,0.5454545454545454,0.45454545454545453,47.484848484848484,-0.470772145176631
exp2_np9_rho015_alpha10,9,0.15,10,34,39,0.08352535975904783,0.0280481327974762,0.39473684210526316,0.3684210526315789,0.631578947368421,45.973684210526315,-0.41631425505489705
exp2_np9_rho015_alpha10,9,0.15,10,35,36,0.060864285346569985,0.0527093205766751,0.3888888888888889,0.6111111111111112,0.3888888888888889,49.19444444444444,-0.2860784504960705
exp2_np9_rho015_alpha10,9,0.15,10,37,41,0.07417420064948592,0.01673241026361838,0.425,0.4,0.6,62.65,-0.2832196878830322
exp2_np9_rho015_alpha10,9,0.15,10,41,29,0.12418794472548121,0.1095920449583927,0.3448275862068966,0.6551724137931034,0.3448275862068966,56.55172413793103,-0.25530563953538354
exp2_np9_rho015_alpha10,9,0.15,10,39,30,0.03835862866777863,0.007037615578799894,0.4666666666666667,0.3333333333333333,0.6666666666666666,60.9,-0.5587347469836274
exp2_np9_rho015_alpha10,9,0.15,10,40,40,0.08369842019298582,-0.009157882736790413,0.5128205128205128,0.5641025641025641,0.4358974358974359,40.15384615384615,-0.4839087963001755
exp2_np9_rho015_alpha10,9,0.15,10,42,30,0.03136930098136004,0.04240311067104141,0.36666666666666664,0.5,0.5,51.8,-0.03824257687539255
exp2_np9_rho015_alpha10,9,0.15,10,38,37,0.02633053491579599,-0.005464853911514744,0.5135135135135135,0.43243243243243246,0.5675675675675675,46.83783783783784,-0.20248931084533398
exp2_np9_rho015_alpha10,9,0.15,10,43,39,0.033886989343168535,0.06472186400000446,0.3684210526315789,0.42105263157894735,0.5789473684210527,50.526315789473685,-0.10284555344772371
exp2_np9_rho015_alpha10,9,0.15,10,45,25,0.08032433990632687,0.014181250366290143,0.48,0.68,0.32,36.52,-0.43524519485011653
exp2_np9_rho015_alpha10,9,0.15,10,44,39,0.10581204648588513,0.023305006800764083,0.4358974358974359,0.46153846153846156,0.5384615384615384,54.17948717948718,-0.45779816181564315
exp2_np9_rho015_alpha10,9,0.15,10,46,35,0.07675376607798563,0.028276442162113113,0.4,0.42857142857142855,0.5714285714285714,46.714285714285715,-0.23808797853119198
exp2_np9_rho015_alpha10,9,0.15,10,47,42,0.05146721017919666,0.03937534855597313,0.3902439024390244,0.43902439024390244,0.5609756097560976,49.19512195121951,0.13940107655958844
exp2_np9_rho015_alpha10,9,0.15,10,48,31,0.05081312279799833,-0.0029211282894294754,0.5161290322580645,0.4838709677419355,0.5161290322580645,43.58064516129032,-0.2982960811288572
exp2_np9_rho015_alpha10,9,0.15,10,50,49,0.03311571344955731,0.004828781891132117,0.4897959183673469,0.6122448979591837,0.3877551020408163,47.816326530612244,-0.11014122817489978
exp2_np9_rho015_alpha10,9,0.15,10,49,29,0.07254768782662266,0.04601408057469003,0.39285714285714285,0.5714285714285714,0.42857142857142855,61.57142857142857,-0.29978808507978133
exp2_np9_rho015_alpha10,9,0.15,10,52,33,0.06871875967068393,0.08033034951293949,0.3333333333333333,0.5151515151515151,0.48484848484848486,42.45454545454545,-0.23041535389430043
exp2_np9_rho015_alpha10,9,0.15,10,51,38,0.1077538553241659,0.09760479072501482,0.32432432432432434,0.6486486486486487,0.35135135135135137,53.486486486486484,-0.4485316456074925
exp2_np9_rho015_alpha10,9,0.15,10,54,42,0.05331180132735048,0.024958083523842323,0.40476190476190477,0.47619047619047616,0.5238095238095238,45.11904761904762,-0.3875664301123409
exp2_np9_rho015_alpha10,9,0.15,10,56,33,0.08513703769197614,0.008612535151918621,0.48484848484848486,0.5454545454545454,0.45454545454545453,42.515151515151516,-0.513704585835931
exp2_np9_rho015_alpha10,9,0.15,10,53,37,0.09640208581139686,0.0853158857211671,0.3783783783783784,0.6216216216216216,0.3783783783783784,36.62162162162162,-0.21882876626263867
exp2_np9_rho015_alpha10,9,0.15,10,59,48,0.059062968524172955,0.0621948279297837,0.3541666666666667,0.625,0.375,49.75,-0.11327884575249483
exp2_np9_rho015_alpha10,9,0.15,10,55,38,0.06480780461648977,0.03488813737028895,0.43243243243243246,0.40540540540540543,0.5945945945945946,58.513513513513516,-0.3626747481870214
exp2_np9_rho015_alpha10,9,0.15,10,57,33,0.06777486660405979,-0.006739455136677286,0.5454545454545454,0.6060606060606061,0.3939393939393939,54.63636363636363,-0.06274703477648975
exp2_np9_rho015_alpha10,9,0.15,10,58,40,0.10393529393524414,0.017428277126404268,0.375,0.325,0.675,53.4,-0.3697201752040345
exp2_np9_rho015_alpha10,9,0.15,10,61,29,0.05493800247963209,0.006924860540766353,0.4827586206896552,0.4827586206896552,0.5172413793103449,47.03448275862069,-0.3334050903650971
exp2_np9_rho015_alpha10,9,0.15,10,60,45,0.10706405535851292,0.04994064650326324,0.38636363636363635,0.5454545454545454,0.45454545454545453,43.72727272727273,-0.44496741929852585
exp2_np9_rho015_alpha10,9,0.15,10,63,40,0.06690342871973272,0.04179123325627021,0.46153846153846156,0.4358974358974359,0.5641025641025641,42.23076923076923,-0.37667604451200265
exp2_np9_rho015_alpha10,9,0.15,10,62,28,0.12226228355062443,0.06089697055737542,0.32142857142857145,0.5714285714285714,0.42857142857142855,50.464285714285715,-0.48630022751547525
exp2_np9_rho015_alpha10,9,0.15,10,64,40,0.0728643193640943,0.02743527716225902,0.4358974358974359,0.4358974358974359,0.5641025641025641,42.666666666666664,-0.1498012584747552
exp2_np9_rho015_alpha10,9,0.15,10,65,36,0.03267565618826521,0.030847877004171576,0.4444444444444444,0.5833333333333334,0.4166666666666667,43.888888888888886,-0.3663825416442664
exp2_np9_rho015_alpha10,9,0.15,10,66,37,0.09127906375379143,0.042808249385440256,0.43243243243243246,0.5945945945945946,0.40540540540540543,53.78378378378378,-0.6751194094822093
exp2_np9_rho015_alpha10,9,0.15,10,68,32,0.09901929673023352,0.0681996977580881,0.40625,0.40625,0.59375,43.125,-0.2436714552021145
exp2_np9_rho015_alpha10,9,0.15,10,70,49,0.07427038372334119,0.05349194083758935,0.3673469387755102,0.3877551020408163,0.6122448979591837,52.755102040816325,-0.2105920166544199
exp2_np9_rho015_alpha10,9,0.15,10,67,45,0.1342225890306295,0.07464316144446492,0.4222222222222222,0.5555555555555556,0.4444444444444444,53.93333333333333,-0.27101350337936697
exp2_np9_rho015_alpha10,9,0.15,10,69,29,0.06644890152918645,-0.010402385368289302,0.5172413793103449,0.4482758620689655,0.5517241379310345,55.62068965517241,-0.18869153535670272
exp2_np9_rho015_alpha10,9,0.15,10,72,41,0.03970399649892866,0.020551779472419263,0.475,0.5,0.5,65.65,-0.27009222506571734
exp2_np9_rho015_alpha10,9,0.15,10,71,36,0.0963044581862742,0.04369815016202416,0.3055555555555556,0.5,0.5,37.5,-0.31512067899365614
exp2_np9_rho015_alpha10,9,0.15,10,73,41,0.0756535995879887,0.08129006906251757,0.4146341463414634,0.43902439024390244,0.5609756097560976,51.09756097560975,-0.2509566123689275
exp2_np9_rho015_alpha10,9,0.15,10,75,38,0.07297152597473987,0.07862036553355356,0.34210526315789475,0.5263157894736842,0.47368421052631576,49.31578947368421,-0.3145289132421043
exp2_np9_rho015_alpha10,9,0.15,10,74,45,0.03583348863533602,0.0077012104347709,0.4883720930232558,0.46511627906976744,0.5348837209302325,40.95348837209303,-0.060626757941009385
exp2_np9_rho015_alpha10,9,0.15,10,76,29,0.05645160017950229,0.043799317072176436,0.41379310344827586,0.3448275862068966,0.6551724137931034,39.827586206896555,-0.4906242445019108
exp2_np9_rho015_alpha10,9,0.15,10,78,37,0.056121072150667126,0.008904302557872334,0.4864864864864865,0.6756756756756757,0.32432432432432434,44.08108108108108,-0.21232198701342014
exp2_np9_rho015_alpha10,9,0.15,10,77,38,0.10611564448372666,0.054787576812953986,0.3783783783783784,0.5675675675675675,0.43243243243243246,67.64864864864865,-0.623289847136535
exp2_np9_rho015_alpha10,9,0.15,10,79,28,0.04779585068019898,0.07120112958099067,0.42857142857142855,0.5357142857142857,0.4642857142857143,45.642857142857146,-0.055516424773222994
exp2_np9_rho015_alpha10,9,0.15,10,80,40,0.05596805811262586,0.040746007136972295,0.45,0.6,0.4,43.45,-0.15874643145355202
exp2_np9_rho015_alpha10,9,0.15,10,81,35,0.03315044279139287,0.01936858009538689,0.42857142857142855,0.5142857142857142,0.4857142857142857,41.91428571428571,-0.2557453231940506
exp2_np9_rho015_alpha10,9,0.15,10,82,25,0.0003918745830144843,-0.031755251741691914,0.6,0.52,0.48,54.16,-0.16212180209878863
exp2_np9_rho015_alpha10,9,0.15,10,84,34,0.005884934518913548,-0.029220206245326175,0.7058823529411765,0.5588235294117647,0.4411764705882353,53.38235294117647,-0.3296005397090964
exp2_np9_rho015_alpha10,9,0.15,10,83,35,0.040875404693526005,0.05565370722502028,0.2571428571428571,0.5714285714285714,0.42857142857142855,63.57142857142857,-0.009683418901524476
exp2_np9_rho015_alpha10,9,0.15,10,86,34,0.09090989552534612,0.1033605659745982,0.34375,0.53125,0.46875,47.75,-0.6491150323683181
exp2_np9_rho015_alpha10,9,0.15,10,85,35,0.08641016182768824,0.0486897516381255,0.42857142857142855,0.5142857142857142,0.4857142857142857,54.4,-0.4135819498501429
exp2_np9_rho015_alpha10,9,0.15,10,91,42,0.06847542629387632,0.015788231935637498,0.4523809523809524,0.6190476190476191,0.38095238095238093,60.476190476190474,-0.29856920934965503
exp2_np9_rho015_alpha10,9,0.15,10,89,40,0.010206798986451177,0.010424284596441069,0.4358974358974359,0.38461538461538464,0.6153846153846154,44.64102564102564,0.06393172831000274
exp2_np9_rho015_alpha10,9,0.15,10,88,33,0.06246665951335874,0.05884187800264673,0.36363636363636365,0.45454545454545453,0.5454545454545454,60.21212121212121,-0.1663327836061277
exp2_np9_rho015_alpha10,9,0.15,10,87,44,0.0759412587567638,0.019165540133761372,0.47619047619047616,0.6190476190476191,0.38095238095238093,64.14285714285714,-0.4288829401618201
exp2_np9_rho015_alpha10,9,0.15,10,90,37,0.07095641740172415,-0.02834103911757513,0.5277777777777778,0.5277777777777778,0.4722222222222222,55.44444444444444,-0.41021311031424
exp2_np9_rho015_alpha10,9,0.15,10,92,31,0.06518615146020339,0.08473794496589804,0.4666666666666667,0.5666666666666667,0.43333333333333335,56.43333333333333,-0.5295645436732648
exp2_np9_rho015_alpha10,9,0.15,10,93,44,0.019073273213091824,-0.021218940542864217,0.5348837209302325,0.3953488372093023,0.6046511627906976,50.48837209302326,-0.1499095101957564
exp2_np9_rho015_alpha10,9,0.15,10,95,33,0.043507442845887166,0.02248942383243424,0.36363636363636365,0.42424242424242425,0.5757575757575758,52.72727272727273,-0.24671733817973107
exp2_np9_rho015_alpha10,9,0.15,10,94,44,0.1375708967381595,0.06392382522647821,0.3409090909090909,0.4772727272727273,0.5227272727272727,56.20454545454545,-0.39618576860672805
exp2_np9_rho015_alpha10,9,0.15,10,97,40,0.06217587861331278,0.03819315268962509,0.3684210526315789,0.5263157894736842,0.47368421052631576,57.473684210526315,0.09152784166359924
exp2_np9_rho015_alpha10,9,0.15,10,96,34,0.06619564178755238,0.04215748490433002,0.3235294117647059,0.5588235294117647,0.4411764705882353,52.35294117647059,-0.03768705730107342
exp2_np9_rho015_alpha10,9,0.15,10,98,27,0.07801655081894772,0.12433272714530919,0.4444444444444444,0.6296296296296297,0.37037037037037035,57.44444444444444,-0.1162702116567563
exp2_np9_rho015_alpha10,9,0.15,10,99,36,0.06717340280996813,0.037873400324473394,0.4444444444444444,0.4444444444444444,0.5555555555555556,53.55555555555556,-0.37370945436051545
exp2_np9_rho015_alpha10,9,0.15,10,100,32,0.03207334326566871,0.05394390187204934,0.3870967741935484,0.5161290322580645,0.4838709677419355,43.96774193548387,-0.21749735672765608
exp2_np9_rho015_alpha10,9,0.15,10,102,27,0.008767507619163208,0.0001364078342920294,0.48148148148148145,0.5925925925925926,0.4074074074074074,47.925925925925924,-0.30848627632180675
exp2_np9_rho015_alpha10,9,0.15,10,101,39,0.03853996264270714,0.0009534831928457166,0.46153846153846156,0.5641025641025641,0.4358974358974359,53.05128205128205,-0.2447091678554366
exp2_np9_rho015_alpha10,9,0.15,10,106,44,0.05079494908026563,0.03462489455767859,0.4418604651162791,0.5348837209302325,0.46511627906976744,37.651162790697676,-0.16764822792335798
exp2_np9_rho015_alpha10,9,0.15,10,105,31,0.04057104634914716,-0.01937546822902103,0.5333333333333333,0.5,0.5,53.666666666666664,-0.31813030645760026
exp2_np9_rho015_alpha10,9,0.15,10,103,41,0.09521637655634889,-0.03492964060485093,0.5121951219512195,0.43902439024390244,0.5609756097560976,63.34146341463415,-0.30160669739073653
exp2_np9_rho015_alpha10,9,0.15,10,107,35,0.16152167832093928,0.07912698212859004,0.4117647058823529,0.5588235294117647,0.4411764705882353,41.5,-0.37665082134023736
exp2_np9_rho015_alpha10,9,0.15,10,108,41,0.039430999980770966,0.022930831259403206,0.48717948717948717,0.5128205128205128,0.48717948717948717,48.41025641025641,-0.35226111312265285
exp2_np9_rho015_alpha10,9,0.15,10,104,45,0.16594171012326878,0.07082896658070492,0.3111111111111111,0.5111111111111111,0.4888888888888889,52.62222222222222,-0.5068733750341826
exp2_np9_rho015_alpha10,9,0.15,10,109,42,0.029577064961646558,0.007050733485793437,0.4634146341463415,0.43902439024390244,0.5609756097560976,40.48780487804878,-0.08662990145658972
exp2_np9_rho015_alpha10,9,0.15,10,110,33,0.02556870253344356,-0.016884072998994526,0.5333333333333333,0.4666666666666667,0.5333333333333333,51.13333333333333,-0.11239399481195442
exp2_np9_rho015_alpha10,9,0.15,10,111,38,0.021770989805568103,0.006260023037575113,0.47368421052631576,0.3684210526315789,0.631578947368421,55.0,0.07441544015377365
exp2_np9_rho015_alpha10,9,0.15,10,112,38,0.08245748946846117,0.09951531103033684,0.3157894736842105,0.5263157894736842,0.47368421052631576,54.078947368421055,-0.03571228766339802
exp2_np9_rho015_alpha10,9,0.15,10,113,31,0.030844536618488773,0.01228420358995308,0.4482758620689655,0.41379310344827586,0.5862068965517241,56.06896551724138,-0.45352887658586666
exp2_np9_rho015_alpha10,9,0.15,10,114,32,0.08218461362183749,0.05080439525684399,0.40625,0.59375,0.40625,41.71875,-0.5215745001641039
exp2_np9_rho015_alpha10,9,0.15,10,115,44,0.0582053033187591,0.020738039974546485,0.45454545454545453,0.5,0.5,40.13636363636363,-0.19665412468848978
exp2_np9_rho015_alpha10,9,0.15,10,116,36,0.09815195150354604,0.018066530256820812,0.37142857142857144,0.45714285714285713,0.5428571428571428,47.285714285714285,-0.5258968817300606
exp2_np9_rho015_alpha10,9,0.15,10,117,29,-0.03927278469894307,-0.01388407216907428,0.6071428571428571,0.39285714285714285,0.6071428571428571,42.57142857142857,0.013171703099085663
exp2_np9_rho015_alpha10,9,0.15,10,118,44,0.05645234930951087,0.03874996787303964,0.4186046511627907,0.46511627906976744,0.5348837209302325,57.674418604651166,-0.15960624904085524
exp2_np9_rho015_alpha10,9,0.15,10,119,41,0.06729053475494147,0.0394332279779257,0.45,0.5,0.5,53.325,-0.14844892853191183
exp2_np9_rho015_alpha10,9,0.15,10,120,38,0.04669160649977717,-0.010375627434936696,0.5135135135135135,0.4594594594594595,0.5405405405405406,48.13513513513514,0.016481454331777882
exp2_np9_rho015_alpha10,9,0.15,10,121,32,0.053019775329941427,0.026857819637014835,0.45161290322580644,0.5806451612903226,0.41935483870967744,49.225806451612904,-0.22622167823511236
exp2_np9_rho015_alpha10,9,0.15,10,123,39,0.07835217653796962,0.0025775381987100943,0.48717948717948717,0.46153846153846156,0.5384615384615384,58.333333333333336,-0.3360775941971271
exp2_np9_rho015_alpha10,9,0.15,10,122,35,0.0346307317038884,-0.0012223435563782914,0.5,0.5294117647058824,0.47058823529411764,49.029411764705884,-0.09236971350762957
exp2_np9_rho015_alpha10,9,0.15,10,125,36,0.0812271844513671,0.0011514024597572003,0.4857142857142857,0.45714285714285713,0.5428571428571428,36.8,-0.11893437190634792
exp2_np9_rho015_alpha10,9,0.15,10,124,44,0.06940481426369102,0.03610959400504843,0.45454545454545453,0.5909090909090909,0.4090909090909091,56.27272727272727,0.12030433210904304
exp2_np9_rho015_alpha10,9,0.15,10,126,29,0.14012544153884687,0.10584748672099842,0.27586206896551724,0.5172413793103449,0.4827586206896552,39.96551724137931,-0.20854513386784151
exp2_np9_rho015_alpha10,9,0.15,10,127,39,0.04388314834567678,0.06931225923898943,0.38461538461538464,0.46153846153846156,0.5384615384615384,57.58974358974359,0.022162560014308292
exp2_np9_rho015_alpha10,9,0.15,10,128,38,0.01985048416483521,0.0020360379075885504,0.4864864864864865,0.4864864864864865,0.5135135135135135,49.945945945945944,-0.0006617547374572132
exp2_np9_rho015_alpha10,9,0.15,10,135,43,0.04933572207542447,0.04352820301919991,0.4418604651162791,0.5581395348837209,0.4418604651162791,49.44186046511628,-0.2478102021614825
exp2_np9_rho015_alpha10,9,0.15,10,129,37,0.03839023700974638,-0.0035750639685359076,0.5135135135135135,0.4594594594594595,0.5405405405405406,55.567567567567565,-0.035493830005708396
exp2_np9_rho015_alpha10,9,0.15,10,131,39,0.06691145863110769,0.015574999684204727,0.41025641025641024,0.48717948717948717,0.5128205128205128,51.84615384615385,-0.4644294424969752
exp2_np9_rho015_alpha10,9,0.15,10,139,34,0.0620045327795747,0.05485375487580946,0.24242424242424243,0.5454545454545454,0.45454545454545453,41.54545454545455,-0.13870734116958489
exp2_np9_rho015_alpha10,9,0.15,10,132,41,0.09447625489130584,0.040611143800494354,0.34146341463414637,0.5121951219512195,0.4878048780487805,61.65853658536585,-0.5442543594722925
exp2_np9_rho015_alpha10,9,0.15,10,130,27,0.10769129762766796,0.0789099879275863,0.23076923076923078,0.5769230769230769,0.4230769230769231,58.0,-0.5869659127942375
exp2_np9_rho015_alpha10,9,0.15,10,137,40,0.11297844127636629,-0.009773836908749445,0.5128205128205128,0.5384615384615384,0.46153846153846156,52.84615384615385,-0.6377743652773253
exp2_np9_rho015_alpha10,9,0.15,10,133,35,0.10178506620954884,0.040995558647709096,0.29411764705882354,0.5882352941176471,0.4117647058823529,44.85294117647059,-0.6580113840820466
exp2_np9_rho015_alpha10,9,0.15,10,140,40,0.051574173971516424,0.014567077279439289,0.475,0.475,0.525,42.9,-0.2860344917528558
exp2_np9_rho015_alpha10,9,0.15,10,141,35,0.07229616088088842,0.05851758859918288,0.34285714285714286,0.5142857142857142,0.4857142857142857,52.22857142857143,-0.2894629261693499
exp2_np9_rho015_alpha10,9,0.15,10,134,25,0.01747201419578559,-0.004027938708672352,0.5217391304347826,0.43478260869565216,0.5652173913043478,45.391304347826086,0.0018356946711623754
exp2_np9_rho015_alpha10,9,0.15,10,138,36,0.01032948670921063,0.010011216370050313,0.4857142857142857,0.5714285714285714,0.42857142857142855,47.371428571428574,-0.3269068741093208
exp2_np9_rho015_alpha10,9,0.15,10,136,33,0.0985554985413251,0.02375654730134613,0.36363636363636365,0.6666666666666666,0.3333333333333333,55.63636363636363,-0.23877037381673732
exp2_np9_rho015_alpha10,9,0.15,10,143,28,0.07140205372764205,0.06877869935336989,0.3333333333333333,0.4444444444444444,0.5555555555555556,53.51851851851852,-0.26019531146279623
exp2_np9_rho015_alpha10,9,0.15,10,142,35,0.15076979639175467,0.11113879447589525,0.2857142857142857,0.5428571428571428,0.45714285714285713,57.77142857142857,-0.4307685210577995
exp2_np9_rho015_alpha10,9,0.15,10,145,32,0.1523538632256054,0.03806982661255365,0.4375,0.4375,0.5625,37.53125,-0.5380639219263383
exp2_np9_rho015_alpha10,9,0.15,10,144,40,0.12950321235200246,0.06535374836303287,0.41025641025641024,0.5128205128205128,0.48717948717948717,40.97435897435897,-0.2686419861657599
exp2_np9_rho015_alpha10,9,0.15,10,146,39,0.057033185117763986,-0.01866222969516329,0.5263157894736842,0.34210526315789475,0.6578947368421053,43.89473684210526,-0.3982682845339141
exp2_np9_rho015_alpha10,9,0.15,10,147,33,0.07142376940905641,0.01696603960964893,0.41935483870967744,0.5483870967741935,0.45161290322580644,49.774193548387096,-0.4149784371867413
exp2_np9_rho015_alpha10,9,0.15,10,152,30,0.15059130263835613,0.09506806095956266,0.4,0.5666666666666667,0.43333333333333335,42.36666666666667,-0.6478786525324735
exp2_np9_rho015_alpha10,9,0.15,10,150,42,0.06700246880750589,0.035568353983155276,0.43902439024390244,0.36585365853658536,0.6341463414634146,41.80487804878049,-0.3951735277175699
exp2_np9_rho015_alpha10,9,0.15,10,151,37,0.07464086474443003,0.05248582608568775,0.3783783783783784,0.5135135135135135,0.4864864864864865,36.7027027027027,-0.0817487938964228
exp2_np9_rho015_alpha10,9,0.15,10,148,41,0.02250589253597437,0.007219226276635737,0.475,0.45,0.55,47.9,-0.2144787067412465
exp2_np9_rho015_alpha10,9,0.15,10,149,43,0.10725399313930654,0.056173346689171844,0.4186046511627907,0.46511627906976744,0.5348837209302325,55.604651162790695,-0.31667214101820523
exp2_np9_rho015_alpha10,9,0.15,10,154,34,0.11197179008886028,0.03860557686604027,0.38235294117647056,0.5588235294117647,0.4411764705882353,47.38235294117647,-0.2233253828351143
exp2_np9_rho015_alpha10,9,0.15,10,153,44,0.06108352636821251,0.03632415549849588,0.45454545454545453,0.6136363636363636,0.38636363636363635,46.09090909090909,-0.3906520943558713
exp2_np9_rho015_alpha10,9,0.15,10,155,31,0.11471924148710812,0.05947764324007476,0.45161290322580644,0.5161290322580645,0.4838709677419355,46.064516129032256,-0.5363046304368629
exp2_np9_rho015_alpha10,9,0.15,10,156,43,0.056625139733506503,0.0642989003418295,0.3170731707317073,0.4146341463414634,0.5853658536585366,57.97560975609756,-0.12421911628095862
exp2_np9_rho015_alpha10,9,0.15,10,157,34,0.039557426933569374,0.017728684670617056,0.42424242424242425,0.48484848484848486,0.5151515151515151,46.333333333333336,-0.20039941428971866
exp2_np9_rho015_alpha10,9,0.15,10,158,32,0.022889666665797448,-0.026763342348017805,0.5625,0.4375,0.5625,46.40625,-0.3875550550754535
exp2_np9_rho015_alpha10,9,0.15,10,159,48,0.06469700889761464,0.028356660667814726,0.4583333333333333,0.5625,0.4375,47.916666666666664,-0.24021318459670482
exp2_np9_rho015_alpha10,9,0.15,10,160,28,0.014655374118959421,0.02598873499325549,0.4642857142857143,0.2857142857142857,0.7142857142857143,45.142857142857146,-0.47207154485547703
exp2_np9_rho015_alpha10,9,0.15,10,161,40,0.09784058155035609,0.034232305733118196,0.2894736842105263,0.5789473684210527,0.42105263157894735,38.6578947368421,-0.285215663178737
exp2_np9_rho015_alpha10,9,0.15,10,162,39,0.020565154131098835,0.012499476061401893,0.48717948717948717,0.6153846153846154,0.38461538461538464,39.30769230769231,-0.22451733321960876
exp2_np9_rho015_alpha10,9,0.15,10,165,42,0.04747632888830822,-0.0032239362140304983,0.5238095238095238,0.5476190476190477,0.4523809523809524,48.833333333333336,-0.4272902884502304
exp2_np9_rho015_alpha10,9,0.15,10,163,34,0.11413930860414293,0.03324929915323205,0.4117647058823529,0.5,0.5,41.44117647058823,-0.4674373126848814
exp2_np9_rho015_alpha10,9,0.15,10,164,28,0.06677887468206073,0.005902956139312465,0.48148148148148145,0.6296296296296297,0.37037037037037035,43.25925925925926,-0.33303269939509933
exp2_np9_rho015_alpha10,9,0.15,10,166,30,0.0993817561996037,0.038349935681137204,0.3793103448275862,0.5862068965517241,0.41379310344827586,48.48275862068966,-0.5411226370945855
exp2_np9_rho015_alpha10,9,0.15,10,167,47,0.0009856650710969523,0.016102316659354354,0.5,0.5,0.5,50.80434782608695,-0.18167551059940504
exp2_np9_rho015_alpha10,9,0.15,10,168,39,0.06343280635625576,0.027717357869890158,0.41025641025641024,0.5641025641025641,0.4358974358974359,44.69230769230769,-0.09320805953208318
exp2_np9_rho015_alpha10,9,0.15,10,169,41,-0.0031078253468037284,-0.0020824722187331446,0.5121951219512195,0.4878048780487805,0.5121951219512195,50.292682926829265,-0.02149226377094185
exp2_np9_rho015_alpha10,9,0.15,10,170,33,0.07033815963161892,0.057030429745651645,0.42424242424242425,0.5757575757575758,0.42424242424242425,53.27272727272727,-0.284211773448177
exp2_np9_rho015_alpha10,9,0.15,10,174,27,0.1643042960925412,0.06860404586108881,0.25925925925925924,0.5555555555555556,0.4444444444444444,48.074074074074076,-0.39260096653898624
exp2_np9_rho015_alpha10,9,0.15,10,171,49,0.11154428541225149,0.026213310628387276,0.3469387755102041,0.5510204081632653,0.4489795918367347,47.0,-0.24675032759280027
exp2_np9_rho015_alpha10,9,0.15,10,173,43,0.0370902099285523,0.042926546901298046,0.4418604651162791,0.5348837209302325,0.46511627906976744,50.372093023255815,-0.26608818716838134
exp2_np9_rho015_alpha10,9,0.15,10,172,44,0.07880705700451103,0.027308027404653323,0.4186046511627907,0.5813953488372093,0.4186046511627907,41.93023255813954,-0.27547185966785803
exp2_np9_rho015_alpha10,9,0.15,10,175,36,0.012070031921032965,-0.010637414106595244,0.5428571428571428,0.45714285714285713,0.5428571428571428,42.68571428571428,0.005741997634094773
exp2_np9_rho015_alpha10,9,0.15,10,176,35,0.039514017863670876,0.05445025408549453,0.4411764705882353,0.47058823529411764,0.5294117647058824,44.3235294117647,-0.1733185260711006
exp2_np9_rho015_alpha10,9,0.15,10,178,42,0.04550299734499886,0.0720749026376315,0.2857142857142857,0.5952380952380952,0.40476190476190477,40.976190476190474,-0.16490149008956
exp2_np9_rho015_alpha10,9,0.15,10,177,42,0.08590169241942733,0.03605476453731793,0.3902439024390244,0.6097560975609756,0.3902439024390244,56.19512195121951,-0.35098666401815165
exp2_np9_rho015_alpha10,9,0.15,10,181,35,0.061122261976771584,0.05963700095214941,0.38235294117647056,0.47058823529411764,0.5294117647058824,38.8235294117647,-0.38597380769600187
exp2_np9_rho015_alpha10,9,0.15,10,179,33,0.04052569974354717,-0.0246793466351356,0.5151515151515151,0.42424242424242425,0.5757575757575758,47.84848484848485,0.08460369787057995
exp2_np9_rho015_alpha10,9,0.15,10,182,34,0.03224264464029035,0.004256592812261761,0.47058823529411764,0.5588235294117647,0.4411764705882353,50.73529411764706,-0.02955330942027143
exp2_np9_rho015_alpha10,9,0.15,10,180,26,0.18243480184398045,0.13586861512501658,0.2916666666666667,0.5416666666666666,0.4583333333333333,38.291666666666664,-0.3959840584030461
exp2_np9_rho015_alpha10,9,0.15,10,183,41,0.047580622203090714,0.029835165956280107,0.4358974358974359,0.5128205128205128,0.48717948717948717,44.46153846153846,-0.021742253239927494
exp2_np9_rho015_alpha10,9,0.15,10,184,47,0.07828173538365933,0.036623815424934314,0.3695652173913043,0.41304347826086957,0.5869565217391305,50.06521739130435,0.0044267359279153125
exp2_np9_rho015_alpha10,9,0.15,10,185,33,0.04807437969327698,-0.009757211622058115,0.5151515151515151,0.5454545454545454,0.45454545454545453,41.63636363636363,-0.2502030072453069
exp2_np9_rho015_alpha10,9,0.15,10,186,44,0.0720081440927398,0.04195089424766252,0.4318181818181818,0.5454545454545454,0.45454545454545453,60.54545454545455,-0.5011877201286465
exp2_np9_rho015_alpha10,9,0.15,10,190,38,0.112266199981172,0.1026284448639796,0.3684210526315789,0.6578947368421053,0.34210526315789475,40.94736842105263,-0.32592363357602344
exp2_np9_rho015_alpha10,9,0.15,10,189,46,0.028193991418188978,0.03442805159779816,0.4444444444444444,0.4444444444444444,0.5555555555555556,50.13333333333333,-0.017412084287483396
exp2_np9_rho015_alpha10,9,0.15,10,188,43,0.0684508572632512,0.03729832266014821,0.3488372093023256,0.627906976744186,0.37209302325581395,45.93023255813954,-0.29389412236026663
exp2_np9_rho015_alpha10,9,0.15,10,191,34,0.04177571644089284,0.04575982457125427,0.3939393939393939,0.45454545454545453,0.5454545454545454,42.18181818181818,-0.09757327729657833
exp2_np9_rho015_alpha10,9,0.15,10,187,31,0.06434107086293188,0.012326530727941432,0.45161290322580644,0.6774193548387096,0.3225806451612903,53.16129032258065,-0.32331376510449533
exp2_np9_rho015_alpha10,9,0.15,10,198,35,0.06314557053514283,0.05497628458338344,0.37142857142857144,0.45714285714285713,0.5428571428571428,48.4,-0.26845718363021837
exp2_np9_rho015_alpha10,9,0.15,10,197,39,0.1311506413454872,0.056888104513823645,0.42105263157894735,0.5263157894736842,0.47368421052631576,55.86842105263158,-0.5708382854222344
exp2_np9_rho015_alpha10,9,0.15,10,195,46,0.1714931132301699,0.010129855181799208,0.4888888888888889,0.6888888888888889,0.3111111111111111,53.022222222222226,-0.5719155542572224
exp2_np9_rho015_alpha10,9,0.15,10,199,36,0.019428264263961135,0.015109528251377569,0.4444444444444444,0.4166666666666667,0.5833333333333334,58.138888888888886,-0.34163570318353415
exp2_np9_rho015_alpha10,9,0.15,10,192,28,0.05591660191588858,0.004477702382524207,0.4444444444444444,0.5555555555555556,0.4444444444444444,43.48148148148148,-0.41589651741799355
exp2_np9_rho015_alpha10,9,0.15,10,193,40,0.03847056771378563,0.03264079260772501,0.425,0.5,0.5,42.45,-0.15516770089196288
exp2_np9_rho015_alpha10,9,0.15,10,194,31,0.036662904038171816,-0.012822467398922122,0.5161290322580645,0.6129032258064516,0.3870967741935484,53.03225806451613,-0.1962936632510642
exp2_np9_rho015_alpha10,9,0.15,10,196,35,0.08378545273816679,0.0696995411911967,0.38235294117647056,0.5294117647058824,0.47058823529411764,44.205882352941174,-0.2720285231131881
exp2_np9_rho015_alpha2,9,0.15,2,9,82,0.015281880717452418,-0.006473935188633817,0.5384615384615384,0.5,0.5,57.98717948717949,0.027492534199135218
exp2_np9_rho015_alpha2,9,0.15,2,11,80,0.05410715433538371,-0.0020403246076581283,0.5064935064935064,0.36363636363636365,0.6363636363636364,49.87012987012987,-0.3533255319201782
exp2_np9_rho015_alpha2,9,0.15,2,4,76,0.013162154274083574,0.0006214171371237143,0.4927536231884058,0.6956521739130435,0.30434782608695654,53.56521739130435,0.08990642271642718
exp2_np9_rho015_alpha2,9,0.15,2,3,73,0.03530586839391809,0.005557239498563682,0.463768115942029,0.6086956521739131,0.391304347826087,49.3768115942029,-0.06297477235670468
exp2_np9_rho015_alpha2,9,0.15,2,13,80,0.029923866968027183,0.019418966785341496,0.4189189189189189,0.5,0.5,52.2027027027027,-0.10716614293138303
exp2_np9_rho015_alpha2,9,0.15,2,2,65,0.024884301076175026,0.007775835471437453,0.4603174603174603,0.5238095238095238,0.47619047619047616,56.38095238095238,0.10302334801171785
exp2_np9_rho015_alpha2,9,0.15,2,7,77,0.0577070320826301,0.022932220177055207,0.4225352112676056,0.5633802816901409,0.43661971830985913,57.63380281690141,-0.19195476271555129
exp2_np9_rho015_alpha2,9,0.15,2,12,68,0.031240207998494585,0.023871187550244866,0.3125,0.515625,0.484375,49.78125,-0.05033934818891932
exp2_np9_rho015_alpha2,9,0.15,2,5,80,0.08225714012715034,0.0393621852535917,0.3466666666666667,0.5466666666666666,0.4533333333333333,53.52,-0.30709503173219976
exp2_np9_rho015_alpha2,9,0.15,2,0,71,0.020146868796773357,-0.01324495069493814,0.5147058823529411,0.5441176470588235,0.45588235294117646,51.61764705882353,0.07020915701667042
exp2_np9_rho015_alpha2,9,0.15,2,10,93,0.015358797035442788,-0.0019957672491672795,0.5057471264367817,0.5172413793103449,0.4827586206896552,46.28735632183908,0.15697767019971978
exp2_np9_rho015_alpha2,9,0.15,2,8,87,0.022105081496266984,-0.0007842797120991563,0.524390243902439,0.47560975609756095,0.524390243902439,61.90243902439025,-0.016405691353051543
exp2_np9_rho015_alpha2,9,0.15,2,6,65,0.023087719415143072,0.0036370223851820427,0.5,0.3709677419354839,0.6290322580645161,61.37096774193548,0.21813106089931839
exp2_np9_rho015_alpha2,9,0.15,2,15,80,0.030306388781436776,0.0061894676417599825,0.44,0.49333333333333335,0.5066666666666667,56.053333333333335,0.09383800609810028
exp2_np9_rho015_alpha2,9,0.15,2,14,76,0.02273063600821923,-0.0015633660782392589,0.5138888888888888,0.5277777777777778,0.4722222222222222,46.013888888888886,-0.1585141688437981
exp2_np9_rho015_alpha2,9,0.15,2,1,76,0.061647942695889225,0.028365694949462394,0.36619718309859156,0.4788732394366197,0.5211267605633803,52.563380281690144,-0.1292719649488123
exp2_np9_rho015_alpha2,9,0.15,2,23,94,0.029362983316714084,0.0015329113484332524,0.4945054945054945,0.4835164835164835,0.5164835164835165,50.05494505494506,0.014266372410409543
exp2_np9_rho015_alpha2,9,0.15,2,16,81,0.024662497837777787,0.00039842900863718,0.48,0.4266666666666667,0.5733333333333334,50.53333333333333,0.041329480993390795
exp2_np9_rho015_alpha2,9,0.15,2,18,75,0.048857795020795236,0.031560401474037825,0.42028985507246375,0.463768115942029,0.5362318840579711,51.14492753623188,0.06378983339527311
exp2_np9_rho015_alpha2,9,0.15,2,17,82,0.019419003307027432,-0.017376135583129226,0.5714285714285714,0.5584415584415584,0.44155844155844154,48.79220779220779,0.08750261123224144
exp2_np9_rho015_alpha2,9,0.15,2,19,67,0.04130226933521326,0.02040263173565693,0.453125,0.5,0.5,61.09375,-0.44561213472802946
exp2_np9_rho015_alpha2,9,0.15,2,20,72,0.025704690594442078,0.010857484785371518,0.4411764705882353,0.5882352941176471,0.4117647058823529,50.05882352941177,-0.1819354494533711
exp2_np9_rho015_alpha2,9,0.15,2,25,76,0.02014249872404888,0.010687899455485983,0.47058823529411764,0.5588235294117647,0.4411764705882353,55.38235294117647,0.10073756816563036
exp2_np9_rho015_alpha2,9,0.15,2,26,77,0.04235554800933093,0.010883874860351028,0.4520547945205479,0.4383561643835616,0.5616438356164384,57.73972602739726,-0.12053532615031873
exp2_np9_rho015_alpha2,9,0.15,2,22,71,0.05128980600176202,0.020604710740267596,0.4117647058823529,0.6176470588235294,0.38235294117647056,53.35294117647059,-0.14356940007226032
exp2_np9_rho015_alpha2,9,0.15,2,21,71,0.03309428167843914,0.01439039729071645,0.47692307692307695,0.49230769230769234,0.5076923076923077,43.55384615384615,0.1963122000799696
exp2_np9_rho015_alpha2,9,0.15,2,27,77,0.031433597200663965,0.02467964706058101,0.4189189189189189,0.5,0.5,54.851351351351354,-0.07752965293265396
exp2_np9_rho015_alpha2,9,0.15,2,28,66,0.026803444129891163,0.004298097083639707,0.46875,0.515625,0.484375,47.5625,-0.07501686716225942
exp2_np9_rho015_alpha2,9,0.15,2,31,62,0.04138749789709304,-0.0022526189581779654,0.5,0.5333333333333333,0.4666666666666667,53.53333333333333,-0.24313947372035594
exp2_np9_rho015_alpha2,9,0.15,2,24,65,0.041027930161920814,0.0023018783240935647,0.4918032786885246,0.5409836065573771,0.45901639344262296,55.09836065573771,-0.10123807255922783
exp2_np9_rho015_alpha2,9,0.15,2,30,84,0.03931133679731303,0.008064643241799452,0.46835443037974683,0.379746835443038,0.620253164556962,46.77215189873418,0.10686539490641153
exp2_np9_rho015_alpha2,9,0.15,2,29,70,0.0401845302766658,0.004795369283291606,0.47761194029850745,0.47761194029850745,0.5223880597014925,54.492537313432834,-0.09042602767162998
exp2_np9_rho015_alpha2,9,0.15,2,32,76,0.02801031758619595,0.014878752545561369,0.4444444444444444,0.5,0.5,44.44444444444444,-0.017691881090487985
exp2_np9_rho015_alpha2,9,0.15,2,33,70,0.028316469466425104,-0.0043051540067242655,0.515625,0.546875,0.453125,45.921875,0.015459473737469481
exp2_np9_rho015_alpha2,9,0.15,2,34,72,0.025984204571447747,0.005380162338788352,0.44776119402985076,0.5074626865671642,0.4925373134328358,54.82089552238806,0.14843070847975542
exp2_np9_rho015_alpha2,9,0.15,2,35,70,0.02879986434699873,-0.006455501136503283,0.5,0.546875,0.453125,58.765625,-0.03998801751666927
exp2_np9_rho015_alpha2,9,0.15,2,38,72,0.03224742193941523,0.0002707490119928657,0.5,0.5142857142857142,0.4857142857142857,48.92857142857143,-0.18049648987911435
exp2_np9_rho015_alpha2,9,0.15,2,36,69,0.03412308760062735,0.014254728575749276,0.43283582089552236,0.5970149253731343,0.40298507462686567,53.71641791044776,-0.1143560423543912
exp2_np9_rho015_alpha2,9,0.15,2,37,78,0.02300200615297825,-0.0035300115807683774,0.5135135135135135,0.4594594594594595,0.5405405405405406,59.027027027027025,0.19572682423726329
exp2_np9_rho015_alpha2,9,0.15,2,39,73,0.07166163838465907,0.019929982636155863,0.4057971014492754,0.5217391304347826,0.4782608695652174,55.94202898550725,-0.33909349432834485
exp2_np9_rho015_alpha2,9,0.15,2,40,82,0.025280652649073455,0.01697217775883164,0.4342105263157895,0.5789473684210527,0.42105263157894735,44.776315789473685,0.04865064492866963
exp2_np9_rho015_alpha2,9,0.15,2,42,69,0.030636824987034822,-0.00023024508880276073,0.5,0.484375,0.515625,62.625,-0.0344889645878687
exp2_np9_rho015_alpha2,9,0.15,2,41,79,0.011711293532274654,-0.005178432518055054,0.547945205479452,0.4657534246575342,0.5342465753424658,61.26027397260274,0.16320867234171305
exp2_np9_rho015_alpha2,9,0.15,2,44,86,0.04305855175647594,0.010146354865033125,0.45,0.5375,0.4625,54.7375,0.08601670342672774
exp2_np9_rho015_alpha2,9,0.15,2,43,72,0.02594731063148999,0.0039535520006204194,0.4925373134328358,0.4925373134328358,0.5074626865671642,57.25373134328358,-0.18177116508061764
exp2_np9_rho015_alpha2,9,0.15,2,45,79,0.005416294896312205,0.0011285273270611462,0.4868421052631579,0.3815789473684211,0.618421052631579,41.38157894736842,0.1623693608337549
exp2_np9_rho015_alpha2,9,0.15,2,46,82,0.013242316873503425,0.009984175181502408,0.44871794871794873,0.48717948717948717,0.5128205128205128,48.88461538461539,-0.01566439591312577
exp2_np9_rho015_alpha2,9,0.15,2,47,83,0.03681312576543665,-0.008919701723852036,0.5316455696202531,0.4810126582278481,0.5189873417721519,53.860759493670884,-0.07965807936374666
exp2_np9_rho015_alpha2,9,0.15,2,48,71,0.03905320945157396,0.005509992241373496,0.4153846153846154,0.5230769230769231,0.47692307692307695,50.53846153846154,-0.12770278938067392
exp2_np9_rho015_alpha2,9,0.15,2,49,65,0.039898188092026686,0.021577732281525375,0.3548387096774194,0.5806451612903226,0.41935483870967744,59.33870967741935,-0.018370563336344743
exp2_np9_rho015_alpha2,9,0.15,2,50,71,0.04261292993776312,-0.004901900610127186,0.5522388059701493,0.5074626865671642,0.4925373134328358,47.28358208955224,-0.14469488461516206
exp2_np9_rho015_alpha2,9,0.15,2,52,73,0.03368049259758944,0.011361278443974943,0.44285714285714284,0.5857142857142857,0.4142857142857143,46.58571428571429,0.12198757839602682
exp2_np9_rho015_alpha2,9,0.15,2,53,68,0.024972357559624837,0.013286495069803728,0.42857142857142855,0.3333333333333333,0.6666666666666666,50.317460317460316,-0.1203456443059848
exp2_np9_rho015_alpha2,9,0.15,2,51,78,0.021694654677744042,0.0005151848491058431,0.49295774647887325,0.4507042253521127,0.5492957746478874,54.478873239436616,-0.1496267699196821
exp2_np9_rho015_alpha2,9,0.15,2,54,76,0.017631606572900933,0.011428742824404203,0.44285714285714284,0.5428571428571428,0.45714285714285713,52.34285714285714,0.02646874664411969
exp2_np9_rho015_alpha2,9,0.15,2,55,80,0.02474733442895328,0.011620325672642817,0.44594594594594594,0.47297297297297297,0.527027027027027,54.5945945945946,0.10498729590960201
exp2_np9_rho015_alpha2,9,0.15,2,56,81,0.017922763009064924,-0.01280682472288408,0.5844155844155844,0.4935064935064935,0.5064935064935064,52.532467532467535,-0.20046805805982187
exp2_np9_rho015_alpha2,9,0.15,2,59,75,0.02182174055623296,0.002197867953358301,0.4857142857142857,0.4857142857142857,0.5142857142857142,50.785714285714285,0.13731894591638938
exp2_np9_rho015_alpha2,9,0.15,2,57,74,0.015591094156686998,-0.014207300535537204,0.5428571428571428,0.5428571428571428,0.45714285714285713,60.01428571428571,-0.16032051816842605
exp2_np9_rho015_alpha2,9,0.15,2,58,80,0.03878294426793387,0.017817160668771592,0.3783783783783784,0.5135135135135135,0.4864864864864865,57.91891891891892,-0.0932281360343202
exp2_np9_rho015_alpha2,9,0.15,2,60,71,0.009646061692350688,-0.00807783946928975,0.53125,0.546875,0.453125,55.703125,-0.007862430170185753
exp2_np9_rho015_alpha2,9,0.15,2,61,68,0.03098079466250249,0.024382000706450135,0.4375,0.515625,0.484375,53.96875,0.2552030760289141
exp2_np9_rho015_alpha2,9,0.15,2,62,80,0.04249458985716615,0.014970449662600416,0.44,0.4533333333333333,0.5466666666666666,51.49333333333333,0.06198077957214465
exp2_np9_rho015_alpha2,9,0.15,2,63,67,0.027314560906989423,0.015923627507348215,0.4603174603174603,0.4444444444444444,0.5555555555555556,48.17460317460318,-0.1834903812763123
exp2_np9_rho015_alpha2,9,0.15,2,64,60,0.04760271211621238,0.012654718262147036,0.48214285714285715,0.375,0.625,53.357142857142854,0.009762776609795272
exp2_np9_rho015_alpha2,9,0.15,2,66,79,0.029717886347152153,-0.008618435226808163,0.5675675675675675,0.581081081081081,0.4189189189189189,52.0,-0.24301353187308217
exp2_np9_rho015_alpha2,9,0.15,2,65,66,0.04970121679599246,0.0058233410529471286,0.4838709677419355,0.5161290322580645,0.4838709677419355,54.11290322580645,-0.044324426990628135
exp2_np9_rho015_alpha2,9,0.15,2,69,79,0.021089821999040862,-0.020080039640573588,0.6027397260273972,0.4383561643835616,0.5616438356164384,61.52054794520548,0.2052914991564419
exp2_np9_rho015_alpha2,9,0.15,2,68,79,0.028712276508307114,-0.004512274187887133,0.5138888888888888,0.4027777777777778,0.5972222222222222,54.55555555555556,0.024540096905582433
exp2_np9_rho015_alpha2,9,0.15,2,67,74,0.021283603847030933,-0.009730525964672498,0.6029411764705882,0.5735294117647058,0.4264705882352941,59.3235294117647,0.047340004192832394
exp2_np9_rho015_alpha2,9,0.15,2,70,66,0.015980245594123633,-0.004408058790379421,0.5166666666666667,0.55,0.45,56.85,-0.11801943975327174
exp2_np9_rho015_alpha2,9,0.15,2,73,79,0.004336407714074586,0.0020425618594916983,0.49333333333333335,0.49333333333333335,0.5066666666666667,59.04,0.3466353165776507
exp2_np9_rho015_alpha2,9,0.15,2,71,74,0.03163815904288784,-0.0123367955544742,0.5142857142857142,0.5285714285714286,0.4714285714285714,45.97142857142857,0.14675087089769062
exp2_np9_rho015_alpha2,9,0.15,2,74,78,0.06274265515071994,0.013502895064670284,0.43661971830985913,0.352112676056338,0.647887323943662,50.91549295774648,-0.17031244960001865
exp2_np9_rho015_alpha2,9,0.15,2,72,74,0.014347602509814116,-0.017415327491036692,0.5652173913043478,0.43478260869565216,0.5652173913043478,57.43478260869565,0.291382712833079
exp2_np9_rho015_alpha2,9,0.15,2,76,75,0.03055787502089721,0.014393945230033012,0.4,0.4714285714285714,0.5285714285714286,42.81428571428572,-0.01571472679651091
exp2_np9_rho015_alpha2,9,0.15,2,75,73,0.03463912179963787,-0.002077393216092016,0.5285714285714286,0.5142857142857142,0.4857142857142857,54.5,-0.2574252647781517
exp2_np9_rho015_alpha2,9,0.15,2,78,65,0.04180465168333774,0.02481973864473286,0.41935483870967744,0.46774193548387094,0.532258064516129,60.274193548387096,0.06090681960842315
exp2_np9_rho015_alpha2,9,0.15,2,77,77,0.03278237803760596,0.01071373734806258,0.4444444444444444,0.4861111111111111,0.5138888888888888,63.15277777777778,0.1555224886801209
exp2_np9_rho015_alpha2,9,0.15,2,79,75,0.038676086743715046,-0.0017754467993418288,0.5142857142857142,0.5571428571428572,0.44285714285714284,48.81428571428572,0.04193209689237814
exp2_np9_rho015_alpha2,9,0.15,2,80,73,0.024798736527891562,0.03641612686935547,0.44285714285714284,0.5,0.5,55.32857142857143,-0.08264297681657874
exp2_np9_rho015_alpha2,9,0.15,2,85,88,0.04030056849085294,0.006990884013649001,0.42168674698795183,0.46987951807228917,0.5301204819277109,53.024096385542165,-0.21448611386043315
exp2_np9_rho015_alpha2,9,0.15,2,81,75,-0.0038896788280422152,-0.001831865017806411,0.5142857142857142,0.4714285714285714,0.5285714285714286,50.07142857142857,-0.10381237752153308
exp2_np9_rho015_alpha2,9,0.15,2,86,71,0.05635694350362031,0.012033173799070873,0.40298507462686567,0.4925373134328358,0.5074626865671642,43.208955223880594,-0.20553310777350312
exp2_np9_rho015_alpha2,9,0.15,2,82,72,0.019937954635874416,0.012343758116245773,0.4264705882352941,0.5441176470588235,0.45588235294117646,57.794117647058826,0.1910756797975708
exp2_np9_rho015_alpha2,9,0.15,2,84,72,0.05074551154312895,0.010448497980720894,0.4411764705882353,0.47058823529411764,0.5294117647058824,55.838235294117645,-0.20901119801201998
exp2_np9_rho015_alpha2,9,0.15,2,83,64,-0.002259978684546334,-0.00675820332371968,0.5333333333333333,0.45,0.55,66.76666666666667,0.008008796213857052
exp2_np9_rho015_alpha2,9,0.15,2,87,83,0.011289840846138962,-0.006625503449489756,0.5526315789473685,0.4868421052631579,0.5131578947368421,60.19736842105263,0.09212714534486666
exp2_np9_rho015_alpha2,9,0.15,2,91,76,0.009060910683430467,-0.00969805834675963,0.5342465753424658,0.5068493150684932,0.4931506849315068,56.67123287671233,0.18093830276447617
exp2_np9_rho015_alpha2,9,0.15,2,90,75,0.029669913397883604,0.008021377017895404,0.4714285714285714,0.5285714285714286,0.4714285714285714,57.957142857142856,0.052617465781867115
exp2_np9_rho015_alpha2,9,0.15,2,92,83,0.04038629385582591,0.0036086845334759587,0.4936708860759494,0.4810126582278481,0.5189873417721519,51.924050632911396,-0.18232517083271507
exp2_np9_rho015_alpha2,9,0.15,2,89,76,0.027975255435558566,-0.003529985722608764,0.5138888888888888,0.4722222222222222,0.5277777777777778,56.208333333333336,0.012032480315367225
exp2_np9_rho015_alpha2,9,0.15,2,88,70,0.04051213361931633,0.018429031564402454,0.3787878787878788,0.4393939393939394,0.5606060606060606,59.333333333333336,0.10960290561095372
exp2_np9_rho015_alpha2,9,0.15,2,94,73,0.049380870089773585,-0.0027089939103870364,0.5072463768115942,0.5072463768115942,0.4927536231884058,56.34782608695652,-0.10850075140560209
exp2_np9_rho015_alpha2,9,0.15,2,93,83,0.02693365845017234,0.0239078874611387,0.4430379746835443,0.4936708860759494,0.5063291139240507,51.0126582278481,-0.11706836587951895
exp2_np9_rho015_alpha2,9,0.15,2,95,75,0.059516056745054974,0.007989973616417068,0.4861111111111111,0.5277777777777778,0.4722222222222222,53.291666666666664,-0.03569082539954762
exp2_np9_rho015_alpha2,9,0.15,2,96,61,0.007357139568882634,-0.0013080797000073474,0.5263157894736842,0.5263157894736842,0.47368421052631576,52.49122807017544,0.12756205225292425
exp2_np9_rho015_alpha2,9,0.15,2,97,79,0.007367471375376217,0.0008883083384452206,0.4931506849315068,0.4246575342465753,0.5753424657534246,53.68493150684932,0.08767905818941699
exp2_np9_rho015_alpha2,9,0.15,2,99,85,0.04352674653455796,0.00445673116419254,0.4074074074074074,0.5308641975308642,0.4691358024691358,46.22222222222222,-0.08060490317480164
exp2_np9_rho015_alpha2,9,0.15,2,98,84,0.018369194932150626,0.004259365033131957,0.46835443037974683,0.569620253164557,0.43037974683544306,54.89873417721519,0.13121416314117332
exp2_np9_rho015_alpha2,9,0.15,2,100,71,0.02849361344991621,0.01547890774526195,0.38461538461538464,0.49230769230769234,0.5076923076923077,51.83076923076923,-0.03481778731308146
exp2_np9_rho015_alpha2,9,0.15,2,101,81,0.031164575583406753,-0.00830021622596222,0.5512820512820513,0.48717948717948717,0.5128205128205128,55.782051282051285,-0.0726143369801257
exp2_np9_rho015_alpha2,9,0.15,2,102,86,0.044852048480781524,0.01659809286128011,0.4375,0.4625,0.5375,50.6125,-0.0547619290008547
exp2_np9_rho015_alpha2,9,0.15,2,103,74,0.01641308463060266,0.003613443884023404,0.4782608695652174,0.391304347826087,0.6086956521739131,69.43478260869566,0.03787815903066092
exp2_np9_rho015_alpha2,9,0.15,2,104,77,0.055137183838767014,0.024471666012051863,0.3972602739726027,0.5205479452054794,0.4794520547945205,60.36986301369863,-0.2821975710554455
exp2_np9_rho015_alpha2,9,0.15,2,105,74,0.03756381143252199,-0.006676580062021209,0.5652173913043478,0.5072463768115942,0.4927536231884058,47.34782608695652,-0.21747242099896955
exp2_np9_rho015_alpha2,9,0.15,2,106,84,0.010033861183906494,-4.904797202787137e-05,0.5064935064935064,0.4805194805194805,0.5194805194805194,45.74025974025974,0.0131160972971408
exp2_np9_rho015_alpha2,9,0.15,2,107,76,0.028667377487009118,0.002518076255201507,0.49295774647887325,0.4647887323943662,0.5352112676056338,46.16901408450704,0.07008267544236645
exp2_np9_rho015_alpha2,9,0.15,2,110,86,0.03445570436819736,-0.0033036978834459774,0.5555555555555556,0.6172839506172839,0.38271604938271603,46.160493827160494,-0.11981910060888722
exp2_np9_rho015_alpha2,9,0.15,2,109,77,0.024329840392070798,0.020810992343723633,0.4084507042253521,0.5070422535211268,0.49295774647887325,49.04225352112676,0.03160022950507686
exp2_np9_rho015_alpha2,9,0.15,2,108,66,-0.006432673466829827,-0.007457420840402129,0.5573770491803278,0.5245901639344263,0.47540983606557374,48.08196721311475,0.1421496696036862
exp2_np9_rho015_alpha2,9,0.15,2,111,80,0.025714536621072936,0.018421937514160547,0.4520547945205479,0.6164383561643836,0.3835616438356164,59.57534246575342,-0.012087025061837698
exp2_np9_rho015_alpha2,9,0.15,2,112,79,0.0033933065255444816,-0.029940856941358618,0.5675675675675675,0.5135135135135135,0.4864864864864865,54.54054054054054,0.08317093642494047
exp2_np9_rho015_alpha2,9,0.15,2,113,80,0.031087687953089017,0.0008893181871085787,0.4864864864864865,0.5135135135135135,0.4864864864864865,46.28378378378378,0.0773687188889366
exp2_np9_rho015_alpha2,9,0.15,2,115,76,0.030771118262432468,0.01411606674830157,0.4383561643835616,0.5068493150684932,0.4931506849315068,49.397260273972606,0.17595160101217547
exp2_np9_rho015_alpha2,9,0.15,2,116,70,0.049110171972347495,0.021209750117472392,0.4090909090909091,0.5,0.5,46.03030303030303,-0.08152520548349292
exp2_np9_rho015_alpha2,9,0.15,2,114,68,0.04273915177092708,0.022599362020527813,0.4461538461538462,0.5076923076923077,0.49230769230769234,42.93846153846154,-0.1444322089617803
exp2_np9_rho015_alpha2,9,0.15,2,118,70,0.018182008671552636,0.003472683521019704,0.48484848484848486,0.48484848484848486,0.5151515151515151,59.696969696969695,0.11777866686227463
exp2_np9_rho015_alpha2,9,0.15,2,119,75,0.05150764489588606,0.02342614516322694,0.42857142857142855,0.5285714285714286,0.4714285714285714,51.114285714285714,-0.009515731410551403
exp2_np9_rho015_alpha2,9,0.15,2,117,82,0.04591349581085627,0.006884970073081753,0.4430379746835443,0.4936708860759494,0.5063291139240507,46.25316455696203,-0.24813976820464873
exp2_np9_rho015_alpha2,9,0.15,2,120,69,0.03622113165200407,-0.015836265048146725,0.5757575757575758,0.5454545454545454,0.45454545454545453,51.54545454545455,-0.11287099284261413
exp2_np9_rho015_alpha2,9,0.15,2,121,77,0.034541859261314256,0.03695418996491462,0.4266666666666667,0.41333333333333333,0.5866666666666667,50.81333333333333,-0.09257006377424436
exp2_np9_rho015_alpha2,9,0.15,2,123,71,0.05691118053677917,-0.011038842861037956,0.5151515151515151,0.5,0.5,54.06060606060606,-0.12942686304740392
exp2_np9_rho015_alpha2,9,0.15,2,122,76,0.018057569414829992,0.009532848832932928,0.4305555555555556,0.6388888888888888,0.3611111111111111,49.986111111111114,0.026116646324260227
exp2_np9_rho015_alpha2,9,0.15,2,124,64,0.04202808667131721,0.01686383656174062,0.45901639344262296,0.4098360655737705,0.5901639344262295,59.24590163934426,-0.34436283033202675
exp2_np9_rho015_alpha2,9,0.15,2,125,84,0.002587991391736655,-0.009472153038527331,0.5625,0.4,0.6,52.7625,0.10601774918494389
exp2_np9_rho015_alpha2,9,0.15,2,126,69,0.03510492544121168,0.012483335252344574,0.4461538461538462,0.5538461538461539,0.4461538461538462,51.738461538461536,0.30100210742670575
exp2_np9_rho015_alpha2,9,0.15,2,127,70,0.0359517171282895,0.0011140201323094345,0.484375,0.515625,0.484375,64.28125,-0.20334393349226243
exp2_np9_rho015_alpha2,9,0.15,2,128,73,0.025862559619153697,0.0022242823520501886,0.47761194029850745,0.6119402985074627,0.3880597014925373,58.28358208955224,0.09059895912767209
exp2_np9_rho015_alpha2,9,0.15,2,129,80,0.03588405488785244,0.014060726123660494,0.47368421052631576,0.3157894736842105,0.6842105263157895,64.90789473684211,-0.11955553086838772
exp2_np9_rho015_alpha2,9,0.15,2,130,73,0.010388813379189699,-0.007854385559755261,0.5735294117647058,0.5588235294117647,0.4411764705882353,53.05882352941177,0.1830647002186126
exp2_np9_rho015_alpha2,9,0.15,2,131,73,0.031136007451755605,0.00892681444538379,0.4411764705882353,0.4264705882352941,0.5735294117647058,51.23529411764706,-0.05629398841986722
exp2_np9_rho015_alpha2,9,0.15,2,132,75,0.04646736054932353,0.013591225106693194,0.4264705882352941,0.6764705882352942,0.3235294117647059,56.411764705882355,-0.02229478832290832
exp2_np9_rho015_alpha2,9,0.15,2,133,88,0.01796168967635651,0.01619582918366147,0.4878048780487805,0.4878048780487805,0.5121951219512195,40.30487804878049,0.11803923121012655
exp2_np9_rho015_alpha2,9,0.15,2,134,79,0.03749478913725539,-0.008006241612413145,0.5135135135135135,0.527027027027027,0.47297297297297297,48.66216216216216,0.09711192567383496
exp2_np9_rho015_alpha2,9,0.15,2,135,77,0.018025013786121726,0.008853086761430262,0.4383561643835616,0.4794520547945205,0.5205479452054794,58.75342465753425,0.3739664109365524
exp2_np9_rho015_alpha2,9,0.15,2,136,82,0.04593217050871847,0.009568578032232544,0.42857142857142855,0.45454545454545453,0.5454545454545454,49.8051948051948,0.013375082300896235
exp2_np9_rho015_alpha2,9,0.15,2,137,67,0.02357969158892404,-0.002696439612488888,0.5238095238095238,0.38095238095238093,0.6190476190476191,53.6031746031746,-0.0072198112338491
exp2_np9_rho015_alpha2,9,0.15,2,139,79,0.055537341934070124,-0.006450476834918284,0.5333333333333333,0.5333333333333333,0.4666666666666667,51.2,-0.19659313756120586
exp2_np9_rho015_alpha2,9,0.15,2,140,79,0.0448583773084594,0.0369283618451961,0.43243243243243246,0.6081081081081081,0.3918918918918919,42.891891891891895,-0.3872151352224103
exp2_np9_rho015_alpha2,9,0.15,2,138,76,0.04470129152677968,0.022277050352383476,0.42028985507246375,0.4927536231884058,0.5072463768115942,49.768115942028984,-0.41602342630485756
exp2_np9_rho015_alpha2,9,0.15,2,141,83,0.018324032720075042,0.017186438856040986,0.4177215189873418,0.620253164556962,0.379746835443038,49.21518987341772,-0.13737442229874086
exp2_np9_rho015_alpha2,9,0.15,2,142,71,0.025434174493989527,0.01300935830524974,0.417910447761194,0.3880597014925373,0.6119402985074627,61.985074626865675,-0.224790910751025
exp2_np9_rho015_alpha2,9,0.15,2,143,80,0.05238291212638278,0.03011099153033836,0.42105263157894735,0.5526315789473685,0.4473684210526316,50.38157894736842,-0.29636530575197373
exp2_np9_rho015_alpha2,9,0.15,2,144,78,0.030434568236012077,0.004772195334099116,0.4794520547945205,0.4657534246575342,0.5342465753424658,49.26027397260274,-0.02585242833733019
exp2_np9_rho015_alpha2,9,0.15,2,145,77,0.02692168104610715,-0.004905711291899095,0.5070422535211268,0.49295774647887325,0.5070422535211268,53.33802816901409,0.0972118559381248
exp2_np9_rho015_alpha2,9,0.15,2,146,67,0.042112418539050685,0.015060596903478718,0.45161290322580644,0.5645161290322581,0.43548387096774194,54.854838709677416,-0.10937438000802982
exp2_np9_rho015_alpha2,9,0.15,2,147,69,0.004397792119593669,-0.0072683307956111776,0.5384615384615384,0.4461538461538462,0.5538461538461539,55.353846153846156,0.027521739548911836
exp2_np9_rho015_alpha2,9,0.15,2,148,69,0.03671182364329412,0.020371497291516327,0.375,0.421875,0.578125,51.203125,-0.06906456927469024
exp2_np9_rho015_alpha2,9,0.15,2,151,77,0.018872299732412272,-0.005262617122651747,0.5342465753424658,0.6027397260273972,0.3972602739726027,46.12328767123287,0.037949589532593433
exp2_np9_rho015_alpha2,9,0.15,2,150,76,0.02543054679069661,0.00014601640948352923,0.4927536231884058,0.463768115942029,0.5362318840579711,54.73913043478261,0.0981690928964761
exp2_np9_rho015_alpha2,9,0.15,2,149,69,0.07626885764466257,0.04956714201175494,0.373134328358209,0.5373134328358209,0.4626865671641791,52.83582089552239,-0.25995558004162816
exp2_np9_rho015_alpha2,9,0.15,2,152,68,0.018678753385153395,0.020360334120473667,0.4603174603174603,0.5079365079365079,0.49206349206349204,51.82539682539682,-0.05711385633369018
exp2_np9_rho015_alpha2,9,0.15,2,153,71,0.010489831066279343,-0.014060499575565544,0.5373134328358209,0.44776119402985076,0.5522388059701493,52.776119402985074,0.10896128506750997
exp2_np9_rho015_alpha2,9,0.15,2,154,67,0.016136212045981476,0.005484139007935873,0.4461538461538462,0.38461538461538464,0.6153846153846154,53.52307692307692,0.17085182032874957
exp2_np9_rho015_alpha2,9,0.15,2,156,79,0.01695350500026626,-0.007065540555623695,0.527027027027027,0.4594594594594595,0.5405405405405406,52.810810810810814,-0.12250157199822295
exp2_np9_rho015_alpha2,9,0.15,2,155,69,0.04413116830248925,0.016753624489869612,0.46774193548387094,0.6290322580645161,0.3709677419354839,58.20967741935484,0.0618856988719803
exp2_np9_rho015_alpha2,9,0.15,2,157,83,0.04068549843140772,0.006678072431250293,0.46153846153846156,0.5,0.5,55.37179487179487,0.004983897495962596
exp2_np9_rho015_alpha2,9,0.15,2,158,78,0.0051784831706837885,-0.01153534483535612,0.5733333333333334,0.52,0.48,48.46666666666667,0.07055498497054981
exp2_np9_rho015_alpha2,9,0.15,2,159,72,0.06786509246698302,0.024461580281164075,0.43283582089552236,0.6119402985074627,0.3880597014925373,60.985074626865675,-0.0321278861695095
exp2_np9_rho015_alpha2,9,0.15,2,160,83,0.011900193689074289,0.0006759724283558199,0.4810126582278481,0.46835443037974683,0.5316455696202531,48.063291139240505,-0.08857543854732051
exp2_np9_rho015_alpha2,9,0.15,2,161,70,0.05039818047280931,0.020380429114320364,0.36363636363636365,0.48484848484848486,0.5151515151515151,42.56060606060606,-0.264405791056497
exp2_np9_rho015_alpha2,9,0.15,2,162,70,0.01844761435937702,-0.0139617847132536,0.5671641791044776,0.3582089552238806,0.6417910447761194,46.134328358208954,0.22659623562935738
exp2_np9_rho015_alpha2,9,0.15,2,163,75,0.02501127868192485,0.017958889983942683,0.39436619718309857,0.5070422535211268,0.49295774647887325,48.16901408450704,0.04680442768664276
exp2_np9_rho015_alpha2,9,0.15,2,164,84,0.03387272935414639,0.014194965467318799,0.41025641025641024,0.4358974358974359,0.5641025641025641,48.743589743589745,-0.18360950621134722
exp2_np9_rho015_alpha2,9,0.15,2,166,65,0.04522460636352999,0.021270304269989992,0.39344262295081966,0.5081967213114754,0.4918032786885246,51.704918032786885,0.09548891484244085
exp2_np9_rho015_alpha2,9,0.15,2,165,68,0.0462258893246207,0.006641134499178136,0.45161290322580644,0.532258064516129,0.46774193548387094,54.33870967741935,-0.02158888647571036
exp2_np9_rho015_alpha2,9,0.15,2,168,70,-0.004377784726150492,-0.01838797794213587,0.5573770491803278,0.5245901639344263,0.47540983606557374,60.34426229508197,0.09140996498455836
exp2_np9_rho015_alpha2,9,0.15,2,167,78,0.001957608581031717,-0.00905230156987269,0.5205479452054794,0.4657534246575342,0.5342465753424658,57.178082191780824,0.12528870470242615
exp2_np9_rho015_alpha2,9,0.15,2,169,59,0.04601106132861061,0.0036329349199153427,0.4727272727272727,0.5636363636363636,0.43636363636363634,69.32727272727273,-0.05678394975471884
exp2_np9_rho015_alpha2,9,0.15,2,170,78,0.036122732209579185,0.005435021776353022,0.4594594594594595,0.47297297297297297,0.527027027027027,55.16216216216216,-0.04490328775104444
exp2_np9_rho015_alpha2,9,0.15,2,171,68,0.06280527309925799,0.005609741416320979,0.453125,0.625,0.375,56.5625,-0.2677241921453825
exp2_np9_rho015_alpha2,9,0.15,2,174,68,0.02464001065532191,-0.011403896776251088,0.53125,0.484375,0.515625,53.234375,-0.03193011532600171
exp2_np9_rho015_alpha2,9,0.15,2,172,83,0.017276216039208918,-0.010918668144779264,0.5131578947368421,0.5131578947368421,0.4868421052631579,51.53947368421053,0.23359644746299024
exp2_np9_rho015_alpha2,9,0.15,2,173,73,0.03315572722669643,0.014017778016730098,0.4507042253521127,0.5915492957746479,0.4084507042253521,54.25352112676056,-0.20839614228241532
exp2_np9_rho015_alpha2,9,0.15,2,175,75,0.03154711938674924,0.014805024945867551,0.4225352112676056,0.4647887323943662,0.5352112676056338,47.859154929577464,0.16723689394083993
exp2_np9_rho015_alpha2,9,0.15,2,176,76,0.06058080125849382,0.023193780879817716,0.36231884057971014,0.4927536231884058,0.5072463768115942,48.55072463768116,0.04592839476973336
exp2_np9_rho015_alpha2,9,0.15,2,178,65,0.01700748068557075,-0.0018662322822748934,0.5573770491803278,0.5573770491803278,0.4426229508196721,51.09836065573771,0.2365263892522808
exp2_np9_rho015_alpha2,9,0.15,2,177,73,0.04247138585438989,0.009762262717288639,0.4852941176470588,0.5,0.5,52.89705882352941,-0.07926995789552271
exp2_np9_rho015_alpha2,9,0.15,2,180,79,0.03670516749181875,0.012042118707700666,0.4305555555555556,0.4583333333333333,0.5416666666666666,51.06944444444444,0.10890169249747804
exp2_np9_rho015_alpha2,9,0.15,2,179,78,0.009171285546031978,-0.012963685253286172,0.5342465753424658,0.5068493150684932,0.4931506849315068,49.013698630136986,0.262516200593061
exp2_np9_rho015_alpha2,9,0.15,2,181,73,0.027736920497251127,0.019025496637286032,0.4626865671641791,0.582089552238806,0.417910447761194,46.55223880597015,0.03883014019228136
exp2_np9_rho015_alpha2,9,0.15,2,183,73,0.030951459873850964,0.007030632607297971,0.4117647058823529,0.5588235294117647,0.4411764705882353,46.23529411764706,-0.15992213439750644
exp2_np9_rho015_alpha2,9,0.15,2,184,86,0.0362184172670321,-0.008307402428976207,0.5625,0.425,0.575,54.8625,0.02507770162417393
exp2_np9_rho015_alpha2,9,0.15,2,182,69,0.042872652024826846,0.021265504746235564,0.46153846153846156,0.38461538461538464,0.6153846153846154,58.49230769230769,-0.1360215059540349
exp2_np9_rho015_alpha2,9,0.15,2,185,76,0.024714155457659318,-0.010240637941659969,0.5616438356164384,0.4931506849315068,0.5068493150684932,54.41095890410959,-0.022315430527734402
exp2_np9_rho015_alpha2,9,0.15,2,186,81,0.029510332914002763,0.0022297154935992936,0.4935064935064935,0.5064935064935064,0.4935064935064935,54.4025974025974,-0.13029839561704334
exp2_np9_rho015_alpha2,9,0.15,2,187,81,0.028393512227015263,0.006608744785182807,0.45454545454545453,0.4675324675324675,0.5324675324675324,51.51948051948052,-0.00024037724409795792
exp2_np9_rho015_alpha2,9,0.15,2,188,68,0.03466954886029523,0.0018768677438636416,0.49230769230769234,0.5076923076923077,0.49230769230769234,52.707692307692305,-0.009254386265908163
exp2_np9_rho015_alpha2,9,0.15,2,189,64,0.06049742383958764,0.037677139900399226,0.38095238095238093,0.5555555555555556,0.4444444444444444,57.523809523809526,-0.3454592076369468
exp2_np9_rho015_alpha2,9,0.15,2,190,74,0.01054399093380606,-0.005147741161810604,0.5285714285714286,0.4857142857142857,0.5142857142857142,50.31428571428572,0.21938206697215862
exp2_np9_rho015_alpha2,9,0.15,2,191,73,0.014933827904659953,0.0019477742082241178,0.4927536231884058,0.5507246376811594,0.4492753623188406,54.78260869565217,-0.13506064082318694
exp2_np9_rho015_alpha2,9,0.15,2,192,66,0.04481037208303768,0.014511895267157016,0.4098360655737705,0.6229508196721312,0.3770491803278688,51.16393442622951,-0.25001211517440414
exp2_np9_rho015_alpha2,9,0.15,2,193,59,0.047988159094258236,0.015541606164195976,0.41818181818181815,0.509090909090909,0.4909090909090909,51.41818181818182,-0.37117737740342066
exp2_np9_rho015_alpha2,9,0.15,2,194,61,0.006981638569116456,0.019524872631888623,0.35714285714285715,0.5892857142857143,0.4107142857142857,55.30357142857143,-0.08389450651474434
exp2_np9_rho015_alpha2,9,0.15,2,197,80,0.04806587553565237,0.01751478974415921,0.4722222222222222,0.5972222222222222,0.4027777777777778,53.02777777777778,-0.13228286334347375
exp2_np9_rho015_alpha2,9,0.15,2,196,82,0.02318262400284042,-0.00027276436190692976,0.5063291139240507,0.620253164556962,0.379746835443038,53.43037974683544,-0.20124326295655476
exp2_np9_rho015_alpha2,9,0.15,2,198,62,0.017959070642628427,-0.018969046385465926,0.5862068965517241,0.39655172413793105,0.603448275862069,61.275862068965516,-0.292711988498292
exp2_np9_rho015_alpha2,9,0.15,2,195,76,0.01269224857487889,0.011879286225874974,0.4444444444444444,0.4444444444444444,0.5555555555555556,52.94444444444444,0.03188421920275415
exp2_np9_rho015_alpha2,9,0.15,2,199,76,0.01337407965692936,-0.025119961148394765,0.6571428571428571,0.44285714285714284,0.5571428571428572,63.0,-0.08907025712261482
exp2_np9_rho015_alpha5,9,0.15,5,5,62,0.06708895521328452,0.03714445874226113,0.3,0.7166666666666667,0.2833333333333333,44.05,-0.3669424625912409
exp2_np9_rho015_alpha5,9,0.15,5,4,66,0.07184768010306476,-0.009033797466659443,0.5081967213114754,0.5573770491803278,0.4426229508196721,51.65573770491803,-0.05185330790400924
exp2_np9_rho015_alpha5,9,0.15,5,14,55,0.052504091682926794,0.010730791064826217,0.5,0.5370370370370371,0.46296296296296297,41.51851851851852,-0.006209978341380055
exp2_np9_rho015_alpha5,9,0.15,5,9,45,0.08156660400508937,0.051913631616990585,0.3488372093023256,0.6744186046511628,0.32558139534883723,60.69767441860465,-0.4616385243882527
exp2_np9_rho015_alpha5,9,0.15,5,8,46,0.07369294065478717,0.017809609675632387,0.43478260869565216,0.5,0.5,62.21739130434783,-0.41323959813993083
exp2_np9_rho015_alpha5,9,0.15,5,12,57,0.02828508831926248,0.004226943338628164,0.42592592592592593,0.46296296296296297,0.5370370370370371,47.388888888888886,0.012842605077841138
exp2_np9_rho015_alpha5,9,0.15,5,11,60,0.0736167692796862,0.022234883214826695,0.3898305084745763,0.5254237288135594,0.4745762711864407,50.16949152542373,-0.45759503218581943
exp2_np9_rho015_alpha5,9,0.15,5,6,41,0.06984057944178419,0.027859512423584754,0.4,0.55,0.45,60.55,-0.40465547595152823
exp2_np9_rho015_alpha5,9,0.15,5,10,57,0.05334171329175057,0.03335883328596401,0.40384615384615385,0.4423076923076923,0.5576923076923077,55.34615384615385,-0.22132089775185548
exp2_np9_rho015_alpha5,9,0.15,5,7,43,0.07730576046182538,0.051686720782035955,0.3076923076923077,0.5641025641025641,0.4358974358974359,63.35897435897436,-0.2733225419569865
exp2_np9_rho015_alpha5,9,0.15,5,1,53,0.062097823991134844,0.028558489695877487,0.38,0.42,0.58,55.8,-0.22500384774508803
exp2_np9_rho015_alpha5,9,0.15,5,13,53,0.10120213803645911,0.044064072068166205,0.37254901960784315,0.5686274509803921,0.43137254901960786,53.76470588235294,-0.38600506394509776
exp2_np9_rho015_alpha5,9,0.15,5,3,58,0.03418880501175798,0.03022812628226479,0.47368421052631576,0.543859649122807,0.45614035087719296,46.578947368421055,-0.1397557342971559
exp2_np9_rho015_alpha5,9,0.15,5,0,48,0.05698804409195302,-0.004668832890772023,0.5217391304347826,0.5652173913043478,0.43478260869565216,54.15217391304348,-0.39476372543077987
exp2_np9_rho015_alpha5,9,0.15,5,2,53,0.03906923499771832,0.009094883800349507,0.49056603773584906,0.4716981132075472,0.5283018867924528,49.679245283018865,-0.02673985001163995
exp2_np9_rho015_alpha5,9,0.15,5,15,57,0.0617717787154532,0.02266210920348044,0.36363636363636365,0.5818181818181818,0.41818181818181815,57.74545454545454,-0.2822827782675644
exp2_np9_rho015_alpha5,9,0.15,5,16,48,0.05569195919952326,0.024996253920458233,0.3695652173913043,0.5434782608695652,0.45652173913043476,45.43478260869565,-0.17045985934196667
exp2_np9_rho015_alpha5,9,0.15,5,17,51,0.07583790285879047,0.0190494066596143,0.39215686274509803,0.5294117647058824,0.47058823529411764,52.07843137254902,-0.5091050780823643
exp2_np9_rho015_alpha5,9,0.15,5,19,64,0.05356878289998954,0.04036598471895125,0.43548387096774194,0.5806451612903226,0.41935483870967744,56.62903225806452,-0.24486810717989205
exp2_np9_rho015_alpha5,9,0.15,5,25,59,0.042632833064516415,0.0025058981421577364,0.46551724137931033,0.5172413793103449,0.4827586206896552,53.741379310344826,-0.48515083858341235
exp2_np9_rho015_alpha5,9,0.15,5,18,42,0.06117136485715555,-0.029115328529343287,0.5952380952380952,0.4523809523809524,0.5476190476190477,52.11904761904762,-0.3600179889358459
exp2_np9_rho015_alpha5,9,0.15,5,20,48,0.012195616928325936,-0.01137941409290466,0.5652173913043478,0.43478260869565216,0.5652173913043478,51.56521739130435,-0.19300764175084395
exp2_np9_rho015_alpha5,9,0.15,5,21,48,0.011311641765972354,0.03138066670804829,0.4318181818181818,0.4318181818181818,0.5681818181818182,43.90909090909091,0.13171603400252813
exp2_np9_rho015_alpha5,9,0.15,5,24,40,0.11312944630691216,0.06922354311604373,0.2972972972972973,0.5945945945945946,0.40540540540540543,53.83783783783784,-0.5275524870122283
exp2_np9_rho015_alpha5,9,0.15,5,22,58,0.06008070985271126,-0.013112415696745927,0.5344827586206896,0.4482758620689655,0.5517241379310345,54.275862068965516,-0.37741715479954036
exp2_np9_rho015_alpha5,9,0.15,5,28,58,0.041919284560397306,0.003444669639041109,0.45614035087719296,0.5087719298245614,0.49122807017543857,46.91228070175438,-0.2166034801995869
exp2_np9_rho015_alpha5,9,0.15,5,23,52,0.056631081100777615,0.019040889209470446,0.38,0.64,0.36,53.52,-0.4296267381633936
exp2_np9_rho015_alpha5,9,0.15,5,30,50,0.045565778754010244,0.000936087156480081,0.5,0.5208333333333334,0.4791666666666667,49.3125,-0.3641407851135095
exp2_np9_rho015_alpha5,9,0.15,5,26,44,0.06983402494220452,-0.002167220584727847,0.5227272727272727,0.5227272727272727,0.4772727272727273,52.43181818181818,-0.32206863096521565
exp2_np9_rho015_alpha5,9,0.15,5,31,56,0.056074025678553276,0.04014016366418449,0.37037037037037035,0.5185185185185185,0.48148148148148145,49.75925925925926,-0.3833788873433256
exp2_np9_rho015_alpha5,9,0.15,5,27,48,0.04897542218613515,0.031186197835267215,0.46808510638297873,0.425531914893617,0.574468085106383,51.08510638297872,-0.18150743825428473
exp2_np9_rho015_alpha5,9,0.15,5,29,62,0.03900150020130052,0.006094950808705146,0.48333333333333334,0.4166666666666667,0.5833333333333334,46.95,0.24225055962888573
exp2_np9_rho015_alpha5,9,0.15,5,32,46,0.04386819946957199,0.0418514384360682,0.2727272727272727,0.5909090909090909,0.4090909090909091,46.68181818181818,-0.3206306714143313
exp2_np9_rho015_alpha5,9,0.15,5,33,57,0.06301479467914883,0.022883300345792,0.41509433962264153,0.5849056603773585,0.41509433962264153,47.094339622641506,-0.4414296873175979
exp2_np9_rho015_alpha5,9,0.15,5,34,51,0.08306439649962037,0.03181122450915197,0.44,0.62,0.38,50.7,-0.5881462186175742
exp2_np9_rho015_alpha5,9,0.15,5,36,48,0.05105645640463336,0.006702027497355267,0.46808510638297873,0.40425531914893614,0.5957446808510638,54.1063829787234,-0.3646279993502022
exp2_np9_rho015_alpha5,9,0.15,5,38,58,0.04462198413196212,0.013253530516097012,0.4642857142857143,0.5178571428571429,0.48214285714285715,52.107142857142854,-0.2256354107721377
exp2_np9_rho015_alpha5,9,0.15,5,40,54,0.07749804086762295,0.01800390506732885,0.32653061224489793,0.5714285714285714,0.42857142857142855,48.673469387755105,-0.17159930192710332
exp2_np9_rho015_alpha5,9,0.15,5,35,47,0.039794851450610146,0.0034489873191381193,0.4782608695652174,0.5,0.5,56.26086956521739,-0.272964220462992
exp2_np9_rho015_alpha5,9,0.15,5,37,65,0.0503792108582986,0.022205982382598854,0.38095238095238093,0.47619047619047616,0.5238095238095238,61.15873015873016,-0.35244131409580653
exp2_np9_rho015_alpha5,9,0.15,5,41,48,0.032629378375111505,0.004544527514827035,0.4583333333333333,0.4583333333333333,0.5416666666666666,59.479166666666664,-0.23303112989693972
exp2_np9_rho015_alpha5,9,0.15,5,43,48,0.07152117316111199,0.03680862782806216,0.35555555555555557,0.5555555555555556,0.4444444444444444,57.51111111111111,-0.5005826659731505
exp2_np9_rho015_alpha5,9,0.15,5,39,54,0.06090424389982406,0.013415644916459968,0.4528301886792453,0.5094339622641509,0.49056603773584906,49.094339622641506,-0.2957522222968196
exp2_np9_rho015_alpha5,9,0.15,5,45,55,0.026360511218225382,0.010909626302856967,0.46153846153846156,0.5384615384615384,0.46153846153846156,45.96153846153846,-0.3965800097442489
exp2_np9_rho015_alpha5,9,0.15,5,46,68,0.04388010279309392,-0.013071099508171535,0.5074626865671642,0.5373134328358209,0.4626865671641791,47.134328358208954,-0.2657126978542144
exp2_np9_rho015_alpha5,9,0.15,5,47,58,0.08808279221717093,0.048100554191312206,0.3333333333333333,0.6842105263157895,0.3157894736842105,51.19298245614035,-0.3196409521425347
exp2_np9_rho015_alpha5,9,0.15,5,42,50,0.04791877472924507,0.009948280326606884,0.4489795918367347,0.5918367346938775,0.40816326530612246,52.6530612244898,-0.06244846943714139
exp2_np9_rho015_alpha5,9,0.15,5,44,56,0.038486031231965964,0.008006716920763157,0.48148148148148145,0.6111111111111112,0.3888888888888889,57.407407407407405,-0.1354016540077862
exp2_np9_rho015_alpha5,9,0.15,5,48,69,0.05241512628926991,0.005320369985048146,0.4696969696969697,0.4696969696969697,0.5303030303030303,48.303030303030305,-0.10247488209394828
exp2_np9_rho015_alpha5,9,0.15,5,49,46,0.04232969474487389,0.01599449275498044,0.4318181818181818,0.45454545454545453,0.5454545454545454,62.81818181818182,-0.4131286531446969
exp2_np9_rho015_alpha5,9,0.15,5,52,38,0.009400953492228827,-0.006590242114259404,0.5277777777777778,0.5555555555555556,0.4444444444444444,48.833333333333336,-0.1265785302866095
exp2_np9_rho015_alpha5,9,0.15,5,50,51,0.07478324206585564,0.03539639705015496,0.4489795918367347,0.4897959183673469,0.5102040816326531,50.42857142857143,-0.2578403741708231
exp2_np9_rho015_alpha5,9,0.15,5,51,56,0.06802794478761442,0.04713937492799403,0.25,0.5769230769230769,0.4230769230769231,61.86538461538461,-0.5604893789283478
exp2_np9_rho015_alpha5,9,0.15,5,53,38,0.11197541213791201,0.05305344160675407,0.2972972972972973,0.5675675675675675,0.43243243243243246,57.67567567567568,-0.4300526293925623
exp2_np9_rho015_alpha5,9,0.15,5,56,41,0.04369689855754562,-0.013243101368818344,0.5897435897435898,0.5897435897435898,0.41025641025641024,45.76923076923077,-0.17439779449615678
exp2_np9_rho015_alpha5,9,0.15,5,59,55,0.06990570064490324,0.013488629680221909,0.4444444444444444,0.6111111111111112,0.3888888888888889,51.7037037037037,-0.24030239070469553
exp2_np9_rho015_alpha5,9,0.15,5,58,51,0.01923436986220055,-0.009477433732621776,0.5294117647058824,0.4117647058823529,0.5882352941176471,55.78431372549019,-0.2352915701211464
exp2_np9_rho015_alpha5,9,0.15,5,60,55,0.02080341112317864,-0.00694015528576708,0.52,0.58,0.42,46.48,-0.2826697684660954
exp2_np9_rho015_alpha5,9,0.15,5,55,59,0.011101113858424938,0.012728941231759716,0.4444444444444444,0.6296296296296297,0.37037037037037035,58.03703703703704,-0.10891380452404438
exp2_np9_rho015_alpha5,9,0.15,5,54,59,0.04037119887639078,0.01975554782041744,0.4482758620689655,0.5172413793103449,0.4827586206896552,44.689655172413794,-0.3799532999048721
exp2_np9_rho015_alpha5,9,0.15,5,62,46,0.0242370106262936,0.007636058543710966,0.4883720930232558,0.5348837209302325,0.46511627906976744,50.93023255813954,-0.13908785328429735
exp2_np9_rho015_alpha5,9,0.15,5,63,56,-0.009899295698394003,-0.028171954936036414,0.6037735849056604,0.49056603773584906,0.5094339622641509,45.60377358490566,0.21215239787233034
exp2_np9_rho015_alpha5,9,0.15,5,57,67,0.06619935803690288,0.020633991856003675,0.4153846153846154,0.6,0.4,55.4,-0.42571526346940375
exp2_np9_rho015_alpha5,9,0.15,5,61,48,0.02895524370481686,0.01493548191888916,0.4444444444444444,0.4222222222222222,0.5777777777777777,55.333333333333336,-0.04780371621045184
exp2_np9_rho015_alpha5,9,0.15,5,64,55,0.05472583904151399,-0.018258905872079012,0.5094339622641509,0.49056603773584906,0.5094339622641509,51.56603773584906,-0.36431753448661564
exp2_np9_rho015_alpha5,9,0.15,5,65,56,0.04469136026483887,0.03827698013180214,0.43636363636363634,0.5272727272727272,0.4727272727272727,55.527272727272724,-0.25000056257478503
exp2_np9_rho015_alpha5,9,0.15,5,70,53,0.07644618992039705,0.03255448389505089,0.36538461538461536,0.5192307692307693,0.4807692307692308,48.67307692307692,-0.27209690985301943
exp2_np9_rho015_alpha5,9,0.15,5,66,59,0.022924041715825415,-0.019899106402462508,0.5614035087719298,0.38596491228070173,0.6140350877192983,53.14035087719298,-0.12384152731399412
exp2_np9_rho015_alpha5,9,0.15,5,67,46,0.08365584698836302,0.0021683199326369973,0.4888888888888889,0.5111111111111111,0.4888888888888889,56.22222222222222,-0.29303321818015915
exp2_np9_rho015_alpha5,9,0.15,5,69,66,0.031778435553580814,0.009391146647371507,0.42857142857142855,0.5396825396825397,0.4603174603174603,60.03174603174603,0.09214127888782886
exp2_np9_rho015_alpha5,9,0.15,5,71,54,0.03531779424938428,-0.017326060751161165,0.5471698113207547,0.5283018867924528,0.4716981132075472,44.81132075471698,-0.38162745219738775
exp2_np9_rho015_alpha5,9,0.15,5,68,47,0.013187406255872195,0.013283261295458537,0.45454545454545453,0.5909090909090909,0.4090909090909091,58.84090909090909,-0.04828515641913788
exp2_np9_rho015_alpha5,9,0.15,5,78,55,0.029334170979802673,0.0052475158452498505,0.4716981132075472,0.5849056603773585,0.41509433962264153,54.9811320754717,0.09598459648173747
exp2_np9_rho015_alpha5,9,0.15,5,74,53,0.02306792871820364,0.01941434938838338,0.3958333333333333,0.4583333333333333,0.5416666666666666,46.666666666666664,-0.11817221939272916
exp2_np9_rho015_alpha5,9,0.15,5,72,48,0.033718872495759,0.04140414598188702,0.4186046511627907,0.5581395348837209,0.4418604651162791,66.6046511627907,0.08736014618839207
exp2_np9_rho015_alpha5,9,0.15,5,75,50,0.053454733347023574,0.004672172346158021,0.4375,0.5208333333333334,0.4791666666666667,54.770833333333336,-0.2985798027133074
exp2_np9_rho015_alpha5,9,0.15,5,77,56,0.0856532297524691,0.030323560694951013,0.41509433962264153,0.5660377358490566,0.4339622641509434,64.77358490566037,-0.1040415403404159
exp2_np9_rho015_alpha5,9,0.15,5,76,51,0.04075373837899935,-0.00453875461438269,0.5208333333333334,0.4375,0.5625,39.375,-0.08477246576403727
exp2_np9_rho015_alpha5,9,0.15,5,73,61,0.044594788584754214,0.01887993324129056,0.4166666666666667,0.6666666666666666,0.3333333333333333,54.03333333333333,-0.2496596106821858
exp2_np9_rho015_alpha5,9,0.15,5,79,47,0.10864360358937941,0.023222772006368686,0.38636363636363635,0.6136363636363636,0.38636363636363635,51.72727272727273,-0.47397608788648105
exp2_np9_rho015_alpha5,9,0.15,5,80,56,0.06614561985581126,0.013423719976002335,0.4444444444444444,0.5555555555555556,0.4444444444444444,54.53703703703704,-0.37550095155989915
exp2_np9_rho015_alpha5,9,0.15,5,81,51,0.06976044522230591,0.002707073513339431,0.49019607843137253,0.49019607843137253,0.5098039215686274,52.88235294117647,-0.17041843081223354
exp2_np9_rho015_alpha5,9,0.15,5,82,43,0.07340610852310636,0.025291441765065592,0.42857142857142855,0.5952380952380952,0.40476190476190477,57.57142857142857,-0.2938877721028776
exp2_np9_rho015_alpha5,9,0.15,5,83,57,0.10796195290875679,0.09320136975174442,0.35714285714285715,0.6071428571428571,0.39285714285714285,59.232142857142854,-0.5116497118773455
exp2_np9_rho015_alpha5,9,0.15,5,84,53,0.027237537440241294,0.010791435779169412,0.39215686274509803,0.4117647058823529,0.5882352941176471,48.745098039215684,0.2663424750175081
exp2_np9_rho015_alpha5,9,0.15,5,85,49,0.07347420504719145,-0.005051424744079824,0.5,0.45652173913043476,0.5434782608695652,52.41304347826087,-0.11934334657158523
exp2_np9_rho015_alpha5,9,0.15,5,88,68,0.08912505283896408,-0.015419584936183561,0.5671641791044776,0.40298507462686567,0.5970149253731343,56.55223880597015,-0.3069689142575866
exp2_np9_rho015_alpha5,9,0.15,5,86,55,0.0674280926998496,0.03160131913761344,0.37254901960784315,0.45098039215686275,0.5490196078431373,49.11764705882353,-0.4354245185812987
exp2_np9_rho015_alpha5,9,0.15,5,90,60,0.054954588498936995,-0.0034526852537766217,0.5,0.5344827586206896,0.46551724137931033,51.241379310344826,0.022777068850900185
exp2_np9_rho015_alpha5,9,0.15,5,87,50,0.08355437242153405,0.0018907551089042407,0.5,0.5217391304347826,0.4782608695652174,67.47826086956522,-0.40968288258351926
exp2_np9_rho015_alpha5,9,0.15,5,93,46,-0.022303368025854,-0.06420790301146617,0.6666666666666666,0.6,0.4,50.4,-0.08758383371540618
exp2_np9_rho015_alpha5,9,0.15,5,92,57,-0.00015639296516206864,-0.02357885747227373,0.5370370370370371,0.5740740740740741,0.42592592592592593,53.148148148148145,-0.04023198865288821
exp2_np9_rho015_alpha5,9,0.15,5,89,58,0.007632210658873911,-0.0009586929131017996,0.509090909090909,0.43636363636363634,0.5636363636363636,50.69090909090909,0.048771893794768234
exp2_np9_rho015_alpha5,9,0.15,5,91,58,0.04397819316874146,0.01159148001294863,0.43859649122807015,0.45614035087719296,0.543859649122807,65.42105263157895,-0.31763780922798496
exp2_np9_rho015_alpha5,9,0.15,5,95,58,0.009556633307801717,-0.0007682265413704314,0.5087719298245614,0.47368421052631576,0.5263157894736842,51.96491228070175,0.027496948655327032
exp2_np9_rho015_alpha5,9,0.15,5,94,55,0.0778429094955203,0.00636880765489467,0.4423076923076923,0.5,0.5,55.28846153846154,-0.2372583251611253
exp2_np9_rho015_alpha5,9,0.15,5,96,59,0.001766481130168716,0.014163091987787091,0.47368421052631576,0.45614035087719296,0.543859649122807,54.526315789473685,-0.03417495599209673
exp2_np9_rho015_alpha5,9,0.15,5,97,56,0.04351401752732093,-0.0038783819379544227,0.5192307692307693,0.5,0.5,50.28846153846154,-0.28444826751161595
exp2_np9_rho015_alpha5,9,0.15,5,99,50,0.017286548396222793,0.028751921313723727,0.40816326530612246,0.5510204081632653,0.4489795918367347,48.30612244897959,-0.15056728026267008
exp2_np9_rho015_alpha5,9,0.15,5,100,42,0.026659650195991248,-0.0019954817379357337,0.5128205128205128,0.48717948717948717,0.5128205128205128,50.53846153846154,-0.08291116066926618
exp2_np9_rho015_alpha5,9,0.15,5,98,51,0.05207150271099645,0.00927920881181965,0.4489795918367347,0.5306122448979592,0.46938775510204084,55.53061224489796,-0.25546952379111887
exp2_np9_rho015_alpha5,9,0.15,5,102,64,0.0641887935978115,0.0013003808377698434,0.4838709677419355,0.532258064516129,0.46774193548387094,52.20967741935484,-0.007443677934554371
exp2_np9_rho015_alpha5,9,0.15,5,104,58,0.03039442748976042,-0.016236017329533947,0.5370370370370371,0.4444444444444444,0.5555555555555556,62.22222222222222,-0.33635474172183566
exp2_np9_rho015_alpha5,9,0.15,5,101,49,0.06005780111820358,0.0009927030587038033,0.5,0.4583333333333333,0.5416666666666666,61.645833333333336,-0.3469341296330021
exp2_np9_rho015_alpha5,9,0.15,5,106,62,0.06112474388686386,0.0083738642357849,0.4827586206896552,0.6206896551724138,0.3793103448275862,47.37931034482759,-0.35874027467079744
exp2_np9_rho015_alpha5,9,0.15,5,103,57,0.04947077743459535,-0.008885688253802648,0.509090909090909,0.45454545454545453,0.5454545454545454,71.94545454545455,-0.4664210939215624
exp2_np9_rho015_alpha5,9,0.15,5,105,56,0.03069317953763426,-0.000882594387034974,0.5,0.4230769230769231,0.5769230769230769,47.36538461538461,0.03689870644757958
exp2_np9_rho015_alpha5,9,0.15,5,107,56,0.007186956717099253,0.001141273633254336,0.4807692307692308,0.5,0.5,48.42307692307692,-0.011847222774639704
exp2_np9_rho015_alpha5,9,0.15,5,109,54,0.05445292324705108,0.03888984385670691,0.4230769230769231,0.5384615384615384,0.46153846153846156,46.34615384615385,-0.19006538133995232
exp2_np9_rho015_alpha5,9,0.15,5,108,54,0.027418565775304993,0.027883814621758596,0.38461538461538464,0.4807692307692308,0.5192307692307693,51.36538461538461,0.026795156926882422
exp2_np9_rho015_alpha5,9,0.15,5,110,55,0.040894824549923506,-0.007216440849214578,0.5384615384615384,0.4230769230769231,0.5769230769230769,53.26923076923077,-0.14486021638253446
exp2_np9_rho015_alpha5,9,0.15,5,111,58,0.047041746635900626,0.0005720928792984914,0.5,0.5357142857142857,0.4642857142857143,58.07142857142857,-0.07031618347096467
exp2_np9_rho015_alpha5,9,0.15,5,112,55,0.04439156330069097,0.002023498044197325,0.5,0.48148148148148145,0.5185185185185185,59.7037037037037,-0.3187897586201447
exp2_np9_rho015_alpha5,9,0.15,5,113,55,0.02383046526177873,0.005933764564098887,0.47058823529411764,0.5098039215686274,0.49019607843137253,52.07843137254902,-0.005286420881530628
exp2_np9_rho015_alpha5,9,0.15,5,114,56,0.0265069829507627,-0.005912749476567392,0.5272727272727272,0.4909090909090909,0.509090909090909,43.10909090909091,0.1008045062560764
exp2_np9_rho015_alpha5,9,0.15,5,115,49,0.032060181436395684,-0.0012667525047551642,0.5208333333333334,0.5,0.5,49.770833333333336,-0.1704936095929701
exp2_np9_rho015_alpha5,9,0.15,5,116,49,0.035134135185895136,0.009661501459713229,0.44680851063829785,0.5106382978723404,0.48936170212765956,46.638297872340424,-0.3875469613296077
exp2_np9_rho015_alpha5,9,0.15,5,117,56,0.06873070997801267,0.026033289641421042,0.36363636363636365,0.43636363636363634,0.5636363636363636,53.09090909090909,-0.43337028196851685
exp2_np9_rho015_alpha5,9,0.15,5,118,54,0.049673204762068095,0.004645322451097833,0.4423076923076923,0.46153846153846156,0.5384615384615384,57.96153846153846,-0.23381470172677385
exp2_np9_rho015_alpha5,9,0.15,5,120,35,0.047934106630485106,-0.035291034308174485,0.6176470588235294,0.5,0.5,61.73529411764706,0.020674019104660733
exp2_np9_rho015_alpha5,9,0.15,5,121,63,0.021359755409842366,-0.024461694272742918,0.5737704918032787,0.5737704918032787,0.4262295081967213,53.01639344262295,-0.11028558021328638
exp2_np9_rho015_alpha5,9,0.15,5,119,69,0.03235307600692572,0.026922244259589334,0.40298507462686567,0.5223880597014925,0.47761194029850745,52.47761194029851,-0.10796781534256406
exp2_np9_rho015_alpha5,9,0.15,5,125,51,0.04847799197183776,0.023246040727782358,0.3877551020408163,0.6122448979591837,0.3877551020408163,50.55102040816327,-0.25233515681284513
exp2_np9_rho015_alpha5,9,0.15,5,122,45,0.00901886839064467,0.01335034776378663,0.3953488372093023,0.4186046511627907,0.5813953488372093,50.883720930232556,0.14095525747045182
exp2_np9_rho015_alpha5,9,0.15,5,124,60,0.052315008502411844,0.02481538207979561,0.3728813559322034,0.4406779661016949,0.559322033898305,58.6271186440678,0.13011063494067224
exp2_np9_rho015_alpha5,9,0.15,5,123,60,0.013602639987916179,0.02024138574539336,0.45614035087719296,0.5263157894736842,0.47368421052631576,58.43859649122807,0.023962166532324296
exp2_np9_rho015_alpha5,9,0.15,5,126,61,0.0519118807962229,0.013818175858455906,0.43333333333333335,0.4666666666666667,0.5333333333333333,47.15,-0.2892109201720005
exp2_np9_rho015_alpha5,9,0.15,5,127,59,0.0291416736982606,-0.027293992330429617,0.6140350877192983,0.5087719298245614,0.49122807017543857,52.666666666666664,-0.28777320275179946
exp2_np9_rho015_alpha5,9,0.15,5,128,53,0.02670352011831934,0.003900397151487489,0.44,0.48,0.52,56.2,-0.14865018960275347
exp2_np9_rho015_alpha5,9,0.15,5,129,65,0.07617798765342486,0.007627788546096248,0.4603174603174603,0.49206349206349204,0.5079365079365079,61.142857142857146,-0.2931935479322141
exp2_np9_rho015_alpha5,9,0.15,5,130,57,0.017518088695194636,0.021374404224889787,0.4107142857142857,0.5535714285714286,0.44642857142857145,48.0,-0.10653588169897683
exp2_np9_rho015_alpha5,9,0.15,5,131,53,0.09380501173303611,0.04093046232180386,0.4230769230769231,0.6153846153846154,0.38461538461538464,44.84615384615385,-0.27587656541425154
exp2_np9_rho015_alpha5,9,0.15,5,132,64,0.04205419018417264,0.033268787703722325,0.4067796610169492,0.4745762711864407,0.5254237288135594,55.83050847457627,-0.10183317583067972
exp2_np9_rho015_alpha5,9,0.15,5,136,64,0.09395109561586146,0.004832530475230357,0.4918032786885246,0.4426229508196721,0.5573770491803278,45.75409836065574,-0.07363205991378474
exp2_np9_rho015_alpha5,9,0.15,5,134,53,0.03982126031590421,0.008792271673494056,0.45098039215686275,0.47058823529411764,0.5294117647058824,42.666666666666664,0.12350821591522743
exp2_np9_rho015_alpha5,9,0.15,5,133,57,0.038387051715863374,0.009997815353871786,0.4528301886792453,0.5660377358490566,0.4339622641509434,45.075471698113205,-0.09461609517134331
exp2_np9_rho015_alpha5,9,0.15,5,135,57,0.008826002623556192,0.003074210055679316,0.45454545454545453,0.45454545454545453,0.5454545454545454,53.21818181818182,-0.11627225184384361
exp2_np9_rho015_alpha5,9,0.15,5,138,51,0.06189175227764267,0.03215481047376478,0.3617021276595745,0.46808510638297873,0.5319148936170213,46.744680851063826,-0.2623679285112173
exp2_np9_rho015_alpha5,9,0.15,5,137,62,0.09074485378461931,0.006542389777405511,0.4576271186440678,0.5423728813559322,0.4576271186440678,56.03389830508475,-0.468954921221532
exp2_np9_rho015_alpha5,9,0.15,5,139,58,0.03635609331252103,0.03550563726417,0.43859649122807015,0.5789473684210527,0.42105263157894735,53.80701754385965,-0.31411348774233255
exp2_np9_rho015_alpha5,9,0.15,5,141,45,0.06740393897867444,-0.009569923883425702,0.5348837209302325,0.4418604651162791,0.5581395348837209,52.55813953488372,-0.26567654799422286
exp2_np9_rho015_alpha5,9,0.15,5,142,54,0.06049864394432393,0.014482731221137968,0.45098039215686275,0.37254901960784315,0.6274509803921569,61.76470588235294,-0.2057129399058235
exp2_np9_rho015_alpha5,9,0.15,5,140,55,0.0632854416516113,0.02264905167002862,0.4716981132075472,0.49056603773584906,0.5094339622641509,43.81132075471698,-0.226843111640898
exp2_np9_rho015_alpha5,9,0.15,5,143,58,0.03292756909235079,0.009933661169372776,0.41818181818181815,0.4909090909090909,0.509090909090909,53.981818181818184,0.1416327806251309
exp2_np9_rho015_alpha5,9,0.15,5,144,57,0.03310002294339635,-0.0009908746589197825,0.5,0.48148148148148145,0.5185185185185185,47.68518518518518,-0.16640970352988063
exp2_np9_rho015_alpha5,9,0.15,5,146,49,0.032102478395943025,-0.0022129125439933617,0.5111111111111111,0.4666666666666667,0.5333333333333333,47.355555555555554,0.0072827664889127015
exp2_np9_rho015_alpha5,9,0.15,5,147,48,0.034081944824432005,0.06086759734923319,0.3333333333333333,0.6888888888888889,0.3111111111111111,49.0,-0.11947977707913236
exp2_np9_rho015_alpha5,9,0.15,5,145,51,0.029193097527112154,0.014382011455539079,0.48936170212765956,0.3404255319148936,0.6595744680851063,49.659574468085104,-0.45129677146022074
exp2_np9_rho015_alpha5,9,0.15,5,148,50,0.04274755723386273,0.014446399453826864,0.46808510638297873,0.6170212765957447,0.3829787234042553,48.61702127659574,-0.3054628761537579
exp2_np9_rho015_alpha5,9,0.15,5,149,67,0.06512327743803166,0.007932988996461887,0.45454545454545453,0.5303030303030303,0.4696969696969697,60.166666666666664,-0.4027348975559803
exp2_np9_rho015_alpha5,9,0.15,5,151,49,0.07536088813611871,-0.005344160320139402,0.5106382978723404,0.44680851063829785,0.5531914893617021,48.212765957446805,-0.5451619844629402
exp2_np9_rho015_alpha5,9,0.15,5,150,62,0.028713673768247995,0.02160167553500081,0.45614035087719296,0.47368421052631576,0.5263157894736842,45.75438596491228,-0.05223367209699199
exp2_np9_rho015_alpha5,9,0.15,5,152,54,0.06178883297791156,0.0030198976592927806,0.49019607843137253,0.5882352941176471,0.4117647058823529,45.90196078431372,-0.4073286576508626
exp2_np9_rho015_alpha5,9,0.15,5,153,64,0.04138399219694122,-0.015603273687515351,0.5967741935483871,0.5,0.5,48.33870967741935,-0.3085821112825798
exp2_np9_rho015_alpha5,9,0.15,5,155,58,0.049892303049502096,0.035237821246695056,0.41509433962264153,0.49056603773584906,0.5094339622641509,46.886792452830186,-0.24657336820976017
exp2_np9_rho015_alpha5,9,0.15,5,156,58,0.050321194819899974,0.007430272922988923,0.44642857142857145,0.5357142857142857,0.4642857142857143,50.714285714285715,-0.2667436478668935
exp2_np9_rho015_alpha5,9,0.15,5,158,53,0.03013004488227694,0.013128263270482776,0.47058823529411764,0.49019607843137253,0.5098039215686274,54.96078431372549,-0.1160122802513214
exp2_np9_rho015_alpha5,9,0.15,5,154,44,0.0419383658992673,0.005829362422815176,0.4523809523809524,0.42857142857142855,0.5714285714285714,58.642857142857146,-0.1780918335760488
exp2_np9_rho015_alpha5,9,0.15,5,157,57,0.01751129623145237,-0.020914349198634774,0.5555555555555556,0.5740740740740741,0.42592592592592593,53.111111111111114,-0.11000501903433973
exp2_np9_rho015_alpha5,9,0.15,5,161,42,0.032388550888067906,-0.013308738732534131,0.5675675675675675,0.5675675675675675,0.43243243243243246,53.891891891891895,0.2013019157081217
exp2_np9_rho015_alpha5,9,0.15,5,160,43,0.0199431198539537,0.003415556735677505,0.4878048780487805,0.5609756097560976,0.43902439024390244,54.48780487804878,-0.2804650476729082
exp2_np9_rho015_alpha5,9,0.15,5,163,56,0.022704993228297856,-0.023601558799890565,0.5370370370370371,0.4444444444444444,0.5555555555555556,50.24074074074074,-0.05396305415072004
exp2_np9_rho015_alpha5,9,0.15,5,159,77,0.03659442445189113,-0.024439584171480178,0.5733333333333334,0.44,0.56,46.973333333333336,-0.055876886324864435
exp2_np9_rho015_alpha5,9,0.15,5,162,47,0.02761727029435706,-0.024032488467145896,0.5555555555555556,0.6,0.4,42.84444444444444,-0.05167523823210765
exp2_np9_rho015_alpha5,9,0.15,5,164,50,0.12043476838253767,0.03197097506670943,0.4489795918367347,0.5102040816326531,0.4897959183673469,48.04081632653061,-0.3646789973328406
exp2_np9_rho015_alpha5,9,0.15,5,165,54,0.047319189266730295,0.012175143201985872,0.46153846153846156,0.46153846153846156,0.5384615384615384,55.80769230769231,-0.2593588626451992
exp2_np9_rho015_alpha5,9,0.15,5,166,53,0.05732440772446216,0.02196937883594785,0.40384615384615385,0.5,0.5,50.07692307692308,-0.11928191851559553
exp2_np9_rho015_alpha5,9,0.15,5,167,54,0.031478320665458304,0.03247151268518822,0.4807692307692308,0.5384615384615384,0.46153846153846156,57.90384615384615,0.11385080417850472
exp2_np9_rho015_alpha5,9,0.15,5,168,57,0.06080396227300869,0.024047546134283504,0.37037037037037035,0.5370370370370371,0.46296296296296297,52.24074074074074,-0.238779577837463
exp2_np9_rho015_alpha5,9,0.15,5,169,65,0.050861953397515446,0.02839240932134679,0.39344262295081966,0.5573770491803278,0.4426229508196721,67.0327868852459,-0.0018606493999900732
exp2_np9_rho015_alpha5,9,0.15,5,170,54,0.040175397274818,0.023292725554626248,0.36538461538461536,0.46153846153846156,0.5384615384615384,55.48076923076923,-0.04642264912045192
exp2_np9_rho015_alpha5,9,0.15,5,171,50,0.039956801401621264,0.042566669465816886,0.46938775510204084,0.46938775510204084,0.5306122448979592,56.265306122448976,-0.3683068237223494
exp2_np9_rho015_alpha5,9,0.15,5,172,68,0.042084179538430105,0.03707303579062282,0.40625,0.59375,0.40625,47.46875,-0.31955235904966306
exp2_np9_rho015_alpha5,9,0.15,5,174,57,0.06251305200941024,-0.03335185094647475,0.6071428571428571,0.44642857142857145,0.5535714285714286,54.482142857142854,-0.3239448365097283
exp2_np9_rho015_alpha5,9,0.15,5,173,49,0.051003066608113413,0.004446035979377871,0.4791666666666667,0.4375,0.5625,51.9375,-0.23387078536414196
exp2_np9_rho015_alpha5,9,0.15,5,177,54,0.03775112021780225,0.0047360774505134096,0.46153846153846156,0.5384615384615384,0.46153846153846156,52.90384615384615,-0.367141364715647
exp2_np9_rho015_alpha5,9,0.15,5,175,45,0.024822443926984798,0.002320829773647226,0.46511627906976744,0.46511627906976744,0.5348837209302325,54.53488372093023,-0.11954729399485274
exp2_np9_rho015_alpha5,9,0.15,5,176,62,0.08674308544429098,0.047879735261590284,0.3333333333333333,0.5087719298245614,0.49122807017543857,48.85964912280702,-0.18974525888397553
exp2_np9_rho015_alpha5,9,0.15,5,179,54,0.038899384494086926,-0.0006193720144396231,0.5192307692307693,0.40384615384615385,0.5961538461538461,50.59615384615385,-0.12549791375698227
exp2_np9_rho015_alpha5,9,0.15,5,180,53,0.059192679270273475,0.027195306381884166,0.3673469387755102,0.40816326530612246,0.5918367346938775,45.02040816326531,-0.1185389406974295
exp2_np9_rho015_alpha5,9,0.15,5,178,48,0.02723232407014581,-0.00027408645881354943,0.5227272727272727,0.4772727272727273,0.5227272727272727,53.77272727272727,0.22301587451840862
exp2_np9_rho015_alpha5,9,0.15,5,181,61,0.048271281884418066,0.06346174245212044,0.4,0.41818181818181815,0.5818181818181818,41.41818181818182,-0.1640748251726064
exp2_np9_rho015_alpha5,9,0.15,5,182,54,0.047534140534207965,0.012760378143648055,0.4528301886792453,0.5471698113207547,0.4528301886792453,61.58490566037736,-0.3443707535581422
exp2_np9_rho015_alpha5,9,0.15,5,188,52,0.04477030419040877,0.0035984051181738863,0.4807692307692308,0.5384615384615384,0.46153846153846156,51.23076923076923,-0.29795239993872763
exp2_np9_rho015_alpha5,9,0.15,5,185,49,0.047856155419308294,-0.015564763461724418,0.574468085106383,0.40425531914893614,0.5957446808510638,51.91489361702128,-0.26932817094913214
exp2_np9_rho015_alpha5,9,0.15,5,186,59,0.07318785610878553,-0.00956463593182777,0.5178571428571429,0.5357142857142857,0.4642857142857143,56.982142857142854,-0.2907952695776799
exp2_np9_rho015_alpha5,9,0.15,5,183,48,0.0527764187510876,0.002483493638971268,0.4666666666666667,0.4,0.6,51.93333333333333,-0.17266072128121537
exp2_np9_rho015_alpha5,9,0.15,5,189,63,0.04914165823163415,0.009591458593841473,0.4098360655737705,0.4426229508196721,0.5573770491803278,53.68852459016394,-0.09703916885360928
exp2_np9_rho015_alpha5,9,0.15,5,190,68,0.013354464270301573,-0.007023211998943957,0.5076923076923077,0.47692307692307695,0.5230769230769231,45.06153846153846,0.21529930430731672
exp2_np9_rho015_alpha5,9,0.15,5,184,56,0.02746179407233639,0.012871946569790182,0.4528301886792453,0.5849056603773585,0.41509433962264153,53.679245283018865,0.10178370540594985
exp2_np9_rho015_alpha5,9,0.15,5,191,60,0.06321770211523811,0.03113305194419702,0.3793103448275862,0.5517241379310345,0.4482758620689655,47.241379310344826,-0.24718411677191893
exp2_np9_rho015_alpha5,9,0.15,5,187,41,0.06390920117106347,0.030019984074599826,0.358974358974359,0.5128205128205128,0.48717948717948717,47.97435897435897,-0.25068425669048927
exp2_np9_rho015_alpha5,9,0.15,5,192,48,0.03365484273432146,0.01974872239272818,0.3695652173913043,0.45652173913043476,0.5434782608695652,48.78260869565217,0.19310626312127793
exp2_np9_rho015_alpha5,9,0.15,5,194,53,0.06164778701942589,0.004140637307828321,0.4528301886792453,0.5094339622641509,0.49056603773584906,49.54716981132076,-0.39646144819424395
exp2_np9_rho015_alpha5,9,0.15,5,193,47,0.05946594625930982,0.03610543102267583,0.3695652173913043,0.5434782608695652,0.45652173913043476,45.108695652173914,-0.37773927106138017
exp2_np9_rho015_alpha5,9,0.15,5,195,59,0.1116834892540019,0.031081568974344442,0.43859649122807015,0.6842105263157895,0.3157894736842105,54.50877192982456,-0.3540599410688797
exp2_np9_rho015_alpha5,9,0.15,5,196,47,0.05032932947584021,0.008568364365389325,0.5,0.391304347826087,0.6086956521739131,50.97826086956522,-0.030693467819034134
exp2_np9_rho015_alpha5,9,0.15,5,197,61,0.0729967319975563,0.03217290459889188,0.38181818181818183,0.509090909090909,0.4909090909090909,53.54545454545455,-0.1690178433973785
exp2_np9_rho015_alpha5,9,0.15,5,199,59,0.009927712965305638,0.0016434894914230114,0.48214285714285715,0.5,0.5,60.732142857142854,-0.14242247468276523
exp2_np9_rho015_alpha5,9,0.15,5,198,56,0.045828011655878916,0.001573819551350386,0.46296296296296297,0.5925925925925926,0.4074074074074074,61.51851851851852,-0.03255911437059173
